-- MySQL dump 10.13  Distrib 8.0.32, for Win64 (x86_64)
--
-- Host: localhost    Database: viecsinhvien3
-- ------------------------------------------------------
-- Server version	8.0.32

/*!40101 SET @OLD_CHARACTER_SET_CLIENT=@@CHARACTER_SET_CLIENT */;
/*!40101 SET @OLD_CHARACTER_SET_RESULTS=@@CHARACTER_SET_RESULTS */;
/*!40101 SET @OLD_COLLATION_CONNECTION=@@COLLATION_CONNECTION */;
/*!50503 SET NAMES utf8 */;
/*!40103 SET @OLD_TIME_ZONE=@@TIME_ZONE */;
/*!40103 SET TIME_ZONE='+00:00' */;
/*!40014 SET @OLD_UNIQUE_CHECKS=@@UNIQUE_CHECKS, UNIQUE_CHECKS=0 */;
/*!40014 SET @OLD_FOREIGN_KEY_CHECKS=@@FOREIGN_KEY_CHECKS, FOREIGN_KEY_CHECKS=0 */;
/*!40101 SET @OLD_SQL_MODE=@@SQL_MODE, SQL_MODE='NO_AUTO_VALUE_ON_ZERO' */;
/*!40111 SET @OLD_SQL_NOTES=@@SQL_NOTES, SQL_NOTES=0 */;

--
-- Table structure for table `catalog`
--

DROP TABLE IF EXISTS `catalog`;
/*!40101 SET @saved_cs_client     = @@character_set_client */;
/*!50503 SET character_set_client = utf8mb4 */;
CREATE TABLE `catalog` (
  `id` bigint NOT NULL,
  `DATE_CREATED` datetime DEFAULT NULL,
  `DATE_MODIFIED` datetime DEFAULT NULL,
  `UPDT_ID` varchar(60) COLLATE utf8mb3_unicode_ci DEFAULT NULL,
  `CODE` varchar(100) COLLATE utf8mb3_unicode_ci NOT NULL,
  `DEFAULT_CATALOG` bit(1) DEFAULT NULL,
  `SORT_ORDER` int DEFAULT NULL,
  `VISIBLE` bit(1) DEFAULT NULL,
  `MERCHANT_ID` int NOT NULL,
  PRIMARY KEY (`id`),
  UNIQUE KEY `UK32mubpubtaqu30n34bwl7xiis` (`MERCHANT_ID`,`CODE`),
  CONSTRAINT `FKranq0rweb0r6j31j565ak51g8` FOREIGN KEY (`MERCHANT_ID`) REFERENCES `merchant_store` (`MERCHANT_ID`)
) ENGINE=InnoDB DEFAULT CHARSET=utf8mb3 COLLATE=utf8mb3_unicode_ci;
/*!40101 SET character_set_client = @saved_cs_client */;

--
-- Dumping data for table `catalog`
--

LOCK TABLES `catalog` WRITE;
/*!40000 ALTER TABLE `catalog` DISABLE KEYS */;
/*!40000 ALTER TABLE `catalog` ENABLE KEYS */;
UNLOCK TABLES;

--
-- Table structure for table `catalog_entry`
--

DROP TABLE IF EXISTS `catalog_entry`;
/*!40101 SET @saved_cs_client     = @@character_set_client */;
/*!50503 SET character_set_client = utf8mb4 */;
CREATE TABLE `catalog_entry` (
  `id` bigint NOT NULL,
  `DATE_CREATED` datetime DEFAULT NULL,
  `DATE_MODIFIED` datetime DEFAULT NULL,
  `UPDT_ID` varchar(60) COLLATE utf8mb3_unicode_ci DEFAULT NULL,
  `VISIBLE` bit(1) DEFAULT NULL,
  `CATALOG_ID` bigint NOT NULL,
  `CATEGORY_ID` bigint NOT NULL,
  PRIMARY KEY (`id`),
  UNIQUE KEY `UK5q8159i414r299kia2w9re90k` (`CATEGORY_ID`,`CATALOG_ID`),
  KEY `FKqp2j48hb3vodovb8gn2o4gox` (`CATALOG_ID`),
  CONSTRAINT `FK374wks7em54d0oghju0earttl` FOREIGN KEY (`CATEGORY_ID`) REFERENCES `category` (`CATEGORY_ID`),
  CONSTRAINT `FKqp2j48hb3vodovb8gn2o4gox` FOREIGN KEY (`CATALOG_ID`) REFERENCES `catalog` (`id`)
) ENGINE=InnoDB DEFAULT CHARSET=utf8mb3 COLLATE=utf8mb3_unicode_ci;
/*!40101 SET character_set_client = @saved_cs_client */;

--
-- Dumping data for table `catalog_entry`
--

LOCK TABLES `catalog_entry` WRITE;
/*!40000 ALTER TABLE `catalog_entry` DISABLE KEYS */;
/*!40000 ALTER TABLE `catalog_entry` ENABLE KEYS */;
UNLOCK TABLES;

--
-- Table structure for table `category`
--

DROP TABLE IF EXISTS `category`;
/*!40101 SET @saved_cs_client     = @@character_set_client */;
/*!50503 SET character_set_client = utf8mb4 */;
CREATE TABLE `category` (
  `CATEGORY_ID` bigint NOT NULL,
  `DATE_CREATED` datetime DEFAULT NULL,
  `DATE_MODIFIED` datetime DEFAULT NULL,
  `UPDT_ID` varchar(60) COLLATE utf8mb3_unicode_ci DEFAULT NULL,
  `CATEGORY_IMAGE` varchar(100) COLLATE utf8mb3_unicode_ci DEFAULT NULL,
  `CATEGORY_STATUS` bit(1) DEFAULT NULL,
  `CODE` varchar(100) COLLATE utf8mb3_unicode_ci NOT NULL,
  `DEPTH` int DEFAULT NULL,
  `FEATURED` bit(1) DEFAULT NULL,
  `LINEAGE` varchar(255) COLLATE utf8mb3_unicode_ci DEFAULT NULL,
  `SORT_ORDER` int DEFAULT NULL,
  `VISIBLE` bit(1) DEFAULT NULL,
  `MERCHANT_ID` int DEFAULT NULL,
  `PARENT_ID` bigint DEFAULT NULL,
  `NAME` varchar(255) COLLATE utf8mb3_unicode_ci NOT NULL,
  PRIMARY KEY (`CATEGORY_ID`),
  UNIQUE KEY `UK3mq9i6qmgquvoieslx39pej6x` (`MERCHANT_ID`,`CODE`),
  KEY `IDXlctdd0gcnad49kass3ntxv54n` (`LINEAGE`),
  KEY `FKn3kekntr7pm8g9v8ask698ato` (`PARENT_ID`),
  CONSTRAINT `FK8a09asq5fcx0a88i4m8nsixy` FOREIGN KEY (`MERCHANT_ID`) REFERENCES `merchant_store` (`MERCHANT_ID`),
  CONSTRAINT `FKn3kekntr7pm8g9v8ask698ato` FOREIGN KEY (`PARENT_ID`) REFERENCES `category` (`CATEGORY_ID`)
) ENGINE=InnoDB DEFAULT CHARSET=utf8mb3 COLLATE=utf8mb3_unicode_ci;
/*!40101 SET character_set_client = @saved_cs_client */;

--
-- Dumping data for table `category`
--

LOCK TABLES `category` WRITE;
/*!40000 ALTER TABLE `category` DISABLE KEYS */;
INSERT INTO `category` VALUES (50,'2023-05-14 15:40:41','2023-05-14 15:40:41','ndlong2004@gmail.com',NULL,_binary '','parttime',0,_binary '','/50/',0,_binary '',2,NULL,'Bán thời gian'),(51,'2023-06-17 17:55:13','2023-06-17 17:55:13','ndlong@gmail.com',NULL,_binary '','fulltime',NULL,_binary '\0',NULL,0,_binary '\0',NULL,NULL,'Toàn thời gian'),(100,'2023-05-14 15:49:35','2023-05-14 15:49:37','ndlong2004@gmail.com',NULL,_binary '','remote',0,_binary '','/100/',0,_binary '',2,NULL,'Làm việc từ xa');
/*!40000 ALTER TABLE `category` ENABLE KEYS */;
UNLOCK TABLES;

--
-- Table structure for table `category_description`
--

DROP TABLE IF EXISTS `category_description`;
/*!40101 SET @saved_cs_client     = @@character_set_client */;
/*!50503 SET character_set_client = utf8mb4 */;
CREATE TABLE `category_description` (
  `DESCRIPTION_ID` bigint NOT NULL,
  `DATE_CREATED` datetime DEFAULT NULL,
  `DATE_MODIFIED` datetime DEFAULT NULL,
  `UPDT_ID` varchar(60) COLLATE utf8mb3_unicode_ci DEFAULT NULL,
  `DESCRIPTION` longtext COLLATE utf8mb3_unicode_ci,
  `NAME` varchar(120) COLLATE utf8mb3_unicode_ci NOT NULL,
  `TITLE` varchar(100) COLLATE utf8mb3_unicode_ci DEFAULT NULL,
  `CATEGORY_HIGHLIGHT` varchar(255) COLLATE utf8mb3_unicode_ci DEFAULT NULL,
  `META_DESCRIPTION` varchar(255) COLLATE utf8mb3_unicode_ci DEFAULT NULL,
  `META_KEYWORDS` varchar(255) COLLATE utf8mb3_unicode_ci DEFAULT NULL,
  `META_TITLE` varchar(120) COLLATE utf8mb3_unicode_ci DEFAULT NULL,
  `SEF_URL` varchar(120) COLLATE utf8mb3_unicode_ci DEFAULT NULL,
  `LANGUAGE_ID` int NOT NULL,
  `CATEGORY_ID` bigint NOT NULL,
  PRIMARY KEY (`DESCRIPTION_ID`),
  UNIQUE KEY `UKbuesqq6cyx7e5hy3mf30cfieq` (`CATEGORY_ID`,`LANGUAGE_ID`),
  KEY `FKl4j5boteutpu1p8f67kydpnmd` (`LANGUAGE_ID`),
  CONSTRAINT `FKa58u7d0ydfgref1iaux5efyov` FOREIGN KEY (`CATEGORY_ID`) REFERENCES `category` (`CATEGORY_ID`),
  CONSTRAINT `FKl4j5boteutpu1p8f67kydpnmd` FOREIGN KEY (`LANGUAGE_ID`) REFERENCES `language` (`LANGUAGE_ID`)
) ENGINE=InnoDB DEFAULT CHARSET=utf8mb3 COLLATE=utf8mb3_unicode_ci;
/*!40101 SET character_set_client = @saved_cs_client */;

--
-- Dumping data for table `category_description`
--

LOCK TABLES `category_description` WRITE;
/*!40000 ALTER TABLE `category_description` DISABLE KEYS */;
/*!40000 ALTER TABLE `category_description` ENABLE KEYS */;
UNLOCK TABLES;

--
-- Table structure for table `certificate`
--

DROP TABLE IF EXISTS `certificate`;
/*!40101 SET @saved_cs_client     = @@character_set_client */;
/*!50503 SET character_set_client = utf8mb4 */;
CREATE TABLE `certificate` (
  `id` varchar(255) COLLATE utf8mb3_unicode_ci NOT NULL,
  `LINK_REFERENCE` varchar(255) COLLATE utf8mb3_unicode_ci DEFAULT NULL,
  `TITLE` varchar(255) COLLATE utf8mb3_unicode_ci DEFAULT NULL,
  `CV_ID` varchar(255) COLLATE utf8mb3_unicode_ci DEFAULT NULL,
  PRIMARY KEY (`id`),
  KEY `FK29y2yad2e110wxr9semu05vnv` (`CV_ID`),
  CONSTRAINT `FK29y2yad2e110wxr9semu05vnv` FOREIGN KEY (`CV_ID`) REFERENCES `cv` (`id`)
) ENGINE=InnoDB DEFAULT CHARSET=utf8mb3 COLLATE=utf8mb3_unicode_ci;
/*!40101 SET character_set_client = @saved_cs_client */;

--
-- Dumping data for table `certificate`
--

LOCK TABLES `certificate` WRITE;
/*!40000 ALTER TABLE `certificate` DISABLE KEYS */;
INSERT INTO `certificate` VALUES ('f8f46e06-15ed-4834-8569-1260d6c1c3b9','www.404.com/1f','Chứng chỉ đa cấp xuyên lục địaf da update','92772af3-4e29-4fd2-a6e5-dd4a1c4cc14e');
/*!40000 ALTER TABLE `certificate` ENABLE KEYS */;
UNLOCK TABLES;

--
-- Table structure for table `content`
--

DROP TABLE IF EXISTS `content`;
/*!40101 SET @saved_cs_client     = @@character_set_client */;
/*!50503 SET character_set_client = utf8mb4 */;
CREATE TABLE `content` (
  `CONTENT_ID` bigint NOT NULL,
  `DATE_CREATED` datetime DEFAULT NULL,
  `DATE_MODIFIED` datetime DEFAULT NULL,
  `UPDT_ID` varchar(60) COLLATE utf8mb3_unicode_ci DEFAULT NULL,
  `CODE` varchar(100) COLLATE utf8mb3_unicode_ci NOT NULL,
  `CONTENT_POSITION` varchar(10) COLLATE utf8mb3_unicode_ci DEFAULT NULL,
  `CONTENT_TYPE` varchar(10) COLLATE utf8mb3_unicode_ci DEFAULT NULL,
  `LINK_TO_MENU` bit(1) DEFAULT NULL,
  `PRODUCT_GROUP` varchar(255) COLLATE utf8mb3_unicode_ci DEFAULT NULL,
  `SORT_ORDER` int DEFAULT NULL,
  `VISIBLE` bit(1) DEFAULT NULL,
  `MERCHANT_ID` int NOT NULL,
  PRIMARY KEY (`CONTENT_ID`),
  UNIQUE KEY `UKt1v2ld0mrwviquqourql4uub0` (`MERCHANT_ID`,`CODE`),
  KEY `CODE_IDX` (`CODE`),
  CONSTRAINT `FKfmoi0fkjbtfty3o8fs94t11r1` FOREIGN KEY (`MERCHANT_ID`) REFERENCES `merchant_store` (`MERCHANT_ID`)
) ENGINE=InnoDB DEFAULT CHARSET=utf8mb3 COLLATE=utf8mb3_unicode_ci;
/*!40101 SET character_set_client = @saved_cs_client */;

--
-- Dumping data for table `content`
--

LOCK TABLES `content` WRITE;
/*!40000 ALTER TABLE `content` DISABLE KEYS */;
/*!40000 ALTER TABLE `content` ENABLE KEYS */;
UNLOCK TABLES;

--
-- Table structure for table `content_description`
--

DROP TABLE IF EXISTS `content_description`;
/*!40101 SET @saved_cs_client     = @@character_set_client */;
/*!50503 SET character_set_client = utf8mb4 */;
CREATE TABLE `content_description` (
  `DESCRIPTION_ID` bigint NOT NULL,
  `DATE_CREATED` datetime DEFAULT NULL,
  `DATE_MODIFIED` datetime DEFAULT NULL,
  `UPDT_ID` varchar(60) COLLATE utf8mb3_unicode_ci DEFAULT NULL,
  `DESCRIPTION` longtext COLLATE utf8mb3_unicode_ci,
  `NAME` varchar(120) COLLATE utf8mb3_unicode_ci NOT NULL,
  `TITLE` varchar(100) COLLATE utf8mb3_unicode_ci DEFAULT NULL,
  `META_DESCRIPTION` varchar(255) COLLATE utf8mb3_unicode_ci DEFAULT NULL,
  `META_KEYWORDS` varchar(255) COLLATE utf8mb3_unicode_ci DEFAULT NULL,
  `META_TITLE` varchar(255) COLLATE utf8mb3_unicode_ci DEFAULT NULL,
  `SEF_URL` varchar(120) COLLATE utf8mb3_unicode_ci DEFAULT NULL,
  `LANGUAGE_ID` int NOT NULL,
  `CONTENT_ID` bigint NOT NULL,
  PRIMARY KEY (`DESCRIPTION_ID`),
  UNIQUE KEY `UKn0w5r7ctbp88r4rvk7ayklofm` (`CONTENT_ID`,`LANGUAGE_ID`),
  KEY `FK47yxf681u0rfw2kvarhqb0r3v` (`LANGUAGE_ID`),
  CONSTRAINT `FK47yxf681u0rfw2kvarhqb0r3v` FOREIGN KEY (`LANGUAGE_ID`) REFERENCES `language` (`LANGUAGE_ID`),
  CONSTRAINT `FKk7fabfxn2flvcofwwpyg5sys` FOREIGN KEY (`CONTENT_ID`) REFERENCES `content` (`CONTENT_ID`)
) ENGINE=InnoDB DEFAULT CHARSET=utf8mb3 COLLATE=utf8mb3_unicode_ci;
/*!40101 SET character_set_client = @saved_cs_client */;

--
-- Dumping data for table `content_description`
--

LOCK TABLES `content_description` WRITE;
/*!40000 ALTER TABLE `content_description` DISABLE KEYS */;
/*!40000 ALTER TABLE `content_description` ENABLE KEYS */;
UNLOCK TABLES;

--
-- Table structure for table `country`
--

DROP TABLE IF EXISTS `country`;
/*!40101 SET @saved_cs_client     = @@character_set_client */;
/*!50503 SET character_set_client = utf8mb4 */;
CREATE TABLE `country` (
  `COUNTRY_ID` int NOT NULL,
  `COUNTRY_ISOCODE` varchar(255) COLLATE utf8mb3_unicode_ci DEFAULT NULL,
  `COUNTRY_SUPPORTED` bit(1) DEFAULT NULL,
  `GEOZONE_ID` bigint DEFAULT NULL,
  PRIMARY KEY (`COUNTRY_ID`),
  UNIQUE KEY `UK_dqb99v22pt27v0tgeqo958e6x` (`COUNTRY_ISOCODE`),
  KEY `FKd2q9e14kh1j6tm1gpbct2xwws` (`GEOZONE_ID`),
  CONSTRAINT `FKd2q9e14kh1j6tm1gpbct2xwws` FOREIGN KEY (`GEOZONE_ID`) REFERENCES `geozone` (`GEOZONE_ID`)
) ENGINE=InnoDB DEFAULT CHARSET=utf8mb3 COLLATE=utf8mb3_unicode_ci;
/*!40101 SET character_set_client = @saved_cs_client */;

--
-- Dumping data for table `country`
--

LOCK TABLES `country` WRITE;
/*!40000 ALTER TABLE `country` DISABLE KEYS */;
INSERT INTO `country` VALUES (1,'AF',_binary '',NULL),(2,'AX',_binary '',NULL),(3,'AL',_binary '',NULL),(4,'DZ',_binary '',NULL),(5,'AS',_binary '',NULL),(6,'AD',_binary '',NULL),(7,'AO',_binary '',NULL),(8,'AI',_binary '',NULL),(9,'AG',_binary '',NULL),(10,'AR',_binary '',NULL),(11,'AM',_binary '',NULL),(12,'AW',_binary '',NULL),(13,'AU',_binary '',NULL),(14,'AT',_binary '',NULL),(15,'AZ',_binary '',NULL),(16,'BS',_binary '',NULL),(17,'BH',_binary '',NULL),(18,'BD',_binary '',NULL),(19,'BB',_binary '',NULL),(20,'BY',_binary '',NULL),(21,'BE',_binary '',NULL),(22,'BZ',_binary '',NULL),(23,'BJ',_binary '',NULL),(24,'BM',_binary '',NULL),(25,'BT',_binary '',NULL),(26,'BO',_binary '',NULL),(27,'BA',_binary '',NULL),(28,'BW',_binary '',NULL),(29,'BR',_binary '',NULL),(30,'IO',_binary '',NULL),(31,'BN',_binary '',NULL),(32,'BG',_binary '',NULL),(33,'BF',_binary '',NULL),(34,'BI',_binary '',NULL),(35,'KH',_binary '',NULL),(36,'CM',_binary '',NULL),(37,'CA',_binary '',NULL),(38,'CV',_binary '',NULL),(39,'KY',_binary '',NULL),(40,'CF',_binary '',NULL),(41,'TD',_binary '',NULL),(42,'CL',_binary '',NULL),(43,'CN',_binary '',NULL),(44,'CX',_binary '',NULL),(45,'CC',_binary '',NULL),(46,'CO',_binary '',NULL),(47,'KM',_binary '',NULL),(48,'CG',_binary '',NULL),(49,'CD',_binary '',NULL),(50,'CK',_binary '',NULL),(51,'CR',_binary '',NULL),(52,'CI',_binary '',NULL),(53,'HR',_binary '',NULL),(54,'CU',_binary '',NULL),(55,'CY',_binary '',NULL),(56,'CZ',_binary '',NULL),(57,'DK',_binary '',NULL),(58,'DJ',_binary '',NULL),(59,'DM',_binary '',NULL),(60,'DO',_binary '',NULL),(61,'EC',_binary '',NULL),(62,'EG',_binary '',NULL),(63,'SV',_binary '',NULL),(64,'GQ',_binary '',NULL),(65,'ER',_binary '',NULL),(66,'EE',_binary '',NULL),(67,'ET',_binary '',NULL),(68,'FK',_binary '',NULL),(69,'FO',_binary '',NULL),(70,'FJ',_binary '',NULL),(71,'FI',_binary '',NULL),(72,'FR',_binary '',NULL),(73,'GF',_binary '',NULL),(74,'PF',_binary '',NULL),(75,'GA',_binary '',NULL),(76,'GM',_binary '',NULL),(77,'GE',_binary '',NULL),(78,'DE',_binary '',NULL),(79,'GH',_binary '',NULL),(80,'GI',_binary '',NULL),(81,'GR',_binary '',NULL),(82,'GL',_binary '',NULL),(83,'GD',_binary '',NULL),(84,'GP',_binary '',NULL),(85,'GU',_binary '',NULL),(86,'GT',_binary '',NULL),(87,'GG',_binary '',NULL),(88,'GN',_binary '',NULL),(89,'GW',_binary '',NULL),(90,'GY',_binary '',NULL),(91,'HT',_binary '',NULL),(92,'VA',_binary '',NULL),(93,'HN',_binary '',NULL),(94,'HK',_binary '',NULL),(95,'HU',_binary '',NULL),(96,'IS',_binary '',NULL),(97,'IN',_binary '',NULL),(98,'ID',_binary '',NULL),(99,'IR',_binary '',NULL),(100,'IQ',_binary '',NULL),(101,'IE',_binary '',NULL),(102,'IM',_binary '',NULL),(103,'IL',_binary '',NULL),(104,'IT',_binary '',NULL),(105,'JM',_binary '',NULL),(106,'JP',_binary '',NULL),(107,'JE',_binary '',NULL),(108,'JO',_binary '',NULL),(109,'KZ',_binary '',NULL),(110,'KE',_binary '',NULL),(111,'KI',_binary '',NULL),(112,'KP',_binary '',NULL),(113,'KR',_binary '',NULL),(114,'KW',_binary '',NULL),(115,'KG',_binary '',NULL),(116,'LA',_binary '',NULL),(117,'LV',_binary '',NULL),(118,'LB',_binary '',NULL),(119,'LS',_binary '',NULL),(120,'LR',_binary '',NULL),(121,'LY',_binary '',NULL),(122,'LI',_binary '',NULL),(123,'LT',_binary '',NULL),(124,'LU',_binary '',NULL),(125,'MO',_binary '',NULL),(126,'MK',_binary '',NULL),(127,'MG',_binary '',NULL),(128,'MW',_binary '',NULL),(129,'MY',_binary '',NULL),(130,'ML',_binary '',NULL),(131,'MT',_binary '',NULL),(132,'MH',_binary '',NULL),(133,'MQ',_binary '',NULL),(134,'MR',_binary '',NULL),(135,'MU',_binary '',NULL),(136,'YT',_binary '',NULL),(137,'MX',_binary '',NULL),(138,'FM',_binary '',NULL),(139,'MD',_binary '',NULL),(140,'MC',_binary '',NULL),(141,'MN',_binary '',NULL),(142,'ME',_binary '',NULL),(143,'MS',_binary '',NULL),(144,'MA',_binary '',NULL),(145,'MZ',_binary '',NULL),(146,'MM',_binary '',NULL),(147,'NA',_binary '',NULL),(148,'NR',_binary '',NULL),(149,'NP',_binary '',NULL),(150,'NL',_binary '',NULL),(151,'NC',_binary '',NULL),(152,'NZ',_binary '',NULL),(153,'NI',_binary '',NULL),(154,'NE',_binary '',NULL),(155,'NG',_binary '',NULL),(156,'NU',_binary '',NULL),(157,'NF',_binary '',NULL),(158,'MP',_binary '',NULL),(159,'NO',_binary '',NULL),(160,'OM',_binary '',NULL),(161,'PK',_binary '',NULL),(162,'PW',_binary '',NULL),(163,'PS',_binary '',NULL),(164,'PA',_binary '',NULL),(165,'PG',_binary '',NULL),(166,'PY',_binary '',NULL),(167,'PE',_binary '',NULL),(168,'PH',_binary '',NULL),(169,'PN',_binary '',NULL),(170,'PL',_binary '',NULL),(171,'PT',_binary '',NULL),(172,'PR',_binary '',NULL),(173,'QA',_binary '',NULL),(174,'RE',_binary '',NULL),(175,'RO',_binary '',NULL),(176,'RU',_binary '',NULL),(177,'RW',_binary '',NULL),(178,'SH',_binary '',NULL),(179,'KN',_binary '',NULL),(180,'LC',_binary '',NULL),(181,'PM',_binary '',NULL),(182,'VC',_binary '',NULL),(183,'WS',_binary '',NULL),(184,'SM',_binary '',NULL),(185,'ST',_binary '',NULL),(186,'SA',_binary '',NULL),(187,'SN',_binary '',NULL),(188,'RS',_binary '',NULL),(189,'SC',_binary '',NULL),(190,'SL',_binary '',NULL),(191,'SG',_binary '',NULL),(192,'SK',_binary '',NULL),(193,'SI',_binary '',NULL),(194,'SB',_binary '',NULL),(195,'SO',_binary '',NULL),(196,'ZA',_binary '',NULL),(197,'ES',_binary '',NULL),(198,'LK',_binary '',NULL),(199,'SD',_binary '',NULL),(200,'SR',_binary '',NULL),(201,'SJ',_binary '',NULL),(202,'SZ',_binary '',NULL),(203,'SE',_binary '',NULL),(204,'CH',_binary '',NULL),(205,'SY',_binary '',NULL),(206,'TW',_binary '',NULL),(207,'TJ',_binary '',NULL),(208,'TZ',_binary '',NULL),(209,'TH',_binary '',NULL),(210,'TL',_binary '',NULL),(211,'TG',_binary '',NULL),(212,'TK',_binary '',NULL),(213,'TO',_binary '',NULL),(214,'TT',_binary '',NULL),(215,'TN',_binary '',NULL),(216,'TR',_binary '',NULL),(217,'TM',_binary '',NULL),(218,'TC',_binary '',NULL),(219,'TV',_binary '',NULL),(220,'UG',_binary '',NULL),(221,'UA',_binary '',NULL),(222,'AE',_binary '',NULL),(223,'GB',_binary '',NULL),(224,'US',_binary '',NULL),(225,'UM',_binary '',NULL),(226,'UY',_binary '',NULL),(227,'UZ',_binary '',NULL),(228,'VU',_binary '',NULL),(229,'VE',_binary '',NULL),(230,'VN',_binary '',NULL),(231,'VG',_binary '',NULL),(232,'VI',_binary '',NULL),(233,'WF',_binary '',NULL),(234,'EH',_binary '',NULL),(235,'YE',_binary '',NULL),(236,'ZM',_binary '',NULL),(237,'ZW',_binary '',NULL);
/*!40000 ALTER TABLE `country` ENABLE KEYS */;
UNLOCK TABLES;

--
-- Table structure for table `country_description`
--

DROP TABLE IF EXISTS `country_description`;
/*!40101 SET @saved_cs_client     = @@character_set_client */;
/*!50503 SET character_set_client = utf8mb4 */;
CREATE TABLE `country_description` (
  `DESCRIPTION_ID` bigint NOT NULL,
  `DATE_CREATED` datetime DEFAULT NULL,
  `DATE_MODIFIED` datetime DEFAULT NULL,
  `UPDT_ID` varchar(60) COLLATE utf8mb3_unicode_ci DEFAULT NULL,
  `DESCRIPTION` longtext COLLATE utf8mb3_unicode_ci,
  `NAME` varchar(120) COLLATE utf8mb3_unicode_ci NOT NULL,
  `TITLE` varchar(100) COLLATE utf8mb3_unicode_ci DEFAULT NULL,
  `LANGUAGE_ID` int NOT NULL,
  `COUNTRY_ID` int NOT NULL,
  PRIMARY KEY (`DESCRIPTION_ID`),
  UNIQUE KEY `UKt7nshki1rbp6157ed0v6cx4y4` (`COUNTRY_ID`,`LANGUAGE_ID`),
  KEY `FKersrbjot9p9nfukxfd2l27c7t` (`LANGUAGE_ID`),
  CONSTRAINT `FKersrbjot9p9nfukxfd2l27c7t` FOREIGN KEY (`LANGUAGE_ID`) REFERENCES `language` (`LANGUAGE_ID`),
  CONSTRAINT `FKkd2sy7q97wr2ahvyiiqc4txji` FOREIGN KEY (`COUNTRY_ID`) REFERENCES `country` (`COUNTRY_ID`)
) ENGINE=InnoDB DEFAULT CHARSET=utf8mb3 COLLATE=utf8mb3_unicode_ci;
/*!40101 SET character_set_client = @saved_cs_client */;

--
-- Dumping data for table `country_description`
--

LOCK TABLES `country_description` WRITE;
/*!40000 ALTER TABLE `country_description` DISABLE KEYS */;
INSERT INTO `country_description` VALUES (1,'2023-05-17 03:35:18','2023-05-17 03:35:18',NULL,NULL,'Afghanistan',NULL,1,1),(2,'2023-05-17 03:35:18','2023-05-17 03:35:18',NULL,NULL,'Afghanistan',NULL,2,1),(3,'2023-05-17 03:35:18','2023-05-17 03:35:18',NULL,NULL,'Afganistán',NULL,3,1),(4,'2023-05-17 03:35:18','2023-05-17 03:35:18',NULL,NULL,'Åland Islands',NULL,1,2),(5,'2023-05-17 03:35:18','2023-05-17 03:35:18',NULL,NULL,'Îles Åland',NULL,2,2),(6,'2023-05-17 03:35:18','2023-05-17 03:35:18',NULL,NULL,'Islas Aland',NULL,3,2),(7,'2023-05-17 03:35:18','2023-05-17 03:35:18',NULL,NULL,'Albania',NULL,1,3),(8,'2023-05-17 03:35:18','2023-05-17 03:35:18',NULL,NULL,'Albanie',NULL,2,3),(9,'2023-05-17 03:35:18','2023-05-17 03:35:18',NULL,NULL,'Albania',NULL,3,3),(10,'2023-05-17 03:35:18','2023-05-17 03:35:18',NULL,NULL,'Algeria',NULL,1,4),(11,'2023-05-17 03:35:18','2023-05-17 03:35:18',NULL,NULL,'Algérie',NULL,2,4),(12,'2023-05-17 03:35:18','2023-05-17 03:35:18',NULL,NULL,'Argelia',NULL,3,4),(13,'2023-05-17 03:35:18','2023-05-17 03:35:18',NULL,NULL,'American Samoa',NULL,1,5),(14,'2023-05-17 03:35:18','2023-05-17 03:35:18',NULL,NULL,'Samoa américaines',NULL,2,5),(15,'2023-05-17 03:35:18','2023-05-17 03:35:18',NULL,NULL,'Samoa Americana',NULL,3,5),(16,'2023-05-17 03:35:18','2023-05-17 03:35:18',NULL,NULL,'Andorra',NULL,1,6),(17,'2023-05-17 03:35:18','2023-05-17 03:35:18',NULL,NULL,'Andorre',NULL,2,6),(18,'2023-05-17 03:35:18','2023-05-17 03:35:18',NULL,NULL,'Andorra',NULL,3,6),(19,'2023-05-17 03:35:18','2023-05-17 03:35:18',NULL,NULL,'Angola',NULL,1,7),(20,'2023-05-17 03:35:18','2023-05-17 03:35:18',NULL,NULL,'Angola',NULL,2,7),(21,'2023-05-17 03:35:18','2023-05-17 03:35:18',NULL,NULL,'Angola',NULL,3,7),(22,'2023-05-17 03:35:18','2023-05-17 03:35:18',NULL,NULL,'Anguilla',NULL,1,8),(23,'2023-05-17 03:35:18','2023-05-17 03:35:18',NULL,NULL,'Anguilla',NULL,2,8),(24,'2023-05-17 03:35:18','2023-05-17 03:35:18',NULL,NULL,'Anguila',NULL,3,8),(25,'2023-05-17 03:35:18','2023-05-17 03:35:18',NULL,NULL,'Antigua & Barbuda',NULL,1,9),(26,'2023-05-17 03:35:18','2023-05-17 03:35:18',NULL,NULL,'Antigua-et-Barbuda',NULL,2,9),(27,'2023-05-17 03:35:18','2023-05-17 03:35:18',NULL,NULL,'Antigua y Barbuda',NULL,3,9),(28,'2023-05-17 03:35:18','2023-05-17 03:35:18',NULL,NULL,'Argentina',NULL,1,10),(29,'2023-05-17 03:35:18','2023-05-17 03:35:18',NULL,NULL,'Argentine',NULL,2,10),(30,'2023-05-17 03:35:18','2023-05-17 03:35:18',NULL,NULL,'Argentina',NULL,3,10),(31,'2023-05-17 03:35:18','2023-05-17 03:35:18',NULL,NULL,'Armenia',NULL,1,11),(32,'2023-05-17 03:35:18','2023-05-17 03:35:18',NULL,NULL,'Arménie',NULL,2,11),(33,'2023-05-17 03:35:18','2023-05-17 03:35:18',NULL,NULL,'Armenia',NULL,3,11),(34,'2023-05-17 03:35:18','2023-05-17 03:35:18',NULL,NULL,'Aruba',NULL,1,12),(35,'2023-05-17 03:35:18','2023-05-17 03:35:18',NULL,NULL,'Aruba',NULL,2,12),(36,'2023-05-17 03:35:18','2023-05-17 03:35:18',NULL,NULL,'Aruba',NULL,3,12),(37,'2023-05-17 03:35:18','2023-05-17 03:35:18',NULL,NULL,'Australia',NULL,1,13),(38,'2023-05-17 03:35:18','2023-05-17 03:35:18',NULL,NULL,'Australie',NULL,2,13),(39,'2023-05-17 03:35:19','2023-05-17 03:35:19',NULL,NULL,'Australia',NULL,3,13),(40,'2023-05-17 03:35:19','2023-05-17 03:35:19',NULL,NULL,'Austria',NULL,1,14),(41,'2023-05-17 03:35:19','2023-05-17 03:35:19',NULL,NULL,'Autriche',NULL,2,14),(42,'2023-05-17 03:35:19','2023-05-17 03:35:19',NULL,NULL,'Austria',NULL,3,14),(43,'2023-05-17 03:35:19','2023-05-17 03:35:19',NULL,NULL,'Azerbaijan',NULL,1,15),(44,'2023-05-17 03:35:19','2023-05-17 03:35:19',NULL,NULL,'Azerbaïdjan',NULL,2,15),(45,'2023-05-17 03:35:19','2023-05-17 03:35:19',NULL,NULL,'Azerbaiyán',NULL,3,15),(46,'2023-05-17 03:35:19','2023-05-17 03:35:19',NULL,NULL,'Bahamas',NULL,1,16),(47,'2023-05-17 03:35:19','2023-05-17 03:35:19',NULL,NULL,'Bahamas',NULL,2,16),(48,'2023-05-17 03:35:19','2023-05-17 03:35:19',NULL,NULL,'Bahamas',NULL,3,16),(49,'2023-05-17 03:35:19','2023-05-17 03:35:19',NULL,NULL,'Bahrain',NULL,1,17),(50,'2023-05-17 03:35:19','2023-05-17 03:35:19',NULL,NULL,'Bahreïn',NULL,2,17),(51,'2023-05-17 03:35:19','2023-05-17 03:35:19',NULL,NULL,'Baréin',NULL,3,17),(52,'2023-05-17 03:35:19','2023-05-17 03:35:19',NULL,NULL,'Bangladesh',NULL,1,18),(53,'2023-05-17 03:35:19','2023-05-17 03:35:19',NULL,NULL,'Bangladesh',NULL,2,18),(54,'2023-05-17 03:35:19','2023-05-17 03:35:19',NULL,NULL,'Bangladés',NULL,3,18),(55,'2023-05-17 03:35:19','2023-05-17 03:35:19',NULL,NULL,'Barbados',NULL,1,19),(56,'2023-05-17 03:35:19','2023-05-17 03:35:19',NULL,NULL,'Barbade',NULL,2,19),(57,'2023-05-17 03:35:19','2023-05-17 03:35:19',NULL,NULL,'Barbados',NULL,3,19),(58,'2023-05-17 03:35:19','2023-05-17 03:35:19',NULL,NULL,'Belarus',NULL,1,20),(59,'2023-05-17 03:35:19','2023-05-17 03:35:19',NULL,NULL,'Biélorussie',NULL,2,20),(60,'2023-05-17 03:35:19','2023-05-17 03:35:19',NULL,NULL,'Bielorrusia',NULL,3,20),(61,'2023-05-17 03:35:19','2023-05-17 03:35:19',NULL,NULL,'Belgium',NULL,1,21),(62,'2023-05-17 03:35:19','2023-05-17 03:35:19',NULL,NULL,'Belgique',NULL,2,21),(63,'2023-05-17 03:35:19','2023-05-17 03:35:19',NULL,NULL,'Bélgica',NULL,3,21),(64,'2023-05-17 03:35:19','2023-05-17 03:35:19',NULL,NULL,'Belize',NULL,1,22),(65,'2023-05-17 03:35:19','2023-05-17 03:35:19',NULL,NULL,'Belize',NULL,2,22),(66,'2023-05-17 03:35:19','2023-05-17 03:35:19',NULL,NULL,'Belice',NULL,3,22),(67,'2023-05-17 03:35:19','2023-05-17 03:35:19',NULL,NULL,'Benin',NULL,1,23),(68,'2023-05-17 03:35:19','2023-05-17 03:35:19',NULL,NULL,'Bénin',NULL,2,23),(69,'2023-05-17 03:35:19','2023-05-17 03:35:19',NULL,NULL,'Benín',NULL,3,23),(70,'2023-05-17 03:35:19','2023-05-17 03:35:19',NULL,NULL,'Bermuda',NULL,1,24),(71,'2023-05-17 03:35:19','2023-05-17 03:35:19',NULL,NULL,'Bermudes',NULL,2,24),(72,'2023-05-17 03:35:19','2023-05-17 03:35:19',NULL,NULL,'Bermudas',NULL,3,24),(73,'2023-05-17 03:35:19','2023-05-17 03:35:19',NULL,NULL,'Bhutan',NULL,1,25),(74,'2023-05-17 03:35:19','2023-05-17 03:35:19',NULL,NULL,'Bhoutan',NULL,2,25),(75,'2023-05-17 03:35:19','2023-05-17 03:35:19',NULL,NULL,'Bután',NULL,3,25),(76,'2023-05-17 03:35:19','2023-05-17 03:35:19',NULL,NULL,'Bolivia',NULL,1,26),(77,'2023-05-17 03:35:19','2023-05-17 03:35:19',NULL,NULL,'Bolivie',NULL,2,26),(78,'2023-05-17 03:35:19','2023-05-17 03:35:19',NULL,NULL,'Bolivia',NULL,3,26),(79,'2023-05-17 03:35:19','2023-05-17 03:35:19',NULL,NULL,'Bosnia & Herzegovina',NULL,1,27),(80,'2023-05-17 03:35:19','2023-05-17 03:35:19',NULL,NULL,'Bosnie-Herzégovine',NULL,2,27),(81,'2023-05-17 03:35:19','2023-05-17 03:35:19',NULL,NULL,'Bosnia y Herzegovina',NULL,3,27),(82,'2023-05-17 03:35:19','2023-05-17 03:35:19',NULL,NULL,'Botswana',NULL,1,28),(83,'2023-05-17 03:35:19','2023-05-17 03:35:19',NULL,NULL,'Botswana',NULL,2,28),(84,'2023-05-17 03:35:19','2023-05-17 03:35:19',NULL,NULL,'Botsuana',NULL,3,28),(85,'2023-05-17 03:35:19','2023-05-17 03:35:19',NULL,NULL,'Brazil',NULL,1,29),(86,'2023-05-17 03:35:19','2023-05-17 03:35:19',NULL,NULL,'Brésil',NULL,2,29),(87,'2023-05-17 03:35:19','2023-05-17 03:35:19',NULL,NULL,'Brasil',NULL,3,29),(88,'2023-05-17 03:35:19','2023-05-17 03:35:19',NULL,NULL,'British Indian Ocean Territory',NULL,1,30),(89,'2023-05-17 03:35:19','2023-05-17 03:35:19',NULL,NULL,'Territoire britannique de l’océan Indien',NULL,2,30),(90,'2023-05-17 03:35:19','2023-05-17 03:35:19',NULL,NULL,'Territorio Británico del Océano Índico',NULL,3,30),(91,'2023-05-17 03:35:19','2023-05-17 03:35:19',NULL,NULL,'Brunei',NULL,1,31),(92,'2023-05-17 03:35:19','2023-05-17 03:35:19',NULL,NULL,'Brunei',NULL,2,31),(93,'2023-05-17 03:35:19','2023-05-17 03:35:19',NULL,NULL,'Brunéi',NULL,3,31),(94,'2023-05-17 03:35:19','2023-05-17 03:35:19',NULL,NULL,'Bulgaria',NULL,1,32),(95,'2023-05-17 03:35:19','2023-05-17 03:35:19',NULL,NULL,'Bulgarie',NULL,2,32),(96,'2023-05-17 03:35:19','2023-05-17 03:35:19',NULL,NULL,'Bulgaria',NULL,3,32),(97,'2023-05-17 03:35:19','2023-05-17 03:35:19',NULL,NULL,'Burkina Faso',NULL,1,33),(98,'2023-05-17 03:35:19','2023-05-17 03:35:19',NULL,NULL,'Burkina Faso',NULL,2,33),(99,'2023-05-17 03:35:19','2023-05-17 03:35:19',NULL,NULL,'Burkina Faso',NULL,3,33),(100,'2023-05-17 03:35:20','2023-05-17 03:35:20',NULL,NULL,'Burundi',NULL,1,34),(101,'2023-05-17 03:35:20','2023-05-17 03:35:20',NULL,NULL,'Burundi',NULL,2,34),(102,'2023-05-17 03:35:20','2023-05-17 03:35:20',NULL,NULL,'Burundi',NULL,3,34),(103,'2023-05-17 03:35:20','2023-05-17 03:35:20',NULL,NULL,'Cambodia',NULL,1,35),(104,'2023-05-17 03:35:20','2023-05-17 03:35:20',NULL,NULL,'Cambodge',NULL,2,35),(105,'2023-05-17 03:35:20','2023-05-17 03:35:20',NULL,NULL,'Camboya',NULL,3,35),(106,'2023-05-17 03:35:20','2023-05-17 03:35:20',NULL,NULL,'Cameroon',NULL,1,36),(107,'2023-05-17 03:35:20','2023-05-17 03:35:20',NULL,NULL,'Cameroun',NULL,2,36),(108,'2023-05-17 03:35:20','2023-05-17 03:35:20',NULL,NULL,'Camerún',NULL,3,36),(109,'2023-05-17 03:35:20','2023-05-17 03:35:20',NULL,NULL,'Canada',NULL,1,37),(110,'2023-05-17 03:35:20','2023-05-17 03:35:20',NULL,NULL,'Canada',NULL,2,37),(111,'2023-05-17 03:35:20','2023-05-17 03:35:20',NULL,NULL,'Canadá',NULL,3,37),(112,'2023-05-17 03:35:20','2023-05-17 03:35:20',NULL,NULL,'Cape Verde',NULL,1,38),(113,'2023-05-17 03:35:20','2023-05-17 03:35:20',NULL,NULL,'Cap-Vert',NULL,2,38),(114,'2023-05-17 03:35:20','2023-05-17 03:35:20',NULL,NULL,'Cabo Verde',NULL,3,38),(115,'2023-05-17 03:35:20','2023-05-17 03:35:20',NULL,NULL,'Cayman Islands',NULL,1,39),(116,'2023-05-17 03:35:20','2023-05-17 03:35:20',NULL,NULL,'Îles Caïmans',NULL,2,39),(117,'2023-05-17 03:35:20','2023-05-17 03:35:20',NULL,NULL,'Islas Caimán',NULL,3,39),(118,'2023-05-17 03:35:20','2023-05-17 03:35:20',NULL,NULL,'Central African Republic',NULL,1,40),(119,'2023-05-17 03:35:20','2023-05-17 03:35:20',NULL,NULL,'République centrafricaine',NULL,2,40),(120,'2023-05-17 03:35:20','2023-05-17 03:35:20',NULL,NULL,'República Centroafricana',NULL,3,40),(121,'2023-05-17 03:35:20','2023-05-17 03:35:20',NULL,NULL,'Chad',NULL,1,41),(122,'2023-05-17 03:35:20','2023-05-17 03:35:20',NULL,NULL,'Tchad',NULL,2,41),(123,'2023-05-17 03:35:20','2023-05-17 03:35:20',NULL,NULL,'Chad',NULL,3,41),(124,'2023-05-17 03:35:20','2023-05-17 03:35:20',NULL,NULL,'Chile',NULL,1,42),(125,'2023-05-17 03:35:20','2023-05-17 03:35:20',NULL,NULL,'Chili',NULL,2,42),(126,'2023-05-17 03:35:20','2023-05-17 03:35:20',NULL,NULL,'Chile',NULL,3,42),(127,'2023-05-17 03:35:20','2023-05-17 03:35:20',NULL,NULL,'China',NULL,1,43),(128,'2023-05-17 03:35:20','2023-05-17 03:35:20',NULL,NULL,'Chine',NULL,2,43),(129,'2023-05-17 03:35:20','2023-05-17 03:35:20',NULL,NULL,'China',NULL,3,43),(130,'2023-05-17 03:35:20','2023-05-17 03:35:20',NULL,NULL,'Christmas Island',NULL,1,44),(131,'2023-05-17 03:35:20','2023-05-17 03:35:20',NULL,NULL,'Île Christmas',NULL,2,44),(132,'2023-05-17 03:35:20','2023-05-17 03:35:20',NULL,NULL,'Isla de Navidad',NULL,3,44),(133,'2023-05-17 03:35:20','2023-05-17 03:35:20',NULL,NULL,'Cocos (Keeling) Islands',NULL,1,45),(134,'2023-05-17 03:35:20','2023-05-17 03:35:20',NULL,NULL,'Îles Cocos',NULL,2,45),(135,'2023-05-17 03:35:20','2023-05-17 03:35:20',NULL,NULL,'Islas Cocos',NULL,3,45),(136,'2023-05-17 03:35:20','2023-05-17 03:35:20',NULL,NULL,'Colombia',NULL,1,46),(137,'2023-05-17 03:35:20','2023-05-17 03:35:20',NULL,NULL,'Colombie',NULL,2,46),(138,'2023-05-17 03:35:20','2023-05-17 03:35:20',NULL,NULL,'Colombia',NULL,3,46),(139,'2023-05-17 03:35:20','2023-05-17 03:35:20',NULL,NULL,'Comoros',NULL,1,47),(140,'2023-05-17 03:35:20','2023-05-17 03:35:20',NULL,NULL,'Comores',NULL,2,47),(141,'2023-05-17 03:35:20','2023-05-17 03:35:20',NULL,NULL,'Comoras',NULL,3,47),(142,'2023-05-17 03:35:20','2023-05-17 03:35:20',NULL,NULL,'Congo - Brazzaville',NULL,1,48),(143,'2023-05-17 03:35:20','2023-05-17 03:35:20',NULL,NULL,'Congo-Brazzaville',NULL,2,48),(144,'2023-05-17 03:35:20','2023-05-17 03:35:20',NULL,NULL,'Congo',NULL,3,48),(145,'2023-05-17 03:35:20','2023-05-17 03:35:20',NULL,NULL,'Congo - Kinshasa',NULL,1,49),(146,'2023-05-17 03:35:20','2023-05-17 03:35:20',NULL,NULL,'Congo-Kinshasa',NULL,2,49),(147,'2023-05-17 03:35:20','2023-05-17 03:35:20',NULL,NULL,'República Democrática del Congo',NULL,3,49),(148,'2023-05-17 03:35:20','2023-05-17 03:35:20',NULL,NULL,'Cook Islands',NULL,1,50),(149,'2023-05-17 03:35:20','2023-05-17 03:35:20',NULL,NULL,'Îles Cook',NULL,2,50),(150,'2023-05-17 03:35:20','2023-05-17 03:35:20',NULL,NULL,'Islas Cook',NULL,3,50),(151,'2023-05-17 03:35:20','2023-05-17 03:35:20',NULL,NULL,'Costa Rica',NULL,1,51),(152,'2023-05-17 03:35:20','2023-05-17 03:35:20',NULL,NULL,'Costa Rica',NULL,2,51),(153,'2023-05-17 03:35:20','2023-05-17 03:35:20',NULL,NULL,'Costa Rica',NULL,3,51),(154,'2023-05-17 03:35:20','2023-05-17 03:35:20',NULL,NULL,'Côte d’Ivoire',NULL,1,52),(155,'2023-05-17 03:35:20','2023-05-17 03:35:20',NULL,NULL,'Côte d’Ivoire',NULL,2,52),(156,'2023-05-17 03:35:20','2023-05-17 03:35:20',NULL,NULL,'Côte d’Ivoire',NULL,3,52),(157,'2023-05-17 03:35:20','2023-05-17 03:35:20',NULL,NULL,'Croatia',NULL,1,53),(158,'2023-05-17 03:35:20','2023-05-17 03:35:20',NULL,NULL,'Croatie',NULL,2,53),(159,'2023-05-17 03:35:20','2023-05-17 03:35:20',NULL,NULL,'Croacia',NULL,3,53),(160,'2023-05-17 03:35:20','2023-05-17 03:35:20',NULL,NULL,'Cuba',NULL,1,54),(161,'2023-05-17 03:35:20','2023-05-17 03:35:20',NULL,NULL,'Cuba',NULL,2,54),(162,'2023-05-17 03:35:20','2023-05-17 03:35:20',NULL,NULL,'Cuba',NULL,3,54),(163,'2023-05-17 03:35:20','2023-05-17 03:35:20',NULL,NULL,'Cyprus',NULL,1,55),(164,'2023-05-17 03:35:20','2023-05-17 03:35:20',NULL,NULL,'Chypre',NULL,2,55),(165,'2023-05-17 03:35:20','2023-05-17 03:35:20',NULL,NULL,'Chipre',NULL,3,55),(166,'2023-05-17 03:35:20','2023-05-17 03:35:20',NULL,NULL,'Czechia',NULL,1,56),(167,'2023-05-17 03:35:20','2023-05-17 03:35:20',NULL,NULL,'Tchéquie',NULL,2,56),(168,'2023-05-17 03:35:20','2023-05-17 03:35:20',NULL,NULL,'Chequia',NULL,3,56),(169,'2023-05-17 03:35:21','2023-05-17 03:35:21',NULL,NULL,'Denmark',NULL,1,57),(170,'2023-05-17 03:35:21','2023-05-17 03:35:21',NULL,NULL,'Danemark',NULL,2,57),(171,'2023-05-17 03:35:21','2023-05-17 03:35:21',NULL,NULL,'Dinamarca',NULL,3,57),(172,'2023-05-17 03:35:21','2023-05-17 03:35:21',NULL,NULL,'Djibouti',NULL,1,58),(173,'2023-05-17 03:35:21','2023-05-17 03:35:21',NULL,NULL,'Djibouti',NULL,2,58),(174,'2023-05-17 03:35:21','2023-05-17 03:35:21',NULL,NULL,'Yibuti',NULL,3,58),(175,'2023-05-17 03:35:21','2023-05-17 03:35:21',NULL,NULL,'Dominica',NULL,1,59),(176,'2023-05-17 03:35:21','2023-05-17 03:35:21',NULL,NULL,'Dominique',NULL,2,59),(177,'2023-05-17 03:35:21','2023-05-17 03:35:21',NULL,NULL,'Dominica',NULL,3,59),(178,'2023-05-17 03:35:21','2023-05-17 03:35:21',NULL,NULL,'Dominican Republic',NULL,1,60),(179,'2023-05-17 03:35:21','2023-05-17 03:35:21',NULL,NULL,'République dominicaine',NULL,2,60),(180,'2023-05-17 03:35:21','2023-05-17 03:35:21',NULL,NULL,'República Dominicana',NULL,3,60),(181,'2023-05-17 03:35:21','2023-05-17 03:35:21',NULL,NULL,'Ecuador',NULL,1,61),(182,'2023-05-17 03:35:21','2023-05-17 03:35:21',NULL,NULL,'Équateur',NULL,2,61),(183,'2023-05-17 03:35:21','2023-05-17 03:35:21',NULL,NULL,'Ecuador',NULL,3,61),(184,'2023-05-17 03:35:21','2023-05-17 03:35:21',NULL,NULL,'Egypt',NULL,1,62),(185,'2023-05-17 03:35:21','2023-05-17 03:35:21',NULL,NULL,'Égypte',NULL,2,62),(186,'2023-05-17 03:35:21','2023-05-17 03:35:21',NULL,NULL,'Egipto',NULL,3,62),(187,'2023-05-17 03:35:21','2023-05-17 03:35:21',NULL,NULL,'El Salvador',NULL,1,63),(188,'2023-05-17 03:35:21','2023-05-17 03:35:21',NULL,NULL,'Salvador',NULL,2,63),(189,'2023-05-17 03:35:21','2023-05-17 03:35:21',NULL,NULL,'El Salvador',NULL,3,63),(190,'2023-05-17 03:35:21','2023-05-17 03:35:21',NULL,NULL,'Equatorial Guinea',NULL,1,64),(191,'2023-05-17 03:35:21','2023-05-17 03:35:21',NULL,NULL,'Guinée équatoriale',NULL,2,64),(192,'2023-05-17 03:35:21','2023-05-17 03:35:21',NULL,NULL,'Guinea Ecuatorial',NULL,3,64),(193,'2023-05-17 03:35:21','2023-05-17 03:35:21',NULL,NULL,'Eritrea',NULL,1,65),(194,'2023-05-17 03:35:21','2023-05-17 03:35:21',NULL,NULL,'Érythrée',NULL,2,65),(195,'2023-05-17 03:35:21','2023-05-17 03:35:21',NULL,NULL,'Eritrea',NULL,3,65),(196,'2023-05-17 03:35:21','2023-05-17 03:35:21',NULL,NULL,'Estonia',NULL,1,66),(197,'2023-05-17 03:35:21','2023-05-17 03:35:21',NULL,NULL,'Estonie',NULL,2,66),(198,'2023-05-17 03:35:21','2023-05-17 03:35:21',NULL,NULL,'Estonia',NULL,3,66),(199,'2023-05-17 03:35:21','2023-05-17 03:35:21',NULL,NULL,'Ethiopia',NULL,1,67),(200,'2023-05-17 03:35:21','2023-05-17 03:35:21',NULL,NULL,'Éthiopie',NULL,2,67),(201,'2023-05-17 03:35:21','2023-05-17 03:35:21',NULL,NULL,'Etiopía',NULL,3,67),(202,'2023-05-17 03:35:21','2023-05-17 03:35:21',NULL,NULL,'Falkland Islands',NULL,1,68),(203,'2023-05-17 03:35:21','2023-05-17 03:35:21',NULL,NULL,'Îles Malouines',NULL,2,68),(204,'2023-05-17 03:35:21','2023-05-17 03:35:21',NULL,NULL,'Islas Malvinas',NULL,3,68),(205,'2023-05-17 03:35:21','2023-05-17 03:35:21',NULL,NULL,'Faroe Islands',NULL,1,69),(206,'2023-05-17 03:35:21','2023-05-17 03:35:21',NULL,NULL,'Îles Féroé',NULL,2,69),(207,'2023-05-17 03:35:21','2023-05-17 03:35:21',NULL,NULL,'Islas Feroe',NULL,3,69),(208,'2023-05-17 03:35:21','2023-05-17 03:35:21',NULL,NULL,'Fiji',NULL,1,70),(209,'2023-05-17 03:35:21','2023-05-17 03:35:21',NULL,NULL,'Fidji',NULL,2,70),(210,'2023-05-17 03:35:21','2023-05-17 03:35:21',NULL,NULL,'Fiyi',NULL,3,70),(211,'2023-05-17 03:35:21','2023-05-17 03:35:21',NULL,NULL,'Finland',NULL,1,71),(212,'2023-05-17 03:35:21','2023-05-17 03:35:21',NULL,NULL,'Finlande',NULL,2,71),(213,'2023-05-17 03:35:21','2023-05-17 03:35:21',NULL,NULL,'Finlandia',NULL,3,71),(214,'2023-05-17 03:35:21','2023-05-17 03:35:21',NULL,NULL,'France',NULL,1,72),(215,'2023-05-17 03:35:21','2023-05-17 03:35:21',NULL,NULL,'France',NULL,2,72),(216,'2023-05-17 03:35:21','2023-05-17 03:35:21',NULL,NULL,'Francia',NULL,3,72),(217,'2023-05-17 03:35:21','2023-05-17 03:35:21',NULL,NULL,'French Guiana',NULL,1,73),(218,'2023-05-17 03:35:21','2023-05-17 03:35:21',NULL,NULL,'Guyane française',NULL,2,73),(219,'2023-05-17 03:35:21','2023-05-17 03:35:21',NULL,NULL,'Guayana Francesa',NULL,3,73),(220,'2023-05-17 03:35:21','2023-05-17 03:35:21',NULL,NULL,'French Polynesia',NULL,1,74),(221,'2023-05-17 03:35:21','2023-05-17 03:35:21',NULL,NULL,'Polynésie française',NULL,2,74),(222,'2023-05-17 03:35:21','2023-05-17 03:35:21',NULL,NULL,'Polinesia Francesa',NULL,3,74),(223,'2023-05-17 03:35:21','2023-05-17 03:35:21',NULL,NULL,'Gabon',NULL,1,75),(224,'2023-05-17 03:35:21','2023-05-17 03:35:21',NULL,NULL,'Gabon',NULL,2,75),(225,'2023-05-17 03:35:21','2023-05-17 03:35:21',NULL,NULL,'Gabón',NULL,3,75),(226,'2023-05-17 03:35:21','2023-05-17 03:35:21',NULL,NULL,'Gambia',NULL,1,76),(227,'2023-05-17 03:35:21','2023-05-17 03:35:21',NULL,NULL,'Gambie',NULL,2,76),(228,'2023-05-17 03:35:21','2023-05-17 03:35:21',NULL,NULL,'Gambia',NULL,3,76),(229,'2023-05-17 03:35:21','2023-05-17 03:35:21',NULL,NULL,'Georgia',NULL,1,77),(230,'2023-05-17 03:35:21','2023-05-17 03:35:21',NULL,NULL,'Géorgie',NULL,2,77),(231,'2023-05-17 03:35:21','2023-05-17 03:35:21',NULL,NULL,'Georgia',NULL,3,77),(232,'2023-05-17 03:35:21','2023-05-17 03:35:21',NULL,NULL,'Germany',NULL,1,78),(233,'2023-05-17 03:35:21','2023-05-17 03:35:21',NULL,NULL,'Allemagne',NULL,2,78),(234,'2023-05-17 03:35:21','2023-05-17 03:35:21',NULL,NULL,'Alemania',NULL,3,78),(235,'2023-05-17 03:35:21','2023-05-17 03:35:21',NULL,NULL,'Ghana',NULL,1,79),(236,'2023-05-17 03:35:21','2023-05-17 03:35:21',NULL,NULL,'Ghana',NULL,2,79),(237,'2023-05-17 03:35:21','2023-05-17 03:35:21',NULL,NULL,'Ghana',NULL,3,79),(238,'2023-05-17 03:35:21','2023-05-17 03:35:21',NULL,NULL,'Gibraltar',NULL,1,80),(239,'2023-05-17 03:35:21','2023-05-17 03:35:21',NULL,NULL,'Gibraltar',NULL,2,80),(240,'2023-05-17 03:35:21','2023-05-17 03:35:21',NULL,NULL,'Gibraltar',NULL,3,80),(241,'2023-05-17 03:35:21','2023-05-17 03:35:21',NULL,NULL,'Greece',NULL,1,81),(242,'2023-05-17 03:35:21','2023-05-17 03:35:21',NULL,NULL,'Grèce',NULL,2,81),(243,'2023-05-17 03:35:22','2023-05-17 03:35:22',NULL,NULL,'Grecia',NULL,3,81),(244,'2023-05-17 03:35:22','2023-05-17 03:35:22',NULL,NULL,'Greenland',NULL,1,82),(245,'2023-05-17 03:35:22','2023-05-17 03:35:22',NULL,NULL,'Groenland',NULL,2,82),(246,'2023-05-17 03:35:22','2023-05-17 03:35:22',NULL,NULL,'Groenlandia',NULL,3,82),(247,'2023-05-17 03:35:22','2023-05-17 03:35:22',NULL,NULL,'Grenada',NULL,1,83),(248,'2023-05-17 03:35:22','2023-05-17 03:35:22',NULL,NULL,'Grenade',NULL,2,83),(249,'2023-05-17 03:35:22','2023-05-17 03:35:22',NULL,NULL,'Granada',NULL,3,83),(250,'2023-05-17 03:35:22','2023-05-17 03:35:22',NULL,NULL,'Guadeloupe',NULL,1,84),(251,'2023-05-17 03:35:22','2023-05-17 03:35:22',NULL,NULL,'Guadeloupe',NULL,2,84),(252,'2023-05-17 03:35:22','2023-05-17 03:35:22',NULL,NULL,'Guadalupe',NULL,3,84),(253,'2023-05-17 03:35:22','2023-05-17 03:35:22',NULL,NULL,'Guam',NULL,1,85),(254,'2023-05-17 03:35:22','2023-05-17 03:35:22',NULL,NULL,'Guam',NULL,2,85),(255,'2023-05-17 03:35:22','2023-05-17 03:35:22',NULL,NULL,'Guam',NULL,3,85),(256,'2023-05-17 03:35:22','2023-05-17 03:35:22',NULL,NULL,'Guatemala',NULL,1,86),(257,'2023-05-17 03:35:22','2023-05-17 03:35:22',NULL,NULL,'Guatemala',NULL,2,86),(258,'2023-05-17 03:35:22','2023-05-17 03:35:22',NULL,NULL,'Guatemala',NULL,3,86),(259,'2023-05-17 03:35:22','2023-05-17 03:35:22',NULL,NULL,'Guernsey',NULL,1,87),(260,'2023-05-17 03:35:22','2023-05-17 03:35:22',NULL,NULL,'Guernesey',NULL,2,87),(261,'2023-05-17 03:35:22','2023-05-17 03:35:22',NULL,NULL,'Guernesey',NULL,3,87),(262,'2023-05-17 03:35:22','2023-05-17 03:35:22',NULL,NULL,'Guinea',NULL,1,88),(263,'2023-05-17 03:35:22','2023-05-17 03:35:22',NULL,NULL,'Guinée',NULL,2,88),(264,'2023-05-17 03:35:22','2023-05-17 03:35:22',NULL,NULL,'Guinea',NULL,3,88),(265,'2023-05-17 03:35:22','2023-05-17 03:35:22',NULL,NULL,'Guinea-Bissau',NULL,1,89),(266,'2023-05-17 03:35:22','2023-05-17 03:35:22',NULL,NULL,'Guinée-Bissau',NULL,2,89),(267,'2023-05-17 03:35:22','2023-05-17 03:35:22',NULL,NULL,'Guinea-Bisáu',NULL,3,89),(268,'2023-05-17 03:35:22','2023-05-17 03:35:22',NULL,NULL,'Guyana',NULL,1,90),(269,'2023-05-17 03:35:22','2023-05-17 03:35:22',NULL,NULL,'Guyana',NULL,2,90),(270,'2023-05-17 03:35:22','2023-05-17 03:35:22',NULL,NULL,'Guyana',NULL,3,90),(271,'2023-05-17 03:35:22','2023-05-17 03:35:22',NULL,NULL,'Haiti',NULL,1,91),(272,'2023-05-17 03:35:22','2023-05-17 03:35:22',NULL,NULL,'Haïti',NULL,2,91),(273,'2023-05-17 03:35:22','2023-05-17 03:35:22',NULL,NULL,'Haití',NULL,3,91),(274,'2023-05-17 03:35:22','2023-05-17 03:35:22',NULL,NULL,'Vatican City',NULL,1,92),(275,'2023-05-17 03:35:22','2023-05-17 03:35:22',NULL,NULL,'État de la Cité du Vatican',NULL,2,92),(276,'2023-05-17 03:35:22','2023-05-17 03:35:22',NULL,NULL,'Ciudad del Vaticano',NULL,3,92),(277,'2023-05-17 03:35:22','2023-05-17 03:35:22',NULL,NULL,'Honduras',NULL,1,93),(278,'2023-05-17 03:35:22','2023-05-17 03:35:22',NULL,NULL,'Honduras',NULL,2,93),(279,'2023-05-17 03:35:22','2023-05-17 03:35:22',NULL,NULL,'Honduras',NULL,3,93),(280,'2023-05-17 03:35:22','2023-05-17 03:35:22',NULL,NULL,'Hong Kong SAR China',NULL,1,94),(281,'2023-05-17 03:35:22','2023-05-17 03:35:22',NULL,NULL,'R.A.S. chinoise de Hong Kong',NULL,2,94),(282,'2023-05-17 03:35:22','2023-05-17 03:35:22',NULL,NULL,'RAE de Hong Kong (China)',NULL,3,94),(283,'2023-05-17 03:35:22','2023-05-17 03:35:22',NULL,NULL,'Hungary',NULL,1,95),(284,'2023-05-17 03:35:22','2023-05-17 03:35:22',NULL,NULL,'Hongrie',NULL,2,95),(285,'2023-05-17 03:35:22','2023-05-17 03:35:22',NULL,NULL,'Hungría',NULL,3,95),(286,'2023-05-17 03:35:22','2023-05-17 03:35:22',NULL,NULL,'Iceland',NULL,1,96),(287,'2023-05-17 03:35:22','2023-05-17 03:35:22',NULL,NULL,'Islande',NULL,2,96),(288,'2023-05-17 03:35:22','2023-05-17 03:35:22',NULL,NULL,'Islandia',NULL,3,96),(289,'2023-05-17 03:35:22','2023-05-17 03:35:22',NULL,NULL,'India',NULL,1,97),(290,'2023-05-17 03:35:22','2023-05-17 03:35:22',NULL,NULL,'Inde',NULL,2,97),(291,'2023-05-17 03:35:22','2023-05-17 03:35:22',NULL,NULL,'India',NULL,3,97),(292,'2023-05-17 03:35:22','2023-05-17 03:35:22',NULL,NULL,'Indonesia',NULL,1,98),(293,'2023-05-17 03:35:22','2023-05-17 03:35:22',NULL,NULL,'Indonésie',NULL,2,98),(294,'2023-05-17 03:35:22','2023-05-17 03:35:22',NULL,NULL,'Indonesia',NULL,3,98),(295,'2023-05-17 03:35:22','2023-05-17 03:35:22',NULL,NULL,'Iran',NULL,1,99),(296,'2023-05-17 03:35:22','2023-05-17 03:35:22',NULL,NULL,'Iran',NULL,2,99),(297,'2023-05-17 03:35:22','2023-05-17 03:35:22',NULL,NULL,'Irán',NULL,3,99),(298,'2023-05-17 03:35:22','2023-05-17 03:35:22',NULL,NULL,'Iraq',NULL,1,100),(299,'2023-05-17 03:35:22','2023-05-17 03:35:22',NULL,NULL,'Irak',NULL,2,100),(300,'2023-05-17 03:35:22','2023-05-17 03:35:22',NULL,NULL,'Irak',NULL,3,100),(301,'2023-05-17 03:35:22','2023-05-17 03:35:22',NULL,NULL,'Ireland',NULL,1,101),(302,'2023-05-17 03:35:22','2023-05-17 03:35:22',NULL,NULL,'Irlande',NULL,2,101),(303,'2023-05-17 03:35:22','2023-05-17 03:35:22',NULL,NULL,'Irlanda',NULL,3,101),(304,'2023-05-17 03:35:22','2023-05-17 03:35:22',NULL,NULL,'Isle of Man',NULL,1,102),(305,'2023-05-17 03:35:22','2023-05-17 03:35:22',NULL,NULL,'Île de Man',NULL,2,102),(306,'2023-05-17 03:35:22','2023-05-17 03:35:22',NULL,NULL,'Isla de Man',NULL,3,102),(307,'2023-05-17 03:35:22','2023-05-17 03:35:22',NULL,NULL,'Israel',NULL,1,103),(308,'2023-05-17 03:35:22','2023-05-17 03:35:22',NULL,NULL,'Israël',NULL,2,103),(309,'2023-05-17 03:35:22','2023-05-17 03:35:22',NULL,NULL,'Israel',NULL,3,103),(310,'2023-05-17 03:35:22','2023-05-17 03:35:22',NULL,NULL,'Italy',NULL,1,104),(311,'2023-05-17 03:35:22','2023-05-17 03:35:22',NULL,NULL,'Italie',NULL,2,104),(312,'2023-05-17 03:35:22','2023-05-17 03:35:22',NULL,NULL,'Italia',NULL,3,104),(313,'2023-05-17 03:35:22','2023-05-17 03:35:22',NULL,NULL,'Jamaica',NULL,1,105),(314,'2023-05-17 03:35:22','2023-05-17 03:35:22',NULL,NULL,'Jamaïque',NULL,2,105),(315,'2023-05-17 03:35:22','2023-05-17 03:35:22',NULL,NULL,'Jamaica',NULL,3,105),(316,'2023-05-17 03:35:22','2023-05-17 03:35:22',NULL,NULL,'Japan',NULL,1,106),(317,'2023-05-17 03:35:23','2023-05-17 03:35:23',NULL,NULL,'Japon',NULL,2,106),(318,'2023-05-17 03:35:23','2023-05-17 03:35:23',NULL,NULL,'Japón',NULL,3,106),(319,'2023-05-17 03:35:23','2023-05-17 03:35:23',NULL,NULL,'Jersey',NULL,1,107),(320,'2023-05-17 03:35:23','2023-05-17 03:35:23',NULL,NULL,'Jersey',NULL,2,107),(321,'2023-05-17 03:35:23','2023-05-17 03:35:23',NULL,NULL,'Jersey',NULL,3,107),(322,'2023-05-17 03:35:23','2023-05-17 03:35:23',NULL,NULL,'Jordan',NULL,1,108),(323,'2023-05-17 03:35:23','2023-05-17 03:35:23',NULL,NULL,'Jordanie',NULL,2,108),(324,'2023-05-17 03:35:23','2023-05-17 03:35:23',NULL,NULL,'Jordania',NULL,3,108),(325,'2023-05-17 03:35:23','2023-05-17 03:35:23',NULL,NULL,'Kazakhstan',NULL,1,109),(326,'2023-05-17 03:35:23','2023-05-17 03:35:23',NULL,NULL,'Kazakhstan',NULL,2,109),(327,'2023-05-17 03:35:23','2023-05-17 03:35:23',NULL,NULL,'Kazajistán',NULL,3,109),(328,'2023-05-17 03:35:23','2023-05-17 03:35:23',NULL,NULL,'Kenya',NULL,1,110),(329,'2023-05-17 03:35:23','2023-05-17 03:35:23',NULL,NULL,'Kenya',NULL,2,110),(330,'2023-05-17 03:35:23','2023-05-17 03:35:23',NULL,NULL,'Kenia',NULL,3,110),(331,'2023-05-17 03:35:23','2023-05-17 03:35:23',NULL,NULL,'Kiribati',NULL,1,111),(332,'2023-05-17 03:35:23','2023-05-17 03:35:23',NULL,NULL,'Kiribati',NULL,2,111),(333,'2023-05-17 03:35:23','2023-05-17 03:35:23',NULL,NULL,'Kiribati',NULL,3,111),(334,'2023-05-17 03:35:23','2023-05-17 03:35:23',NULL,NULL,'North Korea',NULL,1,112),(335,'2023-05-17 03:35:23','2023-05-17 03:35:23',NULL,NULL,'Corée du Nord',NULL,2,112),(336,'2023-05-17 03:35:23','2023-05-17 03:35:23',NULL,NULL,'Corea del Norte',NULL,3,112),(337,'2023-05-17 03:35:23','2023-05-17 03:35:23',NULL,NULL,'South Korea',NULL,1,113),(338,'2023-05-17 03:35:23','2023-05-17 03:35:23',NULL,NULL,'Corée du Sud',NULL,2,113),(339,'2023-05-17 03:35:23','2023-05-17 03:35:23',NULL,NULL,'Corea del Sur',NULL,3,113),(340,'2023-05-17 03:35:23','2023-05-17 03:35:23',NULL,NULL,'Kuwait',NULL,1,114),(341,'2023-05-17 03:35:23','2023-05-17 03:35:23',NULL,NULL,'Koweït',NULL,2,114),(342,'2023-05-17 03:35:23','2023-05-17 03:35:23',NULL,NULL,'Kuwait',NULL,3,114),(343,'2023-05-17 03:35:23','2023-05-17 03:35:23',NULL,NULL,'Kyrgyzstan',NULL,1,115),(344,'2023-05-17 03:35:23','2023-05-17 03:35:23',NULL,NULL,'Kirghizstan',NULL,2,115),(345,'2023-05-17 03:35:23','2023-05-17 03:35:23',NULL,NULL,'Kirguistán',NULL,3,115),(346,'2023-05-17 03:35:23','2023-05-17 03:35:23',NULL,NULL,'Laos',NULL,1,116),(347,'2023-05-17 03:35:23','2023-05-17 03:35:23',NULL,NULL,'Laos',NULL,2,116),(348,'2023-05-17 03:35:23','2023-05-17 03:35:23',NULL,NULL,'Laos',NULL,3,116),(349,'2023-05-17 03:35:23','2023-05-17 03:35:23',NULL,NULL,'Latvia',NULL,1,117),(350,'2023-05-17 03:35:23','2023-05-17 03:35:23',NULL,NULL,'Lettonie',NULL,2,117),(351,'2023-05-17 03:35:23','2023-05-17 03:35:23',NULL,NULL,'Letonia',NULL,3,117),(352,'2023-05-17 03:35:23','2023-05-17 03:35:23',NULL,NULL,'Lebanon',NULL,1,118),(353,'2023-05-17 03:35:23','2023-05-17 03:35:23',NULL,NULL,'Liban',NULL,2,118),(354,'2023-05-17 03:35:23','2023-05-17 03:35:23',NULL,NULL,'Líbano',NULL,3,118),(355,'2023-05-17 03:35:23','2023-05-17 03:35:23',NULL,NULL,'Lesotho',NULL,1,119),(356,'2023-05-17 03:35:23','2023-05-17 03:35:23',NULL,NULL,'Lesotho',NULL,2,119),(357,'2023-05-17 03:35:23','2023-05-17 03:35:23',NULL,NULL,'Lesoto',NULL,3,119),(358,'2023-05-17 03:35:23','2023-05-17 03:35:23',NULL,NULL,'Liberia',NULL,1,120),(359,'2023-05-17 03:35:23','2023-05-17 03:35:23',NULL,NULL,'Liberia',NULL,2,120),(360,'2023-05-17 03:35:23','2023-05-17 03:35:23',NULL,NULL,'Liberia',NULL,3,120),(361,'2023-05-17 03:35:23','2023-05-17 03:35:23',NULL,NULL,'Libya',NULL,1,121),(362,'2023-05-17 03:35:23','2023-05-17 03:35:23',NULL,NULL,'Libye',NULL,2,121),(363,'2023-05-17 03:35:23','2023-05-17 03:35:23',NULL,NULL,'Libia',NULL,3,121),(364,'2023-05-17 03:35:23','2023-05-17 03:35:23',NULL,NULL,'Liechtenstein',NULL,1,122),(365,'2023-05-17 03:35:23','2023-05-17 03:35:23',NULL,NULL,'Liechtenstein',NULL,2,122),(366,'2023-05-17 03:35:23','2023-05-17 03:35:23',NULL,NULL,'Liechtenstein',NULL,3,122),(367,'2023-05-17 03:35:23','2023-05-17 03:35:23',NULL,NULL,'Lithuania',NULL,1,123),(368,'2023-05-17 03:35:23','2023-05-17 03:35:23',NULL,NULL,'Lituanie',NULL,2,123),(369,'2023-05-17 03:35:23','2023-05-17 03:35:23',NULL,NULL,'Lituania',NULL,3,123),(370,'2023-05-17 03:35:23','2023-05-17 03:35:23',NULL,NULL,'Luxembourg',NULL,1,124),(371,'2023-05-17 03:35:23','2023-05-17 03:35:23',NULL,NULL,'Luxembourg',NULL,2,124),(372,'2023-05-17 03:35:23','2023-05-17 03:35:23',NULL,NULL,'Luxemburgo',NULL,3,124),(373,'2023-05-17 03:35:23','2023-05-17 03:35:23',NULL,NULL,'Macao SAR China',NULL,1,125),(374,'2023-05-17 03:35:23','2023-05-17 03:35:23',NULL,NULL,'R.A.S. chinoise de Macao',NULL,2,125),(375,'2023-05-17 03:35:23','2023-05-17 03:35:23',NULL,NULL,'RAE de Macao (China)',NULL,3,125),(376,'2023-05-17 03:35:23','2023-05-17 03:35:23',NULL,NULL,'North Macedonia',NULL,1,126),(377,'2023-05-17 03:35:23','2023-05-17 03:35:23',NULL,NULL,'Macédoine du Nord',NULL,2,126),(378,'2023-05-17 03:35:23','2023-05-17 03:35:23',NULL,NULL,'Macedonia del Norte',NULL,3,126),(379,'2023-05-17 03:35:23','2023-05-17 03:35:23',NULL,NULL,'Madagascar',NULL,1,127),(380,'2023-05-17 03:35:23','2023-05-17 03:35:23',NULL,NULL,'Madagascar',NULL,2,127),(381,'2023-05-17 03:35:23','2023-05-17 03:35:23',NULL,NULL,'Madagascar',NULL,3,127),(382,'2023-05-17 03:35:23','2023-05-17 03:35:23',NULL,NULL,'Malawi',NULL,1,128),(383,'2023-05-17 03:35:23','2023-05-17 03:35:23',NULL,NULL,'Malawi',NULL,2,128),(384,'2023-05-17 03:35:23','2023-05-17 03:35:23',NULL,NULL,'Malaui',NULL,3,128),(385,'2023-05-17 03:35:23','2023-05-17 03:35:23',NULL,NULL,'Malaysia',NULL,1,129),(386,'2023-05-17 03:35:23','2023-05-17 03:35:23',NULL,NULL,'Malaisie',NULL,2,129),(387,'2023-05-17 03:35:23','2023-05-17 03:35:23',NULL,NULL,'Malasia',NULL,3,129),(388,'2023-05-17 03:35:23','2023-05-17 03:35:23',NULL,NULL,'Mali',NULL,1,130),(389,'2023-05-17 03:35:23','2023-05-17 03:35:23',NULL,NULL,'Mali',NULL,2,130),(390,'2023-05-17 03:35:23','2023-05-17 03:35:23',NULL,NULL,'Mali',NULL,3,130),(391,'2023-05-17 03:35:23','2023-05-17 03:35:23',NULL,NULL,'Malta',NULL,1,131),(392,'2023-05-17 03:35:23','2023-05-17 03:35:23',NULL,NULL,'Malte',NULL,2,131),(393,'2023-05-17 03:35:23','2023-05-17 03:35:23',NULL,NULL,'Malta',NULL,3,131),(394,'2023-05-17 03:35:23','2023-05-17 03:35:23',NULL,NULL,'Marshall Islands',NULL,1,132),(395,'2023-05-17 03:35:23','2023-05-17 03:35:23',NULL,NULL,'Îles Marshall',NULL,2,132),(396,'2023-05-17 03:35:23','2023-05-17 03:35:23',NULL,NULL,'Islas Marshall',NULL,3,132),(397,'2023-05-17 03:35:23','2023-05-17 03:35:23',NULL,NULL,'Martinique',NULL,1,133),(398,'2023-05-17 03:35:23','2023-05-17 03:35:23',NULL,NULL,'Martinique',NULL,2,133),(399,'2023-05-17 03:35:23','2023-05-17 03:35:23',NULL,NULL,'Martinica',NULL,3,133),(400,'2023-05-17 03:35:23','2023-05-17 03:35:23',NULL,NULL,'Mauritania',NULL,1,134),(401,'2023-05-17 03:35:23','2023-05-17 03:35:23',NULL,NULL,'Mauritanie',NULL,2,134),(402,'2023-05-17 03:35:23','2023-05-17 03:35:23',NULL,NULL,'Mauritania',NULL,3,134),(403,'2023-05-17 03:35:23','2023-05-17 03:35:23',NULL,NULL,'Mauritius',NULL,1,135),(404,'2023-05-17 03:35:23','2023-05-17 03:35:23',NULL,NULL,'Maurice',NULL,2,135),(405,'2023-05-17 03:35:23','2023-05-17 03:35:23',NULL,NULL,'Mauricio',NULL,3,135),(406,'2023-05-17 03:35:23','2023-05-17 03:35:23',NULL,NULL,'Mayotte',NULL,1,136),(407,'2023-05-17 03:35:24','2023-05-17 03:35:24',NULL,NULL,'Mayotte',NULL,2,136),(408,'2023-05-17 03:35:24','2023-05-17 03:35:24',NULL,NULL,'Mayotte',NULL,3,136),(409,'2023-05-17 03:35:24','2023-05-17 03:35:24',NULL,NULL,'Mexico',NULL,1,137),(410,'2023-05-17 03:35:24','2023-05-17 03:35:24',NULL,NULL,'Mexique',NULL,2,137),(411,'2023-05-17 03:35:24','2023-05-17 03:35:24',NULL,NULL,'México',NULL,3,137),(412,'2023-05-17 03:35:24','2023-05-17 03:35:24',NULL,NULL,'Micronesia',NULL,1,138),(413,'2023-05-17 03:35:24','2023-05-17 03:35:24',NULL,NULL,'Micronésie',NULL,2,138),(414,'2023-05-17 03:35:24','2023-05-17 03:35:24',NULL,NULL,'Micronesia',NULL,3,138),(415,'2023-05-17 03:35:24','2023-05-17 03:35:24',NULL,NULL,'Moldova',NULL,1,139),(416,'2023-05-17 03:35:24','2023-05-17 03:35:24',NULL,NULL,'Moldavie',NULL,2,139),(417,'2023-05-17 03:35:24','2023-05-17 03:35:24',NULL,NULL,'Moldavia',NULL,3,139),(418,'2023-05-17 03:35:24','2023-05-17 03:35:24',NULL,NULL,'Monaco',NULL,1,140),(419,'2023-05-17 03:35:24','2023-05-17 03:35:24',NULL,NULL,'Monaco',NULL,2,140),(420,'2023-05-17 03:35:24','2023-05-17 03:35:24',NULL,NULL,'Mónaco',NULL,3,140),(421,'2023-05-17 03:35:24','2023-05-17 03:35:24',NULL,NULL,'Mongolia',NULL,1,141),(422,'2023-05-17 03:35:24','2023-05-17 03:35:24',NULL,NULL,'Mongolie',NULL,2,141),(423,'2023-05-17 03:35:24','2023-05-17 03:35:24',NULL,NULL,'Mongolia',NULL,3,141),(424,'2023-05-17 03:35:24','2023-05-17 03:35:24',NULL,NULL,'Montenegro',NULL,1,142),(425,'2023-05-17 03:35:24','2023-05-17 03:35:24',NULL,NULL,'Monténégro',NULL,2,142),(426,'2023-05-17 03:35:24','2023-05-17 03:35:24',NULL,NULL,'Montenegro',NULL,3,142),(427,'2023-05-17 03:35:24','2023-05-17 03:35:24',NULL,NULL,'Montserrat',NULL,1,143),(428,'2023-05-17 03:35:24','2023-05-17 03:35:24',NULL,NULL,'Montserrat',NULL,2,143),(429,'2023-05-17 03:35:24','2023-05-17 03:35:24',NULL,NULL,'Montserrat',NULL,3,143),(430,'2023-05-17 03:35:24','2023-05-17 03:35:24',NULL,NULL,'Morocco',NULL,1,144),(431,'2023-05-17 03:35:24','2023-05-17 03:35:24',NULL,NULL,'Maroc',NULL,2,144),(432,'2023-05-17 03:35:24','2023-05-17 03:35:24',NULL,NULL,'Marruecos',NULL,3,144),(433,'2023-05-17 03:35:24','2023-05-17 03:35:24',NULL,NULL,'Mozambique',NULL,1,145),(434,'2023-05-17 03:35:24','2023-05-17 03:35:24',NULL,NULL,'Mozambique',NULL,2,145),(435,'2023-05-17 03:35:24','2023-05-17 03:35:24',NULL,NULL,'Mozambique',NULL,3,145),(436,'2023-05-17 03:35:24','2023-05-17 03:35:24',NULL,NULL,'Myanmar (Burma)',NULL,1,146),(437,'2023-05-17 03:35:24','2023-05-17 03:35:24',NULL,NULL,'Myanmar (Birmanie)',NULL,2,146),(438,'2023-05-17 03:35:24','2023-05-17 03:35:24',NULL,NULL,'Myanmar (Birmania)',NULL,3,146),(439,'2023-05-17 03:35:24','2023-05-17 03:35:24',NULL,NULL,'Namibia',NULL,1,147),(440,'2023-05-17 03:35:24','2023-05-17 03:35:24',NULL,NULL,'Namibie',NULL,2,147),(441,'2023-05-17 03:35:24','2023-05-17 03:35:24',NULL,NULL,'Namibia',NULL,3,147),(442,'2023-05-17 03:35:24','2023-05-17 03:35:24',NULL,NULL,'Nauru',NULL,1,148),(443,'2023-05-17 03:35:24','2023-05-17 03:35:24',NULL,NULL,'Nauru',NULL,2,148),(444,'2023-05-17 03:35:24','2023-05-17 03:35:24',NULL,NULL,'Nauru',NULL,3,148),(445,'2023-05-17 03:35:24','2023-05-17 03:35:24',NULL,NULL,'Nepal',NULL,1,149),(446,'2023-05-17 03:35:24','2023-05-17 03:35:24',NULL,NULL,'Népal',NULL,2,149),(447,'2023-05-17 03:35:24','2023-05-17 03:35:24',NULL,NULL,'Nepal',NULL,3,149),(448,'2023-05-17 03:35:24','2023-05-17 03:35:24',NULL,NULL,'Netherlands',NULL,1,150),(449,'2023-05-17 03:35:24','2023-05-17 03:35:24',NULL,NULL,'Pays-Bas',NULL,2,150),(450,'2023-05-17 03:35:24','2023-05-17 03:35:24',NULL,NULL,'Países Bajos',NULL,3,150),(451,'2023-05-17 03:35:24','2023-05-17 03:35:24',NULL,NULL,'New Caledonia',NULL,1,151),(452,'2023-05-17 03:35:24','2023-05-17 03:35:24',NULL,NULL,'Nouvelle-Calédonie',NULL,2,151),(453,'2023-05-17 03:35:24','2023-05-17 03:35:24',NULL,NULL,'Nueva Caledonia',NULL,3,151),(454,'2023-05-17 03:35:24','2023-05-17 03:35:24',NULL,NULL,'New Zealand',NULL,1,152),(455,'2023-05-17 03:35:24','2023-05-17 03:35:24',NULL,NULL,'Nouvelle-Zélande',NULL,2,152),(456,'2023-05-17 03:35:24','2023-05-17 03:35:24',NULL,NULL,'Nueva Zelanda',NULL,3,152),(457,'2023-05-17 03:35:24','2023-05-17 03:35:24',NULL,NULL,'Nicaragua',NULL,1,153),(458,'2023-05-17 03:35:24','2023-05-17 03:35:24',NULL,NULL,'Nicaragua',NULL,2,153),(459,'2023-05-17 03:35:24','2023-05-17 03:35:24',NULL,NULL,'Nicaragua',NULL,3,153),(460,'2023-05-17 03:35:24','2023-05-17 03:35:24',NULL,NULL,'Niger',NULL,1,154),(461,'2023-05-17 03:35:24','2023-05-17 03:35:24',NULL,NULL,'Niger',NULL,2,154),(462,'2023-05-17 03:35:24','2023-05-17 03:35:24',NULL,NULL,'Níger',NULL,3,154),(463,'2023-05-17 03:35:24','2023-05-17 03:35:24',NULL,NULL,'Nigeria',NULL,1,155),(464,'2023-05-17 03:35:24','2023-05-17 03:35:24',NULL,NULL,'Nigeria',NULL,2,155),(465,'2023-05-17 03:35:24','2023-05-17 03:35:24',NULL,NULL,'Nigeria',NULL,3,155),(466,'2023-05-17 03:35:24','2023-05-17 03:35:24',NULL,NULL,'Niue',NULL,1,156),(467,'2023-05-17 03:35:24','2023-05-17 03:35:24',NULL,NULL,'Niue',NULL,2,156),(468,'2023-05-17 03:35:24','2023-05-17 03:35:24',NULL,NULL,'Niue',NULL,3,156),(469,'2023-05-17 03:35:24','2023-05-17 03:35:24',NULL,NULL,'Norfolk Island',NULL,1,157),(470,'2023-05-17 03:35:24','2023-05-17 03:35:24',NULL,NULL,'Île Norfolk',NULL,2,157),(471,'2023-05-17 03:35:24','2023-05-17 03:35:24',NULL,NULL,'Isla Norfolk',NULL,3,157),(472,'2023-05-17 03:35:24','2023-05-17 03:35:24',NULL,NULL,'Northern Mariana Islands',NULL,1,158),(473,'2023-05-17 03:35:24','2023-05-17 03:35:24',NULL,NULL,'Îles Mariannes du Nord',NULL,2,158),(474,'2023-05-17 03:35:24','2023-05-17 03:35:24',NULL,NULL,'Islas Marianas del Norte',NULL,3,158),(475,'2023-05-17 03:35:24','2023-05-17 03:35:24',NULL,NULL,'Norway',NULL,1,159),(476,'2023-05-17 03:35:24','2023-05-17 03:35:24',NULL,NULL,'Norvège',NULL,2,159),(477,'2023-05-17 03:35:24','2023-05-17 03:35:24',NULL,NULL,'Noruega',NULL,3,159),(478,'2023-05-17 03:35:24','2023-05-17 03:35:24',NULL,NULL,'Oman',NULL,1,160),(479,'2023-05-17 03:35:24','2023-05-17 03:35:24',NULL,NULL,'Oman',NULL,2,160),(480,'2023-05-17 03:35:24','2023-05-17 03:35:24',NULL,NULL,'Omán',NULL,3,160),(481,'2023-05-17 03:35:24','2023-05-17 03:35:24',NULL,NULL,'Pakistan',NULL,1,161),(482,'2023-05-17 03:35:24','2023-05-17 03:35:24',NULL,NULL,'Pakistan',NULL,2,161),(483,'2023-05-17 03:35:24','2023-05-17 03:35:24',NULL,NULL,'Pakistán',NULL,3,161),(484,'2023-05-17 03:35:24','2023-05-17 03:35:24',NULL,NULL,'Palau',NULL,1,162),(485,'2023-05-17 03:35:24','2023-05-17 03:35:24',NULL,NULL,'Palaos',NULL,2,162),(486,'2023-05-17 03:35:24','2023-05-17 03:35:24',NULL,NULL,'Palaos',NULL,3,162),(487,'2023-05-17 03:35:24','2023-05-17 03:35:24',NULL,NULL,'Palestinian Territories',NULL,1,163),(488,'2023-05-17 03:35:24','2023-05-17 03:35:24',NULL,NULL,'Territoires palestiniens',NULL,2,163),(489,'2023-05-17 03:35:25','2023-05-17 03:35:25',NULL,NULL,'Territorios Palestinos',NULL,3,163),(490,'2023-05-17 03:35:25','2023-05-17 03:35:25',NULL,NULL,'Panama',NULL,1,164),(491,'2023-05-17 03:35:25','2023-05-17 03:35:25',NULL,NULL,'Panama',NULL,2,164),(492,'2023-05-17 03:35:25','2023-05-17 03:35:25',NULL,NULL,'Panamá',NULL,3,164),(493,'2023-05-17 03:35:25','2023-05-17 03:35:25',NULL,NULL,'Papua New Guinea',NULL,1,165),(494,'2023-05-17 03:35:25','2023-05-17 03:35:25',NULL,NULL,'Papouasie-Nouvelle-Guinée',NULL,2,165),(495,'2023-05-17 03:35:25','2023-05-17 03:35:25',NULL,NULL,'Papúa Nueva Guinea',NULL,3,165),(496,'2023-05-17 03:35:25','2023-05-17 03:35:25',NULL,NULL,'Paraguay',NULL,1,166),(497,'2023-05-17 03:35:25','2023-05-17 03:35:25',NULL,NULL,'Paraguay',NULL,2,166),(498,'2023-05-17 03:35:25','2023-05-17 03:35:25',NULL,NULL,'Paraguay',NULL,3,166),(499,'2023-05-17 03:35:25','2023-05-17 03:35:25',NULL,NULL,'Peru',NULL,1,167),(500,'2023-05-17 03:35:25','2023-05-17 03:35:25',NULL,NULL,'Pérou',NULL,2,167),(501,'2023-05-17 03:35:25','2023-05-17 03:35:25',NULL,NULL,'Perú',NULL,3,167),(502,'2023-05-17 03:35:25','2023-05-17 03:35:25',NULL,NULL,'Philippines',NULL,1,168),(503,'2023-05-17 03:35:25','2023-05-17 03:35:25',NULL,NULL,'Philippines',NULL,2,168),(504,'2023-05-17 03:35:25','2023-05-17 03:35:25',NULL,NULL,'Filipinas',NULL,3,168),(505,'2023-05-17 03:35:25','2023-05-17 03:35:25',NULL,NULL,'Pitcairn Islands',NULL,1,169),(506,'2023-05-17 03:35:25','2023-05-17 03:35:25',NULL,NULL,'Îles Pitcairn',NULL,2,169),(507,'2023-05-17 03:35:25','2023-05-17 03:35:25',NULL,NULL,'Islas Pitcairn',NULL,3,169),(508,'2023-05-17 03:35:25','2023-05-17 03:35:25',NULL,NULL,'Poland',NULL,1,170),(509,'2023-05-17 03:35:25','2023-05-17 03:35:25',NULL,NULL,'Pologne',NULL,2,170),(510,'2023-05-17 03:35:25','2023-05-17 03:35:25',NULL,NULL,'Polonia',NULL,3,170),(511,'2023-05-17 03:35:25','2023-05-17 03:35:25',NULL,NULL,'Portugal',NULL,1,171),(512,'2023-05-17 03:35:25','2023-05-17 03:35:25',NULL,NULL,'Portugal',NULL,2,171),(513,'2023-05-17 03:35:25','2023-05-17 03:35:25',NULL,NULL,'Portugal',NULL,3,171),(514,'2023-05-17 03:35:25','2023-05-17 03:35:25',NULL,NULL,'Puerto Rico',NULL,1,172),(515,'2023-05-17 03:35:25','2023-05-17 03:35:25',NULL,NULL,'Porto Rico',NULL,2,172),(516,'2023-05-17 03:35:25','2023-05-17 03:35:25',NULL,NULL,'Puerto Rico',NULL,3,172),(517,'2023-05-17 03:35:25','2023-05-17 03:35:25',NULL,NULL,'Qatar',NULL,1,173),(518,'2023-05-17 03:35:25','2023-05-17 03:35:25',NULL,NULL,'Qatar',NULL,2,173),(519,'2023-05-17 03:35:25','2023-05-17 03:35:25',NULL,NULL,'Catar',NULL,3,173),(520,'2023-05-17 03:35:25','2023-05-17 03:35:25',NULL,NULL,'Réunion',NULL,1,174),(521,'2023-05-17 03:35:25','2023-05-17 03:35:25',NULL,NULL,'La Réunion',NULL,2,174),(522,'2023-05-17 03:35:25','2023-05-17 03:35:25',NULL,NULL,'Reunión',NULL,3,174),(523,'2023-05-17 03:35:25','2023-05-17 03:35:25',NULL,NULL,'Romania',NULL,1,175),(524,'2023-05-17 03:35:25','2023-05-17 03:35:25',NULL,NULL,'Roumanie',NULL,2,175),(525,'2023-05-17 03:35:25','2023-05-17 03:35:25',NULL,NULL,'Rumanía',NULL,3,175),(526,'2023-05-17 03:35:25','2023-05-17 03:35:25',NULL,NULL,'Russia',NULL,1,176),(527,'2023-05-17 03:35:25','2023-05-17 03:35:25',NULL,NULL,'Russie',NULL,2,176),(528,'2023-05-17 03:35:25','2023-05-17 03:35:25',NULL,NULL,'Rusia',NULL,3,176),(529,'2023-05-17 03:35:25','2023-05-17 03:35:25',NULL,NULL,'Rwanda',NULL,1,177),(530,'2023-05-17 03:35:25','2023-05-17 03:35:25',NULL,NULL,'Rwanda',NULL,2,177),(531,'2023-05-17 03:35:25','2023-05-17 03:35:25',NULL,NULL,'Ruanda',NULL,3,177),(532,'2023-05-17 03:35:25','2023-05-17 03:35:25',NULL,NULL,'St. Helena',NULL,1,178),(533,'2023-05-17 03:35:25','2023-05-17 03:35:25',NULL,NULL,'Sainte-Hélène',NULL,2,178),(534,'2023-05-17 03:35:25','2023-05-17 03:35:25',NULL,NULL,'Santa Elena',NULL,3,178),(535,'2023-05-17 03:35:25','2023-05-17 03:35:25',NULL,NULL,'St. Kitts & Nevis',NULL,1,179),(536,'2023-05-17 03:35:25','2023-05-17 03:35:25',NULL,NULL,'Saint-Christophe-et-Niévès',NULL,2,179),(537,'2023-05-17 03:35:25','2023-05-17 03:35:25',NULL,NULL,'San Cristóbal y Nieves',NULL,3,179),(538,'2023-05-17 03:35:25','2023-05-17 03:35:25',NULL,NULL,'St. Lucia',NULL,1,180),(539,'2023-05-17 03:35:25','2023-05-17 03:35:25',NULL,NULL,'Sainte-Lucie',NULL,2,180),(540,'2023-05-17 03:35:25','2023-05-17 03:35:25',NULL,NULL,'Santa Lucía',NULL,3,180),(541,'2023-05-17 03:35:25','2023-05-17 03:35:25',NULL,NULL,'St. Pierre & Miquelon',NULL,1,181),(542,'2023-05-17 03:35:25','2023-05-17 03:35:25',NULL,NULL,'Saint-Pierre-et-Miquelon',NULL,2,181),(543,'2023-05-17 03:35:25','2023-05-17 03:35:25',NULL,NULL,'San Pedro y Miquelón',NULL,3,181),(544,'2023-05-17 03:35:25','2023-05-17 03:35:25',NULL,NULL,'St. Vincent & Grenadines',NULL,1,182),(545,'2023-05-17 03:35:25','2023-05-17 03:35:25',NULL,NULL,'Saint-Vincent-et-les Grenadines',NULL,2,182),(546,'2023-05-17 03:35:25','2023-05-17 03:35:25',NULL,NULL,'San Vicente y las Granadinas',NULL,3,182),(547,'2023-05-17 03:35:25','2023-05-17 03:35:25',NULL,NULL,'Samoa',NULL,1,183),(548,'2023-05-17 03:35:25','2023-05-17 03:35:25',NULL,NULL,'Samoa',NULL,2,183),(549,'2023-05-17 03:35:25','2023-05-17 03:35:25',NULL,NULL,'Samoa',NULL,3,183),(550,'2023-05-17 03:35:25','2023-05-17 03:35:25',NULL,NULL,'San Marino',NULL,1,184),(551,'2023-05-17 03:35:25','2023-05-17 03:35:25',NULL,NULL,'Saint-Marin',NULL,2,184),(552,'2023-05-17 03:35:25','2023-05-17 03:35:25',NULL,NULL,'San Marino',NULL,3,184),(553,'2023-05-17 03:35:25','2023-05-17 03:35:25',NULL,NULL,'São Tomé & Príncipe',NULL,1,185),(554,'2023-05-17 03:35:25','2023-05-17 03:35:25',NULL,NULL,'Sao Tomé-et-Principe',NULL,2,185),(555,'2023-05-17 03:35:25','2023-05-17 03:35:25',NULL,NULL,'Santo Tomé y Príncipe',NULL,3,185),(556,'2023-05-17 03:35:25','2023-05-17 03:35:25',NULL,NULL,'Saudi Arabia',NULL,1,186),(557,'2023-05-17 03:35:25','2023-05-17 03:35:25',NULL,NULL,'Arabie saoudite',NULL,2,186),(558,'2023-05-17 03:35:25','2023-05-17 03:35:25',NULL,NULL,'Arabia Saudí',NULL,3,186),(559,'2023-05-17 03:35:25','2023-05-17 03:35:25',NULL,NULL,'Senegal',NULL,1,187),(560,'2023-05-17 03:35:25','2023-05-17 03:35:25',NULL,NULL,'Sénégal',NULL,2,187),(561,'2023-05-17 03:35:25','2023-05-17 03:35:25',NULL,NULL,'Senegal',NULL,3,187),(562,'2023-05-17 03:35:25','2023-05-17 03:35:25',NULL,NULL,'Serbia',NULL,1,188),(563,'2023-05-17 03:35:26','2023-05-17 03:35:26',NULL,NULL,'Serbie',NULL,2,188),(564,'2023-05-17 03:35:26','2023-05-17 03:35:26',NULL,NULL,'Serbia',NULL,3,188),(565,'2023-05-17 03:35:26','2023-05-17 03:35:26',NULL,NULL,'Seychelles',NULL,1,189),(566,'2023-05-17 03:35:26','2023-05-17 03:35:26',NULL,NULL,'Seychelles',NULL,2,189),(567,'2023-05-17 03:35:26','2023-05-17 03:35:26',NULL,NULL,'Seychelles',NULL,3,189),(568,'2023-05-17 03:35:26','2023-05-17 03:35:26',NULL,NULL,'Sierra Leone',NULL,1,190),(569,'2023-05-17 03:35:26','2023-05-17 03:35:26',NULL,NULL,'Sierra Leone',NULL,2,190),(570,'2023-05-17 03:35:26','2023-05-17 03:35:26',NULL,NULL,'Sierra Leona',NULL,3,190),(571,'2023-05-17 03:35:26','2023-05-17 03:35:26',NULL,NULL,'Singapore',NULL,1,191),(572,'2023-05-17 03:35:26','2023-05-17 03:35:26',NULL,NULL,'Singapour',NULL,2,191),(573,'2023-05-17 03:35:26','2023-05-17 03:35:26',NULL,NULL,'Singapur',NULL,3,191),(574,'2023-05-17 03:35:26','2023-05-17 03:35:26',NULL,NULL,'Slovakia',NULL,1,192),(575,'2023-05-17 03:35:26','2023-05-17 03:35:26',NULL,NULL,'Slovaquie',NULL,2,192),(576,'2023-05-17 03:35:26','2023-05-17 03:35:26',NULL,NULL,'Eslovaquia',NULL,3,192),(577,'2023-05-17 03:35:26','2023-05-17 03:35:26',NULL,NULL,'Slovenia',NULL,1,193),(578,'2023-05-17 03:35:26','2023-05-17 03:35:26',NULL,NULL,'Slovénie',NULL,2,193),(579,'2023-05-17 03:35:26','2023-05-17 03:35:26',NULL,NULL,'Eslovenia',NULL,3,193),(580,'2023-05-17 03:35:26','2023-05-17 03:35:26',NULL,NULL,'Solomon Islands',NULL,1,194),(581,'2023-05-17 03:35:26','2023-05-17 03:35:26',NULL,NULL,'Îles Salomon',NULL,2,194),(582,'2023-05-17 03:35:26','2023-05-17 03:35:26',NULL,NULL,'Islas Salomón',NULL,3,194),(583,'2023-05-17 03:35:26','2023-05-17 03:35:26',NULL,NULL,'Somalia',NULL,1,195),(584,'2023-05-17 03:35:26','2023-05-17 03:35:26',NULL,NULL,'Somalie',NULL,2,195),(585,'2023-05-17 03:35:26','2023-05-17 03:35:26',NULL,NULL,'Somalia',NULL,3,195),(586,'2023-05-17 03:35:26','2023-05-17 03:35:26',NULL,NULL,'South Africa',NULL,1,196),(587,'2023-05-17 03:35:26','2023-05-17 03:35:26',NULL,NULL,'Afrique du Sud',NULL,2,196),(588,'2023-05-17 03:35:26','2023-05-17 03:35:26',NULL,NULL,'Sudáfrica',NULL,3,196),(589,'2023-05-17 03:35:26','2023-05-17 03:35:26',NULL,NULL,'Spain',NULL,1,197),(590,'2023-05-17 03:35:26','2023-05-17 03:35:26',NULL,NULL,'Espagne',NULL,2,197),(591,'2023-05-17 03:35:26','2023-05-17 03:35:26',NULL,NULL,'España',NULL,3,197),(592,'2023-05-17 03:35:26','2023-05-17 03:35:26',NULL,NULL,'Sri Lanka',NULL,1,198),(593,'2023-05-17 03:35:26','2023-05-17 03:35:26',NULL,NULL,'Sri Lanka',NULL,2,198),(594,'2023-05-17 03:35:26','2023-05-17 03:35:26',NULL,NULL,'Sri Lanka',NULL,3,198),(595,'2023-05-17 03:35:26','2023-05-17 03:35:26',NULL,NULL,'Sudan',NULL,1,199),(596,'2023-05-17 03:35:26','2023-05-17 03:35:26',NULL,NULL,'Soudan',NULL,2,199),(597,'2023-05-17 03:35:26','2023-05-17 03:35:26',NULL,NULL,'Sudán',NULL,3,199),(598,'2023-05-17 03:35:26','2023-05-17 03:35:26',NULL,NULL,'Suriname',NULL,1,200),(599,'2023-05-17 03:35:26','2023-05-17 03:35:26',NULL,NULL,'Suriname',NULL,2,200),(600,'2023-05-17 03:35:26','2023-05-17 03:35:26',NULL,NULL,'Surinam',NULL,3,200),(601,'2023-05-17 03:35:26','2023-05-17 03:35:26',NULL,NULL,'Svalbard & Jan Mayen',NULL,1,201),(602,'2023-05-17 03:35:26','2023-05-17 03:35:26',NULL,NULL,'Svalbard et Jan Mayen',NULL,2,201),(603,'2023-05-17 03:35:26','2023-05-17 03:35:26',NULL,NULL,'Svalbard y Jan Mayen',NULL,3,201),(604,'2023-05-17 03:35:26','2023-05-17 03:35:26',NULL,NULL,'Eswatini',NULL,1,202),(605,'2023-05-17 03:35:26','2023-05-17 03:35:26',NULL,NULL,'Eswatini',NULL,2,202),(606,'2023-05-17 03:35:26','2023-05-17 03:35:26',NULL,NULL,'Esuatini',NULL,3,202),(607,'2023-05-17 03:35:26','2023-05-17 03:35:26',NULL,NULL,'Sweden',NULL,1,203),(608,'2023-05-17 03:35:26','2023-05-17 03:35:26',NULL,NULL,'Suède',NULL,2,203),(609,'2023-05-17 03:35:26','2023-05-17 03:35:26',NULL,NULL,'Suecia',NULL,3,203),(610,'2023-05-17 03:35:26','2023-05-17 03:35:26',NULL,NULL,'Switzerland',NULL,1,204),(611,'2023-05-17 03:35:26','2023-05-17 03:35:26',NULL,NULL,'Suisse',NULL,2,204),(612,'2023-05-17 03:35:26','2023-05-17 03:35:26',NULL,NULL,'Suiza',NULL,3,204),(613,'2023-05-17 03:35:26','2023-05-17 03:35:26',NULL,NULL,'Syria',NULL,1,205),(614,'2023-05-17 03:35:26','2023-05-17 03:35:26',NULL,NULL,'Syrie',NULL,2,205),(615,'2023-05-17 03:35:26','2023-05-17 03:35:26',NULL,NULL,'Siria',NULL,3,205),(616,'2023-05-17 03:35:26','2023-05-17 03:35:26',NULL,NULL,'Taiwan',NULL,1,206),(617,'2023-05-17 03:35:26','2023-05-17 03:35:26',NULL,NULL,'Taïwan',NULL,2,206),(618,'2023-05-17 03:35:26','2023-05-17 03:35:26',NULL,NULL,'Taiwán',NULL,3,206),(619,'2023-05-17 03:35:26','2023-05-17 03:35:26',NULL,NULL,'Tajikistan',NULL,1,207),(620,'2023-05-17 03:35:26','2023-05-17 03:35:26',NULL,NULL,'Tadjikistan',NULL,2,207),(621,'2023-05-17 03:35:26','2023-05-17 03:35:26',NULL,NULL,'Tayikistán',NULL,3,207),(622,'2023-05-17 03:35:26','2023-05-17 03:35:26',NULL,NULL,'Tanzania',NULL,1,208),(623,'2023-05-17 03:35:26','2023-05-17 03:35:26',NULL,NULL,'Tanzanie',NULL,2,208),(624,'2023-05-17 03:35:26','2023-05-17 03:35:26',NULL,NULL,'Tanzania',NULL,3,208),(625,'2023-05-17 03:35:26','2023-05-17 03:35:26',NULL,NULL,'Thailand',NULL,1,209),(626,'2023-05-17 03:35:26','2023-05-17 03:35:26',NULL,NULL,'Thaïlande',NULL,2,209),(627,'2023-05-17 03:35:26','2023-05-17 03:35:26',NULL,NULL,'Tailandia',NULL,3,209),(628,'2023-05-17 03:35:26','2023-05-17 03:35:26',NULL,NULL,'Timor-Leste',NULL,1,210),(629,'2023-05-17 03:35:26','2023-05-17 03:35:26',NULL,NULL,'Timor oriental',NULL,2,210),(630,'2023-05-17 03:35:26','2023-05-17 03:35:26',NULL,NULL,'Timor-Leste',NULL,3,210),(631,'2023-05-17 03:35:26','2023-05-17 03:35:26',NULL,NULL,'Togo',NULL,1,211),(632,'2023-05-17 03:35:26','2023-05-17 03:35:26',NULL,NULL,'Togo',NULL,2,211),(633,'2023-05-17 03:35:26','2023-05-17 03:35:26',NULL,NULL,'Togo',NULL,3,211),(634,'2023-05-17 03:35:26','2023-05-17 03:35:26',NULL,NULL,'Tokelau',NULL,1,212),(635,'2023-05-17 03:35:26','2023-05-17 03:35:26',NULL,NULL,'Tokelau',NULL,2,212),(636,'2023-05-17 03:35:26','2023-05-17 03:35:26',NULL,NULL,'Tokelau',NULL,3,212),(637,'2023-05-17 03:35:26','2023-05-17 03:35:26',NULL,NULL,'Tonga',NULL,1,213),(638,'2023-05-17 03:35:26','2023-05-17 03:35:26',NULL,NULL,'Tonga',NULL,2,213),(639,'2023-05-17 03:35:26','2023-05-17 03:35:26',NULL,NULL,'Tonga',NULL,3,213),(640,'2023-05-17 03:35:26','2023-05-17 03:35:26',NULL,NULL,'Trinidad & Tobago',NULL,1,214),(641,'2023-05-17 03:35:26','2023-05-17 03:35:26',NULL,NULL,'Trinité-et-Tobago',NULL,2,214),(642,'2023-05-17 03:35:26','2023-05-17 03:35:26',NULL,NULL,'Trinidad y Tobago',NULL,3,214),(643,'2023-05-17 03:35:27','2023-05-17 03:35:27',NULL,NULL,'Tunisia',NULL,1,215),(644,'2023-05-17 03:35:27','2023-05-17 03:35:27',NULL,NULL,'Tunisie',NULL,2,215),(645,'2023-05-17 03:35:27','2023-05-17 03:35:27',NULL,NULL,'Túnez',NULL,3,215),(646,'2023-05-17 03:35:27','2023-05-17 03:35:27',NULL,NULL,'Turkey',NULL,1,216),(647,'2023-05-17 03:35:27','2023-05-17 03:35:27',NULL,NULL,'Turquie',NULL,2,216),(648,'2023-05-17 03:35:27','2023-05-17 03:35:27',NULL,NULL,'Turquía',NULL,3,216),(649,'2023-05-17 03:35:27','2023-05-17 03:35:27',NULL,NULL,'Turkmenistan',NULL,1,217),(650,'2023-05-17 03:35:27','2023-05-17 03:35:27',NULL,NULL,'Turkménistan',NULL,2,217),(651,'2023-05-17 03:35:27','2023-05-17 03:35:27',NULL,NULL,'Turkmenistán',NULL,3,217),(652,'2023-05-17 03:35:27','2023-05-17 03:35:27',NULL,NULL,'Turks & Caicos Islands',NULL,1,218),(653,'2023-05-17 03:35:27','2023-05-17 03:35:27',NULL,NULL,'Îles Turques-et-Caïques',NULL,2,218),(654,'2023-05-17 03:35:27','2023-05-17 03:35:27',NULL,NULL,'Islas Turcas y Caicos',NULL,3,218),(655,'2023-05-17 03:35:27','2023-05-17 03:35:27',NULL,NULL,'Tuvalu',NULL,1,219),(656,'2023-05-17 03:35:27','2023-05-17 03:35:27',NULL,NULL,'Tuvalu',NULL,2,219),(657,'2023-05-17 03:35:27','2023-05-17 03:35:27',NULL,NULL,'Tuvalu',NULL,3,219),(658,'2023-05-17 03:35:27','2023-05-17 03:35:27',NULL,NULL,'Uganda',NULL,1,220),(659,'2023-05-17 03:35:27','2023-05-17 03:35:27',NULL,NULL,'Ouganda',NULL,2,220),(660,'2023-05-17 03:35:27','2023-05-17 03:35:27',NULL,NULL,'Uganda',NULL,3,220),(661,'2023-05-17 03:35:27','2023-05-17 03:35:27',NULL,NULL,'Ukraine',NULL,1,221),(662,'2023-05-17 03:35:27','2023-05-17 03:35:27',NULL,NULL,'Ukraine',NULL,2,221),(663,'2023-05-17 03:35:27','2023-05-17 03:35:27',NULL,NULL,'Ucrania',NULL,3,221),(664,'2023-05-17 03:35:27','2023-05-17 03:35:27',NULL,NULL,'United Arab Emirates',NULL,1,222),(665,'2023-05-17 03:35:27','2023-05-17 03:35:27',NULL,NULL,'Émirats arabes unis',NULL,2,222),(666,'2023-05-17 03:35:27','2023-05-17 03:35:27',NULL,NULL,'Emiratos Árabes Unidos',NULL,3,222),(667,'2023-05-17 03:35:27','2023-05-17 03:35:27',NULL,NULL,'United Kingdom',NULL,1,223),(668,'2023-05-17 03:35:27','2023-05-17 03:35:27',NULL,NULL,'Royaume-Uni',NULL,2,223),(669,'2023-05-17 03:35:27','2023-05-17 03:35:27',NULL,NULL,'Reino Unido',NULL,3,223),(670,'2023-05-17 03:35:27','2023-05-17 03:35:27',NULL,NULL,'United States',NULL,1,224),(671,'2023-05-17 03:35:27','2023-05-17 03:35:27',NULL,NULL,'États-Unis',NULL,2,224),(672,'2023-05-17 03:35:27','2023-05-17 03:35:27',NULL,NULL,'Estados Unidos',NULL,3,224),(673,'2023-05-17 03:35:27','2023-05-17 03:35:27',NULL,NULL,'U.S. Outlying Islands',NULL,1,225),(674,'2023-05-17 03:35:27','2023-05-17 03:35:27',NULL,NULL,'Îles mineures éloignées des États-Unis',NULL,2,225),(675,'2023-05-17 03:35:27','2023-05-17 03:35:27',NULL,NULL,'Islas menores alejadas de EE. UU.',NULL,3,225),(676,'2023-05-17 03:35:27','2023-05-17 03:35:27',NULL,NULL,'Uruguay',NULL,1,226),(677,'2023-05-17 03:35:27','2023-05-17 03:35:27',NULL,NULL,'Uruguay',NULL,2,226),(678,'2023-05-17 03:35:27','2023-05-17 03:35:27',NULL,NULL,'Uruguay',NULL,3,226),(679,'2023-05-17 03:35:27','2023-05-17 03:35:27',NULL,NULL,'Uzbekistan',NULL,1,227),(680,'2023-05-17 03:35:27','2023-05-17 03:35:27',NULL,NULL,'Ouzbékistan',NULL,2,227),(681,'2023-05-17 03:35:27','2023-05-17 03:35:27',NULL,NULL,'Uzbekistán',NULL,3,227),(682,'2023-05-17 03:35:27','2023-05-17 03:35:27',NULL,NULL,'Vanuatu',NULL,1,228),(683,'2023-05-17 03:35:27','2023-05-17 03:35:27',NULL,NULL,'Vanuatu',NULL,2,228),(684,'2023-05-17 03:35:27','2023-05-17 03:35:27',NULL,NULL,'Vanuatu',NULL,3,228),(685,'2023-05-17 03:35:27','2023-05-17 03:35:27',NULL,NULL,'Venezuela',NULL,1,229),(686,'2023-05-17 03:35:27','2023-05-17 03:35:27',NULL,NULL,'Venezuela',NULL,2,229),(687,'2023-05-17 03:35:27','2023-05-17 03:35:27',NULL,NULL,'Venezuela',NULL,3,229),(688,'2023-05-17 03:35:27','2023-05-17 03:35:27',NULL,NULL,'Vietnam',NULL,1,230),(689,'2023-05-17 03:35:27','2023-05-17 03:35:27',NULL,NULL,'Viêt Nam',NULL,2,230),(690,'2023-05-17 03:35:27','2023-05-17 03:35:27',NULL,NULL,'Vietnam',NULL,3,230),(691,'2023-05-17 03:35:27','2023-05-17 03:35:27',NULL,NULL,'British Virgin Islands',NULL,1,231),(692,'2023-05-17 03:35:27','2023-05-17 03:35:27',NULL,NULL,'Îles Vierges britanniques',NULL,2,231),(693,'2023-05-17 03:35:27','2023-05-17 03:35:27',NULL,NULL,'Islas Vírgenes Británicas',NULL,3,231),(694,'2023-05-17 03:35:27','2023-05-17 03:35:27',NULL,NULL,'U.S. Virgin Islands',NULL,1,232),(695,'2023-05-17 03:35:27','2023-05-17 03:35:27',NULL,NULL,'Îles Vierges des États-Unis',NULL,2,232),(696,'2023-05-17 03:35:27','2023-05-17 03:35:27',NULL,NULL,'Islas Vírgenes de EE. UU.',NULL,3,232),(697,'2023-05-17 03:35:27','2023-05-17 03:35:27',NULL,NULL,'Wallis & Futuna',NULL,1,233),(698,'2023-05-17 03:35:27','2023-05-17 03:35:27',NULL,NULL,'Wallis-et-Futuna',NULL,2,233),(699,'2023-05-17 03:35:27','2023-05-17 03:35:27',NULL,NULL,'Wallis y Futuna',NULL,3,233),(700,'2023-05-17 03:35:27','2023-05-17 03:35:27',NULL,NULL,'Western Sahara',NULL,1,234),(701,'2023-05-17 03:35:27','2023-05-17 03:35:27',NULL,NULL,'Sahara occidental',NULL,2,234),(702,'2023-05-17 03:35:27','2023-05-17 03:35:27',NULL,NULL,'Sáhara Occidental',NULL,3,234),(703,'2023-05-17 03:35:27','2023-05-17 03:35:27',NULL,NULL,'Yemen',NULL,1,235),(704,'2023-05-17 03:35:27','2023-05-17 03:35:27',NULL,NULL,'Yémen',NULL,2,235),(705,'2023-05-17 03:35:27','2023-05-17 03:35:27',NULL,NULL,'Yemen',NULL,3,235),(706,'2023-05-17 03:35:27','2023-05-17 03:35:27',NULL,NULL,'Zambia',NULL,1,236),(707,'2023-05-17 03:35:27','2023-05-17 03:35:27',NULL,NULL,'Zambie',NULL,2,236),(708,'2023-05-17 03:35:27','2023-05-17 03:35:27',NULL,NULL,'Zambia',NULL,3,236),(709,'2023-05-17 03:35:27','2023-05-17 03:35:27',NULL,NULL,'Zimbabwe',NULL,1,237),(710,'2023-05-17 03:35:27','2023-05-17 03:35:27',NULL,NULL,'Zimbabwe',NULL,2,237),(711,'2023-05-17 03:35:27','2023-05-17 03:35:27',NULL,NULL,'Zimbabue',NULL,3,237);
/*!40000 ALTER TABLE `country_description` ENABLE KEYS */;
UNLOCK TABLES;

--
-- Table structure for table `currency`
--

DROP TABLE IF EXISTS `currency`;
/*!40101 SET @saved_cs_client     = @@character_set_client */;
/*!50503 SET character_set_client = utf8mb4 */;
CREATE TABLE `currency` (
  `CURRENCY_ID` bigint NOT NULL,
  `CURRENCY_CODE` varchar(255) COLLATE utf8mb3_unicode_ci DEFAULT NULL,
  `CURRENCY_CURRENCY_CODE` varchar(255) COLLATE utf8mb3_unicode_ci NOT NULL,
  `CURRENCY_NAME` varchar(255) COLLATE utf8mb3_unicode_ci DEFAULT NULL,
  `CURRENCY_SUPPORTED` bit(1) DEFAULT NULL,
  PRIMARY KEY (`CURRENCY_ID`),
  UNIQUE KEY `UK_m7ku15ekud52vp67ry73a36te` (`CURRENCY_CURRENCY_CODE`),
  UNIQUE KEY `UK_1ubr7n96hjajamtggqp090a4x` (`CURRENCY_CODE`),
  UNIQUE KEY `UK_7r1k69cbk5giewqr5c9r4v6f` (`CURRENCY_NAME`)
) ENGINE=InnoDB DEFAULT CHARSET=utf8mb3 COLLATE=utf8mb3_unicode_ci;
/*!40101 SET character_set_client = @saved_cs_client */;

--
-- Dumping data for table `currency`
--

LOCK TABLES `currency` WRITE;
/*!40000 ALTER TABLE `currency` DISABLE KEYS */;
INSERT INTO `currency` VALUES (1,'FJD','FJD','FJD',_binary ''),(2,'MXN','MXN','MXN',_binary ''),(3,'STD','STD','STD',_binary ''),(4,'LVL','LVL','LVL',_binary ''),(5,'SCR','SCR','SCR',_binary ''),(6,'CDF','CDF','CDF',_binary ''),(7,'BBD','BBD','BBD',_binary ''),(8,'GTQ','GTQ','GTQ',_binary ''),(9,'CLP','CLP','CLP',_binary ''),(10,'HNL','HNL','HNL',_binary ''),(11,'UGX','UGX','UGX',_binary ''),(12,'ZAR','ZAR','ZAR',_binary ''),(13,'MXV','MXV','MXV',_binary ''),(14,'TND','TND','TND',_binary ''),(15,'BSD','BSD','BSD',_binary ''),(16,'SLL','SLL','SLL',_binary ''),(17,'SDG','SDG','SDG',_binary ''),(18,'IQD','IQD','IQD',_binary ''),(19,'CUP','CUP','CUP',_binary ''),(20,'GMD','GMD','GMD',_binary ''),(21,'TWD','TWD','TWD',_binary ''),(22,'RSD','RSD','RSD',_binary ''),(23,'DOP','DOP','DOP',_binary ''),(24,'KMF','KMF','KMF',_binary ''),(25,'MYR','MYR','MYR',_binary ''),(26,'FKP','FKP','FKP',_binary ''),(27,'XOF','XOF','XOF',_binary ''),(28,'GEL','GEL','GEL',_binary ''),(29,'UYU','UYU','UYU',_binary ''),(30,'MAD','MAD','MAD',_binary ''),(31,'CVE','CVE','CVE',_binary ''),(32,'AZN','AZN','AZN',_binary ''),(33,'OMR','OMR','OMR',_binary ''),(34,'PGK','PGK','PGK',_binary ''),(35,'KES','KES','KES',_binary ''),(36,'SEK','SEK','SEK',_binary ''),(37,'BTN','BTN','BTN',_binary ''),(38,'UAH','UAH','UAH',_binary ''),(39,'GNF','GNF','GNF',_binary ''),(40,'ERN','ERN','ERN',_binary ''),(41,'MZN','MZN','MZN',_binary ''),(42,'SVC','SVC','SVC',_binary ''),(43,'ARS','ARS','ARS',_binary ''),(44,'QAR','QAR','QAR',_binary ''),(45,'IRR','IRR','IRR',_binary ''),(46,'MRO','MRO','MRO',_binary ''),(47,'CNY','CNY','CNY',_binary ''),(48,'XPF','XPF','XPF',_binary ''),(49,'THB','THB','THB',_binary ''),(50,'UZS','UZS','UZS',_binary ''),(51,'BDT','BDT','BDT',_binary ''),(52,'LYD','LYD','LYD',_binary ''),(53,'BMD','BMD','BMD',_binary ''),(54,'KWD','KWD','KWD',_binary ''),(55,'PHP','PHP','PHP',_binary ''),(56,'RUB','RUB','RUB',_binary ''),(57,'PYG','PYG','PYG',_binary ''),(58,'ISK','ISK','ISK',_binary ''),(59,'JMD','JMD','JMD',_binary ''),(60,'COP','COP','COP',_binary ''),(61,'USD','USD','USD',_binary ''),(62,'MKD','MKD','MKD',_binary ''),(63,'DZD','DZD','DZD',_binary ''),(64,'PAB','PAB','PAB',_binary ''),(65,'SGD','SGD','SGD',_binary ''),(66,'ETB','ETB','ETB',_binary ''),(67,'KGS','KGS','KGS',_binary ''),(68,'SOS','SOS','SOS',_binary ''),(69,'VUV','VUV','VUV',_binary ''),(70,'VEF','VEF','VEF',_binary ''),(71,'LAK','LAK','LAK',_binary ''),(72,'BND','BND','BND',_binary ''),(73,'ZMK','ZMK','ZMK',_binary ''),(74,'XAF','XAF','XAF',_binary ''),(75,'LRD','LRD','LRD',_binary ''),(76,'HRK','HRK','HRK',_binary ''),(77,'CHF','CHF','CHF',_binary ''),(78,'ALL','ALL','ALL',_binary ''),(79,'DJF','DJF','DJF',_binary ''),(80,'TZS','TZS','TZS',_binary ''),(81,'VND','VND','VND',_binary ''),(82,'AUD','AUD','AUD',_binary ''),(83,'ILS','ILS','ILS',_binary ''),(84,'GHS','GHS','GHS',_binary ''),(85,'GYD','GYD','GYD',_binary ''),(86,'KPW','KPW','KPW',_binary ''),(87,'BOB','BOB','BOB',_binary ''),(88,'KHR','KHR','KHR',_binary ''),(89,'MDL','MDL','MDL',_binary ''),(90,'IDR','IDR','IDR',_binary ''),(91,'KYD','KYD','KYD',_binary ''),(92,'AMD','AMD','AMD',_binary ''),(93,'BWP','BWP','BWP',_binary ''),(94,'SHP','SHP','SHP',_binary ''),(95,'TRY','TRY','TRY',_binary ''),(96,'LBP','LBP','LBP',_binary ''),(97,'TJS','TJS','TJS',_binary ''),(98,'JOD','JOD','JOD',_binary ''),(99,'HKD','HKD','HKD',_binary ''),(100,'RWF','RWF','RWF',_binary ''),(101,'AED','AED','AED',_binary ''),(102,'EUR','EUR','EUR',_binary ''),(103,'LSL','LSL','LSL',_binary ''),(104,'DKK','DKK','DKK',_binary ''),(105,'CAD','CAD','CAD',_binary ''),(106,'BOV','BOV','BOV',_binary ''),(107,'BGN','BGN','BGN',_binary ''),(108,'MMK','MMK','MMK',_binary ''),(109,'NOK','NOK','NOK',_binary ''),(110,'MUR','MUR','MUR',_binary ''),(111,'SYP','SYP','SYP',_binary ''),(112,'GIP','GIP','GIP',_binary ''),(113,'RON','RON','RON',_binary ''),(114,'LKR','LKR','LKR',_binary ''),(115,'NGN','NGN','NGN',_binary ''),(116,'CRC','CRC','CRC',_binary ''),(117,'CZK','CZK','CZK',_binary ''),(118,'PKR','PKR','PKR',_binary ''),(119,'XCD','XCD','XCD',_binary ''),(120,'ANG','ANG','ANG',_binary ''),(121,'HTG','HTG','HTG',_binary ''),(122,'BHD','BHD','BHD',_binary ''),(123,'KZT','KZT','KZT',_binary ''),(124,'SRD','SRD','SRD',_binary ''),(125,'SZL','SZL','SZL',_binary ''),(126,'LTL','LTL','LTL',_binary ''),(127,'SAR','SAR','SAR',_binary ''),(128,'TTD','TTD','TTD',_binary ''),(129,'YER','YER','YER',_binary ''),(130,'MVR','MVR','MVR',_binary ''),(131,'AFN','AFN','AFN',_binary ''),(132,'INR','INR','INR',_binary ''),(133,'AWG','AWG','AWG',_binary ''),(134,'KRW','KRW','KRW',_binary ''),(135,'NPR','NPR','NPR',_binary ''),(136,'JPY','JPY','JPY',_binary ''),(137,'MNT','MNT','MNT',_binary ''),(138,'AOA','AOA','AOA',_binary ''),(139,'PLN','PLN','PLN',_binary ''),(140,'GBP','GBP','GBP',_binary ''),(141,'SBD','SBD','SBD',_binary ''),(142,'HUF','HUF','HUF',_binary ''),(143,'BYR','BYR','BYR',_binary ''),(144,'BIF','BIF','BIF',_binary ''),(145,'MWK','MWK','MWK',_binary ''),(146,'MGA','MGA','MGA',_binary ''),(147,'XDR','XDR','XDR',_binary ''),(148,'BZD','BZD','BZD',_binary ''),(149,'BAM','BAM','BAM',_binary ''),(150,'EGP','EGP','EGP',_binary ''),(151,'MOP','MOP','MOP',_binary ''),(152,'NAD','NAD','NAD',_binary ''),(153,'NIO','NIO','NIO',_binary ''),(154,'PEN','PEN','PEN',_binary ''),(155,'NZD','NZD','NZD',_binary ''),(156,'WST','WST','WST',_binary ''),(157,'CLF','CLF','CLF',_binary ''),(158,'BRL','BRL','BRL',_binary '');
/*!40000 ALTER TABLE `currency` ENABLE KEYS */;
UNLOCK TABLES;

--
-- Table structure for table `customer`
--

DROP TABLE IF EXISTS `customer`;
/*!40101 SET @saved_cs_client     = @@character_set_client */;
/*!50503 SET character_set_client = utf8mb4 */;
CREATE TABLE `customer` (
  `CUSTOMER_ID` bigint NOT NULL,
  `CUSTOMER_ANONYMOUS` bit(1) DEFAULT NULL,
  `DATE_CREATED` datetime DEFAULT NULL,
  `DATE_MODIFIED` datetime DEFAULT NULL,
  `UPDT_ID` varchar(60) COLLATE utf8mb3_unicode_ci DEFAULT NULL,
  `CUSTOMER_COMPANY` varchar(100) COLLATE utf8mb3_unicode_ci DEFAULT NULL,
  `RESET_CREDENTIALS_REQ` varchar(256) COLLATE utf8mb3_unicode_ci DEFAULT NULL,
  `RESET_CREDENTIALS_EXP` date DEFAULT NULL,
  `REVIEW_AVG` decimal(19,2) DEFAULT NULL,
  `REVIEW_COUNT` int DEFAULT NULL,
  `CUSTOMER_DOB` datetime DEFAULT NULL,
  `CUSTOMER_EMAIL_ADDRESS` varchar(96) COLLATE utf8mb3_unicode_ci NOT NULL,
  `FIRST_NAME` varchar(255) COLLATE utf8mb3_unicode_ci DEFAULT NULL,
  `CUSTOMER_GENDER` varchar(1) COLLATE utf8mb3_unicode_ci DEFAULT NULL,
  `LAST_NAME` varchar(255) COLLATE utf8mb3_unicode_ci DEFAULT NULL,
  `CUSTOMER_NICK` varchar(96) COLLATE utf8mb3_unicode_ci DEFAULT NULL,
  `CUSTOMER_PASSWORD` varchar(60) COLLATE utf8mb3_unicode_ci DEFAULT NULL,
  `PROVIDER` varchar(255) COLLATE utf8mb3_unicode_ci DEFAULT NULL,
  `PHONE_NUMBER` varchar(255) COLLATE utf8mb3_unicode_ci DEFAULT NULL,
  `avatar` longblob,
  PRIMARY KEY (`CUSTOMER_ID`),
  UNIQUE KEY `UK1nbk11jltesa5kihmrcai0v7y` (`CUSTOMER_NICK`)
) ENGINE=InnoDB DEFAULT CHARSET=utf8mb3 COLLATE=utf8mb3_unicode_ci;
/*!40101 SET character_set_client = @saved_cs_client */;

--
-- Dumping data for table `customer`
--

LOCK TABLES `customer` WRITE;
/*!40000 ALTER TABLE `customer` DISABLE KEYS */;
INSERT INTO `customer` VALUES (150,_binary '\0',NULL,'2023-06-02 06:35:57',NULL,NULL,NULL,NULL,NULL,NULL,NULL,'nd1long@gmail.com','LONG','M','LONG','nd1long@gmail.com','$2a$10$PZkJvjw3MeS3yPCEpG0N1ev2.vHfV67sYi8UGiQ3NOAQAbnJDvt.u',NULL,NULL,NULL),(200,_binary '\0',NULL,'2023-06-04 11:13:44',NULL,NULL,NULL,NULL,NULL,NULL,NULL,'ndlong28@gmail.com','Long',NULL,'Nguyen Duy','ndlong28@gmail.com','$2a$10$vf19FUZolHFtX1V.81FPgOjXauxSDVeBRwH795gTjQ61INyPS4Kn.',NULL,NULL,NULL),(250,_binary '\0',NULL,'2023-06-04 21:56:10',NULL,NULL,NULL,NULL,NULL,NULL,NULL,'n@gmail.com','Long',NULL,'Nguyen Duy','n@gmail.com','$2a$10$8QxgxJwxlNlE/0KbqMMhhef6ftxg4ARMo7yBdoxFdo6ougBta.5wO',NULL,NULL,NULL),(300,_binary '\0',NULL,'2023-06-04 22:03:54',NULL,NULL,NULL,NULL,NULL,NULL,NULL,'FADFADFDA','Long',NULL,'Nguyen Duy','FADFADFDA','$2a$10$hrfjwSWQtN8OL2FAKP/gBuOjmryT.BKByi7/qybNUWfr5vVds7jAm',NULL,NULL,NULL),(301,_binary '\0',NULL,'2023-06-04 22:04:52',NULL,NULL,NULL,NULL,NULL,NULL,NULL,'FADCFADFDA','Long',NULL,'Nguyen Duy','FADCFADFDA','$2a$10$8dV/0/dOBfhl2ZvjvXX//.U7kUIz1CCTQjLz2U0zj5pgFwqrBrg1W',NULL,NULL,NULL),(350,_binary '\0',NULL,'2023-06-04 22:29:26',NULL,NULL,NULL,NULL,NULL,NULL,NULL,'11','Long',NULL,'Nguyen Duy','11','$2a$10$mVznvJeKC7lbq69pDOuAsekhHbgJ40Wgg6Y9mWoLNAw6wKL.jA1ga',NULL,NULL,NULL),(400,_binary '\0',NULL,'2023-06-05 07:14:04',NULL,NULL,NULL,NULL,NULL,NULL,NULL,'2','LONG','M','LONG','2','$2a$10$py5v/xirBlHZFbaD1xYAceFagWlIiTIJV.GIACMH0R1pgUbW1DKuO',NULL,NULL,NULL),(450,_binary '\0',NULL,'2023-06-05 20:33:25',NULL,NULL,NULL,NULL,NULL,NULL,NULL,'2h','LONG','M','LONG','2h','$2a$10$xzNuMCgmsigbIE5QNqFu3eFpzfcsEH1Ob79.60xXQH0jtIgP/qv9W',NULL,NULL,NULL),(451,_binary '\0',NULL,'2023-06-05 20:33:58',NULL,NULL,NULL,NULL,NULL,NULL,'2023-07-13 00:00:00','19130128@st.hcmuaf.edu.vn','Nguyễn Dũy f','M','Long f','23h','$2a$10$uvxF0aciYoSf/hN9JPqhCO2bn8ekEHbHArkg/yeV3R2TZy0kuwoSW',NULL,'0379755079',NULL),(500,_binary '\0',NULL,'2023-06-05 20:40:32',NULL,NULL,NULL,NULL,NULL,NULL,NULL,'long','Long',NULL,'Nguyen Duy','long','$2a$10$gINxxwKvs7am5uA4dwdOtO33633u1n8Sj3FvLya3mSp.6fvNcrJly',NULL,NULL,NULL);
/*!40000 ALTER TABLE `customer` ENABLE KEYS */;
UNLOCK TABLES;

--
-- Table structure for table `customer_attribute`
--

DROP TABLE IF EXISTS `customer_attribute`;
/*!40101 SET @saved_cs_client     = @@character_set_client */;
/*!50503 SET character_set_client = utf8mb4 */;
CREATE TABLE `customer_attribute` (
  `CUSTOMER_ATTRIBUTE_ID` bigint NOT NULL,
  `CUSTOMER_ATTR_TXT_VAL` varchar(255) COLLATE utf8mb3_unicode_ci DEFAULT NULL,
  `CUSTOMER_ID` bigint NOT NULL,
  `OPTION_ID` bigint NOT NULL,
  `OPTION_VALUE_ID` bigint NOT NULL,
  PRIMARY KEY (`CUSTOMER_ATTRIBUTE_ID`),
  UNIQUE KEY `UK46kbpre88yh963gewm3kmdni1` (`OPTION_ID`,`CUSTOMER_ID`),
  KEY `FKc3318o13i2bpxkci1bh52we5a` (`CUSTOMER_ID`),
  KEY `FK9fl7iexvdeeeoch9fh35o5vw4` (`OPTION_VALUE_ID`),
  CONSTRAINT `FK4xugs9yd9w4o3sw11fisb8tj5` FOREIGN KEY (`OPTION_ID`) REFERENCES `customer_option` (`CUSTOMER_OPTION_ID`),
  CONSTRAINT `FK9fl7iexvdeeeoch9fh35o5vw4` FOREIGN KEY (`OPTION_VALUE_ID`) REFERENCES `customer_option_value` (`CUSTOMER_OPTION_VALUE_ID`),
  CONSTRAINT `FKc3318o13i2bpxkci1bh52we5a` FOREIGN KEY (`CUSTOMER_ID`) REFERENCES `customer` (`CUSTOMER_ID`)
) ENGINE=InnoDB DEFAULT CHARSET=utf8mb3 COLLATE=utf8mb3_unicode_ci;
/*!40101 SET character_set_client = @saved_cs_client */;

--
-- Dumping data for table `customer_attribute`
--

LOCK TABLES `customer_attribute` WRITE;
/*!40000 ALTER TABLE `customer_attribute` DISABLE KEYS */;
/*!40000 ALTER TABLE `customer_attribute` ENABLE KEYS */;
UNLOCK TABLES;

--
-- Table structure for table `customer_group`
--

DROP TABLE IF EXISTS `customer_group`;
/*!40101 SET @saved_cs_client     = @@character_set_client */;
/*!50503 SET character_set_client = utf8mb4 */;
CREATE TABLE `customer_group` (
  `CUSTOMER_ID` bigint NOT NULL,
  `GROUP_ID` int NOT NULL,
  KEY `FKgrr5v89l1m9sl2qol62bbctq4` (`GROUP_ID`),
  KEY `FK257h3e27f4ujw08doqtq46hho` (`CUSTOMER_ID`),
  CONSTRAINT `FK257h3e27f4ujw08doqtq46hho` FOREIGN KEY (`CUSTOMER_ID`) REFERENCES `customer` (`CUSTOMER_ID`),
  CONSTRAINT `FKgrr5v89l1m9sl2qol62bbctq4` FOREIGN KEY (`GROUP_ID`) REFERENCES `sm_group` (`GROUP_ID`)
) ENGINE=InnoDB DEFAULT CHARSET=utf8mb3 COLLATE=utf8mb3_unicode_ci;
/*!40101 SET character_set_client = @saved_cs_client */;

--
-- Dumping data for table `customer_group`
--

LOCK TABLES `customer_group` WRITE;
/*!40000 ALTER TABLE `customer_group` DISABLE KEYS */;
INSERT INTO `customer_group` VALUES (1,4),(50,4),(100,4),(101,4),(150,4),(200,8),(250,8),(300,8),(301,8),(350,8),(400,8),(450,8),(451,8),(500,8);
/*!40000 ALTER TABLE `customer_group` ENABLE KEYS */;
UNLOCK TABLES;

--
-- Table structure for table `customer_opt_val_description`
--

DROP TABLE IF EXISTS `customer_opt_val_description`;
/*!40101 SET @saved_cs_client     = @@character_set_client */;
/*!50503 SET character_set_client = utf8mb4 */;
CREATE TABLE `customer_opt_val_description` (
  `DESCRIPTION_ID` bigint NOT NULL,
  `DATE_CREATED` datetime DEFAULT NULL,
  `DATE_MODIFIED` datetime DEFAULT NULL,
  `UPDT_ID` varchar(60) COLLATE utf8mb3_unicode_ci DEFAULT NULL,
  `DESCRIPTION` longtext COLLATE utf8mb3_unicode_ci,
  `NAME` varchar(120) COLLATE utf8mb3_unicode_ci NOT NULL,
  `TITLE` varchar(100) COLLATE utf8mb3_unicode_ci DEFAULT NULL,
  `LANGUAGE_ID` int NOT NULL,
  `CUSTOMER_OPT_VAL_ID` bigint DEFAULT NULL,
  PRIMARY KEY (`DESCRIPTION_ID`),
  UNIQUE KEY `UKge7f2t1d31r87wnk09h9u1tnv` (`CUSTOMER_OPT_VAL_ID`,`LANGUAGE_ID`),
  KEY `FK6rfssi3qfx4pswicxrfb18c1` (`LANGUAGE_ID`),
  CONSTRAINT `FK6rfssi3qfx4pswicxrfb18c1` FOREIGN KEY (`LANGUAGE_ID`) REFERENCES `language` (`LANGUAGE_ID`),
  CONSTRAINT `FKhwrs6fyqk6vh11yvcflu42yef` FOREIGN KEY (`CUSTOMER_OPT_VAL_ID`) REFERENCES `customer_option_value` (`CUSTOMER_OPTION_VALUE_ID`)
) ENGINE=InnoDB DEFAULT CHARSET=utf8mb3 COLLATE=utf8mb3_unicode_ci;
/*!40101 SET character_set_client = @saved_cs_client */;

--
-- Dumping data for table `customer_opt_val_description`
--

LOCK TABLES `customer_opt_val_description` WRITE;
/*!40000 ALTER TABLE `customer_opt_val_description` DISABLE KEYS */;
/*!40000 ALTER TABLE `customer_opt_val_description` ENABLE KEYS */;
UNLOCK TABLES;

--
-- Table structure for table `customer_optin`
--

DROP TABLE IF EXISTS `customer_optin`;
/*!40101 SET @saved_cs_client     = @@character_set_client */;
/*!50503 SET character_set_client = utf8mb4 */;
CREATE TABLE `customer_optin` (
  `CUSTOMER_OPTIN_ID` bigint NOT NULL,
  `EMAIL` varchar(255) COLLATE utf8mb3_unicode_ci NOT NULL,
  `FIRST` varchar(255) COLLATE utf8mb3_unicode_ci DEFAULT NULL,
  `LAST` varchar(255) COLLATE utf8mb3_unicode_ci DEFAULT NULL,
  `OPTIN_DATE` datetime DEFAULT NULL,
  `VALUE` longtext COLLATE utf8mb3_unicode_ci,
  `MERCHANT_ID` int NOT NULL,
  `OPTIN_ID` bigint DEFAULT NULL,
  PRIMARY KEY (`CUSTOMER_OPTIN_ID`),
  UNIQUE KEY `UKc4fnyu0pvxxtrbko10rm1jqyw` (`EMAIL`,`OPTIN_ID`),
  KEY `FKk5v94dvhsgibaw89hv4m8o5yw` (`MERCHANT_ID`),
  KEY `FK7qym878m07cwvs4foe68lvqjt` (`OPTIN_ID`),
  CONSTRAINT `FK7qym878m07cwvs4foe68lvqjt` FOREIGN KEY (`OPTIN_ID`) REFERENCES `optin` (`OPTIN_ID`),
  CONSTRAINT `FKk5v94dvhsgibaw89hv4m8o5yw` FOREIGN KEY (`MERCHANT_ID`) REFERENCES `merchant_store` (`MERCHANT_ID`)
) ENGINE=InnoDB DEFAULT CHARSET=utf8mb3 COLLATE=utf8mb3_unicode_ci;
/*!40101 SET character_set_client = @saved_cs_client */;

--
-- Dumping data for table `customer_optin`
--

LOCK TABLES `customer_optin` WRITE;
/*!40000 ALTER TABLE `customer_optin` DISABLE KEYS */;
/*!40000 ALTER TABLE `customer_optin` ENABLE KEYS */;
UNLOCK TABLES;

--
-- Table structure for table `customer_option`
--

DROP TABLE IF EXISTS `customer_option`;
/*!40101 SET @saved_cs_client     = @@character_set_client */;
/*!50503 SET character_set_client = utf8mb4 */;
CREATE TABLE `customer_option` (
  `CUSTOMER_OPTION_ID` bigint NOT NULL,
  `CUSTOMER_OPT_ACTIVE` bit(1) DEFAULT NULL,
  `CUSTOMER_OPT_CODE` varchar(255) COLLATE utf8mb3_unicode_ci DEFAULT NULL,
  `CUSTOMER_OPTION_TYPE` varchar(10) COLLATE utf8mb3_unicode_ci DEFAULT NULL,
  `CUSTOMER_OPT_PUBLIC` bit(1) DEFAULT NULL,
  `SORT_ORDER` int DEFAULT NULL,
  `MERCHANT_ID` int NOT NULL,
  PRIMARY KEY (`CUSTOMER_OPTION_ID`),
  UNIQUE KEY `UKrov34a6g4dhhiqukvhp1ggm0u` (`MERCHANT_ID`,`CUSTOMER_OPT_CODE`),
  KEY `CUST_OPT_CODE_IDX` (`CUSTOMER_OPT_CODE`),
  CONSTRAINT `FKcmqnh0rn2hukdfowean5tdy8k` FOREIGN KEY (`MERCHANT_ID`) REFERENCES `merchant_store` (`MERCHANT_ID`)
) ENGINE=InnoDB DEFAULT CHARSET=utf8mb3 COLLATE=utf8mb3_unicode_ci;
/*!40101 SET character_set_client = @saved_cs_client */;

--
-- Dumping data for table `customer_option`
--

LOCK TABLES `customer_option` WRITE;
/*!40000 ALTER TABLE `customer_option` DISABLE KEYS */;
/*!40000 ALTER TABLE `customer_option` ENABLE KEYS */;
UNLOCK TABLES;

--
-- Table structure for table `customer_option_desc`
--

DROP TABLE IF EXISTS `customer_option_desc`;
/*!40101 SET @saved_cs_client     = @@character_set_client */;
/*!50503 SET character_set_client = utf8mb4 */;
CREATE TABLE `customer_option_desc` (
  `DESCRIPTION_ID` bigint NOT NULL,
  `DATE_CREATED` datetime DEFAULT NULL,
  `DATE_MODIFIED` datetime DEFAULT NULL,
  `UPDT_ID` varchar(60) COLLATE utf8mb3_unicode_ci DEFAULT NULL,
  `DESCRIPTION` longtext COLLATE utf8mb3_unicode_ci,
  `NAME` varchar(120) COLLATE utf8mb3_unicode_ci NOT NULL,
  `TITLE` varchar(100) COLLATE utf8mb3_unicode_ci DEFAULT NULL,
  `CUSTOMER_OPTION_COMMENT` varchar(4000) COLLATE utf8mb3_unicode_ci DEFAULT NULL,
  `LANGUAGE_ID` int NOT NULL,
  `CUSTOMER_OPTION_ID` bigint NOT NULL,
  PRIMARY KEY (`DESCRIPTION_ID`),
  UNIQUE KEY `UK6ovl4t1ciag1wubtcebaoo7vi` (`CUSTOMER_OPTION_ID`,`LANGUAGE_ID`),
  KEY `FKm4iu7v9db17wk2a03xqbqdlfa` (`LANGUAGE_ID`),
  CONSTRAINT `FKc2yiucjbw0wjha8ww7a01qfeo` FOREIGN KEY (`CUSTOMER_OPTION_ID`) REFERENCES `customer_option` (`CUSTOMER_OPTION_ID`),
  CONSTRAINT `FKm4iu7v9db17wk2a03xqbqdlfa` FOREIGN KEY (`LANGUAGE_ID`) REFERENCES `language` (`LANGUAGE_ID`)
) ENGINE=InnoDB DEFAULT CHARSET=utf8mb3 COLLATE=utf8mb3_unicode_ci;
/*!40101 SET character_set_client = @saved_cs_client */;

--
-- Dumping data for table `customer_option_desc`
--

LOCK TABLES `customer_option_desc` WRITE;
/*!40000 ALTER TABLE `customer_option_desc` DISABLE KEYS */;
/*!40000 ALTER TABLE `customer_option_desc` ENABLE KEYS */;
UNLOCK TABLES;

--
-- Table structure for table `customer_option_set`
--

DROP TABLE IF EXISTS `customer_option_set`;
/*!40101 SET @saved_cs_client     = @@character_set_client */;
/*!50503 SET character_set_client = utf8mb4 */;
CREATE TABLE `customer_option_set` (
  `CUSTOMER_OPTIONSET_ID` bigint NOT NULL,
  `SORT_ORDER` int DEFAULT NULL,
  `CUSTOMER_OPTION_ID` bigint NOT NULL,
  `CUSTOMER_OPTION_VALUE_ID` bigint NOT NULL,
  PRIMARY KEY (`CUSTOMER_OPTIONSET_ID`),
  UNIQUE KEY `UK4peli2ritnnq2xqpyq188srm6` (`CUSTOMER_OPTION_ID`,`CUSTOMER_OPTION_VALUE_ID`),
  KEY `FKj9vnvyh6hhhftjbcsymgiodm9` (`CUSTOMER_OPTION_VALUE_ID`),
  CONSTRAINT `FK1y5qtsuabhpwft3dyhqrgmtb4` FOREIGN KEY (`CUSTOMER_OPTION_ID`) REFERENCES `customer_option` (`CUSTOMER_OPTION_ID`),
  CONSTRAINT `FKj9vnvyh6hhhftjbcsymgiodm9` FOREIGN KEY (`CUSTOMER_OPTION_VALUE_ID`) REFERENCES `customer_option_value` (`CUSTOMER_OPTION_VALUE_ID`)
) ENGINE=InnoDB DEFAULT CHARSET=utf8mb3 COLLATE=utf8mb3_unicode_ci;
/*!40101 SET character_set_client = @saved_cs_client */;

--
-- Dumping data for table `customer_option_set`
--

LOCK TABLES `customer_option_set` WRITE;
/*!40000 ALTER TABLE `customer_option_set` DISABLE KEYS */;
/*!40000 ALTER TABLE `customer_option_set` ENABLE KEYS */;
UNLOCK TABLES;

--
-- Table structure for table `customer_option_value`
--

DROP TABLE IF EXISTS `customer_option_value`;
/*!40101 SET @saved_cs_client     = @@character_set_client */;
/*!50503 SET character_set_client = utf8mb4 */;
CREATE TABLE `customer_option_value` (
  `CUSTOMER_OPTION_VALUE_ID` bigint NOT NULL,
  `CUSTOMER_OPT_VAL_CODE` varchar(255) COLLATE utf8mb3_unicode_ci DEFAULT NULL,
  `CUSTOMER_OPT_VAL_IMAGE` varchar(255) COLLATE utf8mb3_unicode_ci DEFAULT NULL,
  `SORT_ORDER` int DEFAULT NULL,
  `MERCHANT_ID` int NOT NULL,
  PRIMARY KEY (`CUSTOMER_OPTION_VALUE_ID`),
  UNIQUE KEY `UKcb1fmv71nrx7m1rlx1ff5qvdt` (`MERCHANT_ID`,`CUSTOMER_OPT_VAL_CODE`),
  KEY `CUST_OPT_VAL_CODE_IDX` (`CUSTOMER_OPT_VAL_CODE`),
  CONSTRAINT `FKho87ssg5rnvwauj3y690a96g6` FOREIGN KEY (`MERCHANT_ID`) REFERENCES `merchant_store` (`MERCHANT_ID`)
) ENGINE=InnoDB DEFAULT CHARSET=utf8mb3 COLLATE=utf8mb3_unicode_ci;
/*!40101 SET character_set_client = @saved_cs_client */;

--
-- Dumping data for table `customer_option_value`
--

LOCK TABLES `customer_option_value` WRITE;
/*!40000 ALTER TABLE `customer_option_value` DISABLE KEYS */;
/*!40000 ALTER TABLE `customer_option_value` ENABLE KEYS */;
UNLOCK TABLES;

--
-- Table structure for table `customer_review`
--

DROP TABLE IF EXISTS `customer_review`;
/*!40101 SET @saved_cs_client     = @@character_set_client */;
/*!50503 SET character_set_client = utf8mb4 */;
CREATE TABLE `customer_review` (
  `CUSTOMER_REVIEW_ID` bigint NOT NULL,
  `DATE_CREATED` datetime DEFAULT NULL,
  `DATE_MODIFIED` datetime DEFAULT NULL,
  `UPDT_ID` varchar(60) COLLATE utf8mb3_unicode_ci DEFAULT NULL,
  `REVIEW_DATE` datetime DEFAULT NULL,
  `REVIEWS_RATING` double DEFAULT NULL,
  `REVIEWS_READ` bigint DEFAULT NULL,
  `STATUS` int DEFAULT NULL,
  `CUSTOMERS_ID` bigint DEFAULT NULL,
  `REVIEWED_CUSTOMER_ID` bigint DEFAULT NULL,
  PRIMARY KEY (`CUSTOMER_REVIEW_ID`),
  UNIQUE KEY `UK2momthbfrtgico2yyod8w18pk` (`CUSTOMERS_ID`,`REVIEWED_CUSTOMER_ID`),
  KEY `FK7pmqdk9od2af7cl6alx82fkek` (`REVIEWED_CUSTOMER_ID`),
  CONSTRAINT `FK7pmqdk9od2af7cl6alx82fkek` FOREIGN KEY (`REVIEWED_CUSTOMER_ID`) REFERENCES `customer` (`CUSTOMER_ID`),
  CONSTRAINT `FKayt6tbxp7d4g1qyg8crw2n73p` FOREIGN KEY (`CUSTOMERS_ID`) REFERENCES `customer` (`CUSTOMER_ID`)
) ENGINE=InnoDB DEFAULT CHARSET=utf8mb3 COLLATE=utf8mb3_unicode_ci;
/*!40101 SET character_set_client = @saved_cs_client */;

--
-- Dumping data for table `customer_review`
--

LOCK TABLES `customer_review` WRITE;
/*!40000 ALTER TABLE `customer_review` DISABLE KEYS */;
/*!40000 ALTER TABLE `customer_review` ENABLE KEYS */;
UNLOCK TABLES;

--
-- Table structure for table `customer_review_description`
--

DROP TABLE IF EXISTS `customer_review_description`;
/*!40101 SET @saved_cs_client     = @@character_set_client */;
/*!50503 SET character_set_client = utf8mb4 */;
CREATE TABLE `customer_review_description` (
  `DESCRIPTION_ID` bigint NOT NULL,
  `DATE_CREATED` datetime DEFAULT NULL,
  `DATE_MODIFIED` datetime DEFAULT NULL,
  `UPDT_ID` varchar(60) COLLATE utf8mb3_unicode_ci DEFAULT NULL,
  `DESCRIPTION` longtext COLLATE utf8mb3_unicode_ci,
  `NAME` varchar(120) COLLATE utf8mb3_unicode_ci NOT NULL,
  `TITLE` varchar(100) COLLATE utf8mb3_unicode_ci DEFAULT NULL,
  `LANGUAGE_ID` int NOT NULL,
  `CUSTOMER_REVIEW_ID` bigint DEFAULT NULL,
  PRIMARY KEY (`DESCRIPTION_ID`),
  UNIQUE KEY `UK1va9q0nhoe3wli25ktpmouvyh` (`CUSTOMER_REVIEW_ID`,`LANGUAGE_ID`),
  KEY `FK5pkgrlk32uqaxkrbve5mws1hj` (`LANGUAGE_ID`),
  CONSTRAINT `FK5pkgrlk32uqaxkrbve5mws1hj` FOREIGN KEY (`LANGUAGE_ID`) REFERENCES `language` (`LANGUAGE_ID`),
  CONSTRAINT `FKhf88oagf6t62k28afn8uaijc7` FOREIGN KEY (`CUSTOMER_REVIEW_ID`) REFERENCES `customer_review` (`CUSTOMER_REVIEW_ID`)
) ENGINE=InnoDB DEFAULT CHARSET=utf8mb3 COLLATE=utf8mb3_unicode_ci;
/*!40101 SET character_set_client = @saved_cs_client */;

--
-- Dumping data for table `customer_review_description`
--

LOCK TABLES `customer_review_description` WRITE;
/*!40000 ALTER TABLE `customer_review_description` DISABLE KEYS */;
/*!40000 ALTER TABLE `customer_review_description` ENABLE KEYS */;
UNLOCK TABLES;

--
-- Table structure for table `cv`
--

DROP TABLE IF EXISTS `cv`;
/*!40101 SET @saved_cs_client     = @@character_set_client */;
/*!50503 SET character_set_client = utf8mb4 */;
CREATE TABLE `cv` (
  `id` varchar(255) COLLATE utf8mb3_unicode_ci NOT NULL,
  `ADDRESS` varchar(255) COLLATE utf8mb3_unicode_ci DEFAULT NULL,
  `title` varchar(255) COLLATE utf8mb3_unicode_ci DEFAULT NULL,
  `ALUMNUS_ID` bigint NOT NULL,
  `EMAIL` varchar(255) COLLATE utf8mb3_unicode_ci DEFAULT NULL,
  PRIMARY KEY (`id`),
  KEY `FK8ynvwi3cgx6aax2facrfyu71o` (`ALUMNUS_ID`),
  CONSTRAINT `FK8ynvwi3cgx6aax2facrfyu71o` FOREIGN KEY (`ALUMNUS_ID`) REFERENCES `customer` (`CUSTOMER_ID`)
) ENGINE=InnoDB DEFAULT CHARSET=utf8mb3 COLLATE=utf8mb3_unicode_ci;
/*!40101 SET character_set_client = @saved_cs_client */;

--
-- Dumping data for table `cv`
--

LOCK TABLES `cv` WRITE;
/*!40000 ALTER TABLE `cv` DISABLE KEYS */;
INSERT INTO `cv` VALUES ('92772af3-4e29-4fd2-a6e5-dd4a1c4cc14e','Thôn Kỳ Tân, xã Đức Lợi f','Senior Intern Javaf',451,'nnn');
/*!40000 ALTER TABLE `cv` ENABLE KEYS */;
UNLOCK TABLES;

--
-- Table structure for table `cv_skill`
--

DROP TABLE IF EXISTS `cv_skill`;
/*!40101 SET @saved_cs_client     = @@character_set_client */;
/*!50503 SET character_set_client = utf8mb4 */;
CREATE TABLE `cv_skill` (
  `id` varchar(255) COLLATE utf8mb3_unicode_ci NOT NULL,
  `description` text COLLATE utf8mb3_unicode_ci,
  `RATE` double DEFAULT NULL,
  `SKILL` varchar(255) COLLATE utf8mb3_unicode_ci DEFAULT NULL,
  `CV_ID` varchar(255) COLLATE utf8mb3_unicode_ci DEFAULT NULL,
  `PROFILE_ID` bigint NOT NULL,
  PRIMARY KEY (`id`),
  KEY `FKn8blm0j58g2sbv4ujwi0eke59` (`CV_ID`),
  KEY `FK3c03v196xwxsadftd7agp7x3m` (`PROFILE_ID`),
  CONSTRAINT `FK3c03v196xwxsadftd7agp7x3m` FOREIGN KEY (`PROFILE_ID`) REFERENCES `profile` (`ID`),
  CONSTRAINT `FKn8blm0j58g2sbv4ujwi0eke59` FOREIGN KEY (`CV_ID`) REFERENCES `cv` (`id`)
) ENGINE=InnoDB DEFAULT CHARSET=utf8mb3 COLLATE=utf8mb3_unicode_ci;
/*!40101 SET character_set_client = @saved_cs_client */;

--
-- Dumping data for table `cv_skill`
--

LOCK TABLES `cv_skill` WRITE;
/*!40000 ALTER TABLE `cv_skill` DISABLE KEYS */;
INSERT INTO `cv_skill` VALUES ('dc87cb8c-0ebe-4a9c-808f-0dce35e54bf3','Khong dcó',999,'Skill test da update','92772af3-4e29-4fd2-a6e5-dd4a1c4cc14e',12);
/*!40000 ALTER TABLE `cv_skill` ENABLE KEYS */;
UNLOCK TABLES;

--
-- Table structure for table `district_description`
--

DROP TABLE IF EXISTS `district_description`;
/*!40101 SET @saved_cs_client     = @@character_set_client */;
/*!50503 SET character_set_client = utf8mb4 */;
CREATE TABLE `district_description` (
  `ID_DISTRICT` bigint NOT NULL AUTO_INCREMENT,
  `DATE_CREATED` datetime DEFAULT NULL,
  `DATE_MODIFIED` datetime DEFAULT NULL,
  `UPDT_ID` varchar(60) COLLATE utf8mb3_unicode_ci DEFAULT NULL,
  `NAME` varchar(255) COLLATE utf8mb3_unicode_ci DEFAULT NULL,
  `ID_PROVINCE` bigint DEFAULT NULL,
  PRIMARY KEY (`ID_DISTRICT`),
  KEY `FKbwijv76p0huposvgoy750cslq` (`ID_PROVINCE`),
  CONSTRAINT `FKbwijv76p0huposvgoy750cslq` FOREIGN KEY (`ID_PROVINCE`) REFERENCES `province_description` (`ID_PROVINCE`)
) ENGINE=InnoDB AUTO_INCREMENT=24 DEFAULT CHARSET=utf8mb3 COLLATE=utf8mb3_unicode_ci;
/*!40101 SET character_set_client = @saved_cs_client */;

--
-- Dumping data for table `district_description`
--

LOCK TABLES `district_description` WRITE;
/*!40000 ALTER TABLE `district_description` DISABLE KEYS */;
INSERT INTO `district_description` VALUES (1,'2023-05-15 22:11:28','2023-05-15 22:11:28',NULL,'Quận 1',1),(2,'2023-05-15 22:11:28','2023-05-15 22:11:28',NULL,'Quận 2',1),(3,'2023-05-15 22:11:28','2023-05-15 22:11:28',NULL,'Quận 3',1),(4,'2023-05-15 22:11:28','2023-05-15 22:11:28',NULL,'Quận 4',1),(5,'2023-05-15 22:11:28','2023-05-15 22:11:28',NULL,'Quận 5',1),(6,'2023-05-15 22:11:28','2023-05-15 22:11:28',NULL,'Quận 6',1),(7,'2023-05-15 22:12:28','2023-05-15 22:12:28',NULL,'Quận 7',1),(8,'2023-05-15 22:12:28','2023-05-15 22:12:28',NULL,'Quận 8',1),(9,'2023-05-15 22:12:28','2023-05-15 22:12:28',NULL,'Quận 9',1),(10,'2023-05-15 22:12:28','2023-05-15 22:12:28',NULL,'Quận 10',1),(11,'2023-05-15 22:12:28','2023-05-15 22:12:28',NULL,'Quận 11',1),(12,'2023-05-15 22:12:28','2023-05-15 22:12:28',NULL,'Quận 12',1),(13,'2023-05-15 22:13:16','2023-05-15 22:13:16',NULL,'Bình Thạnh',1),(14,'2023-05-15 22:13:16','2023-05-15 22:13:16',NULL,'Gò Vấp',1),(15,'2023-05-15 22:13:16','2023-05-15 22:13:16',NULL,'Phú Nhuận',1),(16,'2023-05-15 22:13:16','2023-05-15 22:13:16',NULL,'Tân Bình',1),(17,'2023-05-15 22:13:16','2023-05-15 22:13:16',NULL,'Tân Phú',1),(18,'2023-05-15 22:13:16','2023-05-15 22:13:16',NULL,'Thủ Đức',1),(19,'2023-05-15 22:13:45','2023-05-15 22:13:45',NULL,'Bình Tân',1),(20,'2023-05-15 22:13:45','2023-05-15 22:13:45',NULL,'Củ Chi',1),(21,'2023-05-15 22:13:45','2023-05-15 22:13:45',NULL,'Hóc Môn',1),(22,'2023-05-15 22:13:45','2023-05-15 22:13:45',NULL,'Nhà Bè',1),(23,'2023-05-15 22:13:45','2023-05-15 22:13:45',NULL,'Cần Giờ',1);
/*!40000 ALTER TABLE `district_description` ENABLE KEYS */;
UNLOCK TABLES;

--
-- Table structure for table `education`
--

DROP TABLE IF EXISTS `education`;
/*!40101 SET @saved_cs_client     = @@character_set_client */;
/*!50503 SET character_set_client = utf8mb4 */;
CREATE TABLE `education` (
  `id` varchar(255) COLLATE utf8mb3_unicode_ci NOT NULL,
  `END_DATE` datetime DEFAULT NULL,
  `IS_GRADUATED` bit(1) DEFAULT NULL,
  `MAJOR` varchar(255) COLLATE utf8mb3_unicode_ci NOT NULL,
  `SCHO0L` varchar(255) COLLATE utf8mb3_unicode_ci NOT NULL,
  `START_DATE` datetime NOT NULL,
  `CV_ID` varchar(255) COLLATE utf8mb3_unicode_ci DEFAULT NULL,
  `DESCRIPTION` varchar(255) COLLATE utf8mb3_unicode_ci DEFAULT NULL,
  PRIMARY KEY (`id`),
  KEY `FKi84md14f70rlkawtqyqude516` (`CV_ID`),
  CONSTRAINT `FKi84md14f70rlkawtqyqude516` FOREIGN KEY (`CV_ID`) REFERENCES `cv` (`id`)
) ENGINE=InnoDB DEFAULT CHARSET=utf8mb3 COLLATE=utf8mb3_unicode_ci;
/*!40101 SET character_set_client = @saved_cs_client */;

--
-- Dumping data for table `education`
--

LOCK TABLES `education` WRITE;
/*!40000 ALTER TABLE `education` DISABLE KEYS */;
INSERT INTO `education` VALUES ('f4eba01f-f819-4152-8b95-a1aae1ae4377',NULL,_binary '\0','Học sinh chứ gì nữaf','Trường THPT Số 2 Mộ Đứcf da update','2023-11-02 00:00:00','92772af3-4e29-4fd2-a6e5-dd4a1c4cc14e','Tao là trùm trường m có ý kiến gì ko');
/*!40000 ALTER TABLE `education` ENABLE KEYS */;
UNLOCK TABLES;

--
-- Table structure for table `employer_review`
--

DROP TABLE IF EXISTS `employer_review`;
/*!40101 SET @saved_cs_client     = @@character_set_client */;
/*!50503 SET character_set_client = utf8mb4 */;
CREATE TABLE `employer_review` (
  `id` varchar(255) COLLATE utf8mb3_unicode_ci NOT NULL,
  `CREATE_AT` datetime NOT NULL,
  `RATING` double NOT NULL,
  `UPDATE_AT` datetime NOT NULL,
  `ALUMNUS_ID` bigint NOT NULL,
  `EMPLOYER_ID` int NOT NULL,
  PRIMARY KEY (`id`),
  KEY `FKkfke39jt4efxmh45dh8bcdlt` (`ALUMNUS_ID`),
  KEY `FKj284epqiqfcbsa3x9wlmeyjll` (`EMPLOYER_ID`),
  CONSTRAINT `FKj284epqiqfcbsa3x9wlmeyjll` FOREIGN KEY (`EMPLOYER_ID`) REFERENCES `merchant_store` (`MERCHANT_ID`),
  CONSTRAINT `FKkfke39jt4efxmh45dh8bcdlt` FOREIGN KEY (`ALUMNUS_ID`) REFERENCES `customer` (`CUSTOMER_ID`)
) ENGINE=InnoDB DEFAULT CHARSET=utf8mb3 COLLATE=utf8mb3_unicode_ci;
/*!40101 SET character_set_client = @saved_cs_client */;

--
-- Dumping data for table `employer_review`
--

LOCK TABLES `employer_review` WRITE;
/*!40000 ALTER TABLE `employer_review` DISABLE KEYS */;
/*!40000 ALTER TABLE `employer_review` ENABLE KEYS */;
UNLOCK TABLES;

--
-- Table structure for table `english_level`
--

DROP TABLE IF EXISTS `english_level`;
/*!40101 SET @saved_cs_client     = @@character_set_client */;
/*!50503 SET character_set_client = utf8mb4 */;
CREATE TABLE `english_level` (
  `ID` bigint NOT NULL AUTO_INCREMENT,
  `DATE_CREATED` datetime DEFAULT NULL,
  `DATE_MODIFIED` datetime DEFAULT NULL,
  `UPDT_ID` varchar(60) COLLATE utf8mb3_unicode_ci DEFAULT NULL,
  `CODE` varchar(255) COLLATE utf8mb3_unicode_ci DEFAULT NULL,
  `NAME` varchar(255) COLLATE utf8mb3_unicode_ci DEFAULT NULL,
  PRIMARY KEY (`ID`)
) ENGINE=InnoDB AUTO_INCREMENT=5 DEFAULT CHARSET=utf8mb3 COLLATE=utf8mb3_unicode_ci;
/*!40101 SET character_set_client = @saved_cs_client */;

--
-- Dumping data for table `english_level`
--

LOCK TABLES `english_level` WRITE;
/*!40000 ALTER TABLE `english_level` DISABLE KEYS */;
INSERT INTO `english_level` VALUES (1,NULL,NULL,NULL,'LV0','Không biết'),(2,NULL,NULL,NULL,'LV1','Đọc hiểu cơ bản'),(3,NULL,NULL,NULL,'LV2','Giao tiếp tốt'),(4,NULL,NULL,NULL,'LV3','Thành thạo các kỹ năng');
/*!40000 ALTER TABLE `english_level` ENABLE KEYS */;
UNLOCK TABLES;

--
-- Table structure for table `experience_description`
--

DROP TABLE IF EXISTS `experience_description`;
/*!40101 SET @saved_cs_client     = @@character_set_client */;
/*!50503 SET character_set_client = utf8mb4 */;
CREATE TABLE `experience_description` (
  `ID_EXPERIENCE` bigint NOT NULL AUTO_INCREMENT,
  `CODE` varchar(255) COLLATE utf8mb3_unicode_ci DEFAULT NULL,
  `NAME` varchar(255) COLLATE utf8mb3_unicode_ci DEFAULT NULL,
  `DATE_CREATED` datetime DEFAULT NULL,
  `DATE_MODIFIED` datetime DEFAULT NULL,
  `UPDT_ID` varchar(60) COLLATE utf8mb3_unicode_ci DEFAULT NULL,
  PRIMARY KEY (`ID_EXPERIENCE`)
) ENGINE=InnoDB AUTO_INCREMENT=8 DEFAULT CHARSET=utf8mb3 COLLATE=utf8mb3_unicode_ci;
/*!40101 SET character_set_client = @saved_cs_client */;

--
-- Dumping data for table `experience_description`
--

LOCK TABLES `experience_description` WRITE;
/*!40000 ALTER TABLE `experience_description` DISABLE KEYS */;
INSERT INTO `experience_description` VALUES (1,'none-ex','Chưa có kinh nghiệm',NULL,NULL,NULL),(2,'less6','Ít hơn 6 tháng',NULL,NULL,NULL),(4,'m1y','Hơn một năm',NULL,NULL,NULL),(6,'kinhnghiemtest','Kinh nghiệm test',NULL,NULL,NULL);
/*!40000 ALTER TABLE `experience_description` ENABLE KEYS */;
UNLOCK TABLES;

--
-- Table structure for table `file_history`
--

DROP TABLE IF EXISTS `file_history`;
/*!40101 SET @saved_cs_client     = @@character_set_client */;
/*!50503 SET character_set_client = utf8mb4 */;
CREATE TABLE `file_history` (
  `FILE_HISTORY_ID` bigint NOT NULL,
  `ACCOUNTED_DATE` datetime DEFAULT NULL,
  `DATE_ADDED` datetime NOT NULL,
  `DATE_DELETED` datetime DEFAULT NULL,
  `DOWNLOAD_COUNT` int NOT NULL,
  `FILE_ID` bigint DEFAULT NULL,
  `FILESIZE` int NOT NULL,
  `MERCHANT_ID` int NOT NULL,
  PRIMARY KEY (`FILE_HISTORY_ID`),
  UNIQUE KEY `UKav35sb3v4nxq8v1n1rkxufir` (`MERCHANT_ID`,`FILE_ID`),
  CONSTRAINT `FK2k8h4penkjlbtc23vamwyek2g` FOREIGN KEY (`MERCHANT_ID`) REFERENCES `merchant_store` (`MERCHANT_ID`)
) ENGINE=InnoDB DEFAULT CHARSET=utf8mb3 COLLATE=utf8mb3_unicode_ci;
/*!40101 SET character_set_client = @saved_cs_client */;

--
-- Dumping data for table `file_history`
--

LOCK TABLES `file_history` WRITE;
/*!40000 ALTER TABLE `file_history` DISABLE KEYS */;
/*!40000 ALTER TABLE `file_history` ENABLE KEYS */;
UNLOCK TABLES;

--
-- Table structure for table `filter`
--

DROP TABLE IF EXISTS `filter`;
/*!40101 SET @saved_cs_client     = @@character_set_client */;
/*!50503 SET character_set_client = utf8mb4 */;
CREATE TABLE `filter` (
  `id` varchar(255) COLLATE utf8mb3_unicode_ci NOT NULL,
  `CODE_FILTER` varchar(255) COLLATE utf8mb3_unicode_ci NOT NULL,
  `DESCRIPTION` varchar(255) COLLATE utf8mb3_unicode_ci NOT NULL,
  PRIMARY KEY (`id`)
) ENGINE=InnoDB DEFAULT CHARSET=utf8mb3 COLLATE=utf8mb3_unicode_ci;
/*!40101 SET character_set_client = @saved_cs_client */;

--
-- Dumping data for table `filter`
--

LOCK TABLES `filter` WRITE;
/*!40000 ALTER TABLE `filter` DISABLE KEYS */;
INSERT INTO `filter` VALUES ('32ade3e3-2938-11ee-826d-ecf4bb5dfca9','lastest','Công việc mới nhất'),('32ae0d1a-2938-11ee-826d-ecf4bb5dfca9','update','Công việc mới cập nhật'),('590d77c8-2938-11ee-826d-ecf4bb5dfca9','salary','Lương');
/*!40000 ALTER TABLE `filter` ENABLE KEYS */;
UNLOCK TABLES;

--
-- Table structure for table `geozone`
--

DROP TABLE IF EXISTS `geozone`;
/*!40101 SET @saved_cs_client     = @@character_set_client */;
/*!50503 SET character_set_client = utf8mb4 */;
CREATE TABLE `geozone` (
  `GEOZONE_ID` bigint NOT NULL,
  `GEOZONE_CODE` varchar(255) COLLATE utf8mb3_unicode_ci DEFAULT NULL,
  `GEOZONE_NAME` varchar(255) COLLATE utf8mb3_unicode_ci DEFAULT NULL,
  PRIMARY KEY (`GEOZONE_ID`)
) ENGINE=InnoDB DEFAULT CHARSET=utf8mb3 COLLATE=utf8mb3_unicode_ci;
/*!40101 SET character_set_client = @saved_cs_client */;

--
-- Dumping data for table `geozone`
--

LOCK TABLES `geozone` WRITE;
/*!40000 ALTER TABLE `geozone` DISABLE KEYS */;
/*!40000 ALTER TABLE `geozone` ENABLE KEYS */;
UNLOCK TABLES;

--
-- Table structure for table `geozone_description`
--

DROP TABLE IF EXISTS `geozone_description`;
/*!40101 SET @saved_cs_client     = @@character_set_client */;
/*!50503 SET character_set_client = utf8mb4 */;
CREATE TABLE `geozone_description` (
  `DESCRIPTION_ID` bigint NOT NULL,
  `DATE_CREATED` datetime DEFAULT NULL,
  `DATE_MODIFIED` datetime DEFAULT NULL,
  `UPDT_ID` varchar(60) COLLATE utf8mb3_unicode_ci DEFAULT NULL,
  `DESCRIPTION` longtext COLLATE utf8mb3_unicode_ci,
  `NAME` varchar(120) COLLATE utf8mb3_unicode_ci NOT NULL,
  `TITLE` varchar(100) COLLATE utf8mb3_unicode_ci DEFAULT NULL,
  `LANGUAGE_ID` int NOT NULL,
  `GEOZONE_ID` bigint DEFAULT NULL,
  PRIMARY KEY (`DESCRIPTION_ID`),
  UNIQUE KEY `UKsoq8o99w3c8ys3ntamt5i4mat` (`GEOZONE_ID`,`LANGUAGE_ID`),
  KEY `FK1t2hp628edebe5d6co2whbla9` (`LANGUAGE_ID`),
  CONSTRAINT `FK1t2hp628edebe5d6co2whbla9` FOREIGN KEY (`LANGUAGE_ID`) REFERENCES `language` (`LANGUAGE_ID`),
  CONSTRAINT `FKn82te2yb2st4hk2qlhl8ileb9` FOREIGN KEY (`GEOZONE_ID`) REFERENCES `geozone` (`GEOZONE_ID`)
) ENGINE=InnoDB DEFAULT CHARSET=utf8mb3 COLLATE=utf8mb3_unicode_ci;
/*!40101 SET character_set_client = @saved_cs_client */;

--
-- Dumping data for table `geozone_description`
--

LOCK TABLES `geozone_description` WRITE;
/*!40000 ALTER TABLE `geozone_description` DISABLE KEYS */;
/*!40000 ALTER TABLE `geozone_description` ENABLE KEYS */;
UNLOCK TABLES;

--
-- Table structure for table `job_rate`
--

DROP TABLE IF EXISTS `job_rate`;
/*!40101 SET @saved_cs_client     = @@character_set_client */;
/*!50503 SET character_set_client = utf8mb4 */;
CREATE TABLE `job_rate` (
  `id` varchar(255) COLLATE utf8mb3_unicode_ci NOT NULL,
  `COMMENT` text COLLATE utf8mb3_unicode_ci,
  `DATE_MODIFIED` datetime NOT NULL,
  `DATE_RATING` datetime NOT NULL,
  `jobRateStatus` int DEFAULT NULL,
  `ALUMNUS_ID` bigint NOT NULL,
  `JOB_ID` bigint NOT NULL,
  PRIMARY KEY (`id`),
  KEY `FKaannichnepayeg148s34t3e9e` (`ALUMNUS_ID`),
  KEY `FKa5ruq7eus2pv2rq9r9x5ktx56` (`JOB_ID`),
  CONSTRAINT `FKa5ruq7eus2pv2rq9r9x5ktx56` FOREIGN KEY (`JOB_ID`) REFERENCES `product` (`PRODUCT_ID`),
  CONSTRAINT `FKaannichnepayeg148s34t3e9e` FOREIGN KEY (`ALUMNUS_ID`) REFERENCES `customer` (`CUSTOMER_ID`)
) ENGINE=InnoDB DEFAULT CHARSET=utf8mb3 COLLATE=utf8mb3_unicode_ci;
/*!40101 SET character_set_client = @saved_cs_client */;

--
-- Dumping data for table `job_rate`
--

LOCK TABLES `job_rate` WRITE;
/*!40000 ALTER TABLE `job_rate` DISABLE KEYS */;
INSERT INTO `job_rate` VALUES ('2f6269af-0b9d-4604-bbcc-bda2374de8c0',NULL,'2023-07-21 22:19:21','2023-06-12 22:18:49',1,451,2),('48e4a2f5-10ad-4c29-b74e-07e2055c0434',NULL,'2023-07-19 07:59:58','2023-07-19 07:59:58',0,451,100),('c2c0cc03-e43f-4713-a7ba-1520592f5070',NULL,'2023-06-12 22:30:13','2023-06-12 22:19:00',1,451,151);
/*!40000 ALTER TABLE `job_rate` ENABLE KEYS */;
UNLOCK TABLES;

--
-- Table structure for table `language`
--

DROP TABLE IF EXISTS `language`;
/*!40101 SET @saved_cs_client     = @@character_set_client */;
/*!50503 SET character_set_client = utf8mb4 */;
CREATE TABLE `language` (
  `LANGUAGE_ID` int NOT NULL,
  `DATE_CREATED` datetime DEFAULT NULL,
  `DATE_MODIFIED` datetime DEFAULT NULL,
  `UPDT_ID` varchar(60) COLLATE utf8mb3_unicode_ci DEFAULT NULL,
  `CODE` varchar(255) COLLATE utf8mb3_unicode_ci NOT NULL,
  `SORT_ORDER` int DEFAULT NULL,
  PRIMARY KEY (`LANGUAGE_ID`),
  KEY `CODE_IDX2` (`CODE`)
) ENGINE=InnoDB DEFAULT CHARSET=utf8mb3 COLLATE=utf8mb3_unicode_ci;
/*!40101 SET character_set_client = @saved_cs_client */;

--
-- Dumping data for table `language`
--

LOCK TABLES `language` WRITE;
/*!40000 ALTER TABLE `language` DISABLE KEYS */;
INSERT INTO `language` VALUES (1,'2023-05-17 03:35:17','2023-05-17 03:35:17',NULL,'en',NULL),(2,'2023-05-17 03:35:17','2023-05-17 03:35:17',NULL,'fr',NULL),(3,'2023-05-17 03:35:17','2023-05-17 03:35:17',NULL,'es',NULL),(4,NULL,NULL,NULL,'vn',NULL);
/*!40000 ALTER TABLE `language` ENABLE KEYS */;
UNLOCK TABLES;

--
-- Table structure for table `location_description`
--

DROP TABLE IF EXISTS `location_description`;
/*!40101 SET @saved_cs_client     = @@character_set_client */;
/*!50503 SET character_set_client = utf8mb4 */;
CREATE TABLE `location_description` (
  `ID_LOCATION` bigint NOT NULL AUTO_INCREMENT,
  `DETAIL_ADDRESS` varchar(255) COLLATE utf8mb3_unicode_ci DEFAULT NULL,
  `DATE_CREATED` datetime DEFAULT NULL,
  `DATE_MODIFIED` datetime DEFAULT NULL,
  `UPDT_ID` varchar(60) COLLATE utf8mb3_unicode_ci DEFAULT NULL,
  `ID_DISTRICT` bigint DEFAULT NULL,
  `ID_PROVINCE` bigint DEFAULT NULL,
  `ID_WARD` bigint DEFAULT NULL,
  PRIMARY KEY (`ID_LOCATION`),
  KEY `FK8259g9qqoelwx7i6d1sdki3a2` (`ID_DISTRICT`),
  KEY `FKr6qit76duexqdqvhhwfo6og0x` (`ID_PROVINCE`),
  KEY `FKngv2fan385in6p6tid4o9n5lr` (`ID_WARD`),
  CONSTRAINT `FK8259g9qqoelwx7i6d1sdki3a2` FOREIGN KEY (`ID_DISTRICT`) REFERENCES `district_description` (`ID_DISTRICT`),
  CONSTRAINT `FKngv2fan385in6p6tid4o9n5lr` FOREIGN KEY (`ID_WARD`) REFERENCES `ward_description` (`ID_WARD`),
  CONSTRAINT `FKr6qit76duexqdqvhhwfo6og0x` FOREIGN KEY (`ID_PROVINCE`) REFERENCES `province_description` (`ID_PROVINCE`)
) ENGINE=InnoDB AUTO_INCREMENT=15 DEFAULT CHARSET=utf8mb3 COLLATE=utf8mb3_unicode_ci;
/*!40101 SET character_set_client = @saved_cs_client */;

--
-- Dumping data for table `location_description`
--

LOCK TABLES `location_description` WRITE;
/*!40000 ALTER TABLE `location_description` DISABLE KEYS */;
INSERT INTO `location_description` VALUES (1,'thôn kỳ tân',NULL,NULL,NULL,1,1,1),(2,'thôn kỳ tân',NULL,NULL,NULL,1,1,1),(3,NULL,NULL,NULL,NULL,1,1,1),(4,'thôn kỳ tân',NULL,NULL,NULL,1,1,1),(6,'thôn kỳ tân',NULL,NULL,NULL,2,1,1),(7,'thôn kỳ tân',NULL,NULL,NULL,1,1,1),(8,'thôn kỳ tân',NULL,NULL,NULL,1,1,1),(9,'thôn kỳ tân',NULL,NULL,NULL,3,1,1),(10,'thôn kỳ tân',NULL,NULL,NULL,4,1,1),(11,'thôn kỳ tân',NULL,NULL,NULL,1,1,1),(12,'thôn kỳ tân',NULL,NULL,NULL,1,1,1),(13,'thôn kỳ tân',NULL,NULL,NULL,1,1,1),(14,'thôn kỳ tân',NULL,NULL,NULL,1,1,1);
/*!40000 ALTER TABLE `location_description` ENABLE KEYS */;
UNLOCK TABLES;

--
-- Table structure for table `location_product_entry`
--

DROP TABLE IF EXISTS `location_product_entry`;
/*!40101 SET @saved_cs_client     = @@character_set_client */;
/*!50503 SET character_set_client = utf8mb4 */;
CREATE TABLE `location_product_entry` (
  `PRODUCT_ID` bigint NOT NULL,
  `ID_LOCATION` bigint NOT NULL,
  PRIMARY KEY (`PRODUCT_ID`,`ID_LOCATION`),
  KEY `FK7hmpj379m2opg61rx1kq9o0kn` (`ID_LOCATION`),
  CONSTRAINT `FK7hmpj379m2opg61rx1kq9o0kn` FOREIGN KEY (`ID_LOCATION`) REFERENCES `location_description` (`ID_LOCATION`),
  CONSTRAINT `FKwb1v3psx4eqdalw8dhte0rhl` FOREIGN KEY (`PRODUCT_ID`) REFERENCES `product` (`PRODUCT_ID`)
) ENGINE=InnoDB DEFAULT CHARSET=utf8mb3 COLLATE=utf8mb3_unicode_ci;
/*!40101 SET character_set_client = @saved_cs_client */;

--
-- Dumping data for table `location_product_entry`
--

LOCK TABLES `location_product_entry` WRITE;
/*!40000 ALTER TABLE `location_product_entry` DISABLE KEYS */;
INSERT INTO `location_product_entry` VALUES (2,3),(100,8),(151,9),(200,10),(201,11),(251,12),(252,13),(253,14);
/*!40000 ALTER TABLE `location_product_entry` ENABLE KEYS */;
UNLOCK TABLES;

--
-- Table structure for table `manufacturer`
--

DROP TABLE IF EXISTS `manufacturer`;
/*!40101 SET @saved_cs_client     = @@character_set_client */;
/*!50503 SET character_set_client = utf8mb4 */;
CREATE TABLE `manufacturer` (
  `MANUFACTURER_ID` bigint NOT NULL,
  `DATE_CREATED` datetime DEFAULT NULL,
  `DATE_MODIFIED` datetime DEFAULT NULL,
  `UPDT_ID` varchar(60) COLLATE utf8mb3_unicode_ci DEFAULT NULL,
  `CODE` varchar(100) COLLATE utf8mb3_unicode_ci NOT NULL,
  `MANUFACTURER_IMAGE` varchar(255) COLLATE utf8mb3_unicode_ci DEFAULT NULL,
  `SORT_ORDER` int DEFAULT NULL,
  `MERCHANT_ID` int NOT NULL,
  PRIMARY KEY (`MANUFACTURER_ID`),
  UNIQUE KEY `UK6brqfdkga7jc78n8dh3v595y3` (`MERCHANT_ID`,`CODE`),
  CONSTRAINT `FKhswph4nthrqwffjekccudsrt2` FOREIGN KEY (`MERCHANT_ID`) REFERENCES `merchant_store` (`MERCHANT_ID`)
) ENGINE=InnoDB DEFAULT CHARSET=utf8mb3 COLLATE=utf8mb3_unicode_ci;
/*!40101 SET character_set_client = @saved_cs_client */;

--
-- Dumping data for table `manufacturer`
--

LOCK TABLES `manufacturer` WRITE;
/*!40000 ALTER TABLE `manufacturer` DISABLE KEYS */;
INSERT INTO `manufacturer` VALUES (1,'2023-05-17 03:35:39','2023-05-17 03:35:39',NULL,'DEFAULT',NULL,0,1);
/*!40000 ALTER TABLE `manufacturer` ENABLE KEYS */;
UNLOCK TABLES;

--
-- Table structure for table `manufacturer_description`
--

DROP TABLE IF EXISTS `manufacturer_description`;
/*!40101 SET @saved_cs_client     = @@character_set_client */;
/*!50503 SET character_set_client = utf8mb4 */;
CREATE TABLE `manufacturer_description` (
  `DESCRIPTION_ID` bigint NOT NULL,
  `DATE_CREATED` datetime DEFAULT NULL,
  `DATE_MODIFIED` datetime DEFAULT NULL,
  `UPDT_ID` varchar(60) COLLATE utf8mb3_unicode_ci DEFAULT NULL,
  `DESCRIPTION` longtext COLLATE utf8mb3_unicode_ci,
  `NAME` varchar(120) COLLATE utf8mb3_unicode_ci NOT NULL,
  `TITLE` varchar(100) COLLATE utf8mb3_unicode_ci DEFAULT NULL,
  `DATE_LAST_CLICK` datetime DEFAULT NULL,
  `MANUFACTURERS_URL` varchar(255) COLLATE utf8mb3_unicode_ci DEFAULT NULL,
  `URL_CLICKED` int DEFAULT NULL,
  `LANGUAGE_ID` int NOT NULL,
  `MANUFACTURER_ID` bigint NOT NULL,
  PRIMARY KEY (`DESCRIPTION_ID`),
  UNIQUE KEY `UKlpv09p83sc887clxe04nroup6` (`MANUFACTURER_ID`,`LANGUAGE_ID`),
  KEY `FK20t33wr4tp1kt1uyw7s8a3afl` (`LANGUAGE_ID`),
  CONSTRAINT `FK20t33wr4tp1kt1uyw7s8a3afl` FOREIGN KEY (`LANGUAGE_ID`) REFERENCES `language` (`LANGUAGE_ID`),
  CONSTRAINT `FKre4iys57n5cfbgpg3qqgewtrh` FOREIGN KEY (`MANUFACTURER_ID`) REFERENCES `manufacturer` (`MANUFACTURER_ID`)
) ENGINE=InnoDB DEFAULT CHARSET=utf8mb3 COLLATE=utf8mb3_unicode_ci;
/*!40101 SET character_set_client = @saved_cs_client */;

--
-- Dumping data for table `manufacturer_description`
--

LOCK TABLES `manufacturer_description` WRITE;
/*!40000 ALTER TABLE `manufacturer_description` DISABLE KEYS */;
INSERT INTO `manufacturer_description` VALUES (1,'2023-05-17 03:35:39','2023-05-17 03:35:39',NULL,'DEFAULT','DEFAULT',NULL,NULL,NULL,NULL,1,1);
/*!40000 ALTER TABLE `manufacturer_description` ENABLE KEYS */;
UNLOCK TABLES;

--
-- Table structure for table `merchant_configuration`
--

DROP TABLE IF EXISTS `merchant_configuration`;
/*!40101 SET @saved_cs_client     = @@character_set_client */;
/*!50503 SET character_set_client = utf8mb4 */;
CREATE TABLE `merchant_configuration` (
  `MERCHANT_CONFIG_ID` bigint NOT NULL,
  `ACTIVE` bit(1) DEFAULT NULL,
  `DATE_CREATED` datetime DEFAULT NULL,
  `DATE_MODIFIED` datetime DEFAULT NULL,
  `UPDT_ID` varchar(60) COLLATE utf8mb3_unicode_ci DEFAULT NULL,
  `CONFIG_KEY` varchar(255) COLLATE utf8mb3_unicode_ci DEFAULT NULL,
  `TYPE` varchar(255) COLLATE utf8mb3_unicode_ci DEFAULT NULL,
  `VALUE` longtext COLLATE utf8mb3_unicode_ci,
  `MERCHANT_ID` int DEFAULT NULL,
  PRIMARY KEY (`MERCHANT_CONFIG_ID`),
  UNIQUE KEY `UKj0c3h8onw3m6hjcr3yylst9fb` (`MERCHANT_ID`,`CONFIG_KEY`),
  CONSTRAINT `FKf9bkgf0ysbp5fo9j69shm0pri` FOREIGN KEY (`MERCHANT_ID`) REFERENCES `merchant_store` (`MERCHANT_ID`)
) ENGINE=InnoDB DEFAULT CHARSET=utf8mb3 COLLATE=utf8mb3_unicode_ci;
/*!40101 SET character_set_client = @saved_cs_client */;

--
-- Dumping data for table `merchant_configuration`
--

LOCK TABLES `merchant_configuration` WRITE;
/*!40000 ALTER TABLE `merchant_configuration` DISABLE KEYS */;
INSERT INTO `merchant_configuration` VALUES (1,_binary '\0','2023-05-17 03:35:40','2023-05-17 03:35:40',NULL,'CONFIG','CONFIG','{\"allowPurchaseItems\":true,\"displayContactUs\":false,\"displayCustomerAgreement\":false,\"defaultSearchConfigPath\":{},\"displayCustomerSection\":false,\"displayAddToCartOnFeaturedItems\":true,\"displayPagesMenu\":true,\"testMode\":false,\"displayStoreAddress\":false,\"displaySearchBox\":true,\"debugMode\":false,\"useDefaultSearchConfig\":{}}',1);
/*!40000 ALTER TABLE `merchant_configuration` ENABLE KEYS */;
UNLOCK TABLES;

--
-- Table structure for table `merchant_language`
--

DROP TABLE IF EXISTS `merchant_language`;
/*!40101 SET @saved_cs_client     = @@character_set_client */;
/*!50503 SET character_set_client = utf8mb4 */;
CREATE TABLE `merchant_language` (
  `stores_MERCHANT_ID` int NOT NULL,
  `languages_LANGUAGE_ID` int NOT NULL,
  KEY `FKjwy0pjijh1qmcoivq50o2jgec` (`languages_LANGUAGE_ID`),
  KEY `FKiisj0tmoujv6n3iqmytvo39kn` (`stores_MERCHANT_ID`),
  CONSTRAINT `FKiisj0tmoujv6n3iqmytvo39kn` FOREIGN KEY (`stores_MERCHANT_ID`) REFERENCES `merchant_store` (`MERCHANT_ID`),
  CONSTRAINT `FKjwy0pjijh1qmcoivq50o2jgec` FOREIGN KEY (`languages_LANGUAGE_ID`) REFERENCES `language` (`LANGUAGE_ID`)
) ENGINE=InnoDB DEFAULT CHARSET=utf8mb3 COLLATE=utf8mb3_unicode_ci;
/*!40101 SET character_set_client = @saved_cs_client */;

--
-- Dumping data for table `merchant_language`
--

LOCK TABLES `merchant_language` WRITE;
/*!40000 ALTER TABLE `merchant_language` DISABLE KEYS */;
INSERT INTO `merchant_language` VALUES (1,1);
/*!40000 ALTER TABLE `merchant_language` ENABLE KEYS */;
UNLOCK TABLES;

--
-- Table structure for table `merchant_log`
--

DROP TABLE IF EXISTS `merchant_log`;
/*!40101 SET @saved_cs_client     = @@character_set_client */;
/*!50503 SET character_set_client = utf8mb4 */;
CREATE TABLE `merchant_log` (
  `MERCHANT_LOG_ID` bigint NOT NULL,
  `LOG` longtext COLLATE utf8mb3_unicode_ci,
  `MODULE` varchar(25) COLLATE utf8mb3_unicode_ci DEFAULT NULL,
  `MERCHANT_ID` int NOT NULL,
  PRIMARY KEY (`MERCHANT_LOG_ID`),
  KEY `FKto727b9r68qrtn2vvdqdvd4ic` (`MERCHANT_ID`),
  CONSTRAINT `FKto727b9r68qrtn2vvdqdvd4ic` FOREIGN KEY (`MERCHANT_ID`) REFERENCES `merchant_store` (`MERCHANT_ID`)
) ENGINE=InnoDB DEFAULT CHARSET=utf8mb3 COLLATE=utf8mb3_unicode_ci;
/*!40101 SET character_set_client = @saved_cs_client */;

--
-- Dumping data for table `merchant_log`
--

LOCK TABLES `merchant_log` WRITE;
/*!40000 ALTER TABLE `merchant_log` DISABLE KEYS */;
/*!40000 ALTER TABLE `merchant_log` ENABLE KEYS */;
UNLOCK TABLES;

--
-- Table structure for table `merchant_store`
--

DROP TABLE IF EXISTS `merchant_store`;
/*!40101 SET @saved_cs_client     = @@character_set_client */;
/*!50503 SET character_set_client = utf8mb4 */;
CREATE TABLE `merchant_store` (
  `MERCHANT_ID` int NOT NULL,
  `DATE_CREATED` datetime DEFAULT NULL,
  `DATE_MODIFIED` datetime DEFAULT NULL,
  `UPDT_ID` varchar(60) COLLATE utf8mb3_unicode_ci DEFAULT NULL,
  `STORE_CODE` varchar(100) COLLATE utf8mb3_unicode_ci NOT NULL,
  `CONTINUESHOPPINGURL` varchar(150) COLLATE utf8mb3_unicode_ci DEFAULT NULL,
  `CURRENCY_FORMAT_NATIONAL` bit(1) DEFAULT NULL,
  `DOMAIN_NAME` varchar(80) COLLATE utf8mb3_unicode_ci DEFAULT NULL,
  `IN_BUSINESS_SINCE` date DEFAULT NULL,
  `INVOICE_TEMPLATE` varchar(25) COLLATE utf8mb3_unicode_ci DEFAULT NULL,
  `LINEAGE` varchar(255) COLLATE utf8mb3_unicode_ci DEFAULT NULL,
  `IS_RETAILER` bit(1) DEFAULT NULL,
  `SEIZEUNITCODE` varchar(5) COLLATE utf8mb3_unicode_ci DEFAULT NULL,
  `STORE_EMAIL` varchar(60) COLLATE utf8mb3_unicode_ci NOT NULL,
  `STORE_TEMPLATE` varchar(25) COLLATE utf8mb3_unicode_ci DEFAULT NULL,
  `STORE_ADDRESS` varchar(255) COLLATE utf8mb3_unicode_ci DEFAULT NULL,
  `STORE_CITY` varchar(100) COLLATE utf8mb3_unicode_ci DEFAULT NULL,
  `STORE_NAME` varchar(100) COLLATE utf8mb3_unicode_ci NOT NULL,
  `STORE_PHONE` varchar(50) COLLATE utf8mb3_unicode_ci DEFAULT NULL,
  `STORE_POSTAL_CODE` varchar(15) COLLATE utf8mb3_unicode_ci DEFAULT NULL,
  `STORE_STATE_PROV` varchar(100) COLLATE utf8mb3_unicode_ci DEFAULT NULL,
  `USE_CACHE` bit(1) DEFAULT NULL,
  `WEIGHTUNITCODE` varchar(5) COLLATE utf8mb3_unicode_ci DEFAULT NULL,
  `COUNTRY_ID` int NOT NULL,
  `CURRENCY_ID` bigint NOT NULL,
  `LANGUAGE_ID` int DEFAULT NULL,
  `PARENT_ID` int DEFAULT NULL,
  `ZONE_ID` bigint DEFAULT NULL,
  `STORE_LOGO` longblob,
  `DESCRIPTION` text COLLATE utf8mb3_unicode_ci,
  `TOTAL_RATING` double DEFAULT NULL,
  `BACK_GROUND` longblob,
  `NUM_OF_EMPLOYEE` int DEFAULT NULL,
  `SOLOGAN` varchar(255) COLLATE utf8mb3_unicode_ci DEFAULT NULL,
  PRIMARY KEY (`MERCHANT_ID`),
  UNIQUE KEY `UK_4pvtsnqv4nlao8725n9ldpguf` (`STORE_CODE`),
  KEY `IDXrkmg1f192v53wcxln88wrwgrx` (`LINEAGE`),
  KEY `FK2gn7vpkd9x832urw7c6jlawnn` (`COUNTRY_ID`),
  KEY `FK63hlw9wp1k1x3f5tke7t2us7s` (`CURRENCY_ID`),
  KEY `FKdnemo9tl8tjhkxko83psvkv19` (`LANGUAGE_ID`),
  KEY `FKgkoele515h76u39b9defibkm9` (`PARENT_ID`),
  KEY `FK5o24aky9161jyofyxmg0g53vv` (`ZONE_ID`),
  CONSTRAINT `FK2gn7vpkd9x832urw7c6jlawnn` FOREIGN KEY (`COUNTRY_ID`) REFERENCES `country` (`COUNTRY_ID`),
  CONSTRAINT `FK5o24aky9161jyofyxmg0g53vv` FOREIGN KEY (`ZONE_ID`) REFERENCES `zone` (`ZONE_ID`),
  CONSTRAINT `FK63hlw9wp1k1x3f5tke7t2us7s` FOREIGN KEY (`CURRENCY_ID`) REFERENCES `currency` (`CURRENCY_ID`),
  CONSTRAINT `FKdnemo9tl8tjhkxko83psvkv19` FOREIGN KEY (`LANGUAGE_ID`) REFERENCES `language` (`LANGUAGE_ID`),
  CONSTRAINT `FKgkoele515h76u39b9defibkm9` FOREIGN KEY (`PARENT_ID`) REFERENCES `merchant_store` (`MERCHANT_ID`)
) ENGINE=InnoDB DEFAULT CHARSET=utf8mb3 COLLATE=utf8mb3_unicode_ci;
/*!40101 SET character_set_client = @saved_cs_client */;

--
-- Dumping data for table `merchant_store`
--

LOCK TABLES `merchant_store` WRITE;
/*!40000 ALTER TABLE `merchant_store` DISABLE KEYS */;
INSERT INTO `merchant_store` VALUES (1,NULL,NULL,NULL,'DEFAULT',NULL,_binary '\0','localhost:8080','2023-05-17',NULL,NULL,_binary '','IN','contact@shopizer.com','december','1234 Street address','My city','Shopizer','888-888-8888','H2H-2H2',NULL,_binary '\0','LB',37,105,1,NULL,9,NULL,NULL,1,NULL,NULL,NULL),(2,NULL,'2023-06-18 22:23:54','ndlong@gmail.com','nhahangmoi',NULL,_binary '\0',NULL,'2023-06-18',NULL,NULL,_binary '\0','IN','luanluong@gmail.com',NULL,'Đường Tô Vĩnh Lợi, phường Hoàng Hoa Thám, quận 11f','Thành Phố Quảng Ngãi','Công ty trách nhiệm hữu hạn ăn không nói có','0379777722f','84',NULL,_binary '\0','LB',37,81,NULL,NULL,9,_binary 'PNG\r\n\Z\n\0\0\0\rIHDR\0\0 \0\0r\0\0\06\\0\0\0sRGB\0\\\0\0SutEXtmxfile\03cU2FsdtGVkX129xZeeesbFzHh5QKlBLKznlYWtoHdeROk9Rd6p5A%3DZ8nPJLP5xvaLIVoa9eaaD2WysOIsLv1DcK5VYvPyBKMjeE2LPNGlSAGkNbQGCkC96wS6X0a78qlhk%2B6G4%2FbYvauSPrVR%2F8VcxXeq6z4KRDQODIYXbpT1P7NMh2Mp6%2BLu7juHVCUOZVh7BZZcmgnZnUXvMD2p%2FtG5UjF7USKoknSRLe6gkgE8QFrv65Y5DNZw6wn7iHKdB%2FWVsDC7%2BnnSlHpMu96RvYUwvSEseU3n60i1qecw%2FtaYa%2Bk%2BNQ%2FVPZLjOWXAPcpQfwAIG5aJCx%2BTM8WxMmLuK2QyXQgTz7n6ZRfbOYsR4NAJPh50xWdcL1I%2Bn5devAaABCnp4l8pG8xsefkBeQr9ev5XMqs1bLR5GFzBtRQzrpzyTAXXOazI%2Fk%2FavQ5r9wTK3pyNlndZFDHtLiKxZAy%2FF8xwilcCtGS5D%2FWAqxoFXX%2BeLZGgOTwq8Z6ezP6PiVGScKiO3N6V5KgG%2FZLOvJR4zGM8V7vQiOf%2FaKkICUiCQ50Y7DKTVqsu1j7NJ80RRR47eLiwc3wGsVOp20sZoJ2uRETgGVuC38BqDv1MiVPWJIZd9iB%2FE6nDT24MVS%2BLcbHHFgoWhKCHv%2BvbzTji9x7fI9Ad%2BiDQ66az1OGnKZtUWNS5nspfKye2wi7%2BulgffgzGtyP8ilYbVUTsaq9SOGrf6U4rOy19xX6LLaJ8tsdbmZUBbZnnM2ewpF%2BsgSFIQwY0JuiZvD6imHthk4lGmTSfSg9ReVhFaeZQzHFY4lvQ7Zgbza%2BTQ%2BJti8EQaxGonuOZ7d8PdqdKsKhMm5VD3DeKN2Zqyzjv%2FKDLVE6o8D3HPn0T5n5JOvBuCzOTDPzIFhbTO%2FU590gOqgzZhrIGzOT0gtBlNAup5tFFdcfSAKyH%2BOnpkjkxzKxxGrQgjgMj8nnLAQGvOcmMG4U6WwDRsWE6mbs7ZyDTu%2F%2FTtoR1jxU0Uju6O05YKxeFfjV1x%2BtN7153MN5QVpOP2Bm8CYgZcytkCLXXCH5Q22hiCIXhnnX%2FgXPG9JMVdFGR%2Fwls4klbSpUEWfgO%2FaHzDhhA3Eit92%2B1vIfGrneuziQzqjSzIh8FDIj%2FfLQ5gBr5xhL8xjiHEU8Otx4w%2FHC7AHCeGRfr4x2D1z58K7wtqxLJAUw%2FxNALwByraNMk1vChvXZ3kT8qZc4INFPpLkjzqCLp6CTh8P%2BQDRk9m4suXQ%2FQRYbfLnfby7qrSIQs1b2m4jDK7Uu%2FGU6biFitVT1boW5MerHRYWoyW6TZCqEhLuJFxI7aJeWdiQLZKjdvR5viawyNPuIvCFGiQQP9HXsc9xdGHKDenVZcjeU3fB6hVwygi50RotWgxtyQgm6QcrwbuDcDIWVZhxSuYKLtXQaYZ5RhefWGZFhaTm0b4IAvmhah6EWnkSn0LeWbvGG358IQC9%2B%2FiI7kbcrgq1i793IcnjsIlncb2yxMSdOs26%2B03s155yM2Hr68FzV45wXMERW2YdZWLVa2Ivacpecz292HZWdkkuYha0tNJxxEyvUKlWiavwPOXg5B1lcBrQc4XPP6Qw1nsR5tjc9YwScRqnNBYX%2Ffw0lVcnKwLAp3l4891egcuZqk4OI3z9yIwLNcNeoIAkGCOCYAfkXPXhWQ%2BpakRFKg3tinaW6%2FHZzXXM2%2BKADE8g42u5MoeP11PLsHVR6zVNDZx82tVRYQP4Ak5%2F9n%2BW9xy9N2jzAC8pc%2FGSBF0UhmcR8%2BhVRMpGayc%2FiPs4fKo1fIKRs8CRlMi9JqaDzOm3ghR8Ypo%2BSh6qf2XSOaDTbbIUBF74Gtvj%2B0fTQTSBe%2BfprbzdXYt6hZQPr5SgNrC1CR4RLjd%2F4hJZcvfPYMCh3oGudm8HD8zm%2FydBg5a9t7Kq3Qad9qvsYtuLmJfV%2FoN3fH3%2F2OBwlPOsPg28V4L1u9C7FfX4emY2b3LJzlyavpcVtycAfFAcdbSxswA9elFSzzOTJ7VWF%2BOZ9XkAgk4TAoR2uXgAqUoTzgmewwrccdDA7cLq7hTabG67sM54DZvHQF8d7om1QGWPK4Z%2Fx%2FfKgq5hoZeDLPk6e%2B2%2BuawgCvmKgheiiHHkwSzX4BKVIwa8u1vhWFYz7pIsde7FyrXMMz7kvG5tDQ99TEUrv2K1qUtIb1n3JRM4i0D3oBzTsjlC1neEvCvTl%2FtMrzzJpPGRQrlucxlIXkkQftDgnCvd%2Fb1aMZHo5Y3vaGEzhUgefu2DCCtsgvV49j8oVF736GSksc1%2BmBkwdQ578UGQERN9T2bdCW3pLrspMu6O5kYqDmQW6t7PYXCWPvolFyYtmqED47bWKB%2BbbuGkIrbn2qE6r%2F33YqUUBBoyAF8GJbw5%2FH2DUDgFMwyEbVY4gLd1dZwZZikUJeu5T%2FfO2qHzLStD%2B7bmVv%2BJJsVFHfRWN86OTWRqslfSZpeS34sXwg3GP6qC4t0m0S4ZAue4dhviSfjeWj8YDuoI%2BsRMdgkqWPr89P8ffDa9JnszetFGpdIHkfGSw%2FlEdAzeq2TyShD8DoyfF0FD6IxcN9tMwKzNFFo9cCDFQUE4FG8xx%2Bz9R3rN0WFtPDgID%2BxRn2m2LaDvSwOsavCBc1f6d5pIkiCEk3FlIOLmZxmcJ5zC3EJZ%2Firr3G7NmG68bUCFFPktk0sftXpsPoxcrk6YRpLhBu6KYrSHosWilmkpvMLBLIv6KwSSRfOiAJGKzyMpEDPaxzW20XrLdQljrJKaeRMtlS0ASif%2BEkC0agj%2FDjiYwUblzGKkkCGAx2kaxWbfuDZLRPHRcsvrd%2FRs2LwLggnDu0oXnI7Je7oFDbsgJ1kHSikkTPBPM16mDnn%2B29O68HlnaQg6LvFQjbNVEDWgehnkJDb4yiFEnVbbMhlNpmwKAmMbyS3kKEI0gHTfeDpWVVq6lebYTzrFQrXaPvr8%2BCySjCivgD6L%2FJmCTC1om0ujjuNhwv6EwBzFPSgiH8hRDOCehp8fzgfCRTKwC%2BMcSES0r%2BRlkZaKA0vw9LNEvekcLzzOSjF5aYEbkvekMR65fpmj%2B1rQKqFdymwBVQdqz%2BFf%2FUoSF4%2BQpxbA%2FW7C15kd8Rub473R5O%2F43ah9HxU1VTVKaV7hvWCwVgNv%2B%2Fi7YvqSqjIO33WHoBYsdZSGmnNAxd7vJN22sMAnHMtDmnG335hliIxOnq02lnFqVTBBlwpS9i5yibBb%2BAMQs6mSOn28LwHcGXXBVIWkShRcBdrBnNu7QmbCheiAyHELxwSyMoD0n1L5u5TqIf3tvQEoTWCB%2F7Iz65L%2FjP%2BIn254QpCiRc%2BpZB3rwnf6QldEKeEHwQx1rsYHyrxx5sZqyf6hf7NtplkJc1%2BClOUhnrKMhGr15ZkwUKHqp7FCvzjlLten5tZpOzOZwouNrs%2FAdZfxkVYtWZr9Tb5jUgFRlCTwRyNAJt5irFRTzBjjskoytXpMP5V6ABdv23QFLXYgE425QAqmhBn1k2t4MGzPp4FIDtV4CF41ySif6whKX%2Bm9nj1A0eOJUzXsG0QsGysswWLdK5d48ixexvQWG5eGTsmeN%2BXAAdsyLlW5%2Fj7pE%2FCvKuIKlrNSX6s%2FHhmm9H7d8ttIuwetFbKrGtxsEOmk0WtRbmhairaJW1Eev14ppLp2UD1VdEYCepP6UJu8SsKz6q6IE5ECC2Ln4gFi8f0eeS0r9oUF%2BBWiLyQJc1VmBYCNq32PvpEoTslNxpyzkWsl2hZqzjCMT2gJGK6TaDKJEj3YK%2BbL3q%2Bii6idyBGOej789qDfc0jlXFBmkogRC03jJJVT2WpltvlJ6jTlRY%2B3qV%2Fg6fHPHHtF4flBgl79P2d%2BJy%2BmgZwoODKItmnK%2FmHHWs%2BKIP9D6Fhc63MID3b6rE51IClselDn0EsqmbMqiMZFVYTjN6r3voEtIllsCJyetZ0ZJMW0ChpQXzf%2FZN8GZnW2O1Krzi9ipcy2DoPjbYyKEG0auGSGS9MVguVHaCVdptCkH8jThdE9TmzYfMwU7QOobcb0eoSxIMettB2BN9Cillnc0VF7mqkGCIaqrNF95u23XjfiB9hngGXwQXHgA9ZJUIj44kr15AJWqvOWRkhfRyzaBCD5U%2Baot%2BJ9btPvUbXRgRyzZX%2BBwzR6%2BwDPWehxxgINbEld0jp6VYSqq%2BmVOdAEbQvo3aT5XkEzMiaeUs2210olMDyTd6U%2FCh1eA%2BlCHngH9qNKovc8ShM8S78j%2FPSeA2N%2F9TeGM5xRCRkjSAr09iKGTMV0hX3boihY4nYKfoIF7TwnB1l8kXAlSTsy1OosXNl38S3DoW19W%2FWsx6SsQEptMNlCbnkVmRmPx7EEyxmNUZQZVBphts23xQBZ9n8nkxdGLVS%2BMHsOihGmegvRK%2Bc6I1h%2FRHNEMrLa0wKFymMh0x1oDuxlApkNdG8oQTmDyWQJyYJ9M11dbC7R%2F7Ac80rmofOJ97m4yxCFTh4nXIyVX5%2BeCmGSxh6qw4OHclTA7WPQG3QBPZjkutvSsa2ZgR8jqh%2BBUg%2B2YK6JTw79dObrqzWoQejISevtLXTVeDOMLo3NgXJ9e6XG8axMpSoYo%2BUiw3NGU9KKEFMdG64LtnLMK6NilIkCQOuNqgBEbkHhBvPdMGXforIKgg4l3TdB%2FLUo9azSBoJD695Nybm%2BLfDqCK1LTHoplr5lwcQZqkEuB%2BLQmXYzH4q%2BjLh%2B4Q%2BSwhCivCmqbEzQ%2B3jHqvbMwBRnrWbSaGwtuqbzsnfB6dei0WgDLCQ2sA7Z%2BrKDMNPzacxI6NN7CKcVhBaZHWlSa%2BUnT%2F82VC2UAFkVlRg49TW1sUr%2BbdI%2BKa14ZEWzbKlzaGuJlwWzisEhzX3pAe8wcZEtZQ9HV9EqtvZyfPGltv7knyL3NIqESeCc%2FyUmHVzhtkMWcP1dg0Lc2XfTLXBqwKqxfczj%2FdIMT6Be5OeRvKvIW8un%2FlpHs3x1Jxd7%2BiAukX6J7xrKWYOIRZjTvarIgNLjx1RsUahjpGu6jC%2B0rbnXpkxKOnl9%2Fbjjv9uDXrxogurEn5xi6qSfapFwbvgZSSnr9QUne2uen8sQSYiW2v6MXRQeTSmrRkPeiqVL1UtETOuHDDIH2Z%2BicHPmLNDFNUnZDyCwvRRKzecsOIukY2Yrn0vsc9nvjv51EV%2B3WGkyMfcKFrcPlra%2F8GFFbwEhppuPa7DE%2FsyGrRPDYVALOnBWa%2B%2BCWQPF3nVTqz56QxESmGrp7aRqhpuRdCioXDb3HnwWHRfL8pXLAS8mLXCixnMHY76XKKeZx7zlC5WzhdX0l0MTSe6zBxkAQHI5bZHFmO%2Fw0PVNz1yRCtWXiDhEgUgvWH%2FBNo1BK%2BTL2HMHPIXEBGClPZsXNUJnYN6O1emjPIXoGe021vvLoq5Lg%2BLvlLSqBkfSJ13qRnpL5ISWyE8bvxUT8Sp8PrEkznbW1Y%2FA8DJ4bYKmEsJCwO35eH1%2F17Rb55YrL%2FfjM1%2BQrdWu0qbWFMtUavy2AxKWLbhgc78ZxysSbZpijTpPSiWQ6%2BfW424wltS7LkIj%2FLLEQvudE9NeVFasytMHzyuEgLPQW6fNVS3fWiUpXtTQVxOXscagqz3zg5nAcWhDvF5DEekeBmj0PJ1Ru2AiCzKkoFV8cudych19uHUzUWQv0uAWOsI9wSrZiBbr6%2ByTP9ciJ%2FGtegElfnX5po%2BcbaturTxLCV1hXMT6UETYLJ2GT6%2BGZN%2B%2B6Pc%2F%2BoDGUd5s5fxT5D2cOhu89tYQjIv%2BaeP8KEVC0q6ErGkivrSfRXqz54DDgM3DvOIlNZDVLznG9WWyiphvTRLyTrhoVpjizEDdaL0XUjO%2BYKkxJv8Q%2FhrHtgz943l9fK4fZ5ZqsQT2HcYlTrhlpgYxTDeJxgSLBCwlZsfZpTqcbQ9zotD8mnz18jumVGxeXNxIhYlhA4XNk8POC0rd9bPwgV8ap3pJhGJ0Oh8taJQa%2BbBil46k4iem3xuZhhyK8ZEr99Bjk96OUnbpuqeZ7Rr2SgkJn3zpMvg1KwiJTzn%2BDOLIKATxx8BnuGfztVp0%2B%2BU4TW3tWgy%2Bk90%2F%2Bn2p9e2c9tNVkmD7pn9nLhgsw7pXNMoaRepx5ZOKxWHj4NQZcWcUcwoRHl5I8CCEjiYPubOR98pMEGtXw%2Fen4B%2FvZmdK0%2B8b8rA%2FIIydGfmUHxePtzk0RXg6nXUb86gfkUq6z0x36%2FRnJVglkFfDDhnQb9lke0LXltuAcZEwgGCMsMqkOzB1Kx9Faog0GlFHz2fzMO8XZTXwslHon%2F8ryk5Mr3TX2V3wQMerocL7Evp5r9N7oV7W631m5NVGe9JN15sJ9pRraTDU7%2FpVDn1QuMQM%2B%2B6FRIAPTvqjot8XLzi46DI0GFRueqvW60QFfX%2FAxBdCQr1VkNY%2Bbx4cL%2FX1ZGv%2BxJK78LzA60qS%2BbUcLsvQ%2FPYL7%2BU%2F1UwSmOspPKLEARfE1s6xbmHSJ7AyPRDSNRHPeF3%2FmQn6WZur%2Fx74GTZpdcPFoNjInl4GA3CYaDAM0vvcsosURR4NR2%2FrmdpKGUgnxMbda2h6peUu%2F6ooi03b4xPbB8YnY%2FVkg5jZmFpX9Ugj8UulFXX%2Bd8sqfmIh05HwayvPHgAFnozK9MwWHCwJmrXpJ9h0YePpRdac5fz59Iuoi19lIdl4ablYZrkvicYB0ob0a9Lpnj6y4NsiGgSB%2BHOoeWNWfn4WQnoBctJfkIhB6QXw3e0%2Fn%2B4X1VaYi90dztx92Frn10Mv%2FiAFYzpXS28%2BcYFGzwfxVDQMvuE62T4tUuwFu%2FR511qmE5XiHIZODvsG180JimHOYps%2FPufBTpzAsbZG2lNfzCYm6SwVTE%2BaRWPDV8bfHaLpbY6eY5ug0nVjCl7ziqXwS0tYgDkKOOFK9IIlH5zIid3ydyzL5pVcJeXBiwF3yLFDnxsh9GDIHKII9LvDRMLvr0%2Fi6V2WBf9SKFc0as9qF58wFz5IHXHnFkjbmwGbWoSbIg3vQKQa%2BUCfrORNnySEajPUkVNObuBICvZZKmnvuoDk2WKkstI43QPkwyUVEGfgP73XytAx%2FFmhQhJFhsuFFYxUKNIBV8Qp6fwrBYeoo15OWHeSo9IIkoxRvOn3fsCFaiQm50TZIJTnJyK3Y7U0ZE%2BHq%2FS750sYsDwv1jWYv%2Fj1zOIiQ5nI85T9QyD6%2BMBUuzPmCcLPOSmnrkMVKPiWSCQAtSbeNRLRrPWd%2FbIdTpBUNvSATU4SqtNg0U%2BbTO1AP0%2Fz1EBYe0%2BgDXom5I2yLx0LTwBuvEGfSGTabe%2F8QTXj9cL1flAXT5%2FIWA7GkEAJSNaGtkO1WsDmnRfnMEbvqr7y%2FVvflfNiDVz8xRyZbAejd%2FyAbdSMf637sOgbXHB6GmvjkiwkND91XHh11RD273lNXifoos4qgAlioPPb6TnC4pg7bVY%2FLCaaIq4MWI9XZ3Kr1qRU5bhy0iIDYpg30yeuw89WbkFTkRL%2B2Xy3JI10AiGK1MUxZhxSmGfboAUEIq44aY8ZGHooCX14g301DASAUEpHDiEH%2Bc47t4zmOrFJoMuz2deUqlLERrxy%2BSIQejeHCSgQQmACrl2uTCMrqng1fXho1NSkn6pBnZoNO5C3eVF8d6gQDeIXsa2okl8M8I2jgPr8H5XvqUYEYQCEkW0xj%2B%2BUzB40lyDT0qNS08yDBquuGPCSS3Zulxuo5j9Oen1F9dupbcGv7ZeN0BLUkxUYiMU35x6Fs5C2Sz%2FaHiE57Vtbusw2AY9aRU%2Ba9DEbieV%2BkzL%2B7KzExzQCqjSB9d5H4vxSmVpx2OLSGWtzo9CPtqPuWic7S0nTBgJ5Nw3oto5jqJzGNbX2cUGic3oKEhB6goOLSUpXg7Y16YUMa2aTCCbXmeZIdk%2FgrCv6wvsWf6U7gI4g0b9ZGaeGkNuVnB04klekKrUIfv%2FDMIcQQNp6%2BMPeOD3NVNibBf%2F7y91RLhluRYeBghMwhxgtAo4UZilUO1pQib7IO%2FhBRBX8r2NMWIChQgqXyhFWcHL4PP%2FJkDAVu%2BZ68ysGXTOFzDIAQAKjzK3mtTqEWy9MQQCwKmr8aBtVtF1i23C2D2CuMjVeD650%2Bh0ehuN%2Byd%2B%2FsANScUAByxDll0XniP4Q9sFnaavWIQLtMAUoHHe77xV3%2B1QOcCl4F0wOKjZtqmTLgDmKEE8944cs6FFbDZzGHfWAcWyjk%2FX1zew5fYjELa6zSl5uhUv4N9kLMDmXcwfwt1BON0iu2MUCdONUy9CyQDxor5SRtPulfrQDvKpTz4UIf%2FTN%2BdT%2F%2FtZcEpFD3Y3WOiNUMnfnFjYCQAC%2Ffljnqplg%2FqlUKoFzm9Tk1LM2vscBr1Y5X5qv6SaRtDjs0so%2BsfKJT6CHdtxtCkBfrXWRXVwi0ii26zvKy6ADFzZG47O%2F9HUqt15r6K5rk7bpwboJLYMfMrF3tbLrpEU1oNGHmgTLILq4IZ0vzEtCjwAN3fvbh%2FRyN50wEsdD7C7mljLlqsxQl6CO3zkVx0sR2yTeWYxkUSK6pQZ2fTSpdEd8uPqGBk7W9amHVnGPQzWA%2B06fwQORwOZVcdv8ygE%2Bwy2im6YU3RMIBBB%2FYrPmcd8YPuLLvQGUHPt0RDYbTfI4fhIVrlhrZEvgYeHtOYFJsk0ynym0N%2BYU1q8KB05yt3XM4P%2BHzDeNfc04vaT8aJ40HbSwrEJZ1eAb7%2Bhq4386akU4jRdfuLak%2FojpQP5f4yyfWLb8cAX5aUkafWagw3TxGDaOA37KiitaEZgS%2FqsTVLlnTZi4bTd4sKIAK0mEy6efnEs2KCF1TRSFM4vMhZtgbMkLNAkPfRxg1eRJfFE%2BnESX9aFgwPJhafhwLPA9MRWVf62M41apd3WHpgnvuSnB7H2LE1DXuXWYwYRfUn3ALYPDmf6IXW6UDCG4YVUzp1dQoCu3SynJZFp0geEOFbY9mCQJN03JKdMDthKxzIu8RFvQjotdOi51%2FnulVgQW0VVnacM3n0rQ9%2BPJuh6In2xD99mFyJiDQ7e2nACgMF5uCcqwgDO3c60DRAgLptWlRdmQDfTydMjlxWC8U4fubMmZIx8HhOUia8oCu37cjkqhpazPPsWPekyNcN2hTDCcxJ72e8E63coZ6jWtHe3DGrHjwOw7xdsSEFbcA4XakV4emmHc1cDjH6MB4Yb%2Bs%2F0LFy0C1VgkqvfZhksnPMoh%2FiUDJvH9wF6xfCz20f9dLDBe4FwJfDTHEdRc5ZxCVMEUnSMhFiQyeiNbLDIhgguS1vJ9WbD0hyBeB4g54T7hK2Ql4cBMCcS%2F0ggUXIDH%2Bxixa2Kkwi12rsHh%2B%2BKoMe5FFpkMk8MkP8XDzD46nq4c%2B2QUi5zmBE9ocI%2Ftp7jOBZZC7wwgQDkFaETjfU7t%2FJQnjPoXZTZgDvYS7eMz3SOgfcG7Q1akz1kbU9QYMgNnXrY5jenhUQNQqFHTZoMfZFeG1C%2Fp8o7388ZOMsiBggUyQ%2FZSCKzPP5aUhHfinl9K0PixQqoFNkNFmS1U8kqixNKq80QxgfkgrogUbuLMzWKaePrDnGAumQ%2BQnTH7S9T2Hv%2FgbxbXwMFbyzZ3GTdus9dWoKz3BzQFSxOzmBq%2FIXOX3GcIeQogibLidhAtVmQMvH8FRN4ZRhwEctVRxF6L6Odr63cgQQQWln9lz3FhXeTGfh%2B0Zt3JWr4DrUW%2BSOpzi1aV4wi1qH%2BxS9uwrf7sErwa4EKOhgy%2F05rbHyiJlmitrZIqe04Wd4mNTa3T0merN9Z%2FXFe%2BPSZvfO%2FvVL4%2Bm9VMVU8EMkvjd2aXPZBeTnj76iarOrzFnsli%2FLQbERlnr94QBk9Vacmnrg57WnDWriGYe8A4SrQ%2BkDoSkT5Osdf0XY%2Byb1tHkdN5BCnDJO6Mcerq3Fgtp%2F17pHNa%2BLSibqKqbkinY52yyEevF70Uz5tfUD7JGEEAJSkXUHf3yExClaJLiuuza4ky5RgwhiFoum0C%2BeaozJ3xG2wJn2c2qD6PJCABPvw1HPKidl%2FZI64u3qez%2Fzqx4Qm47LQzwFM4zxywXWMfVRMUwISOp7OD7JjZlaw%2FddvX3%2B8DDRGX2X0suDR81aQJr4EVULxUirYNmQ97o6CpoIiTUT6oP%2BB9gXgRggTzU8lBjJDYg31QXzsITFo64r445c5p9emeOP47dPvgskO14Lo7hDDi0wg55wOvkzZOgEeHM8MwThLBdbe7B%2BkmI9aAWoYEIvishhDr28JlGmDO7hB913AJYw0oU98TDKk%2BoBraza%2Fo0P6UO8GZkPf77sOZCY4ju0ySm3rP7ah4AAF7CCFj94g%2F7OrD66I8dkMjw%2FYJKvhpilPVn6Ukyl6U%2F9CzUX59O1eZVSzcvfv22CsuyS%2BOuyViPWiCoydZZG70lHkMi3i6hbp8MopEoSc7E2DgxNMVrUcJnBC9ujNc1pLQQXvsoAgdPelDnq7AfVJ9Dh2Dwl5rDuBO%2BUWunotEpBZ0IQzVMXQxZQDahZS0690ibzvYH4yJh9KYL60J2Bn9qGtUBo0TfzQwL29sFi9jz131i8b6PBuNP70wlgxNPJGyt0iaXkAO6k%2BHHsa108oUqGUgFBh%2BCWxtw4bTIgD%2F%2FbGFT1vtzpQ51ND0R1H0ys5RR5eOzDWLOyzPP2MfDUz9G4GAekkCU4pCv4cZEZ6k1nUoYzxJoD2vfkir4flNt7Yc2Zfs3NBNytFfS%2B1erFnYekhZG6JSdiuWFspcEsxHAFafAu6AIwYVKXUzAnP9DfqBpTYp1z3ibtzJ%2F%2Fx2UjQDlrF3yc4VYHYeWXOa2lJDchSeDVI6alE5rJtaykHyC%2Bj3vettzs9Wi0JKKYf6gfumpIi6lf0h8qW39WaMLXVvQWcJxWUXf7gvkoGmeJmYv6biR7E8TdhnnOtbH5uGyzGH%2F7XyLLF6sCDuwTiEdkuORlaMgBFBErCnH3oRPlCVqvYaiuCjTsos0ZcwtQVt5B94WaJBwsr5lmkOhIeNnARIIw1pJ%2B6BPhB2wj8zVFjPnHAI5aZrWMijjCTYn%2BNfes7%2Bls%2B%2Fhc9PZkv2%2FRAG6u48AeadNe0rAhxJEtS8WrafYuTOVddfSAaqejkHq%2FaO4c25NTZSdssuiS%2Fdo%2FQxlGucg5vkw6wkL40j%2FPJ%2B279JGEVju1wuz9gDKKnOhuAUFBGkOPM%2FbAcRGr1CU%2FY2Y7%2BTLublrmQ9ki1MtxZnqF3o8Y8Ps8pDN5ipu62w4L7vWvn3h7Lgvi8i3x6KbMe%2FOsO6lGmp0gK3r%2BJDzWnDFJ1Dvt8o%2FqpC5pEmcstH3eyow8ZEiO2Lsm2B%2B7ZwX1XjTvA1CH47hYDxX3%2FIo2YsZ6qhZOXdIUWYtmP3jMzoXd6NB%2BYFRUD4Lyda994BheSaUoEBSAM170k3E4IKs01CarnGi12gf6pewx8TJVPvboKRYYn26OLYrxstG2su635nLYjE%2FqMS%2FENgCLG8xWgjNbrbhsxEfe2bfB9vFrtqTRoUV3fm22ECFRRuC0V%2BbYpQ36Wq8G%2BNna7Qyd6Xaxx2kYr3faj2VG86YZvp7I1LP%2BwxU1S4ymnnMuVngInwNOgxq36KneKDEBKBv8GHH8fiEG6OlZR47T0BhS%2Bh49fKg1Opt%2FrT1l1peoSJ79cw5I9jhVNVoKSNzNcGsysou3yXIs0YWzjUz%2ByVL%2BEsfXtH44P6zbKKyvoOmIjPp3d%2FbUojRXd7hVAI%2FwaI0sHktZeeDX4pJnffUc2pf4W9t0IlP9ismuwEekJzlnN82%2FVFYtCoXFE582q6%2F3jHajwHWZeQqkMoO4EmxCNsObZe8oeyj6bdSa3qKooZ4pMHgHtzCuzSqsQVVv8W%2B9baUdPWFoGba%2BmmV%2FRYE3EWJlHWTrPzKhbOAMFhH%2FQ%2FXTq%2Bco1WKoS66BSb3mqAXwFHQftZjH7ynZoxR0dADwrHhzic8o4OVP2BVXlzkxGt6XWkDbKQZPPdsfV8nJhJo2zrwxIfKfGem6%2FkpWx9kUmJPUsuB9gIGliNWr7DJPIyi85depH6xbZ%2B%2FXpzsIFTq8Ft8WOpgcXbVtYUmI82cwixY6RG76eKZ8R2b2J5%2BLrt6Rq9iu%2FcPGQQEKRdKxUsXKdHwamGZoc6oOKS4awowNfRzrCdkvPnfxqgEUFtmq%2B%2BE8mgkXhvRVZxZ4431WRyoftya%2FpASWg%2FILyUeOumej5nKs06c6lNABwpjJvyLr5bIJse1vA4xlDTMsELNxebChWzvE%2Fdjpl45YQa3WJS98WayRXPY0qNfh2eKWDFr%2FKZscvE3%2Fj6FE29LX2iJylF2A7yadBDWVljLnoAj6ogSqf%2FHSw6mEWGxbadIubgWT70KrEqdFWqe%2FP6hc%2FR%2B7Nqdc8cBYl%2BSL3VMN%2Fyzcz%2BnFFpmORn4gHK0n3ru800v0Kg5t8YsdxBZhdLrVY3XcSEA6AVkBU%2FsPEQtUkACqcvjDuv4bEgrovq4uH0kRfLOpz%2F1VY8BzKbB97063LomenN1Zk0nY5ywOqjKqnsQn7Gd1cEYOm0%2B863%2FCbXKrK2yGu1mYtwaNBNUzS0kUKFfR2BgsCTu8%2F79LTnbSzeZgY86Jp%2FzNc%2FDmhvy%2BI%2Bl2sacZjZPDyLgXhFj66VtFg%2F7tjCpnlfQpAksuxlMwkeb2mzLXmIMB6XoUxQOOUXgN%2F6Ged8QdjCrKx8eBTWJdqMdSlpSjA2p9A1GLHhQ%2BOYdbPQOcF%2FSOpSL31SXzydZv8dXRytWBZCVyzhsPdzL5g8vKLqTfTnBekadOe6xP7e4zZfcSUsT2BGu4q754ggqrF3G8iVs27wQffknwUOW%2BYM9KwOxh3RQ21yjbQ%2FWS3LQaVqp0z5EcOp6fVt33nZjRk8Q84ZpJ5Rp9UH7vvS5zigBzTbFKB7qluH8uwGvVOPO4hfjbCducLBg8yaWOWAWrLj4wWPjMZhZMu7U01gISmXSFPf3DXmPAPvyGPkBvEtxvoSkmZQm397p%2BBVZiqnwJrQ4e2KY%2BhulHCXZuBVe0%2BQI6T%2FKlVihZSoNYAMdBWalV5VR7mJaMvtySdcynres%2FFNMIKytlwp7zF4Z87mlNZhW8Ld5QxER%2BRD1AGJF8ty6UQ8Mv3tzev9fuP0GW2wF4xrNu4%2Bz%2B8soZzEvAnAM0TohhwZ9o%2F7u7yg99d4jJzBgZrw42irgFnGG1XZcsmQ9m1vi74BnRA8Zixo62L2Q7QwLeEuwwqsLqOxMGYAEPzE2gQW0%2BMxG8QNbjMD5XKBQb5qgq9OQXEeR9yXGZ%2F2%2F7ZTNZNTJ%2BnrLiQsqO0FlQ6vDP%2FnzhNMV0pzRJfK0uYHp2NxWe%2ByT3P8FblGq0OoLPE3Ms%2Frz3XN3Z7LE2jxgOjVGp6PMlb4N6JFL1oRUl%2BCBuEC69lgBf9fU4BwYU4VPzM4mwU%2FiBYvg1b2Jln%2FnNgc2xQLKLRDi7aeKJe%2FrMQyKVF5%2BTlx7QIYfsHhyflRODRe24ZY2bNfsYinCEBCI48muMlFQg51TBx2SnEAA3SOrrAWxlq0z6duQwTaX8iOJRkUnORdozu9MtJwh0%2BbHKxHII0yZXNpMHe5wqER0fOu7FnRe2v1ZFL7EtXmWHzSEl%2BYCE0itsJyEdCdGty%2BDQG%2BXIwX4odyF2GS12h9WRYuIi9O7%2BLbuJH9aUMXxO5B648yOsSntjZdkD3bSC5haZbU25Wp8CNrM4McZsXG%2FweK%2BaKG4pydV9bh%2Bv696ggqAQ2F%2B9PE66PfD%2Fv5UJSWgkEXYoOhn3OK1tOgGIj75vPn1eXjx4a9O%2FzFeNDia2UQriP%2BEyvJbWQ590mwF5vTAIcVOyvwSqjk3Q9eXUlNKIdrEuKADqoPZ2yG3W9STUuEBPBMQIAYUpY8OcW6HUIso8cFnsOzOa%2Bc%2F8b19ycJ8hWEt535M0hwQryxarzK0uifWTx3Q187dGNzZIfmcpSlsctaHHFvYp7o5vcqM10MAhuftsJhj28pij%2BzfKt89AZmPe3SUEgBhZ8KMfrl%2BTZ5E27nCPnZReA6ghSyW%2FpaOyT3ZIowR%2F8K1xVCCuHKkUwnpPNLwMQrbrHAwu34su6LLvAc36Z7093SWW43wiq1Xst7pTMQ1UsW0nSB5AILjXILSHcP2FRX8hLm9ZScxQ3Inxss5PvcvwBWwQWRuMLp92ph1%2BqaiZedKlYhMbWl1DlajKMmnzkXZJFm1QXoSXZXTa5B5UXo2N0od9g5CmQ%2BPy50h0Sgptsq%2BfYWfrJMTQufWMhhMNI3pAVnD0lAMp6y96cmE8SeFTr2xLLw975iDaCvckYXYnDcp7WFCUTM4vnwDWwNXtrWws7AZIygE5uSf67VKSjnsZ40pXEHSActLktzq%2BasPjIbmvVdrnzMaKckIfzV%2FFKYmnf931q27y%2BOBJiKhujvbUxWfwUVUS8OBeG5AYEdmX%2BkgizbFtT1cNrRt01XXutDKtnY0ry5IKe2sRftoGGSSwnToHMzMHcnlL2XLafOyutmfL7A73MXkz4IyRFBy373QTCdHg6x0XXXmdGJvkHs7vxy6qHdmdGw%2FyAI44uHTqxBC1Keoc1cVESIKWhVmg%2F2vHkiof2AyDPu2vwXIuIcIjg6X6aHoZekR0%2Bn7ZUwZsVf7BjhN2UW0kNeAdtfl4iR3Rar3n5s3Gkp3g7pnqT3VJR%2FW7ZeOBOzwtno3nioayS4zP3YrQd4UpsgwCNHSoaG8sRsV4fDolvh3zwaxLp8WGRhobnl1b7DCqNaGJw7LViTnGs%2FoHscfinnllk8HDRuWcpj5Q9I55aQ6Grli9UUGzB4UlzsvFi%2BcV5nq345xiPRegGsdpQ3r%2BEXKeyt1eTQYmhKlaqqy64X9kiSBg%2Fl89GvdFFEr3QyH%2Fvf7gryU5D3frocEq2RT76GB6tBGXLhlGY6KG5WYkcgv9%2FnwQetGkDxJL%2BFMDhPvgHWPAiizsZyKc8f5mG7Bq8YtshcgozkDr2xwPMROhr8VEd6hH8BqtOlb4OY0%2B6H16%2BYl6esEvsDlTaoPUFJ4xEJTNFtxtRfxDXyihyBO39yDcWTuAVms1yXLrt9IzMz5LQEnKLZWaQtZuE1HZml3DCAe7S95QFrnIGu7P3ffDaiMAmLFAVkjOAR0QF9dw7sT0TfkoVLusXpCy0bmUD67kXajbC3JPc0Hb9V%2FqVj4HDZhxX2jwDj7WI4UOb%2FWyPmUAq8v%2FXE%2BeHpNiiU6vnyZnsnOTFbVdwZo0vF6ziIKpGAE5GuwN8aODQ38VLuC9G%2FfQm8d1uXYbAIw74SBTjuhtg3V7Lc9TJRFCc81RFzZug39%2FFzC0r0Ccg%2F1nqGQmZjho84jEdV0Gd7RLAaVVos6OMNghjOj86uVEqp6946z0tMdkNv93iboouAxY2IWTqRUzOmA0F0B1qY4avLnLdvcVV%2FFOJLIZCZL4zk%2B2q%2BxTR6F%2Bqq71rdJm9U6uk%2BHWJFvKmscCzmtnDokPdmKPYx2Mm4BCp00REsizye0geOu2FAtU8B3RzjAiljGgei1zske350BKcWfbFEtKJ21TBDkAxTdr64ZHWN5yvIs%2FVFhyD3mT7i2w2%2Fq7rVDn7SZdsdjbMvw4yRM1TX4ZrkkUh%2F4QQl0si%2BOXsKT0zhHuPMkTHO9gh3u2Y%2BBqUov9E8omxZVhb9Gq7it5aw3lTySmPjt%2Blw5By8pF%2BAZJOOq79Sruq9IR9Pia2OLr%2BXT64%2B2hjYIkn702EBPJ6V5Hyay1wp0N7hz8fOAIz7aurqSSgQ56%2BlfGgnEo0VQ4f8olocs3bKZT7T6BStbo73x9Pdqr7w7N7hPz4SlOhysvFF9PWBaq%2FeRCNoZvFC74lNmUwnaEJhyxMshb39MsUbAHO06gJ2OmSBrUkhPfU5S%2BrKIX3MJ0SVvjU3V7dgbovhRM0YINLjOP0LMNNY4G5e3y4IFq6Rxzy%2Bm%2BJJKOL%2Boc3cZ7PWEZO3FnAZjIscz045WsTRwwfHByETuFubflvUdAkDzfmV2fLahRtvGUjGXnmCnObob5do4jtKuYtsAxLFOqQj6e%2FOTCnVNj6ABU0oPHtuqUaC1TBhDHYq8Bz9aV6%2BBVDDKKxYVCCS9lDAAU3b8ibUQ9E9Mdhp7cZGcYzb40RU2Q%2FyCsHYzMUU6GZbIx3fFEB4WBG2aQ5mjhbPVi5XRJjfdT9erpKRULvpiUqGTVuXgay9VlFR5U0GMtp7ysOcX%2FsemccGt83TCQS%2FkOlGmyowxTkd3vzYfgCnN81cngtZisHsxt1slwnXB%2BeyqlgFgvaG34YnVhKy8SA9usOm8HCPw%2BGmsXqyoSDmzO%2FnCQAnYupVOR2wMk7DxN3E3rJGLhlpcKtuqcbRNBBJyliBfPtMEKr3GEqpYeSpP5wItAPk8wSxRkyDnlWUqLHzdesAIR32nevkMcirt2tAU2YiuNqnSiukMLtCH1g23LwzM9yaYt6Me%2B3be7ulpvdx5iJpWnBDY4xYeVnFUSjR8TeBDYqnr8t259BK0UsF%2BPkMPcZCWnRCLohnqT6OQD12nhDKvpOSGKifPKt9jFUpT%2BgGw21zYs6i29H8f2%2BGvKmk6F7qUVJt1dPWujGuwIma7WyWwah2d%2BFDy6Chn9lb%2FsB8hTq9XffSrr5nHVFOpG8D%2B%2B4Te5li3UBi8NBgWWx3ug%2F8ewlSzLhLqiuE%2BBtnFZ%2BQoILFWxrFYFftpZboS4eWyGQfTXjLRibr%2F9wVayzZ791ZIUcxxAEL3m5YKTLBaoah3xCc7g1O6G0BZMuOX5PJrmcY6WCl%2FzmtLS2ssxbpfsmO7VY4a2YaLhTQXIU%2BKYQsq1T2jK5kfk9j273zTeLmO4ftXxCpB3nWGoq%2BPWbG%2ByGsfpHKY6XulF7HpIa%2BxS5xcNVUnPgNzThpLjJh0Ky0jWHR2692MHsYFmRKv6BGBPXYTC1neU8NqIYNSRE1zCd0jkopRWdgeisHlTM0yXVrD7BIBCFoxgBV17EwX%2FnWtrDLZ1evoxrCL2cBlR5q%2Fh7uzXSGHNOutbLZCXmHiI%2F%2BEqwS7NX5QLgaqmJ13WJ7Fy44t77fg4loHLowvgWvmpc%2FiRC0E1MLkw4KcH2rsSAL1kpSIOT4R39qZ%2FFVTNLe5BCEtLDu0o%2BH0J0F6ibw4QQU7uBIxeKrhHdWMNNNNn%2BIkZhBQZBNRUhHx3TqPP98pP6fMLKevO%2FD2NPko%2BuUJeKmF5bVaFUxkce1wOp8cV5%2BADAvvimKa5qKNPqOTyOrHGE9cEa2fGWPE36fpxB3%2FUazmSJ1GSYhY0FdaMPwKdwXVoyTvgts6QMDybdGJTb9UnSmQ1aanyu3mGSqX9LlCfbBb4pKQ7FjK5Sid9sUsijF%2BbvJCZTJUD%2BrfljQidSsGT4JlsXA8Fhz1U58xZr4eXogLQo%2BjYgO6FjLvgYEiQ9W5o7nB28k9RNmMYq65gfdzrl7fWpTTHbU5PzF%2Fwi2VsvWo%2B4X1T6eSozGPG64EL8kugblHAhx%2FVuFhrPlmMrm6NJ7NAlQL9ZTW81MURy5gluj4EoKvIVgFb298EVOe10drww5DXskHKregCQ7Ak%2FRbgHIiPn6RwCjlEiNjQrwIPqNPfDysnhJN9vRixYdWq2rWmnxnfRjRNwGo%2FDpygpzPGAdERMW9ystFe6TAVUpXfX2tPbuwgXhM74zZLnL74Xn%2BvzordFLfP2PVa4uNYZKWASxPKsBcLnCFUG86wJlzamJ10Ut8xW4SHxWW6TCYxRBaJSIYatcOBLr77U6JN03g28bBnMFiBqenoc3AgghOv5Uy7%2B8Ssb9%2FMW42R06FTOn%2BWNjgQA4OBQPdlc9Illk%2B3PGOlylg3zvicqK9%2FMZ3HVEeNsO1WOcbOQU4r1yVcn19dZQgllquO7iXjp9AHPVOE5ToiqSD66kHkrhIoe%2BjMCPGYKDRWFb7%2FFrCvTllhEMr%2BhrOQa61xhkhdfBvAe2UKHNxQHH9bF4Qb9XWWJZLarOgAew4%2FPvZVUVHnvN0D4EaU5HVG4HLTY7XvFfQ9B38sebPLnV4uuyl7YzcRPiohqDA8ILvBCQIB3%2Fh8buZgIeaWhz6b16MXSWgFhCaQ3Gii%2FgmsplaNvFQWCgR9XvVBIId0z1v%2FcF8NNTlzNTEJyND2g%2FSVzi3uw8GRn%2BT4JE2FU8YKL9wvT791XZt3mGDGQur9B57UrVgLr2eDzRHmmxUhSfeiO7hXEfrmXaq1vgyKpJhaLJrUGWlVxmfIUbip4HrHafa9Gh%2BZpf3EaOTMCQ6gqdwW1IHGzMnR9nQNCH9TwY7lSTPYuVs2R2lMhXXb9tKX%2BdqrzIa3wbj9nvL4GQgV5YWkJtPc1m9dhjSJHKw%2FJprMc3RaVhsZXtn4aHhGASfkir9aObwi3TSDmk04ctTKgHSJKxRHucHNsOPqpnEpeyLydsU%2F0ujUkPnN5ME2UF7C6ky%2B7GRLM69X2Tm95aX8y5N7DZD9pr8Z3uzZ%2BbQ8JlzKBys5bekyghfM1WM5Nr44shX%2BgsX9vIWT6GbiMw0JmeM9NB8DaHPBm9midwPzPsqr4oV4vIEP36KHQWFLNvOzLNjQeOi08fTSwY7auXsluns5RjcrV3CxuEsS1Gq2RDptNrxU4xIs0eqbzLqvyM%2FgN0WsiUCBQtxO%2B%2BWKlJ4kQF33ugAdnzD7QA%2Bm98zuo0bJlTs9CyajMJhWZbpXbXyT8FbOxcm7DWQLLxBJcUm9xqNTarR0cS1Wr4lNGa2ROBvstq7tfRFzvyCUY7td1wx%2FB%2FhYEeWFPW0pr%2F6PMwgAz2RQJjExirCLFIKkU%2FtqQpwV4alzN%2BNfF3JA9zl48WN3peluXuMp1rRYxfAoviW7EgHrKoYiJwhC4rLmCo8YgxXDGUQBZDUJU9q3ga74pZ8nGyL4PrivimduygMrGbjP%2BAoj8YiSpQiUegkxhs6VpwsoW4kDL2U48zQdVFQy9fbv%2BAEB2cWAzVIrphI41BraaGHCpKuWArfW%2B8WfZzWZOyJsM%2BHxJoj4jrDBfjtE82e7Vyge%2FABsz%2F3afD9E1xSOoVWYdjlZctTQnedui%2BQsGuFhcFIy7SbBYTXk9Pwmr%2BfgpBgq18EVyecqjMz7jXypxcgwKJaMS1SmZd0tkCg7hObsar6zkmloRAGFB5fUytO%2FbFxoz0QofNFBGbz1N29axE1iiKL81Xh6zRaQyD%2BPkoYqoL1ICdX024DgzhMuUckFMsiicGSiZE484R5wEQgkTKILSsNGJ5IwakLCkIvEmFOi5ArBy5e5g2zrKCzvujGfpZBiZw46ET%2FWD9rzj3v%2FRnSKj%2FrGJHiqkuacE8ur0Sk8YtLZ%2BuNV71eyHW3dBGkoGylSB8Lx5QcIct5cboCYkUxZwUADk%2BlPR9qBLrDR75NWMcT7YfAckDAUeCgaqtaTf8IlxTOsr0f69%2BT%2FuZ0cda1TLQCJB2VxmSgmn7LKDyxpFTG8Q5Z6YqUDxx6P9wF0mGfDiCmMeNEOcP%2F%2B2Kb4a3EGl%2Bce0DoC%2FI39PYEhL4eGmFBeyddPeefdTewxuzDBPdRZEskOOa3jJer6LeV%2B5gYdmJeCnfI1k6AsOw6txIkivojeF2kPOu4XFY6VkdvLv1llzgUWbwvxKtjvOod5TUkm5TmzwhquO%2Fnpqmpjk%2FEzTiM71C5hFq48Jiuo7JW6PtOpnghZPwlFH6ddwK8cRgsfVlHCx3A6lVzC%2FOasfliggDZYC6tkjcie7ITI4NGfxM2t%2FXCaS0z5Hc9mKf%2FYjw6y%2Fatm%2BOZ5zXppIyhm8%2B6omYsJW5b7K0Jrr2Nj7Hf%2FQWcgZ3dWk1Q87j6vXf%2BqmZya5rkBDM%2BBVdVMukKyJkOopOTbUfYWKIKXm3Mg50J3K8sUWmc4ddbyo%2BKuVnm0lEDKoRtjcdN1BjwsLxZ339acKNlntLxMyJXJ3X2%2FXKc2effhGXulWN%2BnDjPsrBVcu1LKkBDUIpTFiNcA1eZcmp57Pn5Z2bnfOLAtgoGBZ%2BTXGDRo1tWFsgnyOGWsF9Qzj8zEcHg0UnGSTii2105qfajKfHEw%2FxT7gs4fnpXuyYAvk%2FobbDjFi0t%2BTqe385UWuDThgmiys0NMBn5MssZzI6M0QNwJ4DmblIZ%2Fh3eqWASwaAMQIX69zG2sZS%2B3ftIkScT4k262zG%2FIV9uEIqGX7GMla1SEbFrEX2pi6F5OwjFhRRBQU241cr%2BeTXQ7WQj84kitP8wolLzGucRQl8D7HUsGXcsp3i17vxmf7ZaN3hOpukWudhyB5PjJsDy95xL9RAf7bSGFLZdsiVU8zNfrHIWQJa%2BNrLEM9%2FU%2FsSqVRRXjz%2Fn7vfU5X4OxaKbmomix%2Fg0n%2BbUc%2FyBvxwwNF2Lpa32%2F14XMZ3e9) ;\\0\0 \0IDATx^\t\\\_\"M)\nT\n&\MФ%$@  -\" E)bA(\"6@Ai\<wn&\n\\&\g\\ݝ\7wfg\\-9D\p#           7\\\-jndʦH#^{\5)[\i\0	\0	\0	\0	\0	\0	\0	\0	\0	\ȑC(@&\!\0\alHHHHHHHHHm(@\r%\"\\0\y\\HHHHHHHHH=(@#[!L!@\"S0         7\0\l2\0\\"\~HHHHHHHHH2JDF	x\D 26\"        \T/ʼyiӦ裏Z;\\7l\P>\#y\gS|ȵk\dɒ%r\\9r<òv\ZT$$$ȱc\Rtq\=H>}@^rt\\Iƍ\'cƌqjǏ\\K*U䩧Ν;K||.\\XڶmjO?ԬYSw\.+Vvf;},^X^v\%888\Cq\\\W^~I>\\ڵ\ʕK\\q>\W1*U*Ei\rԩSe\\֭\ɓGΝ;\';v;v84\Z\Zz۹ĚXz\\;\\/d\֭\睘(E\{N\3gN\e͚5m\6ٷo\jժRvm\СԨQC\㎴\\o޼)w\˗/K-\lD	\0	\0	\0	\0	\0	\0	\0	\0	H3lf#\蛚\\\9\\\0_rE\"\"\"dРAjժ\\\{\\\\\0ѣGe\OJJR3\\\WcKK\0W-\",YR5w\~\0a2\Hrf\z\'O*\>D3f8%@\\f+ 9Z\\\\eڴi+.](= J\ \L2E\\Lӥ}!͊+ \F\"-BHHHHHHHHH[)@\3jQ\"((HE*\st<x\	\ի+WNy/]T·\w\U<r\έ<a8ޒ^xA{\wʲe\d\޽j_[AD{C@Ԇ\\-#GH\?\1ü\`\0֑\\\;Q(]:h\ĉg\\_\\08t萊lx\gy\Q\$\a,o_G\ً		Q\\O&L6G[8\"IM\cÜ~\7e@\cA޻뮻T$	\\\?D/ Bb\ܹx۵b7\\sD2el`]hQ\Z\\ƍ՚\\9\x\n\,_|\6m\ȓO>\\kUC <\0	\0	\0	\0	\0	\0	\0	\0	\0	d4[4^#EP\֭P]\0bѣG; [kx\ka)&N(;w3g\n\\ǏW\0^c3\0\P\rN\W_\>0h m)0\gyFB*\˧   \"Fj-\\rǣF7n(oaÆ)cNdTH-v~\~t\޳M|7o^\c9Hgχ9bFGt\\\2D\֭r\_Z)\.ڱ p\)=\"g j\\_FHd\s\#ȬYPL#F\I\T\&	\0	\0	\0	\0	\0	\0	\0	\0	7HS\b|̞\0\ MZf:\r`y\\rV\ѠA`\t=\Gd\0ț6mRFwi׮|\g*Oq\$A@E\\U !\Z\7G@@XA\r\_]+΀YXw\x\O4It_\\o-\|L<Yy}\n[n\\wߩ\"QfͤZjY\jO \Q	\	?Dq@x0`h\r\5\9s\\r+ZA\\/,e˖Ui\0NFF\Zy\<A,B\$A0X|\ZOTT|1}\0aFJcC\֭S<aϥVZJ@\\'\LG\\\'|\\'Ƈ\n0._XH4Z\P5O fvN\aBDsĆsc!\\Ĩc!r\\rT?\-\Z%L\\rMHHHHHHHHHN	\i\锐\\OU\0!`\t=x:\PtSQ\2j\(	\0O>]^|E\ܑ	\E;<;V}n[\\Z\\?\/ Vl߾]\VA\r4R0\"b^zI+T\B\n}}Z0nð6\\_\"\n\Z7nA7CDBQ\}\)s)\)t	\0ѤIeǆP\0\y\3gΨ4K .؊D#y\\K+	\\\nG-U\\P\\\/T\\\ \\T[V\h\g.\\\rA\r\z\AºĆ\%HM\c\X\\\>S%ἢ\\\\F\\Z!        )Aڨ\n\(\\6ȵ׺ `ݲe2\/\T^]*Wk@S\g|\|\a\mѢ\9VFJ*	\\\\Pe$0!d \0\\ ``F?0\n\=f\\Ё\Z7oV5(u\\'s0\0\0\H\4|pm\\Z`4\,aPGŋWE\Z\"\EQ\\j\u\0#9\N\"\9p#0CPb\	`AtZ\\S>D\np}`x\Zr&@@@\n1\'\\\ \`;\?#sh\ZΆmDjƅ(,\\\\OG\6-@ Z\48\吒\\L\p\HHHHHHHHH<A*@\۷Oz\iM+c\\\0R\C[=\\0\\"\G\|\5\0\0\0\\iw`ǆ<fBƱ(ܥKe@\E\޶m[e\\?\\\\rC7\0v\h>pڄYFa\AZ#1.=\A\\ZHI{n:\n\`?\a 0?+:D\h&\;ŭ1_D9 0W&k-gϞU``Gei\ԩ*\  >ƈB\\TL:!\ m\Ἓgà,8_:1׀a\KM\Z@#\'b8\\\ZXk\00/\TZT\vXm\rG\1\\\[h\vC\\RS(GE)@x\\6IHHHHHHHHU@Nzx#jFn|||*\\\0D\l\0S\\\߯\\\cPF\Z*5\\\yx\cm۶)C*s*\08#]\x\\\*\\\}\{>\`\ڃ\Zu1/st\\00nԓ\0-+\"0F;\"֮]1F\n\c\o\?\"Νwީ޶|pn\/\k\\z\F\!\v\0	0\0GD)@x1ut%m/\$hè~\*\it*.Ev\\6ݓf\>\\\Z3\b8\`L8׈\\y!\\	C9\\nc\M\Ū{\F!\\(@E\0	\0	\0	\0	\0	\0	\0	\0	\0	*\0FtsL\\UF_\`\iHG\"QH\\<\Qڷ\\p\\ҥK\OhFZ	ؐ&	\\0\0\\\|m \Zbccj\M\u\.\\\Ei>HuTHqA0o>`\+^\\\\\w\\Uwh\\\Q\n&\Q\@(	V娏\ќ1zJm?5nx\T@qOD@\\Bz$2݌\\\p\#,py\ \l\03cIHHHHHHHHU@Zxjc\E!4 ^cGf6\\I&\vF0\ZAÆ\r*\03Fqm\\b\	@\Z#\q$@h=0\\\8\Q_\\2*@؎\KZ\1\\(@خԀ\;lH5\ZD@\@\'\=.@ >\͛\\4x	\0	\0	\0	\0	\0	\0	\0	\0	\0	d\Z\0h\\h#\\\?o޼js~{F\r:u\8^Y\0#-J*ֺBT#G\\W_Ua\@$m7[Y@7v\0{^Μ\n:\\Q3-\\\Cߞ@\\c\ +\" 	  \(ԢJ\c\x\	\҃a.	RkL2*\\6\IdRamhxѢEYj܇HHHHHHHHHU@}x/^\\``xEj\\n\%@ eS˖-Pt9귷\`FJ*t8HI\r`\\f1\\\3\u\\%@hc=\m7\n\\\:\0qH`BlD~\(J/ K\B\8\h\HG\ eʔ).`}P\\\\#\PxM6\ol\c\V&\6\"\\J/\MO\n&q\\\PÂ	\0	\0	\0	\0	\0	\0	\0	\0	\0	x;\0\+\f\\Z\ѭ\7\'#._\n?oݺU}\"/B\\\\OM@!\\\HeTFǶ^ݰ&\AL\Q\_xQ%\,@h1	\5%О\m\ZgNxj\٫a\GAgW\s\0B\;\s[S\\\ņ\ׯ[S\Z-X@\\\J޵klܸQ\\p\0\n\y6\B\ȑ#O>2u\Tao\U\\W_}0D\cd\#<R\\"ά5\C$@$@$@$@$@$@$@$@$@YE \0a\H7\\'T6[lQkc<R1\\"\x̘1\R\rg\J\Νw6ZD׊@\nŊoV	\"H\'4}tU\Za\\k\\b\R@݊9s\(:\0L\0(^A&3Q\0q\\j.RT\r:T\\x+\98q:w=zP:DP\>0\rkC\ڵkQbԨQ*rB\|r\"K\\ĝO1\A!rD@v\\%>\\`7\\\T\oh֬j\\'P\\\ݻwH}*\\\?Tkk\j~(\Nu\nLL\Z\JOƃ7<yNKV\0\/	\0	\0	\0	\0	\0	\0	\0	\0	\0	8K*@\^~ee׵6\n\o`*j\0\`\i\\\\\|ZNcn;	\D0\ v\y!\Z MTɒ%0!Ŵ\ݛB1f\4\q\_\\"#``Xb``G\"0WZU\1/1NQx\lveZ\0K\~衇Tz-\Rs8q\"\?\nD\s_Æ\r\\ZB[\\|\HBW\ \\\0\E1\0Ϡӄٮ!Sp,6=_DH\\\&B H\k\0MHHPuPp>p,\".<^#U\5Ahg\6\\\g^\n\\nݺ9{ms?         \RV\\r6(.`g͚e 9s*\0aЅ\0\06G2	\0\:c`^LN:%oJ!s\=\(V\"\\=^DI b\ҥ\\e\\Y5 `>v옪Ɂ\0m\*F(|lose\\0Ab3\_\6Ƈ\Z.B̨bxhc\\\{\)aų\\bHK@ضm\\jN\3[FwpflJh7m\T{N>>!Dԭ[W	r\cBmgt\\N	D=\"-tl=vH/\"$.\\IHHHHHHHHH\0c2\0\0;\\ii>~2VÃ\v1\ZYN5\	}ÇW j	\0	\0	\0	\0	\0	\0	\0	\0	\0	\n5 	j\*\!^\H5SF\r~*v;}\6Ge˖*(@ʒ\8\0\"M~\#\"`\0	\0	\0	\0	\0	\0	\0	\0	\0	pX\W&q@v&L(@\\\HHHHHHHHHHPű\~@\r\͛\\9a         \&@·\G	Hv^䫯\Ƴ\\HHHHHHHHH+\n\\r^>O\0uW}Q	p$@$@$@$@$@$@$@$@$@Gs\\\Rxq\?PB>0bHHHHHHHHHR\nmڴ! /!\7\\3\<#,q$@$@$@$@$@$@$@$@$@$>Vb\ڵ\;{\0	x@͚5U7         EL\gc&          /\'@\\OG$@$@$@$@$@$@$@$@$@$@H/5HHHHHHHHHH\0/?A	\0	\0	\0	\0	\0	\0	\0	\0	\0	\0	\"\nx\8f          r qx$@$@$@$@$@$@$@$@$@$@$\(@\Y\IHHHHHHHHHH\	\0\"\\\#\0W<__\\\;G$\0\LO ph[g\!\t\&9\\4cS!0nU	^\\s0{\\\W\'|\9$)We\f\\^=F.c\l!\\\X#<\o\\{N5\\\p$$@\A\Q=\YD\rrg}R\)D-E\$IZ8E;\gɳu \4g.H~Axb\\l\ \0mݧ\\D\f7~oFs7\\\\\L͹7nȨ%k}Bx\sjwohoڪ\2\s \d\\\\'\\q8\n \\"\(ϝw|\\0H\rgɇEv\=wk\\\\g\$@&/i=\CDn7rD\0Ѧ\\Rx\!9\\\n\0w\.? eJ7ו\:Zw\>$nܔ\o\0r?]\\}\7\\\'j\ <]Ƴ\p\s{V~\\\xyqN$@$@\\j\/\0s\Ni\*H\9-w\\ewyw̬_R\ސ(\r6\\\\$@\"#\S=oa\\\DkD@g\\\Mn\L\0c|F`7-j5# 2\\\\\R~\s?^}3	@Zw\C\\-\]\\Dpp|y\i>aakQփH\\n\\$1{7\K hS0e\\NkAujH\, M/K&a[.V$䑒\*X\GI2qm\뮯GJCd\\\BPɕ;OZ\̒\c7~)Q&B\"K_::\0\:I\Z\5 4n )g\wv^\1\0/~v^\s_NH>|GM\\!k\lЏXq\E@ԫWOn>\\52\kn\$\\d\޽6IGL-EC\8\\\!@<-e \{k\e\\\2zJ\ xjt	_Z\/W^\nY6}(\KM!9s\/?: \Z?\\;)Fr\\+SGͣ\0a <\\z\j\\Aُ\0\0 \0IDAT\Iak\ny}\'ɕn\\\J{jWcM\Ȯ5+NVR OA\n𥾑 Y8\3\_|G~V\\\}Rw\\m\=\:j\H k	X\\aO\nu\\ז.\\	!!!\EqXA/GJoJBBB\^\H!|ALdG\"@F\3ʫ<-Qh{h,\Z/Er\Q\'m\$(%\V/>N\\Zזf\Z&ƨ\\\siq\?$\ޔ\nz>Gu\\>\\Uznd˧&k̲\֬ICZF2r\n)P(PNw\\ƿ\A\\'#\VH@w\!\뿛7$\\" ^\,_l \n\Mi/M{{ǯ\猵\/\\'t\\-/\\!~3㞨n$ ,&`\\ip}\\ր\Rb$5\0\L\\])z]\>ZY\,^\"]\G\N6\hZ]xd\r)e\'\LZcvĎ,[ފSZ\rg6ih\}Yf\,WƵTKk|\0^d \+jhY\0\\+\/\\\q+``WȼQ\:ǵҠMG\w\7r|}蠺6\/WGg\|l\QLz]\\\\rܧq\\"iSy}l~3V\\r\"S\`?\\~fv\\W\n\\0?{gx#f»k2]HJ\MBL\nݟ:\D6\0ፗ\\\p5q$@\&,@\\Z9\U\Β;@N-_=\\\H\H\0_\UT\ ^W\qT)IzcE\Y:9\\R\\*5w׬Hz͜(f,W1ݩ;\ޔކ2s\~Tuϟɽ:ʡ\;\\\<a\0\\/1r\JuS ^]CJ+bZ,CD\\\3S\\\R }\O\ޡ\#\k:5kW.\\aա\%˕Wׅu>n\ZS\~\\# \"s\\\]zY\\nS׈\并!ǩ\\ƽ~\\\\ޟ\1~wݟ\R0_\5 ѱQ})T e\*o\\\Z\\\-\\}\+\zgW\\K/w\\լ4NHiE\1\	\0\!|\0Xt93\>\c|Z\'I\\)\_\\\']Y<H 	!rOG	߀\Zx|%Qf\e \`\?w\T2O\\lU-welMA#k9Ӷ;\0\N\oD\5LƌVFW2VV\6-\P\Kۂͻ`@\n&/\pҫR[_p?jl\r\vtz6z]{E\ B\Z5y\U\ԓ[8\^\LN\\\\"g\W\NI<\3/I %p\0nK\\\Z\Al{w\\w\\n.\"M/I|#\l(K\\\'\\s\{kV\֥$f@9]vDh+yAC>Daed]6Qxo0I\ߵW%n\ ӏdԢ\\Z!\!\R\\D\\\\%\yL\yDtDh\^/S-Q0\ZmW~o\Ƶֱ>Yč	Saz\\CQ$7\0\\\RxQ\'\<\5f\GxZ\ۄdJ\\\w^޷|L\\b\P\P1մAD\ @L\\^8/\gD@4/\ϛݳO\\~\\\=\\\\3\'|\"..ΈH \T^\\\k7p\F@Wfddznxrr#\r\^TP\qv\͗ʠ\\^\kB:Mj%@\n\\Zj?\g\n\ߵkW$y\?=(pCnS!2<Pa([\)#-\\Ϫ+$C\\\\\\\Am$u[\:\\O>-&ƨ\!\Tw0\-j>V1#\n>=\Z0\ZRxe\w\\W/dϷ*\"\\\zU\\Z$!06w4\\KzO\z:\xB+h\\0\;>\8?Dv3\#3-؋\T\Ow\a\ީS0<\-ۖƩ_sy\|22F\n`%@\Kw\BZ(\B;w?,x\\%Ţ\ rQ^4\\FHd^	@V0\v\\jF?\\r))@JǑ\0	dcN\\\\\\WH\<ydr`e}a\\\\%iyAC6\ JD\\'\)\\fp=Gi\{ޕrʧ\\i}`\D hoݜh\O2Z\\m\\1J5X9(A\\֫\\o\|T[a{ZƧ\OϨ/O6\0)\" h?c.=X\sB!vt\f\#\k\kk/kODbj4\\1o\L7+A~itv^\މ5\x\\\gNҏV?N2\\\\+Ti9?\\\\3-\7n\\\Ѿa})?/D\\:O @?\'\2\%|_<\\\T\ɸ0k>ƫgM\,,\\>\tmS~C6\\^	h\~i}\8=ݸEۇ>w޳y4\\Sz\\y\vyi\oF:ڵ\\0	x\6<ߧ\ ep$\1k{%2\?c(XA\\[.>([A;v\*@B\I\%\\`\m[j\\\\0	*as\\2C\\aӈY1%B*>UCqFʧo>HF,LP\\\C\\X\\V#V\\S\o\ZRyٳ\\b	\vY!埨&3\"\yTj\<\\l\k\\oe*U\P\m.p`\\"(W!\Ë)@o\\#p%XcZ0ü~\\`f\coso\)>$@髏dh\:)w2{\\K\\9\Ǥ\\'\:\\\Xӽ`RpvUq?M\0\\\<\  \\s2w\'e\uW\r\ +[\ۻ6^2\Ok/[kZ-J,8ۿup\=L*j|\'Ȋ)\\ixt2Z9uL\n@\3\a\\|(@$ \\;*BN\\}#md\(\~H=2E\np\]\n\0H \h/*g`}\\rڰ\\F\\w߭\r\u1\Xճ\\ߑ\Jǫ*\,t\Vo6h\Z̓Km \Ƣ\V\\o\lqvrT\\\W43\\\\,\\ۥ\"\\\nYz\d3B\G/LUHQ\\\On7bÓ\S\n\\<V\ewV\k9ܸyC\0Ѷa=\'k).]8/Qc$\V\7?> Úձx)aCE`{z\t<sL\2|a\v3zC*c\\\zG$Y\T\w\\72[2|\*)Q(+KG-\F{~\☿~,`D\<hxv\\O1:z\Z!cI6o\\zﺕӷإt\\GoVG6\/T8ݩߜ\ߕ\0\gѽ;I\\\\itd\\j[\Tk\z# |\I<Ha#\\AVg\@\\\\	r\\n\v!gg?~\\nḯ\?&H\Ro9\\L\\'\/\oOM7s\♤\͘F\v<Y\\Ѥε 8IYDx\BP\\"@8\@E»>-@2	:\E;laPN/(@\H/\+3Fi>\"@A\n|`\\9\01ubk1cH|W\\]-\\\>R.ډ\ʬ\n\rxvfD\\*3\\2c|q\Pȼ\>[{\ם^\CӸ\e	#}#(F\ʝ\z]ٳSع_ྰp\`9q\#׾+k\\g͌\-ܳ\\#nI\c&ɲ#\K\w\\h\Z.!JL\Wơ\k۟y\r1,\\'R\'Q\\'A$\f\6r.>mMd)F\\Q\MǨU\YKmŞ%W\E\7\RK\suU\ 7\O*6,4n$@\C\0_^6\nq\\e7\辝\\\e|xʳz`\\\zw\/ߟOT\_S),]4bas\A剛\iDN\q%g-<9\2\o\Ij6k\s\Sސ#^U\S\o\\F|vO\\"*[\\uJ\Q=CǼ&F>j_ykU\+Κ\\\n:#<m{\\k@\\\=G\04Ļ\YZdBO\A\>\\!@ \zѼ4\Ohx\Q)]*Iן>&^ǃ:5\\i=o\|\'3oW^\\uvY3A\M9\ÆȰp\G=_2.J\_U\j|\,c1\p\9\}\َ\\~z·\\\DF@֔>xvѥ]a\\\\\kcм\RP\\=f2ogu\wo	\Ƞ\eRu\Ԑ\!n\ɚ͂f\3X*<uk-\>UD9ul\ea \\'FH\^\=}-c\z\\\\\\)K˽I@z3l#*\\\0𷮓\Y<tNSy\\\Rk\>!@(\"##\.\\FYn$@A 9\cs:?O/zFy5\0\\ZHT\ޓ\~^z8R0)\-\!\W(B\7PC(\0\\սdcM>~U.0R}\=)x`\o9R0M\i;\0QT.H#d~C䙦A\jC?ܺQf\rUF\r\=CAc\҅?q\\y\\\ʐ\nkf\D9\G2tR?UF\n&=?w\&llR\8.i:\U\r\%<\O\rs\\\Ӫ_2Ц|B=\n\\ópQv\[D-@h1\\< ^0,6	u\\9\\-3cM\ѢD\\0\\{\ZD-B\\p\\ǎ{\5{J¹EH9\FfDl%H[v*UeM\m>1fi]kQ\ΪZ ,g_\S8\lD\0_\P0\\8m\.\&^}(f5y PgXVeW\\0D1+}#\E]Iv\/\ٞ2iRFM=gbn\\\70v<ݤ\	yR\t`Ӟ|w\\y5cӞ\6)\:q=\\ nMTؼVg\\\+af\Pda~}\s\\\Z)\Ov\0m\ZK\u\rx<j\|t@F0R2U%c\\ӧRo\\r\m<t6ߛ\\\no݇v6G/\'Zԑ+=\q\v\>_g\:Έ|\\\q0EL9\!=c߅C#d)\\\q bմ\\`\}^a\\\"V\c\Q\0\\&\׎\=}# Y܇H$g\Ȅ6,5lFM {\~FV_Vj}n=\9[*:[rV\LUE\uS\\U%\rDեT\"\QT+TG\"QD>$[\\\r\\\IVq\Ĭ\M\G\n\+@X>\j\7\\H\r\>pC\$\}G)\*X\\J8i$L\n#k\'\~_~?}Jf\Tm@	5K\DEDtH\\6l\\rE\rb\\\f\?QG\O`JNNQ\\0\.2a:Z\/IXû-Pږtr\\\Q\\\1\Ht\\"`\>Zlr:4Gf$=]_n\Z$5_j+1=\!\\ߖq,\"n_qE\\i\oĕsg~\>C\\un t\\;3\n\\	\0\\\ğǺYGKM \\w\ejw\!F~2j\5j\?G\#\")Λ~\S,+F@\}&E@qË*jǆp\\\f -\n\\\\\[r\ni]\	+s4(C:1\\\<\" f\F\K\ՕU\\L39\~~\2{wʄ\bZV\bK\Ly\\RLy1\B\\u\\\̕;9TB;\?\"(`T\68\(\_vU6\FK}\\\eV.\qxpkxn\_R}\rFҮQ3\\*\,Ԥ%ڼ\\v^Tj4\r%c˷~d\\czYƢ\.<\l8l!\<VE?~:C\\\KI\v8\\I\,ٸEf\e\ó{Xh[\\N\\^r\\c2~>Pͨw\/vC\%W\<~b\\\E^\!/\BݷW3?C`xkl|{# %ʖm\\\GdL\~X<l}3&\\iC?f\;j\_l!\,6Fyb7\=\ʖ\p؟7\r \]j\r\\kY\\ˮ\rH \	X3lX\+\Fj{TF_m\S\F\D\;A.=hɕ\'6Zr\\Y46Lv@\s\x\Egd~\PcYp$\1\AY⦉Oc\n&7L3Z_\H\\@?zX\G\O{V\\ݺ\#\/\wGz>(<ʙoK[\=i\\D\\\nl\, Z \"_^f*oXR7TA:7_\/LiZp\\U紣Nqu\S\r\0R̰\>\j\rtOOCF\Vʰ\r\PD9\X2OZ\rSa̛\C;\\!o\ƭ\Ӄֹ\?r\+\\߬%sY\"\\0\ͱQMlz\\\ܥ#\"o1\8<E\n&\!PX\K\]\Z9\e\\zQ\\ưr\2jG\\Wձ\'AU\'\\שp_:w~?{\eR\\ނ\\2\_\\\\s\<Y3=Rg\Sﶦ\H\\\n\ǤT\-s+ol5?!\,g\n&9q \}ӑ\F_o ƈ5\\RlQ\z)^K(IF47w\{\jp~\(N:(C\N\YRCr2lP\\K$eR\#e\&34ۻOd\y\#\$1b\i\Io	Uaӯ\r#\2\P\@\o>IR\zBX\\\\<}r\Nyu\R\Q \^\\|{Rx\'A\0ƆĿ\\\(Hi=\n돍7C_\&֮m;\]rz|Z\gu\ry\\0^^C\6\ryWպEj\r\\^jw\#DsD@\ \\\\iƚ֗\~\\=Ey	/z}\Zf\փFhzų\ѸC\\391P쵡ǻj`kҽ|\\r뾠\",=\Cz\\\\PƩQ\HݎƾVJg\IZ\/cw?,x\\\>u\\`J_\r\\9c\[«C\"\j*\Fv~>2\H\\n)1}B\Ȟ\\F:_Zvj\'\r\}~\\\7Ǆ\O}՛5~g?\W\nY}c⠐cq\ԣX\-=\\\d\\\}#EA\\\\\6\s\?S):\\\R  0Eb\n\G\\Hj~6($\\b\'`\\B͠ѪX%w1ȉ큍\2ƃ*7\\5\\>o=ܓ\N\{WJ?^\\=N\0\0 \0IDAT\z#:\'5/|\" f\0\L	L\zNp\\"\\\Zm6gxHX\]S\\U\\\ZD;K\6\2\5ےn]Ì{\LF@\\Y\0	J@\\\\\L]:é(@&\2F7z$\$\}}J*,rz_w\\6˖SCxX\_~\Tk4Gx+!c{K/\\Z@^`]t\v|\\2\}\*E\J͗ګ\W+o\Α\r\\2g\y\09o\0w\j\"g?a\*V/\\\\ΥR\҃\\o\J\{Ko}.Hbe\;L!\\#[?q(ً:r\>2i|%QBFO	#\<\m\{@\T*\\5 ^CD*\\f7\\\-3\H}&?\P\\\\\\w3\\5v\\r[/s6HҐmʣǷ\,\\Zԕ.`\\<\x⌉RTi\ Ab\1Y\\02\X\"Pgn\jFD\[bD\u\xck@d!p\n\inh\\\0Qvm\e\FI<C@jݧ\HgZ#\sB?1ȡl\>\\o\w\ܰY\j\s\T\Ma\\!jYAӷ\\nhT]_\-\Р\\OȬҼ_To\J\;?>-zER$ȥs*\\r%Xe-[bcd\)\z<1\\\?h\H\K\ 8\\\Y\-YJ/x\pb{\r\Zo&AKmռzLr\\#`Jh;,B>ޚ(o\F[ǍvWog\n&C/a\Z9+\nӳXǹE1MT\(\CZ\"0\6W>޶ɚ\W\BI1_,K\w-u\?IJϓo%`+\\'\3_gO\Ųk\\)\\~9=W*.,@$\g\\k(\%k\|\1\\n\7en\0Ѵ)\\\w\'\\r}u\砐l\\\\\xA\j|\;\<@]f^\ɦ\M\w.\ZH \ܖ\[\NqGo L\"۷oW^|E1bD-nvD$1*S[k\Sr\'w\ę\\3F\\\yT?l\,%h\v]w\\\`n،-N\r\\\\\i5ho\~72<./\yRb\\\E\"6\\jʆA\8H)g\,F|T0`g\g{vcA\r\\m\sx*QBq5UI+Y&\'?H\T;#rc\2\[(0\ȣkW\\[P\!\*bIc|ڞ`\X\5\ߓ~1 \q\?uul\Nu>\ކHZ0ę\x\*_?\\+P#G;dѰ>ֵ\l\\'\\Z9cY\z\\#%.\\_~#\nTuA0~\\M\EUzC\\\r\ML\]dț\\c\\N_Č\Vs\\n_cݸqCbWFDu@L\Ԣ\Օߡ\0\\\\\<\u\0\Kfks2\g\JF@dk!\8#\w[XL\亢\\>-@[N(IIIj֪UKfΜ)mڤz \˚-\0	 R\d5\0s\\3]9VkE${_\51f\\/\f}\2\=\\=e\WF\ 	\Z4Zy&\\\\vN.\\)\\dv\ϯ<\rOp#\"C}f`~\ܰ\XkDI\X;\Bހ>@U4\'@@pТ k\0jmEZA!=q>7\W\\\\/\\cFJ%\	\mÒ\H\nzO0vn\\ E\\fKm\|\ϣYsG\_cz\\\϶}7=-9\0\r\sm`\\f\,@@\2{&ܙ9[B}7X[\ǪZ3\\Z|/	\\Id\Af{af^\\'~3# <M=[\.o\' ;ܞ(@d\닳\"\|Gu6P\]ƽr_GQÖ-[Aj\޽[5kUfl\h \yduG\-xbӆ2\\nCԖ\he=y!\\n\\n=,eV~?+y\Wmhs\\3\@ɶ\rVOt\kn)Ǭ*Q\\5\ܰ_\\0D\\\"ܣ-$I\\Z/b\s\n\kYW\[%I	2o@qjc\\Ij}\Xl{(#~(%@\Zj4{vc̆q-\\ֶ|\̉J@_ \m\z\\\\}\+TXRgE\ٽ|dp9\ٟ\\kU\޴\h\6\\!@7\8su\\\\R\v\~zs\\\\Yp_\\?\n\\D\\\VqK9\-!$=$\'>P\"\zV}`܁.ct,\wo\\F\-\sg~Nz\nzo\\'\˕W\\\o\2կuBTS+\"\,cbe+6̜dm|gRm\"-\\]X/~\Ǫun\\#7ej߈hT\\),\?W\\g\ی\Зg>!mh\\b\y\2\\\/L$\	$\\͂\Ÿ!ÆOF@\\tI={@`3g!\7\H\0\Qj\Y=x+m\\\^\H#s\k\\E7}=!8\zkB{{jh\'\fm-@\{ݸOVSo7̜(~=##\W.+\'\\3g=y\\"@D\KGɯߝٽi0yI+YaԀ\ax\\,ܧHg3e]i\/\\0_\\#d\F#%\ BԸ\>7+We\Up\^%=Ο:fmv97a.?|~\:J\y6\8 \\\?<\%<Ѩ\L}S\\^\E@\`\=*N6\2R0\rPDy\d\fv3_	nKRc:w\Z߈@C\\IZG@`\1ǂv\\H]y\{\.{\/Bxض6\\g\!@|\{\5w΋Dƿ\<N%͟ȪΧ\0U\\/	wԠж\qKnxƨO\nAAAR\\96mݥ?l\09y$&&z\0	\X*(=G\\Z\0`Ty\e}O\\\P_L\0|cD\\}\\FT=\\\mZ\Z\<\ܫ<xmg*w\\\anX @\uK\H5\\\6>*z P6\oy~\>cٰW\~r@Ʒw۱0 \\\"\-*M[a\<r`C\\Ejh+m^\={\l\8\`7\;T\\kԪo\\7^\F\%hWF\\75?\\1{\/ewhC\\\\-\DSu~劬4\"SZ#\Qj=N\v\*%_~\q3d\\A\JΉCd|\z)\\kKG\\;<V\y`V\ʕ3&ʉC\	Ԕ@c\TM\8\"Xzݾs떃FJ<y\\"\'$˕W\\bw[q\Qr\\\q\[\Z%,QG(>>ZUqBI+\\`FI\Z\\U(Bݰ^ɟ\Nbu\h<,\f# \\ٽg\Z\";\\riA# \I\H2L 9\wr0]vE\rwq͛B{\\'0\0\t}\]H\jOZ}\kzM.ᬸH\\H2L P$\[)϶\h\\^\VգWFMp`x\@j\iR|m\io\sϱuG\ \Ԩ&%ޛ\oSTKRt|h\>!R\Z\pnUD\01^	0?\ʒ\'\=>K!.+ZǶ\|F\g\ߖO\"\\q\e\5\r%\\)lz<VLس|\\\"p\\)[WD\@\fI\g\YZBU\łBe]y,za<m3mPk~OGzض#\g	Լ09\g)\X걪)Ƈ5n\\^_\X\#/\C\L\)W<\x-S0\+ݯ\\k@8>\Qc_]v,	\\\\T\\\<.J]\"s\ѽ;%r32Ժ~r{R4`JӿG\?N\=ߗ\nO=c\O\阏ݚ.\\Z>Jirr\r7 D_qkkLA{}ko\.\P\2\aoV\x[CpQ\0\\cƸH\c*Cn\-l\nh\\;F_x{reh\'f\Ʊvx\\"Ɏ\ZЏx\\\"@G\]$\aސ ^\\"=\0a\\nH\^]C\yFD\\i\(\/n\0h)	^1\\\\\Z\\ui47Qzvh>?Oc\yݼqC\\ՖyA\'\0\<\o\.\\D\\r\\xv\ޡ5\,$Z\\Z\\		/H+\wZ1\Ƣ\s=i6⥺耹\T\aGڿdI\4h֣qumB%׮^\\a\b;{sw\\nU\\ñ@v\'\\\A\#\j\x9\&2UYS\'if\\׮\\d\m|d\oJ\߿\˼~ip\`\իW5-M4\=H\ОM\vY\ڨt1\*(wW\T\Ư\/ @<[\))QHB5ŏ҄!ײ\u\!\Q3Ol~8mI\'\\e\\\s׿|aI쭆K\ˮ\\^ w@ě>\"@<Lyi\\\\\3k\(<w\:CY\v)8\n/\\\UL\Ǘ!N$\@ZDZ\\	(Rn\\'j\隡?Z~Ok}-d\Z\_\$թ\DA#<PcQڎC{xmN\Ǹ\?*:=s\Li\&jݺu2p\@UTRi7~N$T!;\n\lsFK|X.]h 7Y\ \nR|m֞\\i\i\\\\\'G@\\i\\׆, bZ߈_\k`\*^\\Y2p>\\]\S\\\Ed5#  \#k\Z\\\R\\˪!\"P\&-\\?N(=\dìIܫ\%@a\<wl-\cWkZ՛S5BQkTAbJ\m\P\@#\\QozUZK\0ٵ4N$\\\4\Z\7\x\\\\\Z>Q^=y\eĈ.)S\\\e\޽.σH<C\0_B\PB\3k\]&E\\$۱شs7\Zz@\ t=\\F\\G\\o^7@<sl:W\%GA$@\\h:=X6\˼] U^&/>sJ-M\\7\0uʕ3&ʺ\2v\>)Hs\\C\AT-HE\\SF={\\~\g}Q\. Py *m\\e+Z\@zƨ\GٳgˢE_uv\޽0@*Wvx0	\\E\!\\\Z\\t\[h	D\\O\Z\\K\\]~1\'Q^i\^l\\ @,]Itp{\\lE\f[5 ɝ\\۶\\"ր\qd>` \DCQ\K\=\?\">߻S\ ᩚıH&-\\\G\\ᏤJm\\"ĕV\ġt\4$\\\"ܓ5\H4\T\Aʼq\DY?=\:w\\ٓ\'dN\[\*\z=\Z\]\^/@d\ZeW$@L\0_=fu{\.?\n\ٝ!@<%Ř\\)PP\11\/|m8\zHto`\\\\qw_\"glU~KJΜ9e\;/^-[ȶm\d֬Y\(\͛7嫯8YӃ\c\'()@duI$@\'{_%@,LڙVS*!\\E\C`\$ߪ<VLr\Σj}yG\\'fN\$\\Kdӌ	\0q<T=y\\\	jM[I\\dn\`)\\\xէ=\Z\"r\l5I\OP\h;|:\a\\4s|u\\\>Mnj=:7\XoHt\\9\ر\رC^zɌ3$]s[rt\\\z\|j??^ʔ)\ǍH\{b錑\\x[ao\\'\3՞bpi\\\\\5 \$\\\ܫhR!v;\7o\rp\\\r>y\\E/e\\#GHBB-ZԣF\ҥK&VCʘ1c\ۄ\\\\\o!+VuF\\o߾s\NYb:M۽;Rp/OF$@\B\0> \\\>\` :(~\\\\E>߷SFoPSP\Z\a\4~3H\W\\e\̉*\ah6)@LhUOE?<R}Oϴ\nVc-\rx\{K\K\ރ\X~MZƆ6\n\{T>\F\\E2\"\8B\(<\߿?\\"[|NGWE\n.-HB\0_\:\" \i6hx,Z/LY~\	짳ԭ*!\+z#/\៫ץќD\\>\\%,\	Ao޸)\\m^\˖Ǉsg\WW\\]Vbcc\رc2p\@\Z]\t\\4h(Q\\c\\x\~N\.\\͛KE*\:\\'@+H\'\\{\Z\{n\ի&{V,\r\cuJ\9\$o\0kgNĨgKR\B;2\߼\ q rF\\AB\n\'K\hG8J>~{$]R0\rGq\/q\\g9K%\.6\\3ɞؠ J\\nGbCRR%Qef\=\j4j\H(:)	;\P{\'xB=L\>\վ=x\}6MGhq\\\o&O?tŗ\y\sV$6|Ab.\\0)\&~W3\"\\=!p\?d\2?ygv\>YH\0\\g\\uz\!Dzy~_\n\1\L#s#J\+3ǖY\\/믧C	\0	dO\nv=\"{RqϬ\2\\\\0\j׮\Q<PAH-|\,^\\_\"\"\"B\n\rlHd>\\J\e\ܹ\^2\ t>|X!\gzh20\~\\ի\\1n$@\r`,a\n&\!J\04q}\\u\x\\=y\'Lέ\4;7\2sl!@\r)|IGt\O\W\\M$@\(3jQCe\5\n\^Cz/\ns\\\n\\\\F_h1aȐ!)D\Ǐ+1cΜ9*>\\_TN	eA\gZJzp\\9eqC\\)@Ϲ֙R\3\q+\ZQyĈl\2R\m\tʕ++\.8t\\uރ>({\Q\'^}Uy\e\\RR%ۭ~\:Gc;u\L4I֯_/\W\05p\B߃\=L0AE\\\\.\֭W^yE\ظqcNt\\\e\ĉs\n\\>L}~k׮ߨ0@c@\=~::&o޼,7QqG )nmJ\ra*\"w:y,d\	h@$sl-\F2\\n.\,iB)i	ض\n)b*ʕ\\>uEs\0\0 \0IDAT$\%}f޽֣~J\W \{ϼ)@xϹ\HH@\\Sg!-m\;*Ő nݺ%K.3g\rQ\\nMk\Nr\έ\"\{q\\_R\Z5JW\\\nAj\B\n)\;\S\\?dѢER`Aߙ?\\>Ο?\PP\/T\C|d͚5jӧOW\m?t\\Yq\Ʋw\^%n\-Z؝OZ\pN\0\|\*! \G \g6KmķWp\Z\r\Z8]<\Q\roDFFZj-,3$=\\TO\\L\'\0\$\< 25{. \|\h(@\YϚ93s\\\L\:-~\PE	\B\0_ݳg\*~&M`;7nߒDoC\\V\0g5￫\cNt\=ȴi\T\sbÆ\r\ӧ5R\\/Jx\޽U@\" \a[\k\o\C$@$@ٍ\0nal,1\R|\\\'\	﹒\\qm\̙3)\4t\SLrDZ)B\\Q\\v\\|H %\n\\Jy\7\9\}$,B\\\*HFH\t\\5D3oJD\\7\\\"u\Ա\MꫯT4*b	-\\2)888E\ô~B(YdI\n\\\g\\ŋHe\\?~\\\1ΝE\E$@$@ً@\0TKZrtܛ^!J&jԨC/\:K]\\\\/؁~.-\Z3`\\\vt.QgP\\0\0\\bn\\\ِ= .\0=\3o\n\s.H(@8wI@9s脫W\ P\\\۲nݺ*%\;;VI\ٳ>|X՛0;\6{\\n\Xv,^X\~Vn\}\c\1ΝE݋)\s\$@ٛ\0\[\ɎJܺeW\\Kb8\8# \\\HH \0%\\\ЏI\\+\;	P\\\G\3s\'\S\F\"ߜ	N_0ң3\=`p\t\\MF*%۱\\?\\.V:p\B\\bD\޽Ha n\\OՊ@*\\rY\\[oI||\{ｷ۵kt\\EF\	\ںuJ5h\ߩLi\\Y߽X\\=gN$	h\"\`kQ\\\n<xCD^	\0	(@p%\0	@\\\_%\\'K\n\˚Wo.]J@@L0jwDeϞ=\k)J*vw;y\\0\P\Za\HB͈<x*\۷Kllo%@h\c;v\2l\R\=zT	\n)qPF\r6l*,#R\!<|\gJ@DTH\?衇R\\r :\˪2e\ȦMT\(ٷo_)UL<Y	?RH\3\<#KV\S\Z(RS:<54H\\+\\)@pU\0	@$;7\php\Z\P\r̃IHPš\0	\0	\0	x\0}Ykە+WNQ\^m\0{j\:P5~WA].>C%.8\\/TC\\\Z=SSB@@gŋWšQ:o޼n	\\\-\w=T\\\oUo\>%j<\#j\\rs@lDvTZU={l%j\Jծ\0a\03r\HU!@\@lc1e\\EZ\x\\gF)@d\i\0	G^:	@\8|w\\%d^\\0S0yI\H2\0S0e\nf;W\\\x\\0ᷧ\' !@\kNB$@$@$\\rX\΂)g\\Y:3i/\n\g\#n\'@HH 	P\\3IHH\0:~9\Ӟ%\0%؝\Vi\\*7p\0W  w\0\Nl~\0Wj[zT/n$@$\L\l\	Pų\L\"{Oo\rS0y\\A}\\|j\"p#\0^bܟHH\(@ڃ\0qb-\k\\M&YG\\s\0&@\"\\0\' \C\0\\k=}&ę\0	\0	/dj\n>wmq$\}A={Vؼy\ϑ {(@p]d5\nY}\?	\0	\0	\0	\0	PpIC\À\<	ml  <\վn\\"5Ȗ(@d\\\S\0\S˧\L>}8x   	\>49H &&u\\V\\jժ$&&f\?	x\0`e\ @\"ku`	L\$ \f(@d\\\0	x@Ԧg\L\Dfd\\5&2G\'9dH\Bd\y*c\SY\E%4\_\z\ΰ\9<g\}\y^^{\\\wm7z}z7`?~ynVE Ϟc̰;52\Z	HFW\ *\]w$\"\\rI[	H\HH6f̘l6mj;/\\F\Z?K\ \'\B\\BU\;PDI1\s\O\v}\o\b#}\\\\J4~\\\:k7攔$@$œ\@\k\\4{\\;oԻv@]@\hD\ЪaT: J\"ԕ\/\\'mAxh`o\	P\=T\nj.\" \" \\" \"YToD@D $@\\k b\()1&oy\\\c\\ٳ]/kkkc\[.\	FG	2ݚ6il۶)\	l3\i{	梁\'\M@Du_(\0/!_`X\\c\hR@=A\\Ç[mĈ\"($ \"nUT:V*Bk\xD@D L:ID@D$@nM\r\8a\[mT\3\\g2?	\\0Q^j$@h4@	HH\C:	Q\?)0G\L1\31vLPq\"H(.)R0M@\Wnl\" \" \\" \"&T`0&\"cgs\ԩS\C>\v\q\\\Z)ᪿ\z\!\\o\;\h͛7/\\/6Ȕ)S\\;\ƍ۩Z|cRD\u$@h0$xR8Jf@	g޽\z駟\\`I&ִiS[dEYf\\K,\,\\A-Z?Zr~g\al*\?`W\\q\}ݮ\=\\N?tk׮]\\\ov\q\\СC\=\wߌ\VR \\\\\^u;\\..]͡g͚eGq9\قO\vHǒg\T=j%\ԙ\ڵ\Z\Z5FfVK\&.GP\śSI \<\\W\[n\ӧی3l\̙߻?G={\/F@?\\jy\1;bUV=z\y\Wڼ\m]v\V[;\Q`\/?\\m,\\\{oǠ\\v\\Ԕ\T\z!m۶\na\\a	5V	E@\%EP\n\\"[ǽg}7W\nX9MƊĞػ09ꫯ\;\p\\r\Z\'YQ=j\(\݊z\\"@%tΝ;\{\1\\_t\@\\΋\\ם\o[Ϟ=\\.\ݻj\'\I*\x m\C7裏\\[o\>d\\__D\ro\96a\۹\\W\u\"P	\P\5\P\b\\Zd@2HHC\	^xᅮ݃:\N8\[|\COjc9ꨣ\\6iJ\\'Cäڹ\kl\5״{\GD\7\0n\k\u\\ѥ*\\/ARr	s\̱N:\\\+K \|M\L\06RƇr?e5m\\:mY\[*\' \_$@T\I4`{g\\%1ATO>\J\:\=\\۷v]\\4%\\\#<\u\]\<K\\Zk\M(vWz!\\km뭷3\>}\vᇻb\<˙\@\r\]w-\R\*@̟?\	&Cq;86\l3\\k\~x\[o\Zgq;\\*D|\wnO\Z\jU\:fG\Yge\?\瞎53\ϡp4\\%\\\vK/u\\َ=Xw=)8H5zh\\ﮃm#\\Z\Y³\\01xĈn\'\+bﾻ]|\ֺuk\'\fb7iҤXx\%;@] \" 1$L1tL	H(NP<\rV:0X^EU\׶\\\jl\p#=R	-\0\<L\'6I6o\\Z\\pFǼ2+S6Ͽ\;B9&\\\ׇ-@L8\=P?~\?s|\ÇN\\7\|sB(Av\\#|$8Ǝk[lEݽ3s\q2G9\\\\\ZjfP(\K/ui\\v۹\\r6\	 NG˖-\r!*\\\nqW\3\\뮮\L\\w~P\'!c\v?[t\E\IMw\)8\\Z\z,\\ǺzR0KN׉DyD@\0K(X˟Z\݄\\\'|m\V.xV\CDat\ ;+\	Ӷ\\\'XGzP# 6Eg\^\\O?uzvl\&\\\vU ^z\%_r\%8	\ q\Nv}BT@x{ᇝ\00B\r\Mcڴi\u\v[3\G\с\Tu0ymq\ . d\uEӅ?q>vam\\~\u\\q\\nk\5|TXr.,JI#\" \" Bc@D@D\$@T\\/\" N#HGV\nSgT%\VQsGyK1\J\l;%Qhn/\\g랕ĩD>}\\;6\oU˾\#<\V \\\JfΡICH-7\|\ѩ\Yұr/ҭ|dO<\!\]4O=Z}\;]P\!I>ڹy\u#MLz\!;\ݴX\Ok@!c\/g4\\ޏ>[9[\%l\?gu%X^\ZyC\\\\e\\z\.\Zk \'\"@,\\Y\-}\ȷ\"=0hA\\"v04nܸNH\"@d\']\޽\3\ɮl\˶\[\\\\*\eW	:\\\\;mڴ\\Lm\b\יΑ\0Q,9]\\G@)\\E $@\߇\ĝx0*\*\L^9XKąlG@=VZ\5@:\"\Y\<s\L$ʇ~\\\ݻwwKX\\r\Z\ҕ@\M7\\\A\\/\\;؃cV2;ɇO1[\KzR `!\H\q\\{)m\w}\g.\r\;J6\xc&K>w\\\bեZA p\\޵\5v\,}Y1\FM\4yQc6r+\Y\\/j$\(\3\GcL\:9\v\\Z\'	\Xm\l\W^`FL9҉\20`\5T\\z\\\\+E@h$\#`K`7F*_\\;س\>\\gXbrG6_f1\bb\麰H\\G@E\\E $@\߇\ĝx0J +\Lf\\'(\.^Tcf\oU\F_n\\\*\%I\\'\m۶KS+\MؙAq\\@$\\R$\;-\Z٩@\k\A\^[I=0n\ `4\@j\ާk\q\]RPd\BJ\@4!H08# \\g\ \~GN{\b7Vr\\<W \\(\3\\!x\\yb<k\\\"\xc\\"{\ ;D8āL\\8Ƙ\F\jpMMMM^^8+\\\Z\WR\'q\"@|\\'R:1?|j\UW\h\%N;,>\s\e\;ӣGzs\\n+\\7<\\wJN~\NW\\\y\4]\ǺXK(H|$@\#ߋ@	\WWq{Dz&ͮ(c$3Iw\J}\/A\cM\\\NU\>I1X\\Z]@}	uAl\eG+	𓏾s\\N\r\%\\\\L{R\ 0+6\WFE\AL\.@z\U\'p^z\r|A`vi\\0?\"Qg\\D?8\Pd+\\Sh\\\2ص\RKel`=ct|3\\o\\nsg#]\I\\ISm\rQ\n\@x\A9\`\/Zn\\\/\A\\\H\xB\aH\u=n\6\뮅\9\(\=m\G\vz\\\(Gz9v 1\.B뮻K9\<y`B\h߾O\I\q1uy,\\%@KNׅE@DX$\N>J~/\" \" \" \"P*	l\l.W6h&y\5ה,@\\n\ |!xn?\'GZ\a59s܊e|\\\' Jp\Çw>0fR@6\0jf2ya\\\\@8 \0\w.pNm\ۯ\N\ш\<CП:\r\\'ϮcȐ!uM\G>E2	\y\u3Q\\@\\" (0y\\\2\\\F!\\BBψ\0lD8HBS\Ǥڙ	\\\]<_>m!T\",0Gh\\N\X\_`뭷v&~@L6lu\1j\(\'# Ffvr)\g\%\B\-Z6Kz:t\\\\{s2e:GD\t]X$@ER툀T[Sg::kUiS\Z\\\[\\θQ\nƅY)v\;nGA\b\'\B=	qXELXi`OD\0ѧ]\r2&\\nbR(\:\믿v\Y	\/\zRt,<(乧:uZ\0}#hK\\H-\rR\\%\0♰\\|]\M \\E^O\nTq&uǈ\KjV\⤮\"8\\L\"IuQgX=\%t\N~d \"Yco$@\\kYD@I@)\Y%\" \"l \߂{GtVز2\0,XLNsV\g;X\\u\Y\ϪsXy\\r7\B\\\\.sK\'O}ƌnUfm\DV\'<$+}\f\}=\\\r\&E\n\\P\؉zP#\\I>	\&\\H\Ċ\\<\m\ܵ\ѓ&M+ԋH\N L nz\Z\<̈;`\D\r\B+\\Z\e\iV\	&\3\V)x`\	1tZ@%@\i\gϱ	Sf\\\v\H	\K@)\"\	\"{*B{\" \" 1$ \"N+ɤ%!O1[҅&(/={lW]vY\&\IHCQgv P7)H;Ctg\"\ -Awv\n\(lA]nzR\:oKo®3\8\\_}\>\N\=\=\\\d\?Zw\0\0 \0IDATe#Ta\'\0\S2U1q\D\' Xi\\\d \υB1av@԰?kg\\aS\\\(fKzX\ݝhHD\؁ (\s\E\r	I\)\\Bh\>\g\/p)_CD \\OnM4m[F\PY{*B{\"t@	(S\|a٧vj\'$\\a\3\s~G\\"\A	AI\>/+\\]Ԋ@\\	H\d\' \"8+)\" \"P*B]\Zv`0t\`\\0<1ϐW>K\rFv\$=\W. 7\\#`d@)zV\A@D<$+E@D \$@\Ļac\U5\"mI#Jg^}U~\\_w?j#\"\q\ǺhvG\\tA@Eà6J!L\ӵ\" \" $@h<TJ{ \K	NR\;p皚\\\h(f\k]-jod; (~\G\8\֗Xb	{\_E , \\"v%\"\Œ\u\" \" \$@hLTJ{ \	lZ#P\<C\aÆ\\^oC&Vz\nDGqEП|I\q\]D L ¤! jJT5]#\" \"^\" \"D b\\B1\\\\omg\\+<v﨣rdVXam۶nC\1i\$\K={{\7bdN\0Q-n?%@D\7ILE\QG$@Ч_ͺB#\" \" # b\q\ yu@1\3\z8\C\\ڥ\Z\\0o\<\?\\:vG,\B6|\+\jI\BTJ\}=	\Z\rE@DC\}D@D@D@Dz	H\%@\ġ2S\"@{\6t\Pkݺ\y\\/\O?\\ΝW5k-\2z\?ڈ#M6ֲeK\رc\0\0QPi *\깿R0U\S\t\ԮULhඑ\y7,40X\}t@`2\\t\M{yk\X3Bxe\\xXK:\\\A0fW\4\V\PO\0Qi *\\_D@C\\q\Y\͕)9UOD@D@\@@D$E@\NGނ?Zj)[wՑg$@p2iu\fcƌ\xS7\sls!D 8	Y\L\TZ#DD@D@\Zg;D\0uRŁ\Z7\k5}O/Y\\l; ROz\W\NS\{ P\F`\ִIc\ضetI@)\D F$@\\Y2UD@J@)b\\\\).\`BfF\0\\|\\+O`&\\[\h{\\61A\^k\'|믮\U@:֘\\0|\" \"u*Bucj@\\Q2SbF \\\\~\m\\'x\"fddn5P\nj.\E@Du[N \\\D(y#- b\()1\"f\ru[@^*BN(3`*3`5_G@)4D $@$\\\D{\$@\\Q2SbD8n=\#vü5kK{QH\na\"\0	\Z&\"ԕ\/\" \! \"9TOD@D $@\\s b\()1\"н{w:tn\\Yy&FΓe% x\x\0 @\)\" \" HI\'2\\riäD@2\<q!\0Pi *\깿R0U\\\%p˸\\\V/\0\\D@D\$@T\P`0\'%\"P<\3ųӕ\\" \"Yco$@\\kYE\\7Y-\" \" \" q\" \"&\R`0&\"cgb\<*	\TcE\0Q4]R	Ea\E\" \" \" \" xk\Lwvv\n*ާRwʫ\q\:ϴj\ʖYfk޼h\\Zli\/C=VX!d@@\A	H\JT=VO\0N\(S\0\\D@D$@T\)\"yA?\f̘a͝;\?\\͛g\\G\5&څZȚ4ib/-\\"֬Y3g\9s\Xǎm\r6}\\ڷoy>2zL=\&La;wиG \Y#\" q&\"\ql+	q\(+\\ѣs\\_\7\|cӧOw\;\￷Yf?,k\\.\\.Q@2ݚ6il۶QD@D \$@D\92MD@R0\\\ac\])\"Pg,;\8\;\#FX\Ν+@@\\"L\\o:	HN\\" \"%*B%o䰥R\\" !\<\ƌcFnݺ\+5!P\n\\nxP\xMV@!$@BK犀rP-CQ[jRD B2\\\N駟\"DGT&oGJM$\*	I$	HЈ4	@G%0\\\&\"CQgڶmkl=\1$)\N@D\=U:>K).\"P<	ųӕ\" \" \\0ǲ`\;T@晡C\\Gm{EX\\M@Du?\n\0/\H	\z!\" q& \"&ދR`0&\d@6\,\6d\\ӧO=\\\"P\Z	\ե\0Q:C \" \"7>j\	C_؍,\z-\"Qg\Yg\\<|1A$@$ș1\:.f+S&E@D@D@D f$@\\aQ\\(@\\=z\_|aovЩ\"P:	3T\0Q\Z?]Pg3E@D@D@D@#\ԙ\\N\Z\@jԨ52\\\\ؘ`l\P6\P\\'p\"hH \Z\" H\>\"P9}\\tT!	U\tuYD ?	;wI&\ܹs3D D\gϱ	Sf\\ڇت\$@g3K#L\\\"*B/\F\04端;\Ú6mj\rJLO\;\]\<L׿8IK>ĭ\Q N8\m\ԩP\\Ϸ>jo\ի={9\F\ZeW_}hѢ,d\\̔\Z3?e5m\\:m)\" \" \"P	%\\\\" \" !P\n 6DQ\9s\\#aÆӗ\\rI{\Gmm	ry\\Ov\QG\c=f\'x~\\\,@\6p\@\\\\\%\<S\0\_9qn\Eݳ\gـ\\g\\\wߊNEW\\q]s\5\k\=\\`\\^sEE$ĻX\P\Ȼ\o\^\w\\\rt\\\\Nkݺuˋ:\\~\;\ڶm dQ\E\ꗸ\\\\?n~j\瞁Gm!{ڎ\;\aU5k1\<\9\ᮻ\*Hx\glUV5\X{gF)v.`\dA@D\t@$@|+0X.Y\J\ j묳Nn@Q	^5XcrjK\<s\9\\UW]e9v\ygWT:\T\o\SN	&Eq\T.\\_c\:>\nuv\\7P2Ztn9(S9\LTZ\BO@D}@\	H/\`\;\\~\g׿n\\",R\\Z\eT_\\\0\҅\\\z\!#-Rmm\9\\\.<* \|M=zt\km\\\\\\\073fw\\r7,I!>\{\M\\ ?:LTL`\\$@hP@	HH\C:	QPy\\\{n]Ҋ\\~\ֲeb>fDv\rZ&K\nK\g}\\\SAY\O:1\؋/\Z<+믻vB	\ \t#\g\rs=m\o\\\ߺ0p\\N=TW\\/l뭷\e*\\n_\~\\\n\&[jl\ĉv\\O?\R`#v4i\$\\Omcǎ0`g\\y\]~Oy\u,RScej\\Ϸ	lt\I\\{\T>ݘ\Z2dm\v\\ꫯ^ׯR\\\%\\\u\]\\H\溎\}\G&\?K_ڿ,\RVړ\7\p|\\\g<\g\[oe~a\\<\s\ۺqO2Ϥ>o-\\\ovQN?_\\^n\#\_81h\\\\\\\#cA壏>2\I&\\\3\\?\\\2\7%6|nNc\ր\Lq\\\\^i\\@\g=\l\M7u\e\2v\\\"yK$@¤\H@D\\zIBO@D}@\	H`\/\08x\\e\	$0HpβVZ` iK`mϟ?\Հ9s\b-\\\ݻ\ k\7h\ \\i\\_va\\+4\\y\u\\.\\ƿ;C]@!X\\\N.؉X5+\=\\\z뭶\v\ي+肽0Ɩ\Ç\Fm\\Ѱ40\'py\!\m\aGk׮uoU\-Zp|	<#l\&\;,\b\.lƝ)O=F{a>H%e?ƍ\n6a\_[\޽G\G\\\0T\לּG!`\Zk1\-\3fB\\\'loc\A\V9\\3뢋.r\s\`\c\w~\Ln\6ǋq@оTby#ec!g\CuAc=֎9\\'\"z\\H\\\\_\<Sɼ\K\<\K/\;׈~~Gġj\ !2g\"~Pv\0\\"\\17ήz\'z2\\"&\r\-Ν\t\"\\X\N|cPD>B}	H(7a/\" \COu\\@\HK2TL`0*]#OjSb\cu5+	`-\r.Ί]\\r-\BNϭ\7\x,r\}v,l\u+z\\@\k|]׈ӦM\M\\\n`˹s\ ;+)`@\@7A||^z\%\%h\\gֈ\Z\ǀN|\Ͳ\+\\s\\qһt\\ \\'\jxD\\\`8\vNzq\\\M0bC}g̲\A/SG)\Ay\oVӳ\Z\(d\{\]qcV\\v\d/;IǏ\\A|\SsOro\Vsbn@@\CEh\Ye\\jy\\Fc_~\\L\Lz\Ϙ\~_\?È>gҋa\\L}\`zZL}LY1?9GD1\tM$@ISmTJ\/\ޅhN%E.\bX%aE-A#WЎ\Ӄܾ\rR\xվL理U\	ҿΝ;;\0:it\5k\,Pw\\>\'z\nU5B;8r	?蠃l\ww\"+)\\VT{\.@9l\0kݺ[\]g}	ֳC@=܆ X\w\/x\\'(\A\$\ZD%T\<\0H\n9H\2˸C\'M\\K/m|\\N\a\u\9C\l>˷\j+gBD\ {\a<i\< ;nz\҅\ D1a\\|\\6\I\=S\\,\/\\E\N%\"\0-\\B\_!\J(\-	堪63P\n&rxk\LwN\ZVi$\rj7*Vͩvh\"r\;|[Av\ \	\!.j9\;]\@`\WHEC\\ZĬ&ERH\)I- Ja\0׸LRTA\H?\0%EHEaG}\IҐO\SJ\S\G4\=b8`\'\rO\\\Ά\H\F-\0	RlۆK\\\v-5Sj}b\|\瓴`j\\lD%}OD&4\|\#󡷑!N\z2Y\JP	qS+T\57\\ \HBI甓r\U۩TZ\AO@)\cPD@D z$@T\')J;2IҤ!wR!&*?=(2ڧG\"mO+D3_{\56h\\.RsC@\tvV\!U\\\Xu\U]pU۬\\ԩ\ݣ5*=\\\v:KIE4D\p\'\rXӦMRϰ\\A|A HM \rMf\nR\\e>irs\,a\'ϨQ\\BW\\?\\\"H\r\0z\rb9v@\)5cU<0\$@_@\[\~v|1\s\Ž>3E\"uNj*)E\2DTv\OH\ҋŤ`\\\\sc1c%\5\gϱ	Sf\\\9]\@\$@T\rf! BCCO@E\cPD@D z$@\\'\(0L`+\A D\\EC\M@@ke\ns+\)l\vC\\.s\	\'\*}_u\6s)A*P/L![\O\\4\u5 \\@j\nx\m\\NČԃ0s\\\06\}C$iI}D6\4\6s : &\"\nLRw+\V4VCq\4<(k/4p.\	j\aI\wexS駟:!	Q	\\e\ߟb\\G\\`\r\\p\\]:A\\L5`ԧOV\$!AbϏ`4g\n\w\H\E\w\\u\Ѽ5kKo\\\.Xc뭷\;\K\> \3>\{\1Iu|¸b\uv\\\	2w Ȳs\:\j߾Q	3̘G `\y\\\\C_ᇝ\ʡfF\Xɳ}\ݺus\#\z=528ØoIKG_(hͳCz;L\'\ܑi\57;^tD)ӭi\ֱm˨*bN@)b\@/H\0IR0ox\Zϒ-$ LM6.Ka!\Yқ^HBP:5ҷ\0C4\ \\[\O0\\R%pO`\\o\iB\:iEh]\r|\z\\7\_KoI\nB\"UϞ=\Mr\'\	^9\	\瞮Y\\\~\n{\ڙ\W\N\n\S:Ӟ6\1\	*@\/&\\\\nhO>\@/y\\?^}U{\c\Vh3|*\D,\\L+?\\'e\br\\\.vrFm\o8\	st\\\r{\Z\c\\UJ=3\:\nA\/@0~c|hv%\0k|\(\\;`X\'@\ļ\\<\"\R\\?\\21\?#\lg(\<®%R\e1y\Ir=S;\\\\0>\rv\n11|3oӟ\y+\\\n\\47\\\P튀@\HGdT\\Ƥ2	d1b\q@Jj?gQG\s4\\\#W\8\/K\'L3T\" \" \" \  \"\Z~\" \"P\$@\}v\0\0 \0IDAT\ac\e\\0>c\"\\~:\a.gey5\gH\N V\K\Q\>u<$)Iތv_)\u\"	aPT\" \" \0Q\n4_\&\\\o@J[vs\s\َ;\\\7U\y\o\\-KaV\\\:\\\o	qRmT\d7JS\(yC@yH(W*\" \"\*zů@U\<cYk\@U<u\0Q]bo%@D\+ɴID2^@*	\Z\" \" & \x\i\" E\<S4:]0 \\vGDS)\\"P\0>j\-\\n*\" \" \\0.ϲ`\Ъah\P	H\H4	\/\" \" \" \" \"	a,s;\n0\3\Z\" Bc \Z$@D\BD@D@D@D@DtoM\\Z\ԮU\ŤF\ZY#3ɦ`l<%CE $@\\w<\\\.OV8	3\\P\n\\*`d@RHH\'\P	H\Z1\\؄)3l\\c\g \\xٮ\"\bu1\tF@Ditu	L8ю8\\m\/\\\\ٳm\ȑ6j\(ꫭE彡Z/\b)ӭi\ֱm\\\TC\"H>	\z(\" Q\'LQ\?)0G`f+®\\Z[s\5\{\\0\(gg\IWm@(S|\"D l \&D@D@\n%\"ԅ\\nV|o;k\,1bx\9\2[Tw\uW\\3\<c\\ZE٥$yFB&L\Z	\" \" \" I! \")T?D@D $@\\w\n\\Q\/\رc\SN\ye\\n}^\\~3\<\\+\"D/j	5aR0%\DHAF@U\0+0G`\3\\駟ʠ\p\=5l\\^#mkDx\\<Ko \\$X\"\Ib<LRH(0(6@\ny\O\o[E\v\\ܹsK.\\Z\}\9\\'|\GֳgO4iR\ϰZ\r\\p=\ּys;蠃\N\_ܾ\+\;iӦֻwoZ{\\~~Ɏ:\({\G\:\\O:\$=z<ؖ\\r\\;\\^rpx;:\6Jk֬Y]{]۴\Oص\^k묳u\Y\\?\\c\\?ow\y\\_>?\\6sǻc\ԩ=|\ k:v\h\\=\\;\3\\}]\\\\Gu\箻\\l\?ej[ፒ\lILu]^J\0QiT\Uz|V/	\\{\\D@B@DT<\\qԼy@\}嗷#G\af^z\#q\.8\w&\m\\gpx≶\;ؘ1c\\˜C\\޵USSc\_t\Eֽ{w#\q\gm۶\SO=eGy\\0}>sCD \\\/\\0iܸq\EY4\v\ƍm\\{ۢ.ꄊ\\\\>\Ϝ\O>d\x\\\SOuM{\dM\b-fCe]\	\F\iΈ5vr\\r5W]uU\\\|M\'Lw\y\Zk9\FUpm3:Ԋ\J\0QiT\%@T\\\%@Ч_ͺ\@=8	wA0\)\Y\~\v\7~\\\DLB \n\0\)\rvD ^d׳\/8\\\>\-\@j\~ڴiΞw\ѵ\\k/kᆶ\/\' bp\\>\c\]w۝p\%~!s\'\\\L\C\0\.v;{\\Ή:<< \~y8n*y$@$ϧq\y,*S|}\'\E@D@D@D .$@\\S\n\(ܷ\~{]0X\[3{l5jk\*b*@poDW^\\'O\\\\w?x{3\I\\/\\} ]\! t\\\\\@\\իWpy\5 	\-]\Z\nmF\K\yHoELy\\0?%\b	I#\" \" \" \" \K୩3]\;kU5\Z5jd̬\/q9\S\n\"{\`\'\0)n\6WTE\(Uȳ\>\R&\\W_֭[NَL{v7zp\&@l\\\"ώSz<oCm\\H\p	\\V\O@D}HeD\޳+St<\"KD@D@jr>>\sv\1\8 _\nVX.؞\H뮻l\W,(1\ .ă&MbΈ\nD\z\YfB\ԧ\ѣG\F~)\\\ߺ\|]jA\\\@6l\r>\Zl\\\'\r\<\jXp`Zi\\*(\nVS$\Zm\̙nɁQ$\aZ\%tR\rŜ\sls1\̏+	q\\\V\nL@TPb:_D@D@J\' tlaʔ)֧O\ر\/`\')(\K\r\]mԥ3!C:sj\'\ޮ];WL\Z\"ɣGvAsvAl\fxA\\\辐5H}\:\B\\0\j@5|?<3\\w(\r~wB&\'\\'\>\\"mn	&U -hS+b\vs\\"0P<zҤINp7\\옸\[[n\\G\Xqik\sKЀO97on]q\.\i\m-Z\v<]Χ\A;\?~c\RK\|\\<\H>\0!%\"jBD@B 0~\tkڤul\2\Ԅd\'\"\\Z\"| \cPD@N@)\\S`0>\ \'P\\yڤyꩧl\=tERSsy;\\\\0@5\ >x`裏\y4z\g\\<h6z+\Ə\\@\@| (\\*;=P\vg r\)YOs}\\")\͎\8!߿CF\T\'Nt\\rE6m\N~Չ=\\w\	`g\K/\D\^\8\ת`\ӧ;^c\w\"B{\Wlmq\M\̙\\\\\"D\\\GH@\[C?\9\\A\0\0^H?\'h\g\\7Y-\" \" \\0Q,9]\'! \">\" \"T*B\*0\Q\0s\\u;!\5 \\sN (Ɲo\@-\1b\m袋\t\\\<{!P\n@\P\nȻH@\$@P\rH@D\0\r84;ة@: Gvbs\9\[]o6r\~0\nj\O@FM@E5*M@)*\\_D@C@Dr|@\\	H\\\(j,Pd9\z|\ֻwo\իK/O\v\y\H\Aj\"_!\=IkDJ(v@lNO\\I\/tQoy,\\\<\\\u\0U\T]*B]=VOE@D\$@\\G@D>B\q\z\YW\\oA\	\%PÂ:	A\\חz_e_\\<\puh\0mTu \\\R0E\B\I@D9\m $@sd$晄;X\L@D`T:L$@	]PkP@	\2]\W\!UE@D@\"K@Dd]S\0c\()1&y&\Γ\\0*N5V	E@\%E\0Q6]$\" \" \" \"P\0	\\nV\-\A@LuY\O@D~F:$@Z`\h(7\t\ԮUo1\\\jkkk#cT>C\GH(\R	\\0OƷ \\;Y.\" Q#\~5\F\,\#\" \" & \"\\U\D@% Xr.iϞc̰;OZ\ԟ\0G\Ld@\HHK\!0H\\	2ݚ6il۶,1 9($\X=P\n{\dĘ\;O@ThDbF@D\&sE@D T:&NU`0&\"cgb\<*`\n\Z0	vLH	(\5\\n6,o\M\jPk\\TR0U\\s`_\K@D^=\0O\C8Jf@	hdz$@SA@EKD@D@2\0!\" \"Pi *큀W`0 (&\"PG`ڴiֺu\D4\FN@D\\IdĄ8Jf@	HsdDq\k׮֥K>|x !BLD\'3*N@D\]PH!\`\0P\F\"P1}լ[\\\" \" \" \"&c@8Jf@D @\\\\Y\V[\\"4\D\y2\$@T\Uo\r@En$\" \" \" UK@DL\\`L%3E \" \bgQ.!BLD\'3*N@D\]PH!\`\0$@4j\HD@D@D@[Sgwjתj4j\\\Z2\\&\#M\"D\s\=֦M:\5\DϏ2$@T\? 4\Z\ZR05i\G*G\\Z3@w*$ \n.@\\'@d\"$@T\(Q>{M2\v\\^D\"$@Tn*\" $\"ԉt:%\" \"q \"\ \'\"P:D\X\u\?8\ZOkG.\@ \" \")ӭi\ֱmKQH(	.R0\0!ȵ2\C&\f\\" 	&иqc\%@$\\\P\n&H>	\z(\" Q\'\"\Q\?)5JL%3E \"\"\"$Lt(PM@\H\d$8UDL%3E \"\nŨ5\D\y2\T\.z\@\0\`u#	CC@DL1q\\\'@\n\d\3q̨8	wA\\"\U?\ZR05j\H*F@D\\\\\" \"  66AظJ@$d n[^N\3p\0	pB \/\" !\0\"L5%\" \"P\(\n[\_`\3\E \ jjj꺐Kx\'i\e{$@ISmC@D1\t@&}լ+8\" \" \"P1 *+0X/-\N\0k׮֥K;\iQ{ 4*M@D=P=W\n\z*\" \" \" \" R\\\\" 6mڴ\<A#\0Pi *\깿PW\S\t\ԮULh6j\\\ZD\\rE@\"M@D\#\\Z[e$ BHh(ҺTR0U\,\" \"P$@T\\s$@hx\Ϟc̰;	^7U\nt:]eT\DHAFDyDT+S[\&cۖՊ@@	(S\\\ZB\&\H@L5z]}H2	I&\"  \"\)0G\L1\31vLR0SDR0E\92MB\" \"$jFD@Dh Fװ*0ذu7Fg\\\s&*BqQiJTi$;\S\=\}O\n\C~6h\ \ڵkr!g\"Pe$@T\\] 	tJ&dĘ\;OJ@D8\XTh$fK.m{Tw\\;\F\&\{#ۨG\0Nx\0?\JH2	11q\\<c\\P	H\Z+\"\@ ￶L\U\~m\:u\^\* \I\" \\+Y*\" I% \"&U`0&\"cgb\<*	\TcE\0Q4]@\0~@uĊ\0A~5\\\f+\" \", b\Oc\()1&y&\Γ\\0*N5V	E@\%HI\'H@D0\ٔ夫E@ yF\@& B#\$@T\ɽR0%׷\D[Sg:\:kUCQF\\\jkkkCo\\\r*0X.jWD\<  4A@D4D+\_\u\Y\U`J\էj\'p\\w_MjǠ@\0Ѡu3\0O\\r>{M2\v\оܷR\"\rr\0Q.jWK@E\Y&\" \"\\ \[LD JKE@D D\LM\Z[Ƕ-ClUMR0i@\0Q}>WE@D j)j\b1q\\<c\\t@@E@\)\"0 \PuGD@bH@Ec\4c\()1&y&\Γ\P\nPq1\0!g\h  \Zn#\" \"c\()1&y&\Γ\wv\+lHn\D (`\nJJ\J@)\n%E $@\߇\ĝxP\\\\ѣ\\{\\\Zk\\Z8qq\v\\믟&_}\q\ִiS4hP\\q\ofcƌ;\\\:묺\+\9\-jmf{\쌊=g\	\Qi *\\_E5\E@E\EV\@t	HodT	1t\6yd\[\\\'\ʮJk֬YY<\/\Ad͛7￿(\\v\\w\m\'x~\mE\\n\f̘a}aÆ=\o裏\	\'`K.d\\G\DD:\.\\\0v\iKz\);\#sX*jN\晊\\\cM@Dݗ\%@$\HEF@Y	H(+^5.\" \"\0pJ\s\=v\\!b{챇\\n\Bرc\nT\\㎳m\$@p\N:Ɇn_m\ꫯZMMM&%\9\\l\.STS.z\7s\\\}\:[b%gϞN\w\}3\*6>\3\*\\u\gAۋ\yIg\Vċx+\JHW\\'`d4$>j\m\[\^\" \" \"P\\\/\0\+\`#]\0n\;ϮZ:uz\n7\z\WT%\9oV;\#)@̛7\.\\ڵkX\w\\\Gm\{-\bNx ֶ\n[Vߟy\ַo\:\"\ϊrhD.J\<2#\$@\\y	1]DBnu\"D@D@D@D \$@\\I	\'\\7\lkV\\gPĔ)S\\SO=\~\7-[\e\A|3gەA鯊\\?\Kv\3~\O?\\D&M \k\*\~\W\\\lH\k\'\O\<uβ/$@D\GIPD\=\\I{\YD@D@D@[Sgwjתj4j\\\Z?M$\M>VZɖYf\SN9ŭ*\'\={]vn:3\\\/}\\\? z@>[\\\\\[O\Z\CdJ\y<K9믿 \o.+䡇\^uj\\O]w\\\Z2dm\6\^{\nr\\/E\;!bE_|ш&\\0\0 \0IDAT.\\"v{챶\{fm\\.Ws!կ\sHqﻱ1`\0\KviU:urvm\e\8.\iz#\gu\q\l\\\Z\\:v\XǓ\gqF\\^{\5;\88W^NDJ\\Z?cA\\O\r\q\0\\s9(ޥK\KIg*O7N	rg,;#\"n\J7\H\޳+SP՘\! BC@2yR>\/p\<\D {\YgYV\\3ͪx\\L3z5 81\m]Vq$r\]v+JM-Vُ9ұ!EլY\\w)d&=z躀ys2\@o\\W#<ˀ~\Ծ`ER\c\1\\Ρ\\\!%WgΜ\\\֭\\;\j\j</^F\\\\\'a^j<A\Z,`\8 f!\ne\Q\g~\\r\dM\\?w\\\C5\ƍ10A\ZO>\\Yz\+Jv\4Ϟc̰;u2\ZH/W*B]TPW\-\" \"P$@T\󙂵Y\ߖxP1\	\.\r.=\nƌ\/x\\\\6\kBپ5+\	d\\.\M\<#暌v\"p<f\x\\\\\ǃD6mp\\'\㏻4Dj`\\	vvt\c\9\ckKS\r\:\ѣG]\\n\\\l=6\xc\'<d\Z0ſBH`\\\"5O\!\v?D(bSs=PDuC`\ִIc\ضT\XVH@D>@n 4BD@D@*M@)*큀OB`0[M\\\-Z$R4%\rjR\d:`\׎O\TF\\\|\-,\\ԋⳋUqB\ \~z\%}	r52\; h:J\q@\0~6=\r6\H\\\\Gl\&4K@(\'$H\oZHQ\0\Sr.\_\\ݻ+\σ%\"\ZH\<SDuT\r`\ZW\"PG@@	u=Iz\\K{\\0Z\"W;>\\N\&L[o\%.)HD\0\?t, \w\\d S\0Ag\ `NJg}\6\t\z]LabֹX	\?pu6Zj)iܸq\n0]\8Aw\\;J.	L)׵\"\	(Ƃ@R	uR=~@v 4:D@D@*M@D=I7\\\\'N֧	e\09inHӺuk;\Q w>О\`?)HU\a\/\l#\jUP;\Nj ɓ\';\Z\\Bcb\W\{2\; ؅J}\n]O\;\\\ـ\\ԩh֬\\v\"˙X	TS}q5-v\i\'\\\\\r\Y\"\\\HQ[\(Q\\"РTAq\f(EH(Y+\% \"e\" \"P-$@\\\I @M  ,+\7\l34g:\'.\0\oڴ\qb\r7\P\Z\\FAc\\ZP297\h#w?c=\\n\k\\{3ݬl\'E)\ܹ\z\&O!f\r\P@{\\\7)Mo\6\'\\\;\'}\\W\]PB\켸\]\-@\əPSx\_\q%\r\*b\r=\#o\7\5Rw^xA\뮻\n\rL8\\{oWF[\,~\@m\nPS\Z&\\\]uxs.\_~Y\g\5\n\\Etڙ4iR]=?aM\*_182\T\, \\8FE\\xجL0	H\(bU\	=\\:\,#0\\iU|\0\ٳ\\#v\\e 84?͇\\E\:VX\~F\l\,\b.\L	\%a;9R-\rQaCj*V\Ϝ9\\\zk\v.]\\\u)}\!\\'R\?\\w\"EAvVFBd7x\.l>j;wv	rqnݺfT\\'b\0?\\\DP@\6\nc#D1>}#\\\ra|N>\s\_}\'!=\v\:\N\r,\\۴i\\	bG\/~\\\Z\\2τ\C\T/	\\\\DT<<;T:y>UD 	\\" \" \& ܄Cj_@4\hp\$@h$TJ{ \0\\ߪg\"\0A~5\a-\0$@\d(0G\L1\31vLPq\"H(.	D@)a\I\" \" \" \" !\0\"\r6`9\mh\8	H\H4	@r\\"\\z&\" \" \" Q!\\\3\\\~tZ\e\I=H\\Ȍ\q\\<[\\	H+邀$@\D A)A\TWD@D &/\9\p\:I=$@$ճ\@I$@O\'\sls	ꕺ\' \\x٪L0uՆ@!_2\0QȈѹ\" UC@@T\Q?e5m\\:mqKe^\u\<&{Et JgD@D@\n#\F\\Zj\\T)	U\xu	Hj\" \"P/I\\ME@\ZiӬu\ցo ҉	\'$\ԩS\\}Zf\ND\\ٳm\ȑ6j\(\m֬Y.\~\6lWR0i@@\0Q}>Oj\/{\\m\I\U&\Ϸ>jo\\\n\6\ԩek6\\Tq\\Y׮]K.6|@Bh\#\{\\r;v\h\\\Z\rgLwz\\K.aÆ\Z_Eަ\"\+B\oڵ\^kgqo:qR\oz\W\5\\\ck\s\=\K\'L`\\pMaR0\\\Q5_E\\%\#P-C\=\\{\m\%\\\ڏ\\-|\[l\ر\ۮ\jru\\\Zh\#\\\\.6mڸ,H\m\\"\gy\\g\\\w_2e|\\Y B\~\P|ID8#ID\0DMMM[mU^!B@4K\08餓\\1\ӧ]w\u\71Y\\j\#F؁߇\o\}Q\fm*jo7O\s.\\/\;\Ya¸ڨRw\uZhav\Y+l\Ö^lQۿ\UJG\.	\\"vE A\\\F\q\\q\Wڜ9s\\϶&MD\AX\3\\*R\bo\1Yv\e\SNW^\O{\m\֣G8p`w`ķ\K$.`\\\z{7\7ǌ3\NO<\\[o=\K B\ZJjFD \ \b\J=r	a<J\0{̘1ֳg\z/\z3>>^~e:L\oa\_}\q_\\l۾\<L囏5\"P\ntX׊k\&[t\0Q\n`]R0i`@\#8\N\w\yǉ7\t\\\`\0\|+\-M\ǣ:ʽ#Ȥ/rb\\{\\>:}|y\\UW]\\"P,Lm}\\\.奖Z\\u]\nŗ$@\\\u_lah\?[ӦM\\YE:#<\V]uՆ1$\]X\\n2짟~g͛7ϥ\\D\nruu֩ݥ\<\\\߭\\=;\[\V/L4{\9;\\\\IgX߸zGHyz\"\\\VE \nY7\&l\1IoJ\0wT\S{\1k5\e.I? |\WR\l\p_u\\!\Im۶u\(:D\\?\Fa]ƒ\0|7=U\?s(z\\u$V0RԮ];	#\ꨛo\n\;w\r\Z4\>\z\\ߺOܻq\\n+8\s\	\z M?g7\^{\\mgڹ}\\g\\\>v\[˖-]~\GP#R=!\00V\m\\Ə>\\,4iR\Ͼ\+gz\\\=\.w,\\O\.\گoCzue~֢.\~\G m\\ 0R\\H\rpꩧ\%.[|\ĉ\O\Eqb>\nYƇ\?\rsRz\\zvP\3\>0\C|\M7u\}۩m\7S\\fC-\\.b[}\\d9H\{ӯ\'x\\\@\:묳\r\t1$\lc>\\C\\_c>O,\\>4\ּyz<S}u\w:n\Cgӧ``?S\i\\v\6x\\*71\Ή$ \"nUD\	\">\-{dW\lǨQ\\C\U6\;\;\{\\\)\]\rҗ\{(u\.\k\r\9R\1\\\]\\y\L}\'\*\pM>[}w\\\wi~ꫯ\K#\\V&޿x\A\|\7?\]_\\پ\J\=w;{x?ǯپ-.Tx\A4?>\ɡ\\\\0\#\,~\\ Az;\07^#f\r\-W\\?&\n;\Kd&$W6_\`\ތ?\}m\s\\r!o9uF@%	 ]-\"A\An\.g\\+C/ƓǺp	\0׿eݻw\\p`5+>cUV\s\;;a]vqAQy\$\۰X˴\\\rDJ\M\VZZ>^8r>\\=/v[\\/|y[\\˭P\œ\Z\o;\(|\\\t\E9/}δ1r\>syꩧ\ǁ/ ΋.\\||̇\N;\\^\0\N@z\\\"\n\7@\x㍝\W\/I|((l%x 0\\9\r\n\b-\>pk\'ؐj1;|G\0sٌД\Y\\{oC~\#&l\\5s~Gu\\s\t\\\a$\y\\.7,7\d\ݸ\\2\n-\2\cW\\"E\.;v\N~/P\np\d\\T\e\0!.R.\\"@\z\a\\S\'$NЩS\'W\\Z5Y\Zkw(\%y_̔f*m\x9\\\5R\.{	\>Ėb\]yDaAh\m\\SK\С\\B|\1}\G\\0\\Y8\6\\\yo\{\\f`\\o\\\\m`%=\;찃{Gd	|F\\'|\7X\K֯_?w\߼\"Va\m\f\E\"lcf\|| ~P\\~l\\5\\\s\A~g\g0&#<_|\&\ڵ{\}\X\\\Os\\cܗ\ZmJU\/\"\݇lo_MxѡD@\0A\9YD^by$ 32m)僇\0>gV[ӦMw\l\fEU6[yY\eտC\\|>\'ˇeu_}\8\/~\Js^O|\3g\t\t[=lk@9\y\"@\\GA\L\\nba\\n3^=lu\c`8/\W\'\l6l[M\\=V/\iZ@C\d\g\!kSwn8qOv\qG\\\\!k.\|\{n\u\*p\\\{N dL]E\\Ex]Ƽ+P\\2=(\m\mn\\uQ1STZC-cߵ~5vFgo\6\\=1\\\u\n\7<\\_˻[\0+\p\ b	J\.I\g&h#\0\w糥wWx\\\杈ov2\L\G\v!\;@\],\"Ύ\?<7\\\|[ @0\aQK7Z6RW\\\,$O\\\c\c9\VZiz\\\aWA.sq\;\<܇ub\Pwr;8\0\W\\~5gM\{=ℷB\.H@Dܬ\z\E@R	hD|\C\Bz⃪ݺu\Z\J],5k@^IR\\`r>&xaF\H?\{O\sˊuV\^K \gϱ	Sf\\\י-_(\'\P\~V#\n%;(S^vST^\z_\#8Xq\NW\0n|6\\?XG|A\\e6\?\\=Og\n\nذ{\\sD!]\#\\+L}>\\:\j@glZ\CC	R\@` ҉\"\P6wKw\c=֥aB\=\|v\1 .Luӥc\Ϳ\N]\\O~ǻ\M8\^\\\|\\\]7fvl杔 =vR٤ژ\})\w\0\i\@E b4;\\ʮb\~vrˆ>Bߧ\*V\gsI+۷\8BF6sq\;\\0)X\b6\a\宻\NH]\U\7!SūB\0\9	H\0gCD\n Tϔ-al\\X]\煗xeeǊ+-f+i\\nf{Y7{VǰM\\Ox9&MT 	D_/\{G5^?{\6Eu\Cc.6XP#A\(Q6\\bD1؍\F5b{\+6TDQ(\Z\g,1ؕx̷ߖ\ݙ\)\<O\~3;3\w\9\,I<\C=\%NAi\տVj?\˪\(\VK\0y\g\_=P\\0s7-^yu%h)T9KqUzr}|^(߮|%h\iŤV\)\Y\\**h;Dbc*S\zì\\n+ؙ\'/-\@R017 ?y ZQ:t(Ea6\̣ZeJ\o=\m\\ʷ_lg\\s\ئkR)[x\xii~*٢͵>^e	\]\T\eiż\ݽ~au\a.\\(L\,1\\r\n\\\z\\s\A\XE\\_ľR\7s\{\.VJQ\$\H\ky\'+	\"\L|D\Y\@\	T ,7ƻ]\fQ\\Ü\T\MyJT[}a=uWs@\F`^\d\R0۩)5Q0^^T\\b9\E!A\\?./¥R`k(h%R\hlU]&S4M\\\rU+vbIQc9WK[\JP\L\˙\S\\q\6-\\V\Q\%:\׋Q`*gs\"\A_/ez\iO\.\\d)ڍP\o\I/Z\7UV4hzP]Պм\\\%\\g_Q\|C\	n\/\<?\F+9 %PGI y \Su?\ssFr\<S1:\\b=\j}\{\ut=+\nj\\*=K>cMu1$@zU\SLqr%((%đJϵ>S-Ϯ\:|\/Q\Zk\0\\svXhw%D\˿kTNF\\n~	b\n~kW\)J٬#oj\ӊʟ$Zi>W_ީF*J*P}_G\\3\5\;aa\rC\+ƶ0o\\[\0\0 \0IDAT5 *͞\N|	\\@*	 \"E\ς\\xW\\KME\\ElW^HjŷRiIz\TUࡼ\n\kշ\\}{0\J.kdg4A\][z\Z%k\z	\<\\\^\U1*\\j˶8Uev{QR1Ti~K\KZY HU|L/|Pu[\</V~|F\#\@ZIse\zx\V|hŏ^\46\\C/\\_/~---)m^Z\N)p7*\s꫻\S/\1k^B7	S\E\"^J\T؆Xj\%U\\\n+\VYB\S;\;H%1F\\\\]\\ߕ\P\Oy{9`/\_VT\\\0\;&$J\^\ot\N)_)*L#Z=V	-\ZO:WsրI\\\1- \\)\@t @(\D=k\9Fd\bD}[\~N\y\yXFvF\\Zz&\b=\\\\\P \?\)@\\YR\\yQ+\uh(\3\|\Jz\\s}0h<zzRj$\JyK\x\\\\ZW\=@ѻƩ]bkܥ ww\"=\\\׫σuw\P?z\\\\\?$\Y2؆v*!pHEz	W\㴀ITw.\\ 3/@(娞5U\0[\"\\S\\ݢb!W٠&\\c\8\v47\CV\P\gz/ջz&\{\UoOs\Z\\n\n3\\%\K9$ \"(.\'<x<\ \Z;Q\i\Ճ_Cs\n\b\U7C/9\n\WAS=Xi\Zu\֡\\\njiՔ\n\\|~\n\\Q[zPת0\\w= _z\\N|h7l/zӃr\a]/wN$P\A]y\\܏G\ԯјw;/v-vN\\"h\M\"v\z0֊UB;ZM\\ü^htK\4H\ \\\ \\\\'t/\n\+@\Z\r\0uhD?ȇzȍ\\ƍs/\z\|]Z]K/\\\6b\!AE}kNY\\yz#~%^\\_	zQ\h\R)%.\q\%*\U)\~\\S[>U@z)\\B\\w\H9kˠOR\4	\nH\Q\@	\\KA@ο\r;z\\\o+4wTELU\\dd@9*x\st\:Aϖ\r\izZw\u]z\s\1}\:\ \|]\n~\a%\\\=(P:J=\^\yPf=\\[7<\s#-z֫ٵ\ZX x\\1?4Q\n\\=x{P0]\t\igo=\k|\ŦR\D\1\,TQb-\>\riwI\K;Կ޻ʵw\r7ܰuni̾~D8=c\9_ɴF\ \3_Y\[l{\|\z\\sm)\Zc9\\T\NVX\;\s1_wi7\\!}Qrl\:p:\U\\\Uj\L\@\%:B\0i! BiTԎ±pHwK۩9=*[X(Z\\\\jgDG\&]4nR;B/dzH`T,ntd%+oD.<\(\\G\0z\~^ֺm׵W@fz@ \"@\ϳՏW^q\EAq\\|گ\\w KD*mm\\\'J\0J\DG\w\aj\_H`D\E\K9&\R-B\\r\"Ei\[9/Z\ZUm\	 t\7iUò<\\n])\=?\b\\6lw\\0U\ \"GJH<Ļ*\0\\Zѿ\2˸]ڡQt\iGRIK\WZIi|\\8\\BZ04\\r^,\0\\\z\ \WJ2h_Bf&\\n 9\ \\Rm\UPf\vam\\\~ܧ\\\q<#(\'@G\S^S	a\cer[ժ6\7\RM@[\}\r\(~\=\ˢ\4)\\\S>\\"~\Ls9]6E:7$ І\J4O<[\\T6q6Z\5\\V+wl-\3L;Y>GE)~KZh\xYfRilJ7Wh_\\\#@|	\ \0Ab\J3IB<Y9f9\\?\xGPIP\\{aSi^G\Z\\nW\r:PG	2\W4\I\te⭦u\]\02I@\)J\/ۙgi\oJP]W\\1T\rLcP|-<\h\'*B_\\_J|	\"_\0@\0\	p`f@`60 \'8\\m|\C\0\0 \0F \0шyF@\n	pH\09`\* @TS\"@\npq22A\m\U31@\0\ @|	\"3+!\0\\p\tP\f̴-\mP\	N\0\"\n\(B\<fu\\/ \0 \0\\\\!\0A0A \0$\-ӬK\N֧Gd!\0W2&\0\Z\'B\0@D/!@D4h\\ZnY(\\0 \0%@\n&fG\0\">g\\0MD\ C\0	%\r\" SÑ\! \\F\Ze-\\"\1Y$\0Di\02JDF6Â\0\%\r^\\Ί\'\;R0\wICΤ~\m\f=W\\\x\6_e\\?yf\2v\\6\\0j$\0Q#8.\0 \0	_Byp! m\ \_F\0DxVP\\5<\n֡w\q\cp=\K\[Dg	c\:{A\0H\KɛX$\07D#@\0\"Nȹ	9\0cǎ6k֬6\"\Z`<ܺtMoç9$\0D	\0rFDΦ<Å\0\\ ƍ\Za\.>5쥜P\o>\[ܨϫ\!\'@\0\\\\܆\:\\e\\'\\\o\\0F\0i!\0d\l`]\q\8v@03$Pn\SC\n(a\ \0@\0_B\k\0@(nL\&\0Lh6f{ ;ր\S\r\?Հuv|\H \0@\0@R_BH\\\\@ aA$\!\4MCO\?@`*DEC~\m\f=W\\\x\6_e\\Q$e\_z\'\@,\0 \0\\j\;Z\V\n7lۭ\d>4\VX\ܛLi;2\ƎD\\z,Ɩ\L\\'\L}\!0m\L\2\\M*	 @T	\K\K\Ql\s\\5m\\{M\n3-h\^\Zyxᤙ64\<\\nO\W߱z-\\gX\LXV\"T\Y\\eylY_m\ضW?\Ю\n\\\\\\\7_+\>;7[E pBm*mB\0A\0 \0$\-ӬK\N֧Gd!P(@L\2K.a]v\̘kH\2,\\\{k\u\pϱܙpcܭ৸	7}|\xSNm]\R\\om\"\n\\\vrv@4\gz$0\n\'A\0u\wx\\\n@\0HJ\y-cw\~\r80D@ g^oOSS9\0 P7/xv\u\\}\\1\\\0x\* ?\0 0\0)	@V	TJ\0U\3<@ȳ; \0\w\ymƌ/\{-\U\0\T\`ED\0\Iߙ:ryfP:3L\@HZ\%\B\"ԉwBnu#@\0\C<\Ww?\C*6\t\"M?\/~g\{Fޖ\03\(B\ld\A\ \04\K\Ny\fL߂H\\i@\f\0D\\\ @\i)1L)qfB B¤)@\0E@񥯖\c/\{\qͣ B\k\IǞ!\\\ӌJ{\ \&\)B_\3ld:`\`\\0 \pė\:t\`\l֬Y\Z\Z;\q\:@ ,~g⼬@Ⱥ?>\(\"@\s\\r@\0\0\CDzf+B\0\r%\r\, 윜\0G7a`jt\0 \0@\09#@|	\"gS\B\0a	pKN\0\"\N ZH\z!P;R0\Ύ+!\0@6ė j9\\d\07̻$0m\L\2\\\nN@ \Ik#\0l@P:>g\\0MD\ C\0	%\r\",@ wnf]:w>=\n\8^`/C  \l\0 mė =\ P3n5\B@\0@*P:n\HDJ\0\"R4@\0!_B1M8\#ny:c.FL\@  \Y\\ \0 \hė \Z=\\H	n)qf\N\"Ա#\nH\\0)\\"KH.\\ \0d\0%\m\\ID\0<3 2\\\\"ԩu]\\ru\]\0D\Hi\0* \0@Q\ M\0\l\@vGȮoJ@`n@\0@	_Bh?@ %A\Q;\\AL).\ld:`\\\Ze\0 9ė 27 \rn\p@H\>{0S:2@\0\0 ė 2 1n\@H\2c8Df\\ @$\%@\0\02GD\&5\0!\r\"\Z~\a\G\0v&\~R0%\7X).@\0_B\\@(nL\&0m\L\2\\	x\w\\+.]ؑG\\"@$\-0\"ԙp#@U(B].N@\5Q0&1/!@$f2b ,\ \I?\ƌcw\yt\I֫Wv\?\o<\\>v衇\,Af\\\?ܱ\\\c=6#{eu\\\\H0* \\;,@ j%\\{\[lĈ\ې!C\ҒK.O MuZ[LD\'A\0\$\r\;>\;\m\\\?ڍ7\\N2eu\Qv\G[߾}\믷	&\駟n]vm\\?S=z\\M鿙~\W\g=zh#@HDZfe\nHʹ!%R0EI \S5k{NՂSN9źu\f\s=\S6j\([dEb&ϭ<6e\\i]/!@\5\.n\-#@-)Əo\_;\~O<\\o>\С͜9\<@\jl뭷θ\~\GM6K\\QL\g\\\y9/Es\p3C`\Z%0u\T\w\}ݳ\/Kwz>\p\\rm\T\\\V\5\\Ec1 \0\ԢY@ \A݃\ZP ZZZ\q\6`V\\wߵA#\ӧ۰a\l5\Hl\n8y\n~\\gm\^{m\"R0\9\6D\\I\0\"~eԥg\\s\م^hs\=w-M\|\rϭmw\&f\ra	_B\gp@\A\Ύ+E JBZ0_}\\\\3f\oW+t믿\U\\!b\~]z\6r\H\l\s\:u\dp\v\m}\/q/JA:\ꫯڎ;\h&MjTjkq6Jlw\u\\.\\bi\;v\\/\\<`W]u\\n\=|\HÇwc\ܹ}\G.jn\o9\íқ8q\O>;QN>d;\\\|V(@ \?qL\7kfSY\\/)\cFB̉J	<\\Zvq<\K| \0%\r\ \z\vx|R^Aw\n^|E\Kl\-t/\\:\,\W^\-\gT@\f֊w\\$nH)֟\\[oM7\ԝ/K;<j\\\s\$\Wr[\uN;\ds\9A\k/wD\[~\m-^zɍW\\\sK+\kqhs\=b)JY\	f\~ξ! x\g\\\_nmYk3Z r\u\ռp\\l?\:߸.\/!@d{3:@f\ jFǅ#\"RHW^):ˣ\\>¿P(Wm	$J\ܵ\\nڱ\k;G;7$BHd(<\SOuBƠ\\ZV孹\N(&$\\gy&DI\9\'\0y3@#p\\6t@EځE-ӦM\;\V\\qE{\7\b^\-\\~Vb\'ܚ\\֚&e\0%\Or\FDmܸ*{\Z%@(\0\?5A,WCZF\n\\5\\\\\.UP(%@\ѣM\0\EBn\]wu53\\p\\r\{\*\vYhOc\0Q\T\ S\P!\0\@@\\W\yKD\Rfj\\\khq%<f\I&@|	\"\A\0\Q;;\(\.\*\ׯ_+\N;\\2u9W%m_b%R%@x\c뭷}\\:t\\\~UR&V*\'	W\\q\\\\W\\@\"\1@I@\0&ݳ\?좋.y\L9\\Zw\S\Zw\fx3:_Bcp) e\ \]\V\r([Vʠ\_ܥ=R@\?w5LZRO\)b\.\t/\nԗJ袋\"\:; |\n&ɖ\Cq8ছnr霴\nOu%4\~\?pWZi\O;wVrh\\"G\rZ\\W\0D%B\#p\m\uH=\\?ɓ\'\1\cZ8\\z[\Zϼ\\\ \0\\\\ \0pg3mb\tԻg\Q)\Ѱa\ܮ\#SLq)PWQ\k\>ӭk׮E9s	w\\.];OB\AdK.dhw\G\\\\\\Z\[\\:\}\b\;1Du$\]p_cQ\*.ɦ\|kfRΝ;/`ݿ;\cǎ\\?\m\$kDGJW%\\O~9\c9\=\\^u\\~\+=r\0\nQo\&v\\\",\Ƴ\b9D~:\I5%u @4|%S}\!PH\\\\"\?\ZZq\w}-{-ϭ~n\r58)w/!@\n\3`@ n\8qj.q\I\'\\'L\D^zɥ:\Cm(	S+K\;a̘1\K\6\l\V\'U~\ȑnǅv(Pt<裮\,(\re\<\lT_	믿m\f\\K\\:$R\?\6iҤ\\\n\Q\V޽{;aDbXz\\'q\w\\k턖\\ΉJ\!>\N\X4\޽0KYj\Np/ѲObƯ\ZA{e^S\\{\uųXF\[YΝO\\~rB\"\9q4Ä@\0\!,W_}\v\qGo\k\i\26yn\sk\\y\"@|	\"_3\B\0	p!\0@\0$\0Ja4\\"\0Q>.\0 \0\Z_Ba\p	 \ \e\@-)´\9\0ML\\0C \ZϜ!\0\\0%? P\07f5\ %R0EIuz\0\0\0 \0IDAT(B\|@ @\\\@	_Bh@ A$\1\p\rGN(B͔\0D\\di\%\0\\\` \0 \0չ͸ \0:	p g\0Df\\ځ @\u7LwB r#A@\0@_@\0E	p`b@`6fB	 @4\\\\"\\-#@)ц\\r @\0@\_Bh\d#@ ]A\_X\\r8\8qV g\\0 \0@\0\ \0Q݌\l@ 7A\\\H	 @4\\\L\-#\0 \0@\0I!@|	\")s; \0\0`N\ @4\r=D\0P\Ev!\\lC\\\02GD\&5\0!\r\"\Z~\f̴-\mP\\#H%T-F#@\M	H	P:R4@\0!_B1M8\#J7\no\}}\Gy\Ø!\04\-ӬK\N֧GIG PO\nSڰa\l\\\(!q$À\0 \"\K\FNcǦhTՙڡC\`ff͚UݕM<\5>]C \'J\|\T\\/<\H\3\'c\0 \0Pj)B-\a\6a\BQ\$$\0D5\0@86; 0\# P\D&Zh!v@\K\EL\\B\0\	T#@|6dȐV\Al\v\m\3!\0@h0\0@\ @ @\n\3`@ X}mv<^ݡm\\"ge\0E\\䏏L\QZ-\\\F\g\Fx\x\L\б%\0[\3p@\0M#\0\0Ѵ\G\@	\]aAQc;w\l\}\\\o\\\arX\0[\\\6Ə?\\d>7~>\W6\٩\\\xYu\\\\6_e\\\\h\,\\}\W\\{?\IR\\{\\Ľg\Z\\J>\j\7_?g\\=+\\'o~3q~\Ѷް\ϗԀHh|\(,d\0; 2\LRv@ԅ# 0\I6sخkAk4(\Q\F; 1\v@d˟@\Z\fD\Z\)6B\0M P\-\>xq\n\\Ԁhc\\ \Z @0%\\"&\ݷ\b4j@\\څ@c	\\6~\rjc;7@\0\5\\< P@Da1\Yf&\0ibppS*\ԩSm\5!xH\1\Z\0 \04\0D\&A\0\\"P\\9\\):]#\Z\'\0i6f{ \\"@aÆ\\ѣA\0\0 \0\MR|\Zu#WZ\0G\ff@`&4\0D=\I]\n\"p\m\uH/3Z@\0\%@|͝$\07ĺ\\ZL`ڌ6e\r\ݳ=\f@`&\E Lj_\".hh,P77A\0%\0\Ā\0 OL.;YݓaVd\0Df\\\@ \0DhT@\0 \0\T@ kAdͣ\0 Ж\0)\C\0h6\K͞$\07:\ZNL\rGN@\SA&\\r 1\ \0T$@|	\$\@ A\\=P3+ML\@vGȮoJ@`n@\0@	_Bh?@ %A\Q;\\Af\ELq]$\0Dr}e\0JDV\6\\0\$\rN\\qej\0Z\%\pP\'\E\	 @D!\0@\K|I \0%\r\ 	\&\0\ld\A\ƿhC \0@a/!@4l\ .\ \\/\0D|li9p8z`W@\0\0 \0TGDu3!\0\\W3\\n \"\&\0\ldPg׷\0 \0$\0%\E\\0FD\9M#\0\4tB\\ \\"KH.\\OVMX@\0#@|	\"sA\0\\\rGZI?i3f\Ė\6w\\0D*ݖ\nI\n7a$\"%@\Hq\ \0 @|	\"\4\@ A\\\H\"[YΝO\I4RL\"\)vCF5\2@\0\0%\'B\0\&\r\"\et\0 \0\\0G\0\">g\\0MD\ C\0	%\r\" SÑ\! \ `jh@ @$\@ \'/!@\d3L@Z\ %\Y%@\z6=\\"Sz|6K)B6a/\\'\0Q?CZ\0 \0\(\\\\4\\\\\Zhcǎ\ݡC\hg͚\|\	&\GX36ܪ\P^}huze|oi!GC\0\"\ZR;P\Ύ+\\0\?\o=\d{,\_\ [l\\02B\0\"#d\0RD\\kc\=/\\/io\:S \\\@NH8ir\hg\lvf;XϪ9y&D#@$\Yb\\6v˃\]\"\gL%\0[\3p@\0!p\ٱVMMq\07aڇ\02A 7L8A\M\0n4P\':r9 \0\3}>\0G %\\C,\0H 7@\0	\\\r& \0@\0\0 y/!@de2@ VyA\\n\SC\0\"5ʬum\\\{\6M]@\0\0 ϾL\%\Π*\"7f@= \ǵi&\0f\e\vl1\r\<\\n~\i0!\0\Z	Fp\\@\0\0D\%0m\L\2\\	\Z4\0DS\S\\A\\0Es\p@\0 \07` tIA\0Y%t\4\ҹ\\=Cd\\	!@\n83 #\\4 \0\"@\nPүkaް\E7juze;\b 	p#\0 \0@\0\1;C\0H<Ɨ\ɇ@	\QNGQH\(\@\0@\ \&L\0 P\0D%B	;; \̀\0 \0\u\]).ʌ`ʌ+J@`r@\0@	 @4\!G	\ \0@\0u@ \M\"\u#(BA \ R\<L\0 )q$DJ\R0eș*U\\\ @\\0&@`b@  \cF@ \ \K\0\0 \0@\0@	t<\\3o(B\0\0 \0@f͚UWo_^\h^j\\\/\+56ch\QΞQ-\Q5\0; I[\0 \0@\0@3	-E|\"\b4/5M#@\U64m7L;5\0DCq\YL@\0\0 \0@ +Җ\;6DZ}\\'\;ۀ\\c-k\\\'l\s\96\\\ss_}U;\\.?\\pGi&\\\RK-e|\\nQQPz	 @\K\\J\0\"ˎ\\e\G\\{\6M\\A@\CZG\\\n@\0\j\\\\ @\8guPXBB\n\\+1%JQҤZ	 @\J\\N`ڌ6e\r\\3\C@H\Rh6ES\4L@(B]%0N\0 \0\6\0\\)tv,w\q΂aÆ\\\\;ڤI\\ov\\^{m\H\|\\\~\I\'dp3\6\d\\\ig\\M\O>\\g;찃]z饮n\c7\x9@vu\\;̉ Fr\^y\v\E=\\\\\\!;q\)\\"O\\+J\0@9nf]:w>=7\\0z\\rܸ\\0D\\!\0$\0)\Jf׿V\Z`\\r^\qFXW\\رc+5\߽\0 \k=-\BN8\m\.x/\AW^yŝ~L_}\{>h;\SMbBL\ZD\0HM\>\\~\"C\־}:z\\*4\z-u\\\\\(I^}\mvkHXiJ\\\I\0\4 B\4@\0@J	)\lTA\0\nX\n@\0H[|) 4k%B\~\ä`\5_~x≮Ą\r7\еYJ$r\n\0<7k!\}(%@\s/R\Z_=\\U @\{GUHB]\8%	\@\0@V @dœ@z	 @\wi\]>MG\\\"\0!A`]vi\)c\0çVRj&KA࿃\\\m \n\z\.~LT8\r R\\L@ (BIjP`J0@	 @$\=@  R\\	A^@P\\bP݇!CHv@TJj7A$,wE=C)b\}m6)\\\;5\n4\\{o1cI@\0%\0\X\֞\0E\"@\nF4\0D\\3 \0\&\06BA3\<\\YXj\n#F\ÇQIm\Ͱ\k t^\ \\N\Q(@\TjO.hk\nB!%hOa\n\߶\n;{\\']\4\0)E~M\0\\@PQ\\#\0\<@\0f͚y6B`UW\\s\|0~̘1n7R)p_\\Q7׎s\=\.\wDvDH4iR\\POF2Vz%ji	v\W\E]\>\8@B\A}B{p\ԩ\k\"\\%\fHB\LV-\g\ZG\0F\ft\r!P\r=\j5p. \0@ Ri/Q:%E#9jl\7w\\Q3ԤH\\r\"+} \糬Y\05&w<`Jo\0 \0d@\\KY\\Gao\|͙#K\ \EkL\0\"\\ɇm3\0 \0@\0@-\7D&W]uv\i\\<̓\12@Hϰ8\Z\p\	 @\Ύ+!\0@-R01# \0@\0\@@nƤ\\gy\\g<򈭳\:)B\0\"/f͘i[۠\=@h\nv:\0 IΤ[ \0\H\0\")\{W\\;		￿l묻7.\^i\n\0Jxeu\\\\$@\0@] \\\\\0 R0E\0M׿V\Z`\@\n\\Z$3},\v\gdf<$}$@\\\j5\`\Z?3\\DHk\0 \0@ \ r>> \0H[\rv@@5kV6&@\0a	 @%\yy!@\nxqB\0\0O\0\">f\0N\0\"\ɾ4\@Hɤ\LD\0\0(B͌h6R05\@ ; \KF@  R\98\n3!B)t\Z&\J\0\"V4\0EC@\@\0E\0\"&N\0 \0	 @\7ʦ I[@\0m	 @0#M\0\@\0\!\0_2@\0i%\0\!@\Q	@H\09V\ B@\@\0E@AV\ru.\'A\0\0\ \0\\D*MB\0\0m	 @0#M\0\@\0\0 \0@ *Q\<rL\0\"\\g\E	 @01M\0\@\0\0 \0@ *Ͼk\G\d\t\\f͚UWjکb*q: \0DhT9qt\0`\`\Z \0ɶ\:`J\0\0H\0b\Ǎ\Za^ocǎm{̢pPS@\\!3f̰;\\\n;\ll7ӈ;\Z1\FǮj\m\l緋.\&L`Ǟv\LԻg3\+{\\N8z\\3\;2\^{فhoy+2zh\֭io\Zy @46}A\0\6Pgۿ\0\'E|\\(y4\r!\0`W\\qq\ֿ6\s\\\_o,y\M\\gm\\Jv\\ \nϹ\{m]vig\ꫯn;찃\\ֽ{\\\\(:\Ol\w1cƔmNc=6t}]~\v\M79߯ڶ\\6\lc\z\6\\\sn[ZZ\㏷\\\\\sM`\\wgy\5\\afs\=\x\\ۺ\\\<	[lp\2\\cf\k\h\"j0*B\q\g\ֱcǈ,l\̃>\\\u\\\z.4o\7\h\la@\0\&lQA\0HR0\[`J0)$\0\\n\7έ(\\lm\\|\6r\H{\젃*5f	Z	_JP\hVksK.\C\t5jV>\\ZKd\ $.z衶\RKK\u\]\\v\=\\ɓC	GJy\#\\o\rr\_ܾ\;\'Rs\1N\0\]p\\on@儌O?\\CW^\Ə\D	b%\\\\뮻\	X\>}\\g9\>\ThGk\SO\\\py\\n\<s\L7Ƿ\j+\oe\\Gu\KYu\\\\}\8 \0@\0\@\B\0@(B\\D*MB\0@Gꫯڎ;\\˅\Q\=zN\'|v\9縀_|\\v\5׸`}\GAA>	Cn3PS\\\:u\TvSLv\\OF\Νۜ1\\=ܢ;P\2\|\O<\0!]v\e矻W,δ3mb\v)dG1(P?##N\\0\?\ga,}\r\F\\\'\y\l뭷l\Nh\oUjS\ǡE\cliS \O\02N\0\"\fx\0R@\0\"N)qfB  \\n(\\bA\B\\DaN\JNjX:bDX{\\x\Q?\.lKe\l\j R]\ZDP1N\\"\/\\\ߔ=a9\0]*J%_k5\\<\y\ԜR\[Υ	\@*mB\0 @0 \0@\ 큐#@\i@\\$@P_Wx\V+:V\\K]z\'3SNqy\Ju\-\G\gLa\)&@(x\	?Ǝ\\*>x\g\n+`o[J=\heEѧO֔@Iy냟_|ѭ\V\0Z@\[;[ԧ\\(N H׿\+uRjigv:ւ篲\*.U\\sT\5qѡJWu5dx]U\\nkg?\rV4TIC)Tx\v\\\^w\\q9묳?5\~{;\S[y\b	*J;%c\ĉ\r_z\%gvk(Я\v\hgƐ!C\\{\%lZ>ݙj Ml5_sr6I|Pj)}gQ,u&\\\'\O?\\\\\\k\|%JA\}\_\	%\?\\'k׮vᇻς>\ߴ{G\\>ֻw\v\Id\\%}ux\\M6٤\\Rn\u\]u	+5 *,p \0\H\0Fp\\@\0@e\r!@\˗\!gY .\{\]Pp\oWW\y\\p Cop\	.\\k@9GsFAr\A\nr7\\0\0 \0IDAT*\\WdZE%\Wrss\\Zkeo~*@ୂ\a\P}MJg\gqJQ=\\`\0\wO(%\\x\X\Xj\15Lj/\{\]qg\Tx\m\С.ן\'\'(p\0\#Xžקv/[\'p(\-Ꮗ\\6]\\ƉC#JQ$QɳU7_x\\\_w\W\\\\0D coLR.\\\o4nIbjVTCsMd߽ ;7\p\VB\V0_.\&1R\4\S[4\3\<\\\nx\\w\\'*0\k`x\Vݘc9{\W\񑐠\\H\\r\-\w0\\޵+JXd\Ċ\ϵ\'\\rM\#\wD\Tcd嗏\09R\Z\0 \0 @0 \0@\ 큐#@\i@\\$@?\qU :]AF}\_@\йa\Qa\;\\Ae\֡ \+pCKAB\תxjv<\\\4+\*;JRpXAr١\D\\פPUCZ3\m\\\\n\\\\_n\ITJa׎buB\Lw	]\v猄?\\z?Nw\\	L:BbJ\0]w$HP\\}\\K@<xpY\Zvps\VvdG1@~{\\Yg\n_B\\\\\n#@\\\sGG)\D?kc\Eu\oq-\b\(vv.\\X$ISj.?6\W^yō[~Zc5\UuDU8\0 \\VqB\0\0%\0-\\ZC\r-\rC &@ȡJ\ZU\J$qcǎ.E\A\"\9AҊb}@+Ճp	JW\"J\S\\0\B-\ƪ\\^$(\n\0wf\_\eR(\z.u\\~P\9%\hwÝw\\fE)\0Q\yP|\\\\AQ8\bA \n\H\c\chG%o߾N̐ \\nŎ0Ą	\\\Ec\\\x\#@H\0!L\"\/\%Va؄\%NB\B\0\0 \0@\0I&\0d\lCH0)$5By\ʼ[n.˳\>\V\+`CxK	aΉJP]\n[zaB{\^\\jU\~Ep\+@hD\w\\I\\-R\\*tR\]HAa\CB@\1\<\\\	\nMx\:\՗[Ў`}h\J)*\V\XK\d/6Wj $DU\\P\	J\\;\\h\nv@F\\0 \0@\0@\<\K.\4\X\\Pf\PzZjq> @_?@vw\~pwC.]\\\\0nV \aСs\^ntj訴\^\\@jb-\\\JlC}]0v}\馛\N?irU\\\F\TR\f\n\nΟR5 |i)t\ָCDW_\Ȑ]KZ	Z&\\\n\b5 \nw)bLkJLT:\Z\"ž{\n|k_\]z	求\@*\\\W-/`R(E;Q4ϴA|eDw\y\ՑP\\xW0ͥJ)ԞV\n\\[\ .\n\qx?\M\rw΃\0 \0 S\<=\0 tÆѸQ#\+\\j\fQ8\7H NBRHA\\7\\	\]`\Jo/~㔚F\\V[\i*֫@\\k\V+\gm\'Nt+%<\"\OAX]๊T8ȑ#]&\@(w\K,\Pp^\-\8osP \\\Um\\\c\\U<zҤI.HP\1U@XSGث-jV@Zy%4H0\!\\.c`\h\?wb{\\\W׉R)0\T鐐kN?tԖ!}\R]\>yejch\L|\P\0\\jGRh<\w\zpU\K\	\ӦMkk@\\Jb\\n\\#qDAq/\k\i\]`k[8\D\"|\7Ʈ\\ZGi\\\K/]t\V\wHt\c=\u\\":LA~[Wp\{>b](s&\KuȲB\T,z\UW\;1D\8\_y\V\A\\UK\\ｘ\N`\\#\\\"\g~\㲿\el\\F\+\~4!X#\)I[\0 $@j\ \0@:Qķ\QΎ\AUu\\@\\ \Z]\/~u{>}J\hžۥ\U\Y)k\A\%(\-\brs\\nn+\4B\n2+\91\\r\n\:\oZ/Q@\߿23b\;Aתp4WJJ\#E4fǌ\\,F\B7\U8 !A)Aň\Av(h,QċE~,\r+\\r7ܰUЀ\.\M0zh\V\\\|d\	$iվvPh\աtZ\nKDQ_|J,Wj	WVXav\1\Z*6ïW:$?\Oy\SO\\ӮI:\u\՞D(m8\z\..&\i~\١9tM\\:$hg\	\nS֜*.N\"\)톐/\4W\\Xs\58\'\4kH>\d0M?G{\r9WM\r J\\\\<@7>@vШ?\ܐ\"nŧՎRd\r\-\\@*mB\0 @0 \0@\H\l\L!Aq\Z P5\r\4Zu\\nw\4Tv!qC)\T\;\(Ul뭷#1G\"KDTi\0 \0 NB؀\0@\05@	vYhER\\`а͘i[۠\=S<\\L׮s\ΐbM\ R\r\)AB[Ju!4_\: \\"K\0 \\0 \04\0D=8\r\0D\ȸ O\\nb+\Qa`}\{\E\&\\;m\7裏\\\\\>\Չ\\\0\*u^}D{\9Fv\HXPZ-\\\AiT\>\q!@D\_Z\0 \0@`6@\0@	 @4\!G	\ \0	 @T2B@u\nT$Y5B \;XE\U\\f(ƞ\&\\Pxjt\\\C;UDcOo\0D\0\"O\f\0I\0\"~igDJH!:\rc%\0+^\Z/B\0i@\0q@,\B\0@XaI5<&;\!av.C\0DMظu\R@\0hC\ki\_{\6Xa6)% \0@Q \ZE\~ \\\@IL%\0h4F?@\0\%.B\~\͚5+\0 \0$\0D\\\R\ 8\n3!B)t\Z&\J\0\"Vh|\ԩ\b+DhT@\0H\̒gX+\0\ZJ\\w?t]r\[kg\+֫fj\'=?DS\ \0J *\\y#\07G;\\\h뭷]w\uh}@k\0L\0\"\\g\\0 aËr7juze;6\n\5j\!\0 @Ԅ2L`ڌ6e\r\\3ãdhq\01`\\7\`BD\\ޠ]@\0#\0?3b@\0I#?pY\\8v)o\"\Yb4!\0\" \0# b\u\me\04\\'\\_o---v\I\'\\\s\\0~G{\\'\\/}\\\[_\nX\\N:\\G\ԯ^\\j\\wߵ\\<@\|\\\\,;\riGnݺz䈖\0D<i\r~\ٞ{\\\+\'x\\o]tijƌv\w\\w\m\w-\M\(;^uwS8eN&L>E|\i(7΄\0 \0Eڀ\0 0@)\q\\\\/ފ\"G/\Zu\W\G\.8\\>l\k\\?!Cر\kK.d\\o\p\E\\oo\sN/\\'O?\O\c=\fN̓p\W_}e|\Z5͙s\=\\С6h\ s\9#5\\O?\\?p竸\ޮJ{\\\]V \n\\uY\\\q\g\ֱcǸ] w~hcƌq\'\\իWNݿ\\\Ns\\\[\~m\nw\u꫶\k N;\Դ|y\7v\\\t$@\\ϷVZ\=\{\n܅\ꫯn;찃6w\^i\/#.!D\s\ĉ6b\\}# \-DL\\,b$\0#\\N%R0\m1\0\\r\r\n\w\Z8n\80aB\.`\-\_\\z\-s\\.\\"\5O>\\\\ώ;\h^xaC\\^]w\\\w_\m\L\%\\\yڝp衇:Q^\ѣG\7\|c7\pWyje\K/\j\R\ά9sy\nE9#\0K]j%\jٍ7\\NP`}_\@\v>)Cbv/\$^\_j\'pm\f\>\;\s\\'p}n\'J@9\S\]tѪLP@ꫯvy{{\\_\vEh\\C=\>[fe\"y(f`U\r\\\d崛N:_~e\j\Q\D;\ \0\0\LD/C `\u\0\\\n\T	}\7`+\ǡEG\y\\|Ӧ\=ܓfۄR)SZ\\{\ j=Gv\yg\'B\u|\gn{łz0յq	\'Z\կ^\Z\\Vez1;\K$\\r>\}$qDC\0\"\Z?\^VM>\\zZc5Z/\o\nK\裏u\Q;\l\\\NB\g\Y v\\w\UX,_x\W\^%ЋGV\Y\ \\r	m]A\_\'8!0G\\t\0\0\E/C \wG\0 Ж@\NlGHĨfw+Նz\nb+E)\ r_+U\6;V$H\n<\\r^\V\/E\Zk\\\Jj|ǹqP5|/&@(xTb>[ou<\4U,Æ\rsA\\$(0z/\qW,\SO=e\lo\$5aMBvA\guABmi~ve\\0\w:(\.LKv\u\]g\\pKGȑ?\zX\8b!X\h	\"\\K\\H\0\ZB)$?\JQ\9UR/\\3O\\0\DZ\r\\~;\\Bi\Zt9:\ \n\ZS9\\[nq)1Tz\muj\\\[ouV\!٦\\\\"\]F+9\jMOUlEk\\\_\}An\\\X=\3\J\AA#]NGi\_J!\?ӎPPZ.8\m\s$4>\:P[lE1T\\rvSykh5\ה\nP\u\\񸾔\0\{\\r+~Fi\\T\\\䥗^j#Gt\W?\[t~\,A|ҤI\&I4jC\t9\Sh\}\\\#Ԇ>R\v[+Xn)\4&\l\{vL\5\G:0}W:\"	<=.e},\\;\\jh\\\\\%JR/o\\\3Hiu\gJ\`?J\'\\/\O\\TsIs\g/t^E\n\>\/\\\1g\e\sUW]e+=tO\9\[`B\\kQ\ӧuG_L\\\\owc&[ԧj\(NE\_|)i5\  b\q\B\0\"4b)v^L+@P\"\*bB5D\0\\FPV\\rtPhTA\\n+%BZ5suT:G\\cT\L\1VYe\'j(Ϡժo Vf*=:p\\\n\"\k\\>馛J\nf\\\=\n|)_\~P\n,) \n\\\\\ħ\56\`\\\\ǮA\n}MR? \nKșc9\g\n0)\f\n *Ȣk\hѸԯ\nk\\wc+,]\ά\n~ԕp<\Q?k\0\ȺVb~/u B\~Kxh@~[{\+\7o\Zk\W\\#\[mH]x\\o~\n\7W\\\nv\׎	\n\\b*٦K\nK)\\U\b\\VɖrJ(\oo\#.QAtݓtѸU,\\:ZJ\nWI	bk +A\nf\'J\\-QZd\+N\5 Ծ:Wy\\N݇t/\,Q[~2կ~\\]o٨>o\7\tK0v\B8RL\ndLLd\\+\l\\\Q\\Mq@@u!@Ċ\!X\h	 @\y	0\0N\~2!\0\\n\\[\#\nP+ լ\n\,\.%\7V\khR\IQ\Qm\1\NS`7\h\՜>zGX\{\G\\KH$h\rjK	\n\:ujű\z\p:$.(U\˧ӦMsm(\\SJ2\\\6\Jf%i(\nyᇡ\\2\<{\W\\`PO0~r~\g	D<>$@Wi~oV\\q\րp\E\~\\n\\\|Z8\yD}:#\K$RH]h\\(\\\=D \\XTK	lS=\0\\nzK8dK~ߋ	~g\'[\=S$fh7Ėb;%4\4Qu\nEOu|*>\=P(@\q\.v\\2dK\kahmnߗӃ\$\\$kܕ\(6e\g\|!;̡ص@vv(\\\;!L\7~.  b\q\B\0\"4b)v^L/%@HxP.\\p)< ฟL#@\\_\0\S\(A6ү\K,\v \IP\A+TJ\(T8F~\\\F\(u(@\Z]\Z\\Y)F\R\n\\\\E]l\n%[}Y;\c\\;}Q.Sw;\+\0߹(cyj\"o |\JW\\\nד~F`\	-+6:_A+-ۥ\2\+\\\\rrD%\\\4Pҡw\+	-WG$0Kԗ8.T|߅dS\\\~Xv\i6bE\\Z~-6߼=\/\Z\j\\>(\$@H\3val\\Q)o6\E\0\"\\E/C `\@H``\nr7\"ɄJPrT\\Q,\\w&(U\k دڡZ}Y\-\P!muV_}vC\nd\V[m\\R\U\0Qibk \T?J\-qF\=G1\a\BH*B>\쀈\\"\Z\[\\^x\?^$D:L\V\+EA\\*j/ܡj *\\wiFpG[pգ\[յJV\n|\~F\!Q[Cto+vڅR\q݅\	\	(\@\"Dp\Fa~GGA9Q\ќcD<IIo\"\9\0+^\Z@, bJ)&0m\L\2\\\Q`zHP\r\+\\6fy}\\FAEB\^oPz\\0\0 \0IDAT֣\0T\ϭV$R\\~hR1Hn*@KLݺus\\ץ\P\M#R\pЮ	\ SnZ đ;WK%֪\z\rʙ\\\Ze}\\\\\uJՀP\5I\UDůCo+J|!-fP~ѓuP\\	VP]\v\m\\uBRh߉}L}ڣb)¤`*e\\nzvv7(5P\nB^kGTy\\y[*1\\\B#د\:\s\q\ݝkJՀ\_|\*O~	~\\%\"ƅb\Ql\>5ivL*ݕ!j_)o\V\<(Vy\J?\\4w\}\g\BAݏ\Z|\u\rD3\Z\"V4X @ĂF!\0ЪbJ!AH\d<y\k\oޚC\t+╺A\$VJ]	\n\+@\*Z\\ߔ[+\U@Ry0R0\\\jj(t\nD\|Zs\U_Am\fQc;\\\n\\`\2IO/^AV+_DR\rw\y]\\ԡ\	Z\k\n( %-Xԧt/]n\n\\.hU*کR\n\\vu=z^\Ѯ\\bT\k]]tc돞={\Od\N\tO3T\\\0\"\*\^fy8_7A0\uH%J{@\nC5VaFJP\	Kݠ\\\ⅇm\oOЮ\\\~[{\k(\\^{\\\\\jc\ȑM(H/[%\\H \o~\.b\u?\\\*\\}ث~\CmjG+\W\_\9P\nb\;뭷:\*\\"{<Ȓ*H.ڥ\%\\'E#L>2J%(\>Q\\٢ԅ^pPځ\ӲAO\\\X%n\\nЋA)JM\lP P߲E1TB\	J\ѓ&Mj\\Yv=\\V\ZwM6\ĉgz\ Q[`H\3|&1H,|C,.=ڬ\'\rY<\fZmX\Dxi@+B\0M\0\"4XOԊDV<Q @\C[\PF+N\}ݲD\n\E\7h\0\\nR\9\\'s|I\'<\\r7ܰ5_\,J`P@A,|T\?Կa\j\\@~\X(@\-RLH?T$T\`:Um)ȡ)\\RT\Zږ$\jS=\n\niv(\$@N\_Y\niRQI<-\\r\ZԦV\*Hջwo7\jPQn\\]Q\\`a\R\٩\\"/K\[\䈆\0D4}+\&\I\'Ԛ\\7\tBv\\F\nKwL+\ʋ	wM\n^\CA|}o_K+KhsA_I\.1]u(\nhκJ@\=B]P8{\S\6߮ږ\C\/,\لT\\&{u/!\#x({bŧ\*M\\Z\W\,1@\"u\\.Y0\Ӝ\\׼(\U\w\\vt\\٤\\]1/g\nC\_Bt_1\-\w/kRVI\\\(;\Y3vhJȒ@\\IkI\'\0\0\E/C `\ SR\ R\8̆@v(VrT&\[oVaK∆\0D4i%Z@\nAh{+ߚDrŧWK\.\\\Zik\Z@Bdk\\\'Xg>Dxi@+\0ES켔\0R\a6\nhR_h+>\OJXs\3\#\0Q?vIU\׎\VЊF\nk7vjECu6\_u5<\x\\Ю|@@u\Q\\n)nӋ\\ƃ[\t\&\[\3 \[FVڸqU\ jgǕHժPJ*\TKiF8\P\\zPj{iT\1/@ȋ\;NV*Ւ\4}>\^#S* \;С4B@Lb\s\"T=u\{_%2۰\\'Xg~\~U>C9JA\~GBQ@&me\0D1 @\_XrHS\\/\\\\hO@Nu\\\+\n\ @\ƍM\\ov;.T\\+kU\I\T&	V\1\O+\4\4\Xg]\b<Wv\'O\\n\\} @\M8\\#@\\=fE	 @48A\0\.\A\0HX\jV>^x\\t\MbW_}eZ#SNrEo\G\\0@D	 @48A\0\.\A\0HX\jVBH\\0\ƛN\0\.@HCr`D\!\04\0D@\\r \0$\0\0\\#\;\\\n&u\\\\_};m-p\\\\>W\\c`\`\\\Km\ȑ\Qq\\'ڒK.\\+Xm\G\\0@D	 @48A\0\.\A\0HX\j\O?\\o?\;]8{\9{\\C>\z\\ӧOwE%T\o\.\\r\-mV/\\:\,{\mԨQֽ{wwD\6#@\~\n\03mb\tԻ\'l \\rL\'\0rA\0\"nf\0M\0\"\	7B0ABÜs\igq\\=zh 0`\0\3\<\ćS\\s\\vO\\\"\K\\"\0<\0 \\\\\O\\0D\0\"K\d,\0\I\0\"֙g\"(4 nF;vs\96\\\s\r; bo\"S\0\0@	 @4\t@ C 2\L@   bS- Zj\뮳%X\"\\I\ @07 Ж\0)&\0\h\@  \[F@ -  b\E]Ԏ?xR)6\`;\Sl\eu\=\6[߾}\\\}\\0( @jD	 @48A\0\.\A\0HX\jV\u\]mv}\\:v\\\\?:Ȗ\\r\V\N\\\\_\\t8\3\\ouū#<\\o\k b4N\r\\0\@`R4\0D\ \0\@Ȯo \0fx\\\\SO[n%t\'K-\'fQ8\\\k\ѧOS\^z\L3f-Ҷ\6ۘD_\A\\Ga<\\>\_}\y\my\1	]t9\!C\\j	\Z`D-k\`DXRytrƉ\0_`	 \0Xfe\߷N:Ɏ:ꨒf\"@$Ճ\@ \w^1cu\\\\sOȺҁ\0\0Qi\,\nu\b@\LQL%\0h4F?@\0\#j\K\۵kW>|xQ!\"}\b@\0I&\\?QN:U\"  b\\E+\&\0L\0s ˟\!\0@0\0\@ń4x!\0@\\'\0\0\G/D<\\i9\0b\h4F?@\0\#P,\0TL@Ho@	\"  b\i &M\\6\\9\\:\\^k\K\Y\\\s(	\"JYbƀ\0.a- \0f(\0\n\n_|\rnfIG\\f͚Ռ!\\' \0@O1!\"֩F\"V 4@H0͘i[۠\=\/\\0D~}\\!\0%&\0\\\б\5\l\\oj+r\n9\0rN\\_\.Ņu\j\m\\maË^7n\\\x;vlv}Rm!\ZҤE9\AT@\`@	\\\&L\\n\\0rF`\-~\nēﺡ\.!a\0 P%\n;\\W\=\&\|\\"@ @7U\0Q.N@\" @$\\r\\0; r\|@ $jv@tyW[g\\m?ޮuR0\i\0 \,\.;\`iYH_\\Qķ\\(\n\hMC\0E @0- Ж\0)&\0\h\@ }*.޵kWD|\\0L\\'(<q @P\"\9\0+^\Z@, bJ)&@\;/#@\q\r@J0|p\n\+\\Z2$C\!!D\A*j(B\\"F%(L\k\$c\Pz\\>\~\\\ݟO\ֵ\\\\u͘1#-B]cJ8\'\\\\\N{\\  \n}, \n\k\(D!X\\ j켚\0QS\i$ 	4dDNq(	H@C@p(@(@h(@\\%PB\i	(@\\y55]\l	H@%HvD\p(	H@CDҤ\\"<(@\°DDp\ZP(\֖Dm]W[\ j\:\r$P\Z\a\ܹ\㏏\](\%$	H`h\\z\-S-\	O@p(@\\%PB\i	(@\\y55]\l	H@$\0QAh$ !#\0\0Q\W(K\n`\\ZPjjDM\*H@N\$	H@CF@B\%\0Q(^;@! \nj5&\0Qc\\\t:N% 	TDIDK^Pv.B(@\NkL`\Ea\\)k<M:yK[% 	TDuD\\\Pv.B$b\wݲ~\\_?>\|\Moİ\0\/	H ?\n\'	H@菀D+\'\]\nA\L\"\0q\\whV\4E_ Ɨ?$ AP$}ǖ$ (@(@$(@\\%P*9\NZ\qL&`\nA{`\W>;c	H@EP(J@@V\n\nY\J_\ \\M$P!3\!qӔ$P ;$ 	t$\0\0Q\#\0Q(^;$ (@\0\!FPpAH@@^ \"i?$\/~\N 2ajALpF@@\0vّD\"\0I$ ~	(@(@v2ݧ\0	$P_\\mT{5RyPȋd%\0\$ 	Hn$ 	M@B\5\0Q(^;@ J\\`\"\0Q!g)\nC\h)	H\n%@v	H@\H@B\GDPv.R	(@\*D@B\S \\NS@	 J\$\0\e\ry\\ŋ\f\E9R͒\P	t%\0\\r\)q\\\nOK\\\4	H@5#\0Q3i$ qH.q\v\o+@pP\ٵ$\`\t\\pQ=0}\\q5/\'S]\n\I@yL{% 	?\n`*tU+@\\%P*Rq;$0\ \N]M\\}-,\\#|$\3y\"\/l\4$  \n]\\n\s	J@T\&	1!v~	S_`A\k\UW]?hQ-Z9\p\\߭\J\[\Vxի^U\~x\KG>G=P\Yen\N\\\{lxӟ\b\0}=\0\Y+\n\n.XBڹJ%0gނ8\\Ik:I`\L4h\\n\\f\C}\Cᗿexꩧ¥^\R\\n\pկ\\pAXs\5\2u\8<H\+\;\񎁌?\A賵\ZkTP\y\{^K\r\^Ǯ\$EY\ש\\Moz\\J\׾o\BWDx\\\J `\ ;\(\n.	\|\\}\{_K\g8\\\\\𒗼hS2(`32OZ	\p\xrvAsQ(lI\vz_\'\\~={vx\[\:\GKzP  \n]\n\s	H@(D	B\5P*N_\a}	\\q\+վ\x\h\fm6Рڠ\04/\\7\i.\\"A9F\*@\\Y-L\&@z\SN	ӦMԧ\\\k\\i}  ]QM)@\\%P*S0\*D@B\S<1$\4\|\x\Nn\}\rzjX}\\Zp\\X3bҤIqg>\\\m]8\CÞ{\;\\Os\=7u\Y\/KL#&L\\W\\1\\G?\p\\:԰ \\&\\^\;\Y\\/6\\\\\}\{QtW\\q	\92k֬\\o\\뮋i\_<̜93\\s\51-\QG\\K|0}ѱ\A\eY&l\q2cn\&#\'Q\~\1ǌY\0AAj=\\\\\ *\u ~\5yM|t |_ΰ\l\"\	(@(@侨\Z;T(KT.UD1$(@8\nG}4\S\NBthO\	!* \"\y\1X/})\\1\cE\9\g<c\Z\\b\N;}\yK\(\\rĐV\ǖ\/<\㎱\rt\\ӟt\e]8\X\e/{Y7\'A9蠃b{D\~\/xA\i¯~8_\\W_}uLjq[\\OYL\7\\$\0QA`R\\K\w^|\\\8V\\\M%D\\\OC~yI@~Ѫ\	(@\\FPpEM k\0!@ޮ`uV[S  g>1\\n\\\?+Ues\VAy\n6\ڍ\\^ND\oo9%qb\[lEl\\\rDD\\\}om*;i6\|(@?\ .,\u%\0\Q{_#~~\{<y\ˤ|_\^	\"\0\0Q蓡\0Q(^;@ J\\`\"\0Q!g)\nC\\N3\0,;?\ǝ^Az#\/ݷ+\\,J \ZkQг\؊;IQ\)vl.\w+l\\'%&NP\w5y_/ zU\\\\_}LS\G ߟ\7JW0\E\%\0\0Q\\T(KT\n\v\nP3\!q\0ً\0AA\]\\\N C/8ڵ R\o|cx\ۧ\")8IB*\'~\\/~D\z\"\0\\5nN\Sޝֆ}\r՞DXPv.R	(@\*D`\Ea\\)+dg\n\ٻ՘[/)M݆V\'Ψ]@+`b\\'?ɰ\z\\@>{W]u\o\9\yN,\"MAH)(\{\GdDM\.,su%˟p\GF!\\=\yOlD\ͺlDVR\l}]\	\׾hU(@(@N \n\k\(DLb\nC\Nʣ>8:A`Qu{]X}\c]\"\\nfAkѢEQ$\e]v\\?0iҤрFw:\3G\Cv⊱\¿p\1Ǆ1\9u$̝}\1\\\(@qi\M\\֤F\\K/R뭶\*w\qaZ\~}\%\=1w\ܑ{_=p2\NO>d8\\\2\,D8 oy\[Cz&rS\Z\\\~\|\\\s\(rPG  cR|NSҲrPc2\\}\|{V\\\K\fȕte\0\0 \0IDATD3BڹJ%\0Q*n\;੷J\qǏ\H E\d\}\s\~\\.vr\!#f\"Ʈڰ\\]w\5x\#\'*\'\/\:+oNG<\я~\(Pg\ӟt?\\u\]\Q\b\\\Ϛ\{\\b\s!RЎy\q\#?kG)SDaK\rK3ꪰ\[F\MozS7H\\ZkSO=5̙3\'\"̅oDu\Y\'|\\Ϗ!v0jL4ڋmO=T\5\\\9³U\ׄDM\dfu\n}_\\\PP(t\r+@\\%P*9\NZ\qL&`\nA{`\W>;c	H@EP(J@@V\n\nY\J_\ \\M$P!3\!qӔ$P ;$ 	t$\0\0Q\#\0Q(^;$ (@\0\!FPpAH@@^ \"i?$\/~\N 2ajALpF@@\0vّX\\w1G>[$ 	~\PW\ӟ$ \\	(@(@亠;S(KT.UD1$#@ <\o?\\\";\3l\FCB\iJ@@;\n3g\-E\\^{\0o\<K@&\0\0\\\rDJ@=(@\\OZ?\cg\\C\Y\U&	H@\*@4\H\J@Bbk\\n\s	J@T\V!\nrƐEX\[niIEbHӔ$Ѕ@\\x\ȉ\\ \\b$0V\n\nc]C\ns	TDu|%\P(\Ixd\\\x]x;Rp%I@\0\	?9\|&<آ \\G$0V\n\nc]C\ns	TDu|%\pQ=0}\\rv%\J@x\\}wޚD&L6$0\	4?9\\𓯜x/\:l 	H@](@(@Pv.R	(@\$ !&\,@˔?Dd\6+BX~\õ\^\}\î\\Z\\\\z=0\>(\\\IjLA\tѧ?O0Ir@\:\vy\ajt\93Äof\\\3\o\\ZmXr\\\% |(@\\\^$ 	t#\,@|i\\m~\[rz`\w\#=\3۟\\s\{`Z}PxOK@@\\n7<\\\n,\e*\<z 0gނ\z\5z˦?S0\߇uAL\\\\Ǚc\nLl$	H`\h_\bĸ_NP	(@\5\0Q(^;$ X\1@\"\_\op;RSpQI@\0\	)81hѢQi3\\\:$ PP\\Z\xDx\\\J \0Qd\,@\\},<O\@э7\ؒJ\n|x\a\̙K\n#	H@+!B	ڹCL\񅖔K@\\ގBIXe]\ꫯ\>쳄\0\J$ ^DYPpI@X	(@(@u\r)@J\\%P/\\\n\v\\k޼ya\}\" \\I$Џ\0\(Ds\1au\	\)	H@蛀Dߋ\'ˍ`\B\6zI+\'\0?S{\L\=!Dt\I\\3\$ 	H S\rR0yI@\"\0\0Q\ڊ*@\\%P*Rq;X(@T\Cb\X!A\4% 	H #,E 2´$ 	E@B&l\'\P\n\p\ \\$Hڏ$ 	K@Bߵ\>Ll$ZP4\0.\n\>O\\@\v)%	(@*$ 	H /\ny	H@藀Dk\'\}\n0\H \0Q7i$0(@\':	H@!\0QGh$ !&\0\0Q\W(KT\n\v0	H`	(@$ 	(@\\\$ 	Hg\n\n=/^nP腖m%Pms\-NF\r\:	\LL9 \"$ 	d$\0\$ 	H0\n\n-.:V(K@@	,B]dE@\!	H@yPȋH@@  ];\SȄ\F$Pa\nv\85Mb:\iI@\0@wH	H@E\0\\o\He\fͪ$<\\\\ŋWrrj\\r8\'`\nq\`זl\new<	H@㗀\3$PO<\(S\\\\V\.[\)\\V(еy8@\Z聀E{e\qE@b\\Q4R@-(@\\M\Z)	H`\-G|[%\n4Ϯ% \\\T	(@@\&\0Q6qǓ$0~	7j7h;n\A_\0\L*Gn<\\\n.\<Tyv-	@n=LͦPp\rTDܡ1jM\\\j~\׵\r$ 	H@y[\<\\\ny\\ͳk	H\n=\\"\	q\\ZLFn\H	H@$wmTK\5Z$0yķ \n\\*\<z \0\,+.\n\>O<\\dK@\2	H@u\'\\\?=uK@J#G|[@w\\ͳk	H\n=$ 1P<o$  \\ $0h`\Z2\W2<\G\sf	w\f͚\b)@\\^%0\n\0PF;g	H@\P(H@@{u/\\DOD*\<z P7\T	\R6;$ \!\01<vJ@i\5qfJ@@\	X.\ j\2\r$P\nqJ@ j\Z8J3% 	H j\\\M@v.\`	H@!\0QWi$ qK@&U4S㈀)Ƒ3JO z\e\(@\\0\.$ 	H%$ 	Ġ=q|l&	\FnM܎\\/\(@\% 	\r\8m$ \[|)\Z\.p\\ͳk	Hu\aj6@G\n.	(@M\$ 	H@$ \-G|[Օ\n4Ϯ% \\\T\nJP;4F$ 	H@ȑ@\R|\\V\q5w\n4Ϯ% (@\0˦㊀\' ƕ;k1ZI#% 	Ԓ)j\6$ \#\0QpP\ٵ$\`\t\\pQ=0}\\q5/\'S]\n\I@;P\݃\/	H@e\#\0Q\pP\ٵ$\`\T(@J@@G\n.	H@4S0\r\\\+_\`Z\\\Z\q\93Äof\\\c1\ \jAPwL	H`	(@ם$ r(@\\Q$ 	H=ŗo{\'\"h]K@=B\\\l*L\)\0į~ǎþb󗆫l\OjN@\\|	H@　DM\	8J3% 	H,B]{\n\_(\RKɫ<\\zիj77\r$ P,G$  j\n j\(͔$ \Pk?~tGXie¾[nX8	H@,wt	H@P\\ZP4Tㆀ)ƍ+H zf\	(@\\% 	-u$P+:\0QGi\}@#Ne \\0\n.	H@ȋ\0\\Q^\ُ$ 	Hgu/\Q\\\"\=/\7\\\\R(@\> da\\EnĊ+\n\RK-[nz\\\z*6$ 	H@$ :\\7>h\\o+@y8(\ \0QeǨ\"	\,L\y\\Fq,\\\\'\g¹\;nr\\\\a\\\ͥ?;$ 	H@$0(sZ^w\3K1a/\{<\\\n}\\~c\>-$ 2(@A\1HnĲ\.\\w\>8kcHV]u\\\fS0\r\\Z 	H`\0Ӹq$ \\Z\\0\Y4\\A\=@ gj 0\0{\aɵ0H\\o\{\¥^\Z^E\?}\7l\C	\\'F~_$N8!L<9\mo\cL<(ڇ$ 	TE\푀$ 	5>=\ \np*\D2P\\f0^$ `g?ٰ˷\=\M6\$\"@䍽Jĭs\e6Yki$0d \\NW@	̙ Z5u\\ZX7\X\g(\\y8@\Z聀Dl*(J\o~򕯄\;t\I\\3\\'N \\7\.,s\9Q\\:\OG3\aڴi=\3+w\q\\O+m8\Pr\W}\\'q\?4\}DLa,Nd`\\n+\ҞV\01\\\$0\(@3:	H@5$Pv|i\ޯ\0Q\"\\Ah@Fe+\Ͳ\n\'P\L]t\Hu{]\#\Z<\Cõ\^\D;\^\hvbBE\\?\Z\7\+|\_$Gy\H\w_\SN\#\M\*ӎ;\8*\rv#NpO;{R:\Ť\0Q\\0$0\0\n\$0DM\+_\\\\6\\\Ι&\}s5k\@g\01P.	H@9kjN>Ay)\\S\nIx\_\VH\8\X\1\n} V[m8f\Z\;N@|\\\)\\\>\	\{<\\6ۄ\T=\|UI0S]H@@$\0\B$ AP2\0\$ 	H@c$Pw\;\)R͆t Yj@  f\W҉֨u 8e\xa\\o>iĽ޻\\)S\"\\\iR%lH>\Il\Z^%\\VZn\q5{$ 	;a_\_\	(@\,PȄ\F@L#L\ng}vL9t\1ǌ&\|\Z\"\0ј(uͧ9\GHnNq\,8 fΜ:\x \	ڥH/_\"\@xigO?)\\\\nzU4@!\01n\\\D$ 	ԖDM\\\0QGi\? \:Rsu zN\š)\|\\\b\\X\\"eW\Z\uR2馛B	O@ :4\n\u\'\ɄN\' 4n\' \ZW\\ΞV)^ׇ\j3\01(+	H`\;\6\ZsF$PeǗ\Z\"`\xZa\ŋk\(ڸJC%0n1n9\\0 \\\'pp\Yg5 }*`\N;-\\v\eN\ZŌ\g\:\?WJȜ9s\<?\ɓ\'\\6Rh:6:v7\n4/Raϝ;7Ϋ\nD\r$ 	H@@ʎ/U@\0S\c\\#h]K@=(\l*B	\U S\n\\'@Ihēk\Wn[P\k_Z8餓\-\VZiJX\0Q	7h$ 	H@$S|5>=\ rX4\\Ah@F\nA\l\\01\Q\[\S#_ʥ\0QOh$ 0S}\$ 	H7cO~\\s\<\\ 	B@vZ.\n\>O\\kCXv\e\;\\	\-\2\x`Kh\0Qd$0$,B=$v$0B`\ޯ\0Qb\\Ah@F\nA\L&\0џ)꫇\O?\n\ֹòKOzص$ 	as$Pm`FuMG Ƒ3ʸ&\2\\:x\\zyN\\3\g\\]w]\ڗ$ 	Hr *\\r$0tʎ/uX\\.p\\ͳk	He+\=fS	Jn)VXa\RKUW]P.\M7\4q\a\u\O\r.$ %(@($ 	H`\ 큌\{\"#(I@\HnE\'Nf̘8\1\\۫BLUvH@?\H@;xP&\L	H@=ڻu\]\$ 	TDe\\!DM\\\0QGi\S0#g:(@\\P(\0]J@R\nC\x-	HB *\N(@\\Q)qD\qΩԜD\8\WNt\n*B\Nۨ\"\h$ 	#\KcQ<\E\\\y8@\Z\@\=fS	J@PvDH6$ 	H@jA\\X\\c_\e\n6\\% \\h\$P8\;@o=-#?SO&,\\϶x\p\W\N$Б\5\\J\ܵ\r$ 	H@y(;\X\\c_\"Ӧ<Tv/	d$\0\\q\\\Ob\֚EK[aw)@Tޓ\Z(	H`|sikȅ\/^<xC@\-8 \ܾdj\kƧ\zD\}\qHK@P(\V\\\S&W\V8qb1cF8\#jaF.I 	[\xK<7|\c\n.	H@\Dɏ}Q۶37]Q\"II@@e\kt}\Yf;D\\\Z\g\rB\\NpP\ٵ$\`\T$\01@9\r\0H$ 7AI\0\\\rm>733LfA:\؃v\\V\nYI\N\\'\0Q}i \0Qu\0Q:	H@U!\0QOh$ \%0\8X\\c\{\n4Ϯ% ]$\l*B	Pvނ\B\"\0I$ ~	(@(@v2ݧ\0	$ 	H\,B]a\S\ Ʃc$ P\0t$ Q  \n}$ \n\k\$P ;\(\n.	H@ȋD^$\G%\0\0\\\\tD&L6@-n\\(@\0\.;PpH@@^ \"i?$\/~\N 2ajA\"ԵpF@@\0v\0\\Z$ R(@\A$ 	HBBڹJ%\0Q*n\n9cHLĐ8\iJ@(D	B:PP(Q(KT\n\v\nP3\;z\᪫\n\>υ\'.\i6cz=<\\\_zx\\V]u\\/~1\g?gqFx\3?x\.\O|\"\E/ޤ*j\O<;\hݱ\]v\ʮ\a}.\\}\{_\^җfmv\w^:u\\up^\^&\0\0\Z՟Dx\\\P(UD1$TUno|#<\\\G\zdѢE\;\Nt\|\\ꫯӦM+̓vZ\?6\`p\E \`\\\p\\v\\3\\_\W\e]m\\\xG\u\]\\_8\\g\o,\r\Ν\R7\|wnķp\GVZ)\\z饣z*\x㍱믿>\71|\\Xy\\V[m5k}oy^s\5a}Ybޛnix\\\ꫯ;,\L\֨ü~᠃\n`l\0\0 \0IDATcx &l$ЍD52\+@	7KR *\)\\\S&8jC\{ƌ1`\UOU \+u\Y\E\?\6O\CPxӟ\\\6۬\0{\@\	ml\G\\8\\:\z\(H\\\R~\_v_\r/C9$L>=\\}\sÿx\cXH\QMp\\g\Kbp\#\\\/~{\Z	ѢQ\>\xzⓟd\~\\2\,\\׼\5=ծ\\"\yr\_\\'x89q\\r7ğ=\y\\sN<3\u9=ór\WFӕ]s<@>\#\\o\Ҟ\Q\	% 	H\0\n\n,\RPv.R	(@\$\7\U\ƪ\n\0\"0\Zk ~\ĝ\\\K/=0Ym\#\\\\f\"͟\\0as뮻\[\\?Df~\̙\\OoyB#+8sT?\_\u\u\0iO\1\\W\%\r~ꩧ\^;7c|\\|&l\\Y\oVO8\p\}\~ѯ\ώޅ^\f<3Y\\\\\\r\'7\\"@\G?\';]Y۵\A\K_R\\I\gr\\^\"O%	H@PP\g\dG\"3*J *\\"\r@$\0QPW\"\\fg6)F)>\nS;i%@d]]SV\zK\J@_\-@\]\SC\"pH\ώ\fb\\Q9\C\\n\Z\sO<-\;g\ֶ\'I\Uf*1,]\W\N/i2\\\\X\\̱>\xr\\\B\tX^W\\n=#	H@șD\Kjtw\n\s	J`μq\(u\\	i\"5\\'\s\'.)nn喸\\\~sǧ`]AQA\h]j\0tg=z\nN:)m1Q(\Z\"\튻\"n{\1;	ؑ\\/H\͋;\ow1ѷ\Q)Iv X\\\0&-i\#j\naL\\n+t]&\Ʈw\qR5Kl!K3P8ِ.\\RRQxq_\J\'((T\	EX\\\S\H\n&\ \\0:]\!B\{$1\\O\aI\O=]\\k0/\Ct\c44iRL\\'\z׻E,XN<\׽.)\B\-NX4\Rd\g\\]կ\rBiG\\}-Pje6`\~\o¬Y\@b_w\u9\yӟOذ6>{ֳ\I(6\dc\1\\ZFgw\yg8\S\3O%\@1YO\\\5\}/\t\0l\fmF곤8\a\nw\q\(AZ\r\\\\⊡\</6-J\+FL\\|QGy6\<\Õ\L\\P5?C\-\\\\\@b,W \0\0\:jۇDx\\\J `\ѐ[\*\'0GNvANy\}\&p|뭷Ɲ\y\t\6e\\u \\Ln:ujK-T\\\\n\f \<\$\K O0\3w\nl%\xP\\>\\\Ҧ\Q\\yQ$\6~\k_sg٩p\\\fw;\'~\_<0X\Ġ/n%ԑ8cmzZ-6\	R@\Z!I\0$8O\0ai\u׍)R[\\f.kJ\5\\#\:A_\G >_8)،\\@9)v\i(\A\#S\\'E\kƹt&`g<#\'3լ\\v\E4c\0^\W\\;\'Y#]	S;qd]iK.l\"(0\g~0M\^Ea#0&-\\\D\\YD\b\4D\Ϭ}lJ?\\b\0g\\"ؖ@\nҼN\X\\STb- J\cx9E)\\0\/\Pk\\$/\i\X笑]v٥e98pZ{\8n?y樉\E&\_\0ߤwR0\\F\\n \D\n%\0\0Q\S(K@@	 FCn)RR@0\E`\;HI\\jh\vO\+@t#\X9A\]w\5\\'\\E`\6\)ܸWYeTN\\Nb\Ȧm6\볝\0A:#\T`9\(\w\{I\0A]ߜ8hœ /Ag\Sv\7rFh (\=Đ\\\N/NP\%\\i\*@z\Ɉ$6}\G;\	3&v\q\X\;m\ZV\Z:\Ѽ^\ah\wo\I\!~\w#\q!S\\\\\r\\A-\p4\\'%\	ݞ\h\\nQ\0\c\cZA	l\\"@p\1\%/yIG\\HmX#I\3\K`ݴ{5ϣ];I\\l\\\rO[Z0\\/\^QDQd\WPPȺVj\0\6o@%	nѨ(@\N蔮,;B\V\' \\\RG&E\/䒸˚5\z\i(\XqfiUh7\eM@HD\R=\O\#fN7q\|;\0\Mk\\nx\s3Jh/U\\$`Ŏt\\\9\S=X>E*~Ύ^\l\m=g}O5\tI\(@t;\\*\O>A \\	vg\0\jEFJb\\\Z\\"@ fp:\\/\A \\z?*01VAL\\hn<Y\dzqti\0E$ PP\\zDWD6@mX6\М	(@/@\^vg\r\\\n\^*m$R\\r\ۜt9ՙ3gN\aL` (\vD6\n\&)Sb47\\.NmHI\)\0vړZ\\BD:\g>3A~\x5\\ٽM}\\́RvyS߃\ve \#\\nH\NH{R#@ vW`Z&Xb\Y\S\\v\C\\"\͜;	Գhw\Z<Cݞ,\' \0AhU\ K\ 8Aʫ\;/\~ -b@z7!@\#\\\ I\V\' A$ 	ԝDkXPv.R	(@\*D@?*E@\\\\tu*KV=Ra<	>(:LNr\%P\X\X\"Kr\ޅ\1l.RZ%D\ǒT \'i~\/\I1DZ˘6$ ǮnmkTӤJJ))»	BR<3́l\.҇z\rLv\w;mj@$_4\Kvm7z\"P/\x$\\ye\:/8_\#HǖV7$!\\Fm\[oXρ5v\'98\6\qϬ\Y>hӘ>U\n&|˻`=\\rb=hK\v}\jZY\*\'jTENYf\R\nwg8\9\}\̻\\'W\Z}\N\tNVO{<Qw\\k\S\ntb\' [z>x\:\\|YO$ :PP(t\*@\\%P*Rq;X(@vFL\^{\R\iWh\\\\CR0c7).\?\OAPna\r\-c/\\0\\T\\\"J!\g=\Y\lcJn\~\'Jz\$\r?o;\Z\\O`ipNik1BE\ٳcp`\\(\&\C\"\	>묳\inmҚal\\&\\Z\N\	2u%\\zd?,H\'D\0?\\g?k\\TGd#??\ZXmYL\I)֛vc\%O|\؅y\E\b#\\w\pBf\\\VRa\\!jslq\E\\\?kasZz\T	\XC\\rI}S\=D\nMRܰ˝rO*\\\;`8?f\¬7\\X\V\B\\ZQB\\05-	*\&lON0\T8\I#%]u\ru\ԯh\hOzv0~Ú\n>\9e-\q\\l\bg]r\\nQ\\EP&\nB\\݀\3\nTsڂu~O\\\4pBxB~u$x\\&4\8\Ata-pru(>[\\A\tK*d\\S\e\n#󁠈\m$]z\5DQmlh>y\\;\X~o\\\LEPO	H@腀D/\\\n=#	TDe]aP\r\0R]pZ@A\t\"K\f4N\P\\"\>蠃bp  ;l/\zK\"$\XOhm.B8@P\0!A>\s7Z\Ni~\\(\ʎb\ZY!J:A_\I\"A\\\|\9\\#Bb;`N\\y\1HK-WSj&N	#%\v\'HOpR\(d	6(\~\r	nƣ\\"\x\\)\"\׾q|j\i\\Y\>\26	8\S;80jZp!ʰ#Q5n!Ή;;\89=F\\&n<Q\\peM `4W	.ڤ8|ݸYG.2\Oc\\N`Q` 7=k42XI%<\!b\Z\\ƫQ\M?\Wi.I\7\\~0N\$qwt\6~0\\s3!\\\w\/\\"\>b<bw\9r\@\FNl \0\\3՘Z-A`!|k\n>s\')	\gvF\\Wѭ\\ZE\"NE\\v\\rCkl\x\nFO3\kfE^\nEҵ\^t|\;*\\%=\=\xxe\'\\0\,6x\Z|S\rQ\޲*v}&\\\7.6\]\\ݲ/BלDx\\\P(U\\\S&WȪ#\\"c~\+;Nv[\z\'(Ŏ[4K]\|!\'8לyVy\\GU\\|q8]Aг\n\\Z#&\nbW{ID9VE\3(pJ]ilB\\!)\"@i\0\\\|c/\\\Kh%vɫ}srqTcg8H q\@UO:ȉ6\"v 8=G\05\Xyqz\n1S`x	\$.(\\"\Z\\?\Q0Fd\4\\4!7m\\k\v4\\k:\03\\\']ٸQ\\0\0Q\zS(KT\n\v0	MJD$\m]\\pv\\;\Ê]\)J;h\{9y\8\"Nt7o|\c\0+q\~T\\r{$\\'H\\ꪳ\0gvND:\\I\roy\\ @\O\OR۹\\l@Z\S*diN-W8 \^\q8i\\!D;6ykp:uj\.Ҏds&R\'Z}\$\'9ED!N\rҋhM\\>\? +\q	\Z޵,\$\Zs&M(K9)	הj2υT\;g.\y\B-);E\澲kgS%\}\˳\\\\\Z\QP\\Z\xDx\\\P(IoU \m \L\\rRP|4<`\"o8)k\]Y Mic ^N\8\F\e\y\lʥM\\ EZx\\'c.ɤhS\]|ՙ$\'ʕ\9;\'\\\n<U \ZN\w\\\'pL\\\\0/۹\\>.\vY/v\:*Zq\q\"\\P־\jw\}\S캦FL/W\pw\uW?>Ӛh8\wS\\"nAh(yQgg\V\ō]\%@\u5w\,\\$@dm\\Ԕ13T\FVP(t)@\\%P*9\NZ\qL&`\n\h)m%/Z\\Vhb\\'%\0Apy\\K8\\j\m\\b7]\En\\?\ 9~L< |\\UW[@\n~\\ST\n\'|b\0;K[	Q\[\c/jNu HG^\zAv\{\rZ\r,\"RFr\6˼ٽ\6Z\\O:/R\j=\\\zw$PÇܭ\V\Ʊ\nCg\"\tX\\7`\Z\s\-B\\\c.N\'\r뷝\0]\';\0q\zLB\g#\}\n0\H*L\"ԝI*dK\v;\%}\0ܥ\\r{\Ͷ\*\_b|Ig;(\_K\\\\D0M$ B	\Ahӌ\\u\(L4]pa(&MԱ8+\89y\Yg\\ED\\n+\y\E6B qR\\zT\r\ns\r)o~\\ZE4~\\\\+mgs\"\\eNL;5\ZNT\L 5K;[\nܵ\Z+\r\-1\v6~aB\B\0`\\':\w75\\G\\¦v\).RKq8\\V[\_t|\clRn\\NQj\\Fa;j*2\c+Q\\r\E\0xΜ9&	\",ҕ\\r7\7\p\emq\":	\"L~_ qB\I*)\5.҉)\}ߌ\m;ﶍ\\\'_\\(\\\\N}\a\rJku\klC#	\\\l\k`?\!}we\';\ZkQdYǭK\q{\ZNNz\!A4\\\5\\\\\rb\Z>iY\3C\\O~2\Zl\\\;\cp!.n\6r\a\\WO\W~H|e;R?v6\+l\J\,f\\'XcoqAsBDx\\\J \01\Zr%\! F\$Psu \m\??\\.m=E Gzw\9\04F\Byz\nQ\/9l\1K\0H  \\ZkĔ`/\'1	\%\N7\}M@ ?k]m_\"x\*~),K\\W_-\e^ @J`կ~u8\S\\6<\\\0\\\Ӫ\D!`.\\[oM~:\\R\PIiU\B!\Mo\\	DĂeY&цy3&\5\"lF0H\' \t\0\'](oN{V\X X`\\\d9)\. B\\\?|n==K\rtbiú\d\rN>\%\KИ\vv\!Xc\.sY\_ݞn\%b@T\tP`\Cf8yH@\$@\N,\~\{\"( B1B\\Ǆ	\ }\`\)rڬ\Q\cީO8 J 4\vI\'!NZqTM)S<\"\\	\\"?\  \\_Ç$P`A  [9\򭧅^c\j\[vr\\>VWc\K$Љ@\5Mq\\\\v[Ll\\gwrJC[\/y\Kb\<\IsHA\\8ءN\\n\\nv|7:S{;miv\"\!\͖n㒞$;w\}l\rL\͛7\{\fzB\E\ ysJ\,m{:Ax\t⢗\l\BmAv\\DdBz\G\W\@Z\Vk4_\D>a- \P\\m7J\'<X7_L~o(\0tJ\7v\\8\'ʨ\\|g,\Nr҉Vv n\Cė>ƿ\\\\Jk~y.5\\U7\\_CF~腐]VE\0\0 \0IDAT\jV,Z\=\x\"wiCş]/ʸ  \n]g\n\s	J\"ԥ\v\nP\O@8 g\\H\kٓ\u \\zoLpT4\|\gzwx\\0d	j\Ͷ,v\\Zv7sQ߇\n\Jؓ\ZSD$HAF\O\\nӦyD\}\\0)k8\\|]\\GL`G;s\"\\\@{\	\Ɣ6AcN:#@\0ѩ]\~\Ϳ=~GXIU\No\AԞNt#\3\\s\\*=?HhLU<h \S\i$|\)\;1U9Ƀ\\AXkq:\\BۻzLW>o@(@T\\ZS\"ѰsNJtSˡ\ZӠ\r]b[@5	#z\mWv\f\"\&@p\'\.x\-Z\\kݶ\+\,\'xȩv킪,\Vmٖv\sZ\nwv\瞱\0;\\\M\6n\04)	N3Zw\u[\)e\\M@j\'K5\\rB\0)R\\\u\U1U\M7\\\\\K\7L\\'\G\\\t\M[2\Wh4@vj7c#Z.bY\'!$\3\\s\]\~Nqj\VB@8\\\	O҄ީJ|9\\	l0yķ\\iuSTAV\?\Nf\$0 \\\\n	(@M\$ 	T\0Dc\\>Q7;EzI\)LVtC\"\z\\8\\ԩ\\9`\09\IGC\\\?<\rOe\2;=?\!Ț\=\9ωy\%S;\@$Nb\0{\b\'[1Ax!\\'>\Z\\\\Z;je4wi]\r\4҉V!O;\6$5s\^E\;R9\hHk\x\W\]w]Ue)MYcڞ\1\\n\H?D\ 6u\ZX\r)Jޯ\0}\x\;·\iR؛R\\YkeGZ[\"\\B\tG\͎,\8\s٩DJE!\n)H\(4\n с0\x\ЏEiE\\\\cF?$X\"\\'\\#\0\;\w\\̃\P(Dx\\ *\qj\8uӒ$0m\\\M\0A*$\\p\Za\7oIa`+\\\\7ݻ\N\'xH0\"Iz7\\\"\\tC\㬳\\Z\\\/~qLӃpO<1\>\(l0Gҳp\"\0-E\%Mv\v\\&e\r\{\\#\<\_\j܉\\\@nqI7D@\7&3̱1\ʡ)\N;-Q\\IpH\~\߆\/21\>N\dbig8E\\iqMsz\;\s\@->A\g\Ev\^铝\nvH\Cm?=V& \?9\פ!U\B\\1b\1\\Z+B|\'0kq- 0\#\\r!0ɓ\'ǚ\\:E\b\\\5<0ox\Z>\\l >\CR>\Y%@Վn\\=\<`n\řa\&D q*gE{\\r\\\s\\\$qwEڙ\\ʀ\\?HqxX,suN\7\\\Fmp\H\E\Z.\DYͻ\`ڥ\Z+/\8\#i~6	sH:\\\Aok|zI\"\R\Q\od&\07Q\sӧL\|9\Y\{ՓD=\$\NHc\"DJIS\"\f&Vi	ڒև\'\n\F\Z \ 8c >)(MP\($hGP;\ç3\yID{\'M۱s#\	$Û&W\|\3cd\\'\lK\7\n!$=׳8)xeݸ\9pB -\Vŧ\ӎ\S!\\4)\'vM0#\\\1.\Xc\5[*\+#\ZS3&8L\!5{;b\|!hVYe؞)\\'5ZD&X\I\\"gBx ؽ\;DQ++l%@\>P\Ӻb 	\\Yow\19\a\\d]c/v19\\q\ER]\nN񰓟6\ܗv\\'퍩Y\\hGY\/x\HՅa$*v\G>\:Ʒ\\g\h\\j\K戠¸\\\Z\ >4X\r\z\|c,~\3\;\<\<_?{\K_\Z+\R\\\\u\{wBc]w\uP\_:\\Lr\Z\\\\=\n\nY\J_\ \\M$JE$/\n\H@ț@7\"\,DTAțŰGP\_rZ\"P|&:[\F8\\*\0Ap,Ź\"*Qp\\ժ^F=f\\vŧ\!D\'Rzu)@(@\ \n\k\(DL}P\]enT+4D@ed I \\Q/j;h\\\x9!O	0R\՜\\0)}ʸ8%oR\d-Nf\p\n\e\\D@J=U%۪dHOŉN<\,@PNkq<äs*\RP(t)@\\%P*9\NϱW/	S0\r3\F\sf\Tu\	H@\rR\F6.\l(\IQC~\f|)\rN\26$\\Hcĺ\"u\\H\c)m\H5D\|\5@y뭷\\|FW/\'Nvk\fTJUIЇIm	ƋM/30IW\\0\0Q\zS(K@@	,B]dE.	H@h&\	\\ 	ן\\ַb\\0N]z\.\}Ѱ\.r:-8j3	\-x*|0P B\\'|rL\,Rx珚/RP(t\)@\\% 	H\n%@v׀$ 	t$UIF@B\5\0Q(^;@LT*n\n9cHLĐ8\iJ@\@7YxH][\6$ B(@(@\Z\p\\K?P\߇Π?\nq	(@\\;% 	W\+\01^W$P\n\nVO@\\%P*Rq;X(@T\CbĐ8\iJ@\\0Ĵi\F\\&<\n=@$ 	d\"p[u\0\0ia\H_r\\'\PO\n\pv#\0\j$ f\nm\fm:xhOµ$	H@y\\HB\"\5D_\n\s	J@T\V!\nrƐ\01$vz$\\SW\\% 	H#~N\)@(@X)@\\%P*Rq;X\_(̞@>erjo\ĉÌ3\GQ{5rI\n\n	H@ȋD^$\G \OM\"BBڹJ%\0Q*n@\ FW *\\n\r$P{\nw$P)\d$5.\\\>w\nBDx\\\P(Io\n}̍\nqH@=ڻ\	H@nD+!BB\E\0Q(^;@\\[Ǜ:iR\u0	)\\_b|\% 	E@(+	H`8	d \Z\'x\"L\aj	\sf	w\f͚UԱƧ\z?/^I\頕s\\AYǲ$ 	H.}v\"\0\$  \t\Z\~$ 	H@m	L0!l}\G  yJ \j$PX;\(@$ 	H /ȋH@\0<\\:D\2ݥ\0	$P`4\0\n@ˎ \\ $Hڏ$ 	\"@4t&Ƨ\z?\ \n|~pP\ٵ$\P\0˦㊀ĸrg-&\0Q7i$ ZP4R@mt;\(<I)@(@ \n\k\(DB *\!1EbH\4% 	@@\!	H` .\\k.ACB\GDPv.R	(@\*D@B\S \\NS@	 J\\0Ĵi\Ff\IxH  \n}D \n\k\(DB *\!1EbH\4% 	@@\!	H` @l\ami{\DDx\\\P(U\\\S&WȪL81̘1#q\W#$\0᪐$ (@\E\~$ 	H [ZjGHBЧGPv.R	(@\$\7\U\FʸBC$ 	ԞD\]\$ 	ԞDXPv.R	(@\$\7\U\FʸBC$ 	ԞD\]\$ 	ԞDXPv.R	̙ 7u\\Z\`4S0\r\\7\\K@(DQd\WPPȺVj\0\6o$ \nu1$(@$ (@\0\!$ 	H#BBڹ$ 	@@\1B\"\0I$ ~	(@(@v2ݧ\0	$P`4\0\n@ˎ \\ $Hڏ$ 	K@Bߵ\>Ll$Zu-ܤP(\0]*@$ 	H\n`v	H@\@@B\DPv.R	(@\*D@B\S<1$vJ \0Qd$   \n}D \n\k\(DB\&@,\2\\w$ۇYf\\??Z.\nw9\Ιn:S~\s\;\\o,}Tmܢ\i׿\睖^9Wmܼ\\2u6\&\s\5\\}S7?\ߋ/{ߗ2}o̲ފ׸y\\\g\\\k\\Uw\\с;{o\\\\\]\'l\\o\^\la>\o\\\cG;~\r\\<u,\I@\P(W@\\'3f#8P#O@@$ 	H /ȋH@@\k|z\M\Փ\<aH@%P(CT\\\S&WҾf j\&\H@ZI#% 	k\n\n.pBڹJ%\0Q*n@\ FW=QWh$ \P$ \PP(t+@\\%P*Rq;&\0\7\ܨ\0QWh$ \P$ \PP(t+@\\%P*9\NZ\qL&`\nA{`\W>;c	H@EP(J@@V\n\nY\J_\ \\M$P!3\!qӔ$P ;$ 	t$\0\0Q\#\0Q(^;$ (@\0\!FPpAH@@^ \"i?$\/~\N 2ajALpF@@\0vّD\"\0I$ ~	(@(@v2ݧ\0	$P4\0\n@K׀$ 	B@\\"	H@(@(@(@\\%P*Rq;X(@T\Cb\' \\NS@	 J\$БDDx\\\P(UD1$(@$ (@\0\!$ 	H@\\Z\i!ŋ/\rrDVR@	(@T\GZXb\k{\n	H@ȋD^$\G%0\8X\\cn\n\\\\D(D	\/\\f\} L255q\\0cƌp\G\\^\\B\"\0I$ ~	(@(@v2ݧ\0	$P\npFJ (@\(@\߇\@@U(@T\\!	H`x	(@(@ \n\k\(DL}P\]enT+4D@\	(@\ޅN@@\	(@(@ \n\k\(y\xS\'Q\&A0Ӡ=0|\+@ϝ$ (@E\~% 	H +kv\n}a&	H@PW\CbĐ8\iJ@(D	B:PP(Q(K@@	 J\(@ $ 	H /\ny	H@藀Dk\'\}\n0\H `\nZI# \0Q\0T\H@\\"	H@yPȋH@@  ];\SȄ\FP\\M\ZY\0ڥk@J!\0Q\nf$   \n}@ \n\k\(DB *\!1\C\h)	H\n%@v	H@\H@B\GDPv.R	(@\*D@B\S \\NS@	 J\$\0\e\ry\\ŋ\fZ9\\nJ\"+)\I \#-,D1\\\=W$ 	\E@\"/#	H@t{\\7~WOpPal\"	@@\QI.\n\>O\\I8qb1cF8\#\n.\n\\H\g}vַڎ\]x\\mo{[!6\7M\k\w\|᳟lX~\K\ z%6~ڳ!j\ܹ\.&LG}\\\\\\\o{Xu\U\\,q\\\|\\\0\Dxы^4TŎL>à\\tP8\C\\wnr\Wg<\`	\\R_@	(@(@ \n\k\(DL}(C\\	\'\ \\w\DO}\Sa\w\o\<\[o\\=~n\yꩧ\iz\!~@V\W\\8l\V%\=k֬0s\\\fmGv\i\RKUnf<Hx\\\h\\?\m$}(s\9^i´i\O[n\\\.cnYF\9\c#\\7\<	0\K\_\Wb\&X[\\,\ԦَA	!=]b\c9&\/{\w%\`U腖m% 	H\n\nE> \n\k\(DL}(C馛\	s\a\}-\C\'h&\wD\+z7H\'\zd\@on\h>\S\;\\?~\\\~wx\k_[I@\Zke \K.$\o\|\\w]|N\\Ɠ\09_җ\\O^~\a饗ΕQ?s\b@\# Tv\a\\/~qGڤ\0A\au \\|Łw\9s\"\oQ\u,5ۑ\,m\\a\-\\|\m<k\	-Z(|\#	\Ke\Y\0\$ 	H(\n\nEدDx\\\3oAo\5J\$0h`\Z\R0E@\\"(|ꩧR8\\Q\+Z\N\`*\\??n\UzU8ꨣZ\PT\)\\%V~g\2u\\a|%w\qV\s\_q\;\[Y\Op\_r<\	^S\\n>$E\\c\bD\toēO>>τm\vg=}c[\v\q\=\\&^\nuvK@?  \n]\\n\s	H@(E H_B%\X\'p7eʔ\*P\ƚzLw\\O\\\Oo|\G\0Q\\2!:	[\\wc\0\"Ah\1m\FKİ\٩ͮ~Ƚ\8i\'\~Չ2\unY\\:\?@\x㍳t=MV\"G\⏬!@\x\\\xGROe\vY}];\yH\??peN1ױ r\ig$\>M[ $ 	TD\'\ַ\\\tE@))|\nv\r\\&\ӟ4\t^y\GW\Ufhu։u@~߇\o=\\8x\\'b{x!\0\0 \0IDAT|gy\Ek(\\=XL9ƚl\7XTTG/\\\\IF\-u*~[nO5 5|\\{HD$\nS+\)]ieY&|\~z\o\v\\K_\ش\s\v\\r7\{m\Z\~Cl\A\\[1)\\h57j*Z82G\P R2N:)\m\\\\lTI\\\Ccb\\9aNiqZԷi<\\\_p\!D?Ϟ=;\06\\_R^xae\c\6\\X\"	Fش\>D7H!\\e1cƌh\^x\\N|%\\s\\Gzβ\zFHf]&|\9\S\_q\[\\mI\l \+;l\\^7\DF\\\\x)@\\k\,	H`|PP(tE+@\\%P*S0\*D@b3H$V[mQg Rt\\\y\{FA-\0\p\/x\\ *P\lJ\'n\`\_\\\߱l7>	\\i;d	\\"<06TC=4cgqF7\D@4B	\"vr`4\wŢ\\'c\\+M\7\\;/l\Q^ܤ,\\[G\-q;\iC\\cl\\	\\_WLye	B򓟌\'H=\i$lb\mn\8b\\4Gܠ颒\0\>\\x*_#:৔\n\Z[^\\`>bBQ\0A\]kF?)p;\3{\\կ~uL\C0\Bp5b~ǿ\'j\H\'IH`ެAlc{\~du{\#__qmN\z\1,d\r[Ϭ\ $\㎑\~\v\y\k\?y\\Z\A_<<WJx>\\Z%\5\\Z+;Bڹ$ 	d \0\0a\Dv\)u\<=eP\_hW:\0vnmum\&K\\,kMu\\[O+lǰ\lz\\>VWz\'pH\0U\r|%O``Xs7$1f\n~\\	Js\M	D˞!@,\"A \rmZ1j9\\\"\n\\G\Nxj>x\'8\Ns.&ȍNΈ\դ~\"Hϕ\ :\-\Nh\?\=դ`^@\y\0\<g~\tM3?\E\\L\	\nv\74F\B `\Xni\\ci}rd\w0o\Y\\\\\\h	#4\z\\\NIAj\"TOݞ!\\\0<\,kٟ\\\s(\\;\<Z\$\n\'\\\\XO\JsK\\\fmV\WD-ݦ\\BDx\\\P(U\hg\q\"/\0+,DJl\)xz\]w\\ڤ	bW3A\. \F\n\\4\n;\[$pJ`\u׍zxRp]~N!N \\u\U1\\\p8rd\Հhn\j\ƚ?я\"W\&L\4n>EF\}\s[\ݭD\\)ݍbE\\Z\Z\A.\n\\\\fG7b\ԩQ\@\B+\0ʲV3͵܊\XNj dp\"	\#8ИVY،\ER\\\n%@v	H@\H@B\GDPv.R	(@\*D@\\S\r͹	]\7\HB`][\e\\n dG>AxR\"@2GD{\g\Z[\i\]\TG49I\CFD8\I5E[]y\\\v\mGO\\\\ƍ\8\"@c5Ω\N@*\ow??\'`OiV\$߳.HmEʩnvd \]Q\,AVL?\' HE\n^\s\,Az-<\S1mVJiָ6`\	\nO@n$ 	H PP(iP(KT\n\v\nP\\"O@,%\'wNg%O;\KHBҟt(\_\\ z\.x\*m=HvXʲK\;h)mAŜ0!bVPY\1\3@QT̊* bq\\r\=\NݦCUwWuU\Sk\\U\'<Tw\~\\\9s9IU\\\|`\\(g\-imKPp\y2\=i\$+)jCbXc5l킯Su*\~헵u68F}\'*Mj%(\D\ͥ\\\Q)ej\Y\.N\ v\m)4l5 \|s\\y啭\;޴SZ7JO\3Ϙm\\^u&\\\\SsMUWa\[\"\\\8\\}h2S0i\r\.\\tW֑ꁨ@c+Ʀz!\-)=5ޠ\9\EA\?QBJ\\\!5 }s6 \0@ P\P\8\"%\0)n:	Sf5ѨrE\\ڵk(\\rS\\se˖خR\\#\'\n\* \ܔ\\oUsEF(\iq\\\0\rEڹt\\r0\U\A\{{\Ey\Fi>[\J\V\Y\\ԧ\\V[me2\+ǵ֟\"goVԁ𫾃\n)JY첋Qݿr\	\\Wj\\nl\[i\I\=Y$tx\\80\"\\9\o(2\ \»S\Vm77LV\9\VQ\Zgi\/\vG&M\e3\;\ap\5G4\˛f\\@<\0a\+\u\"\+S5E=\J6el[\Z7C0R\uZ+edW\\\8KvTq\\\JL5kfׁ\n-q\\\!\UEu\fS`\"\M65\m\-HE\վ֥\\AkU$\\HB<\k=+\CRIQvW\]c\}gƦz|k\U!nͳ^z˙Pѽ]`Y\/KR0U>}C\0 @ @z\' @\!)Hq\&dB裏L^\oa\[o=+\\N0W\0\	:WT\G5/\gǎk\n\:E/X_(J`pr\{\\ȹ\s\Yֈrʹ\\\9\\:uj^B3^J9U\\\:U\~9{4h`w\K$\\j\'fc\\sUN|\v\!G\kf\r,ˑ.\쳏G$aC\]\\\XWm	-\h\\\޽5T3rL#[\v\\\\{KB)\VD	=N\(47~8j,Urkr\\6L۪\Vņux\o߾ekK+NQԈX_	05DT\9DP\rث=ECkLkD\\T\ZJ/C\\\\nOTDl\'qDkM\\Z\w\8d\{Hh\Rl\꾑\;[Ovw\Z\Z\`oB\\ZϵUEQmnm\Z㪗|^I ٳg\\\,\ڐ\"nv\rŧՎ\H\|\m_I= j9\\r@z @ @ B\K\\0D\E\0QC\"d4@\]P\|\!![K3(f~7YYm*\]LQ^#Q*WiCb$\H̑Ȓ\\"c\\0\0D\"T4H	L:\עцKg4R0նv\v׮xv\\Ю^9FF&W\8\ZqFicA(_VԔv+\"3\}UC{*PpE\"dl,@\wA58-AFR\K$[C\0dP\8 \0D@\"\\J\\\"S\\gU_\y7\W?A].yf͚et\b\\rh\OQ\)\\\\\\TSE)\`΋,\sP\K\T\{HRԃ\"\n\9\D\+c8@\@   B]\q@\0\0D\\/\\\\\\0\3P>\SJ\\"\Tc\fHxP\E8d+\\k-Y\r \'\\0r@@@/C R`7ň\0D @\\L@ \"L\0 \0DDxiu\,F bd\"%f\0\" \0d\0 \0k@\+c-[,1˥\ʑ_P~Iq\O\0\"6b\@+\&\0\\0 \0r@(Iځ\0 \0b	Tڏ]\\\\r\\\\r\G7D@\0\"\tK4KU\n\\\ \0DJ\0\"R\t@\0Y @ @zc @\!)Hq\Y @\\)\nDJ\4!\0D@\0\"\t@\0y	 @ @z @\!)Hq\Y̜L2\ԬIF{(\\7W\\q\ڵk\"\\ \'\0\0 \0r@(Iځ\0 \0b	 @ @v|]\0\\'A  a&	\0E\0|2@\0q!\0K0$P\#F_\r\!f\ԩcǎs\\\\rS\SL1>[\++2ݸ\"\\\k\}ӯ_?\Zkis\̱>\\z\WTi\"\5\0*^\Z@ \"\Mg(\0D\\bs!DlL@ \0$\0D0.]\|\\\7?\իYu\Uk5\?\o\\w\}f\r60\wuNg\\8[\}]#\'\\om/^l\{os\g9 \ի\\G1\mDꫯ^PC\7\K\u_|0`@暦u\\\\3\4tP\yd\ꫯ=\XBBϰa\\\?nn\Ӱaè  B]\qDJ`\\ٶ6_:@	\H_\93\0 Przʹ6h\ s\\\& \\h\o\\o\\Z\Ln\L\\\I\'df͚ew\\\K.f\W\aL\\\Ο?\\\\k5M65$>Cs\UW-\\\\\1\K/\>\\\v\e\\[\A\h\\/\.yTr7o8p\\,0\Lq6b-Zdl9\Ĉm~ױ\2Hl{\\'L\޽(m\D\\"T4@\0u\ \0C@]\M6\\:\%DtpA\\z5_\:9j|ڴi\	\կ\+7\ͮC\\3\8\\\q\rɒ%\\[o5{ݭ\\P\@=̤I\<`6\x\Z}\wV\m\̍7\X~\\\\\\B\\6\\\%5\ds+\\O\"c\ܹ6Z\\O?5O?\z\S\\E=\gϞ c\e\\N}\\@Q-rd\'\0\0꽁\0*^\Z\0 \0 @D\0.j@`A@\0@\\iXG\7m\,k\I\ ]e9\gj(\vuz\vg_B\"\afElV;\_|EӲe\Xb믿\Z\\+@M\5ט\{\7cc	CP\\"B\ό\n;\k]\siРA\\LL.VP\8\"%@\nHq\Y @\\)WA\\_2i׮]J0M\& \\\[K\+\!\'@ >s\HV\\yѶ;YN@\n \G}dS\|\YQرV\r\n\VJ\:\L8ѴiӦfr\\Q)}\\\\Z=mC):t\`ƍWӆs|KdPdm\vwvÝkl}q\M7\\|M\\5j\klt+\|rŉU=	\I84?M\ӧ\3OEwRHi\x`M\n3}4Rs\9Ǧ\\\\nU+ݔVԈ\kԨQ-E@\;\\{ΦlzꩧlkEJ(i\M7\i:O\F\7Ju\E:&=TqxkQHx\oٹl(_~\\u\]f\\\\\r\TW]qvL[K$[l>{l_v\X\FcS\\/7z\\\{Cd\\2;\-l\xmaq;v$Y?z֐\.B\\\W C@@ue\"@\!)PG\bD\0\"F\H\PĈטsk\d\x\o\.\H@UVY\\\}^91  \r{U\\\ǬP9\\1f\M\Z\\"\r	r\2\<\\\\\r\\ظq\\Z\sf~	\n/p\ԩu\_r\%Fԏ\\\kw\,aCTBNl#\B#F\䘗V\衇jv\\]\\0:\\\9\'\\\=\\;\\ȗRȵ+aAĲBc\ׯ\*\\'\\F(\B;䋒_~\\\p&K3\\|\W\㎳\\ǏZJ7e{9^\.IP\J\۷c\\:\\n7\p-x\\5!\Phr\K\P^\VZ\M\t\niK\uOx\?`ǥ$aK\\'\í\r?kP\˖\t^w\q-NgV?J%[(=\\\fE4\:\? qD\"cy\,\~׏ԧ\qd\'\0\0꽁\0*^\Z@ \"\Mg1\"\0#cd(`J& \0\\:\!7<`x|\\ 	J\"g\ݻw١.gw1CT\dڑh9\?\m\\0vo\\HβR\\\\v\Yx6qE\ M\\+@(BB\\ٝ)td\Wڵ~\GԠؠ1\^P\W_\\?P\\\\`ޙu2_9%H\\\\"(\r\\9Wt?j[!79嘗\\"f̘a\%>r;\]\~Ƒ)8\-\3gδs0\\\\0E H\\h|	\Z֑ceS9\0\g\rJ\'Msۆ>\3F\\x2Yd;/\\}\TYy啋\ZP9Dxi@7ň\0D @\\L@	\)<z\S{\"\A\\\-g\?OFiw<HӶm[3p\@Upv\kW|VK\r9z^B\Zs*7o\<g-\n?\\\s\OM	\\%\nev*\$Y<$iw\	s\+Tx\f:eHP\n+\R\"Ӧ\\[\q\\W\n?\($@(\\UW]e\َBn(bE+@\:\k葠:u\1J BlU\jP\8\"%\0)n:#%CAH& \02Ptюh]\\Au(*\"6\pÚ8{x\k۔<NT\lKN\\\\rD˹~\[\)sWgJ=yk7\ؔ&H5_\2\i\0RXI(4-Z\Op>}M\0J;T9\E@h\" \{dMK\tS\P\p\\m~%\\\eP\\U\oR(\\kڴiVLSZ* Q\nA֏\(5  m}\roT\@`Hf\[`&Lej\$\\l\2\\\H&dڍQC\0#\R\٪V+^\^\z	һ\J\'$iֲ\sXx9[]Ng\W:!@R/\U*\!ǰR8PK{\6\\\7SI0\ݭ\"\\C)~rH\"\Z\\\\R\\L\\\\EA(eR\(mj@\\Lg\U!h9]Ds+@t\e+B\l\MO8\+֨=7\\Ç[w~ơe{ՕXmՖܺP]1\b-\UZu\"6\=!1DJ\\'S.\\.5N+F\(Uj@C@R<Hp\\@Q@H@H\r \0@n		r~׶0\\\ZR1\ɓ\'[\'\Zka*\c\N\?\"\	ƍ`\\0\0 \0IDATW\s\\W~~~z\7lz\\]\\[;ᕧ\w\Rj&׆YK\֭M\]\\C\2- \r:7k\̦\R\n9-дiS\/\_?\\\\1d9\]e9\\O?H\\	\\~\R_\X\ζsѢE6M_|Ѵl\2\\\r\\Ȭ\\\n\';\\?\nG xK:\l\Z\í7g	:$(\r\Z4Ȋ[Zkz3(\Eͯ\8^~es\M7Y!jEզ֋RI8Pqf\&M[Eh(\F\I(u18\\ZZ\$^(5֩^(dw%qM\8Hd\ڔ\'!N\FZ\\S\w\Nc\It\\\\\}\m~֏Zu\nPW9Dxi@7AhEͅ1\0 xL\vMO4\BFP|9\\\0V[Eds*g\Gق\r`\ tr\\+M\09;v\Xq)\@b\\"Ƕ;\\՗\"#Ԇ9\UZQr\J\K\ehР\ݻ4r6\9տă\\czR\k\ÐcX]ي.\\~ƒ_E(m\V\\ng\lPP(JE\Ix\\EL\,\ėS\\\*Jx\\l\'E(퓜\\\aj\onΓu%\u(\瞳c\%k׮f\\\Ji$H\"	\!@k@c\dwEHҡ{CV0\:\\H\"^(\~\\\Nc	&\Lž5V\W}\\\\>\Sk\\2\	\uϵ\Mڷoo\!	\Z\ֻ\\Q\{\\r\\N\0\"\{\"T4H	L:\עцKg4R0U\\\\"}6g\\0\\"\0Y\\G@\\\;\~\r6BŧR\9\%[P\"`J%\'đlG\\\)/ic\j\\OD@u#@\!\0@ \02]\\"\0\0 \0r@(I\	J@U@\u(\Bε\?*Gv\k\RBݝ:.mPL\|9\\z\-+\$\\\nA\l]\|  J]CyG/C\0@ \"L@\0\0D(Xi4\0	J\ӯTJ\֡\???ڙ~\}\z	~E9՟z\)3v\XʪP}\v\Νk^y\IūsQ}٣y\q~F&J\$m喱W\0\0\\ZD/C R\&|lh\\|/l>R\0DZ,y[0@\0I\'\0t2T\@-TgϞ^jI9\`X믿C9$ȥ\!Y\[O%~\Gmz4T]\'\\qDJ`-\;0\@H\3O؂@\0H:[C\0\'\'@ht9ꨣr\nbP\8\"#0}tӰaÚT(\\Q	 @T\\0)\\"Fg\\0B\"\0X\0 rNPĐ!r	\.\qDF@?#G\(\\\Q @\)D\\t!\0H\0\"D4\r@ \2B;BD\nDxi1cF\hEE4h\ 1\	*I\0\\7D:\ά!\0A\0\"	@\0lB\\ٳ͒mZ=\\\\L\\cBK]\\5i+\c$,J+G~\@~\<@ \ \\M#0s\3a\,sP&\\կ_\\\q\k׮/\\\0\0\E\0\\$i\0\n	^!B>7\֜\\H\gJ@\7 }A\|D\\ \0$Wx\\	5F@\0%\\\`\\OYn>D@\\\D@\\0UF\\N3<\r\4zyᇫl\L\&\0liɷ!3\0 D@\\@u\o\r`\n\&3\nZ\0J!0v\X{\\o\5͵jժ @\nD\0QU\d2\0*J\0\@\($@xQS\Z\\qDN@y\o\\CT\0E+I?}#@\\\\Z@  J\0 K\nO?U\L>K^(B\=S8<\0\ӫ\0DU1Q@H, \0X@y \0\\ 	nr.t\qDJ`\\\f\\Ԃs:@	 @T~JFH\6 \0 @\0&!\0@8B([s\QG\"\[\"T4H	<0\S\\v\gG\/A\ *m\0>3c@\0a@,\B\0H7\'@}\9G\"Ի\"T4H	H\qf릑Kg4J[ }#@\\\@X \\"K\0 \\0ߵR\yEa\\"Ē\0D,\ \" \0dE\0@\0\\"\0Q.@\0\@@(v\\&N@\"H2\/@ @$\%\0\\A\0@!9 \0M\0\"\5\0*^\Z@$@tlӌ\"ԑR89o0e9Y8\\ׯo\\nӵkׂ\rB<	 @\\.\n@	 @$\j@u@@uE#@\!)Hq\&\0Q4\\\\0S0@\0\'\0x2@\0\'\0\0\\"F/C R \\\\H3@ `\x6D \0$\0D2\ƨ!\0TP\3Dxi8/\E\r#\\ Pi`\\?DlΌ!\0E\0\",@\0~	 @ @]+E\0Q6.\0 \0u @\\L@ \"L\0 \0DDxiPaۛn)~\$\0QI\\\"vg\\0\ \0Uڄ\0 \0   \\"@F\-`کFfٲe#@  J @> \0@\\ \Ev \0@XŮ_\!@\\IH\ئD\"\ \I\04i\?8\0@Cs \0@ La/\0*^\Z@$@t=\ǿQs@ - \b\\SĿ\3 yB\\Zy\\3hF@\0$\0K0(@\0\"\0\0\G/C R tٺi\*M \ܹs+\He[\C[)@\0fK,1+ԩs˖.5u\֭f\\r\0*L`\ҥ \\\N߫R\\R҉ÿ6:k+s9\/΃\0\%\0._Z/	\Ǐ/LFV\>Ҭ\\oV\\\@\0\%p\Gך%KM69 \0N\\s\5K6\4?}}8\aSI\\{\\rm,\K\mÿ\0Q4\\@{\@ \n \c>z\\bC`\fY\fMb3&.d֬9y\\\5qf@\0e\'mO^z|\ۥA@\0@.I\Hk\o#@x\@!!\0\0(B\0B\0(#SfWkvhA[)@\0H#4Z9C\0,j@ B\K\\0D\\0 \0@\0e\'\0Qv4@\0 @ @z @\!)Sg;\0kf\*ML\0C\0\0 P.\\"I;\0 \\0ߵR\yEa\\"@\0:R&`*H\0 \0\0\"\0 \0	 @ @\ B\K\\0  \E^f@\0@ @$\@\0_~\JQ\!@ KJ\͠}b9> @Ev@K \0@B\0\M\0\kV{\qDJ\"ԑ⦳@1R:\ZiC\0\\l\4i\0 \0DDxi@7ň\0Dҡ @\L\0 \0@\0U@\0\"\e\0*^\Z@$@t=\\ّKg4J[ X\0 \0@\0@R	 @ @v B\K\lG\b@\0\"FH R\0> \02 Sa\ \0\"\0\0\k{D\#\0?0h̜L2\ԬI4\2 @$ \0@\\(B].@\0~	 @ @]+E\0Q6.@,	H2\\0 P\OiV^١\\:E\@\0@4\@ ~\\'\SO)S뮻ά\1%CFkP\8\"%@\Hq\ \0@\0\0\N\0\HS\\\?l\\㏛\#<\\\}զQFL:\\\\:\x\gϞ˝ZN|ɒ%Vt\߿9\͝wމ\0!w\0\0\=\0*^\Z@&NmvjYlY\*ML\0C\0\0 P,:x/D\3	\\\{\5|\b-̷\~k:w\lV\\qE3`\0\F\Kf͚e.Bs\\'\߼\f\O>5\DMwѢEf\\cI\7ӦM%@|=\]w\.uP\8\"\'\&\ӧG\/B(B]I-`b@\0@N\\9/\\|u67\\}\^zI\H\ͱ\kz\m9\K\4\[\څ\[@Vn\_|Ƒ\Dl\"\瞦u\\\\M{  B B\K\\0  \E^f@\0@ %\uA	\'hN?t+D̝;לy\\\w\\/l{\1\^;h7%`s\eY!$)2Ez\\\'@(iuqq>\!\qDJ@)tha\*M\0\\\0 \0K\0Xr\\\"\\=\\ӫW/ۛ\w\q6ݒwg1c\\o~i\[/\\aT;B\n\Zk\\SVz+\l\v\'J+d{\9s\]wq\ƙ\?\\\s\56Uԥ^j\ﾚ:t\`[g}%~\7+6\\\\fo_~2d-\TSJK8\\0s\gM3t\R;.?\3\Hc\'\[\"\?o\\\sMs\\:\FkH@\\l\Z.\4o\ܬ\jvmڴ~\l;N:\Z\xc\Z[(*\\\|\#\0\0\\0*^\Z@TzȀ>f\G\/A\ *mG`\r@\0@ %\uA	\ֱՂS[w\}wYZAA\\[\ŋ\\?l\n;[\\\?E\W\Ŗ[nY\/Α\r\rK̸馛\?\r\Z4\\n\;\l\9\[\\~0v! ?~>\s}\Ǧh!\\^#\;өS\'\^{K.ļ\K6%ҿ\J롇\=b\Ӯ]\ZQ\"S\s\)9׀~UiY\n/%E9B\\C@D\6\\[=&e&>	 @\i@\r-\rC\0zUo\XLp޼y\y/Ǹ+@]\0\wB\\/u\]\^HN8hg\\\Da\l;\\\\w\nƦGY\\\86R8√/	\rǁhEM믦{\f\W7Ç V\"#Q\rsE\8Ic\c9\ז\@!!\0\0 \Ԫ\"\0QU\L\d i6\r@  ba\"m۶f\mk>B\$(-RG6!\߷\B\َRiӦ-W;x9ll\ѥKӪUZ53\JPPzUVYŦW:\SL\ƍ\)Ů$\0)B]g\qDJ@D\Cۙ_~\B\0\"-\< \kF@ \ \ndODHQ{\gɸ\"\Gu<pj?\RPg\Wlَ\n.rBoF\*ۡLoiz\Gl&d\K\>zP\8Dxi\0\\\M#\\ Pi3\-0\25kR\\J	 @\L@ @\"Md% A\[o=\\0\Z[hy\\n\fw\\\\|\78tz̒%K\\W_m\/\5\لi5ְN-Z:u꘏?\̜9\\\~9S0}R\Z\Jf8(\6)5\nO\0\"LT\\裏6F2M65m5\\Z\%HT\\\r@@(\Dxi@7A\0!0~\Lu\\r7\n \0@ @8\\'K\J*\?׺\\ϮIS4k\,tKrKx\7\\}9]\.%RH<ꫯL>Pr\KTp\ѵw\q-\=T#Ai6\tS;69\^#\nG꫶дƶ\V[C\o\L<ٜq\[ne\\k	*\WZ+RAQ\nǧ~jkUh~\ȑ/Ҝ|ɶP;l|I\\\4Sl	1{l;>\\е*;6of\̀\.\bnO:ՎW3h\7~\\\\	  \"\B(A $@\\}!A\0\0 \0@\0 Xax衇 g{\!Dwȩޭ[7\[ocQF9\\s\$\&@\9\}\{[1\|P\O<aJW$AEw\qGۧRu\\:\%Vl\VD\km\&|\x\W!\\?ފ)RBw\۷\\n\rV7\[\E%\\\P\q\W\\r7\`K6\ds\y癎;UW]ռ曶-Mb\Mn8(\"E_z饶-͹Aw\\F\B˖-\g\jlM$R\E\\\\XKtP\8\"%0q\lS\\\r\DLi6s\0 \0T\\'\0 D[P\8\"\'=9r:P\))R\0> \0 @\0K!\0@,  ʲr52T4\	(t\K$Jҧo5\\0\0%P\01c\\0 P\nR\Ok \n\"\$R0\h\h\ČB \A6J!\0Q\n=\0 n\T w\ѶXoV\\r\C\0@I  JZ@.F(D\!*B\\\M3hF\n2@(D(\0DI@	 0r\\\Zf*\0\%\\!\0L\0\EP\8\"% bȀ>f\G\/A\ *mG`\r@\0@Jt\{ｇ\0Q,|\0 \0K\0\"\[\"T4H	H\ئYlY\*M\0\\\0 \0K \0ǂws6\0Q,u\0 \0/P\P\8\"%\0)n:#CAH\6 \02\&@Hxx?\A͟,B(g\0 \0\  B? B\K\3W1j\y̄)\A͚e\\3f bf@ AWxXn]\΄B\01P\'Dxiu\@\rSfWkvhT \0@\0xGNmgf_f\jC\'i\ƌ=\^\'GѶm[3b\Xp\\wa\M\Z~g^\\15\'Bm1Jk\IQ\a\\C\0>	 @\i\0 \0@\0	\" bb@ \\\\er B\aG\@\0\6o\\\\'U\n\ Sm\ \0@\0i%@\rZyC\0R0\Z B\K\\0t\\\0(B#|`J`\0J Mpͩ&D\6\l\Z%\R@\0!\0\0\퀳2T4\	pOGc@\0\"FH(B!\0\\C\0\0 \0IDAT@ \0f{5_\L>ݜp\	5u\\w%\R@\0@R0xC\.MC bJ\~翛f͌g@e	 @T?\0*\0 \0b	 \\=\3f,\'D3ƴjժ\\\0 ` \"\\\0\"T4H	P:R\t#12FJ\0R\3m@\0e Dp\9!b\\fԨQeM@\0H3P\?Dxi@7ň\0Dҡ @\L@#@x\r\Za4@\0i&\0\0\G/C R \c>z\*M\0\\\0 \0K\>\0 \%\0\0\\0*^\Z@$@tl\̸vNg \n§kK\0\0@\0\@(\A\0@ @ @k-em\"T4H	 @D\bD`\fY\fMb4*&i6s\0 P^\\Ik\0 \0DU\\n\081\' \\\/?ΎH \0\\"0~\Lu\\r71@\0\0D\\\0\0\n@@&A/C R7A\0\0 \0@d%#@\0(\0DK(\\qDB@?:\/Zlf\wĈN P	`u\0 \0@ \A6 \0@\\"@D\	=\\{s\w0Kp\\n0u\\\0K!@\R\qm9i@:	 @\\\\Z@ @ @ B\K\W\M\\W[lY$cT\0D%ӧ\0EY\0 P,b\q \0\0D\R\v B\K\\0D$\$\ bl\r\"%f\0B \0T\0 \0@  -\'#@%\\KK\}77]kD@\\f \˓ւ@Ό+ \0@\/@\04P\`⮻\2}	u<ij|\M7M\tkFi\Z\G\0ڴm\6\\4*K\\Eʹ_曭7ZT裏\Vn\XmU\;\0 \0Y~Ĉ\0B\0\"ԥ\ZD\̽\k\Z7n\\\9sLacG0\j}i\0]T	*1dB!b\jkzku~kVmDB\˰!\0M\Z\5\'jЅrh@ @ @o5ei)\01`\0x\PǔƯ\\n\k\/<\r\e!m\\ô\ԳV`\n\\04_q`	R=?\xL@Tc\n ~!@\0H=Ӕ\wGm(}Y.\0Q\$pPv3\-0\25kv̿\W4t	@\0> @\)\0 *\o\\0\bb1cƘ6mژ\{ϴn\:\L~ws\\r\<]\c;\Ӽ\\oyXh\s\ך濕6D9(҆#\0Z\0 P9IX9z\0 \0@`@\0@	$&-\ \ 7\x#DDy *ثK\KK\}77]k`b\35@\^q\0@\	 @|0}@\01 w m\n, \n?9\Ͱa\\q:x\	s\I\'\\\\5\\\S0\\7\ڵ3\iҤIM[N8\c\\{\]Ӧ$\\tx\g\(UW]ը\>\<\v\\?y\7ͤIj\mC\(Rcm[\MϞ=\]w\ez\m\>\k9nƓͬX\U\e5TZHTM \\\'ʉ\0 \nj|\g*B\0@ I)\\)-`\'1W\]w\ro\۬\_Ǳ\k<H*I\ $f\\y\6A\|A\+B):w\l\k\Z7n\\+}6mZ-AU\k|w\}Yk\\z\\\\Fmﳦ`\\\]\Z([LIG @[@5i&@\4[sO\z\	2@\0\&P\A\>\0 I)\\Dk12	\ޥ)\;1BN}?5 t\"$XD=L>[\rX)T(RA%!A\5\bpxbG.b\\VTQo\؜x9\AD:M{_ZF\a\v\Y)R(R6e<f\M\z\p2@\0#\0:3a@\0#w \\\ B\\A\ H4\\o4_\EIx\R:劀yr׹1\s\=\8y\$e\n}TN\y晚~\'[\r#8´l\\\\~\!Z\B\"\i4\E\0QIIX$;\0 \0P \0@NĿ\0Q\@يP;l\CP\Rhݺuo*%	:75\߿rQ.\3y}Kp?\\Fmd꫚H|\\\뮻ڔU\_N\F\0\,\|@J\I \\\dA[\0 \0q \0@\\i ʻv|\@N7o\\KP4ĥ^jv\y\@5 2S)MW\ڥPʖ)S\}P\n&o!k?\jܜ\%@R\\\ƓM6F\\r/q\n\ws\y׵.!S!|tI`ǟd\g\0O\0\"6d\0N \\4A\XA䍀p\"a\쨽\x\\\\c=̉\'XkNP8\cRI\8q^mJ\E\7EVtP\;\`_<\F^\pc\\\\.w	n\#\wx\'v\9\ŋ\B\(j|i)\It\9L\z\\2.@\0i!P\Ai3\0 gI)\\5 B\\A-SC%`(cܸqU77&TY\\RY4IXu7\\\e\rf@ yY>!yc\\0@\\i\\0\b \\r1r\Hs\ZiӦ\7ĕ\B\2_ӶS\ZgeS\f\[`&Lej֤ڧ\bH \\1Dʐ \0\0D\\d!\0Ē@\\is\0\"ĥ\@\B5$Tt\o4\w\\qp5\@\$ar\\\0D\0u\0@\0&w m\n B(\@r1\\0DTi?IX7K΂\0 \0 @Ev!\0@/\o#@]e</$@\s\=f\/\s皝v\\2\'\\*J\\w\\M\\_\\Z)*j:\0)\"L9	$a\B\0@e	 @T?C\01I	\\Fb\\\\s\5f\رir\dM\z뭗\	0\Ɨ\Cg\"@\X#uI\z\Ƅ!\0Č@5>\3\\@*	$;Ԁq\1={9s\8\"\0Ɨ8?\ \mJ\>\\\G\0\N\Z\\n\@ NS\Wb!@h@	/-#0m;\\Z)J˥ \03U\ ^ab\0B\0\"!b\0@\\is\"\\@!\Z!PP\0K\0DU1H\zb3p@\0UB\0J\4 \0$@\\i *PK \0\T56o\\'\f\0\0D\A\0H\0\o#@T`A1DDA\\w\\M\\_׺L> rJ	 @$\||\\o\0&G}d\?|s\wwܱ\\\3C1~\k;\'pUv\nh\N;/؜u\Yf\UW\9\\\<\#f\W6ݺu2\"LT\z@\0(@\\i J]-E\\\@E\0\D@\Z_Z\"FUD\0$a=\#ԩS\\_oy\kN:\\\r\%f֫\\ٳͰa\̫j[ou$\+\\\\n\\>ӳgOp\Bs\W&M+\ԩS.\\?\\q\YffB\=\c\fm\sK.f\\\K/5W_}u\`\"\!P\A\H+\0 P\nӔ\w\Z\1Di@\Z_ZJ) ]ӧO\E͌\Sk7\xc\nh0\JH\zű~\V?\\\ol&L`:u\dv\i\'s뭷\W_\~\?St\R\O\N3gy\ͩeˌ3o\Q}\s\Φo߾l	\r\77}\T\A\O\0 `I;M9~w B(\02iW\ۛ\'x\ԯ_?\Ui1`\0;v\!/\'\\E\2_ӶS\ZM\\i\'.$@\\~\:O~vy洸qT1?Wi\\\\7\ִ믛:W^y\\n\c̘16QQFOQ\K?i=\"g\\0\C \\4A۹#@X\\OB\\\\nü7\`s\皣>\\%\\q\\6]\KJu\-\p\O\z\\ǚW8\"(X\/@\֋t\n/\\w=\\\\\\n f͚e\>l+j;w9\3\\\\5SV4\b Ҽj\n\0#΀\0 \0p	$&\"ܵ *\01o\<ƾ\f\<\\3~ꪫL6m\:]\"@\\)2D\@̦\\p>cӣG\AEz\LFl{*Jyxp\	C\:3\R@-Zȼ\O>fܸqf\6ݻw!3f̰\\\\.3#F0O==W5+\\fҤIϺV\"7\Y\\n1g_V\n+ՏP]޽{VZ\\nJe~\!~f\\'|bUM7\\衇\Z=\(\\\\\˼\z\2+\5>\\\_+[cИ5\Dlo\X\"f`\0RMӴ8\̬&>;y}\ĿkD@h\ *\0\\/\x\\\\7\4]v\rq\\6\0-\\}i\\\k SZWF\zmę!@$\j\\\M3pNp\J\B\"T\\g5￿M\Ժuk\d9ofs\!CV4\\֭u?\vC\>\[\\\]NXP_.Z\oT\\n}\P\رcmM1!!Qb-0x\Ϭ_c\sW:(׷\W\rg\_o\\\\yIy\\\\;\l\n}.C?x;>(;v\\{l\m\VyǮy\\\n\\Ϝ \si\"M\f\0\I@\4c\}wpwm\07%\e^\8\\0~I/\%n\\^/\ry!93\	T\KK\1I d\kR\\\pڴifРAVp\\\\\Y\EDr\)ֱ\Yg{\\F\p\͞=\H0YeU>\6\l\|\m\~퍢.z\i\p\BӥK\\\0䴗p \"[\^Ѳe˚J3\8ôj\*\\P.r+$d\w-\l\Sݏ|c\%@\\0\Y\r-W\|?C5ؐ9@\06\N\\\M1r\\\zP\[oe\"}Ձ\|S:&\\\\rw\\SN{\1KT$P!\~?\.\\^,\)|vv]t\Ey\f\V\\K_HC\\\n4`\Ғ`s0 @D\0.|@*\'\yOi\\hΡ\\{m\'裏;\\\\oܸq\K*缢&Ol\ߙ\\\\v\mg6\~\B\z\H\\\rP\9s\՟\Xe;/\gj+BsBH\頫Y>!R\t@\0 @\T2\Z\\\\_ڝL\\r\z\ٝJ\\\^Nt\B(\Z⡇yPv\\ՈSL1^x}`\U@Opz^\\\\\\5ʗ\^{\\Kf\\sαV\F\\̭rV~e38𾴌\\ô\Գ\0IG1R @Bk\M )\|\w\Z\S\ߴm\֦\uyϯ\0q\-gyƦHr\\/GzÆ\rK ԮK(mR\r\u(R IQ\r	z\B\z\'@\Y\\u\֭Ս \n}\0=g\RcƗ\3]\0;?9\"@DϜ!\0@ ?VJ]\<\U!9B+|\wV\/\0!G\	\rzQ^~\7Jh\\EG;\}p}.!P\ZET(Mԯjs\*\~\5\Zw\\\{\~!M\gu\\\ *n\!g>\1\sK5\L9U\x\׮i\\{~\A8\mEcF\\o\ԩS\EA`\"U4:j:HXw\u\\m\Q(Ֆs\=p\u껨\r\ׯM۪>VJZ9\\\sE[(ATC\\#Q͚\\ZHH\5|c\\'@\\4\0F3g@\0&\0oԌ.)/ ,\)L\\\\\Bs\ZHhѢ}RZ$t\<\\[\]Z	\c\\K>S]\E/F:}\\*iB?Ì\0D\\\ *n\!g>柀6\(Vl\(r/\\ճ\O>ik\;ܫ\WU\Z#93ViE0ffͲϤڨ\ZK.\ða\lg\LP\hZV\?l\ŋh0r\Hs\G؈/Nz\ڗx\=\F\^{m?[d;_\Zd\nTZ\\W_}e;\8qgkmB\\o߾\۷1cHf\l\lDŞ{\i\}ݼgtw\P6)2\"\}&\\\ڐ6+\'9)}l*\F\*W*3\0D5Y@\0ζi\h\DL(;ׄ\\)R̼\}Qԁv% G\\\=\0Q\s\`s/w\Pk\\\jL\I/u:}\ B\\4]C\\w\\M\\_עC\n&K@6&{>ɶ_\\崿\[\<\!\{uϚ:p6\\V\h\'\\`\Z5jUp)$,萰TBv4iR\\\\eR\n	￿\	FM|\7[A\\\PTg\g\\ݠq)\Rڥ\r7\\\h8qbj,q5$G\̙3w\qG;v:l\\f\u\~ 1Fi\n}>n\8|t\\]o|>ӻx8hL4K䛓l-\k\l\.\u\'1  \\\\@\0sCqe1P9Pk+)\\I/?\y$\'@h\'v;\\L$\G\J\ˠ\vJ\\\/;L\r\Zk=\\裏6zi\\&\R\^z\Ҡ\"ڹ>sbDkT\K\@>8@5KX>쳂ŧ\\v!P\Y>\\\ \0@ |\\A\NATNB\\|\nIVxĂo\\{0g\[HTN,\f͌v\:\\O7\\C\\J\ԭ[7K\\?\awC\«\-D,Vr\0\\\Cq\4k  RkXN\"faPe$T\h׮F\\0\K\0<i\r\0J\'@\n\F\BR^F+%@(\@\Ȋnp\\\C\\\nW\:*{a\J>Ⱦ)dZbBԕ7\E!\\\"r\M6\Ćxw\\\^\ׯoa؝Ď.]\1\\-2Hn\w\}iٯi۩g-&`J:\0Ug\DO()\|\\+B@UAU\Wd,t\nj&\0Q\\en\0I\"\	[R^F+!@$Ąe&DY0\Hf\0D\,\̧\"\T8x\gm]\NP=I(\cf\\0\0 \0IDATlH\"$Z1C\0n	o1/\ZD\ \\K\@`%\0D\,\y\p\	\'\º3ժUxO\A\0@\ BGL\0 \0D@`:=\\h\\Ju\\(W\r?}U\9\b\x\\\\w\\M\\_\\Z0)\m?F\0Dpf\\?\|K>aV^ye3r\Ț\\"<\2 \0@H\' \0@H֝<ƌ13\"bذav\۷7O<񄭩P\\\nlHv\<\f뭷\i3\nƗ\n\\@HR4\|\|,o\3e¨ZD\{\!@h0U@\0T\|?+\0\G\0\"~6\:\"aB\nT\KK)H\0\"D4@g>	\\g9YtY\bd\0@:T\<D:\.\0\0DBl\0C1LT\K\\~=L\N=k͊LU`dP\0\"N\|^\au\\\\:T\" \dA\@ *˟\!\0@`y	Y	1Ä@u)\"\0\'L@\|l\\6\!\\0Qh@ @$\X@JL:\δE\r1\rDީ1\K8X1@  \agf?8\3߿>\,iY矁֦M3zh{\r۶m[S+U3\rp\=\8\J3}\{ݽ\$\\\pA\@\0H-r\ @|讻\2={4s\\	qD4\r%\ \<\ZM$%(\Ot\;\%\"\b|\0\Mxۇ\A\0@	o\\rDvb \rA\(@5KS@\0\"FN\ c1T@\01$P\A14	C\0 z`J\ SB\0!P\n\\B$\0\"\\L \3K͒?\j\Z1s \0%P\U\\ N b(	* \}iٯi۩gY\n\j@`Aĉ@g>	\^t2aD\X \0Ĉ\0DP \0@@H\B@H&\0EL!@89d~|<¬\551cƘVZ<:\0 \0@ \0@H\֝<ƌ13\n\ZI\r\!\0#m \fx\7\3ߌ3\	\'`FmF\Z\0o\2:@\0@3@\0@\0`U\ /\'D%\\7\C\\w\\M\\_\jL\\L+!\0[0cy\ѠAA\0\0\0\0\F\0\"n\1b^F+15JPO@5Ujh瓔gdSf\0@5>\3Te \0\@H\2\Z\L	Y|3u%J#~\G\\7rj\㎵\g\]w2d9\\5\\\\9Q5}\f\\\;\û\\YgeV]u՜\\\#<bs\w\\-\*@,ZȦn|ꩧL\\\\[o]/Xtm`SNRbA@\0rY>%@\0#\0?dQR^F< @$d1\\𾴌\\ô\Գr`:u\\\?o\\\sMs\I\'K.Ĭ\z5}\\47\t\駟nv\jV_}X\$\0矛\\\\\,\\\\\y啦I&\+0u\ԉ\Zl~\wf͚\\\n5\sgm\:\.]K/\\\}Ձ\0y=\sF{\ƍ3{ｷu\]?\X^}Us\y\\\駟N\0\_\\\\7\'xb\^RA\0@\ BGL\0 ĩ\-\Zm\ʜĿkjCo˖-[VY\kR^F%@\E\[]ξ7\\L0t\\\\\N\\[oj\Z7nl\~{˞ӱcGӡC(\bΜ9\\_6zj\{s\7ꇧ(\$/\t\\\\\73\\QhذaQ|\ ^|E\J+\\E\v\m\\^{\e\r\\0,<f\FB<\\']t\\'UݐͦIy\c=\& \0N\0t\0@\0\&Ŀ\0Q\@0]B\Ǜ\of\\r|\VXx\W1k\,\\;1!\\7\lS\\\5jWQR\qkc(\^*\0s皏?\\\579uh=k\	k\\<Ea	~ 2}@\0Htٛ\B\0@	o#@ NN@Ex_Z\<\Z\(G\n̉i\v!\\\\\n6R@\D\5~嗛mۚC=\"\\2;Hr\g[P\9\<L๱\\h\\?\D.\fΜinv\*d=\\9\nA J]\\@\0 X\0 7`Er\')\	YPyT\E{\as7hРft!Lb\^[@iRV\\qŜ7o\LFl{\v{p\	<{R\nv5&$z\O>\\\1cM	\ݡk/\\>\m\4C\4i\vc6̊*ĜY|Y)T?B{\mSH\P*+\;\8\C\7\\'\kUca\M7K\q\n}:z2o^:\(k\\\S\\\VҼݡ1k>\PhNI ,Yb\\\L)\\z\׬8裏\,h\&N\:\eW\nFm|\wlu[kܭ[/=\o[\\\ޛJM\\>3\sZ\\^:\m\r\\\u\f\\\\\\\Z\\\-\\\=)q\c\5Z\\;ζx\\\rDJ\CR!\0 \0xĳ|\$\\C\0@pά\"W$\e4ȃYJt\n*Ңb\\ճ\?\(\@\SN9\\p\\rV\\\u  G\\>kJӺukF\n\9\C#S;\\^nݬ_ӫ\8\:\9JJ\nk{w;aA}9G\7\|c\HXQmC[Ǝkk\Z #Qb-0xu\\\\\$\\iH\m\\\K\"$\ζ\F\%t\\o\\'Ǭjs@Ʒ\V[\\#x\S\	Xrf\d;\\n	֌xWrl\^ۨ 	_-[4ZZ0`Ygu\\om׀	b:>\[\YkP\\tu\]wݵֽ\7:\ ۟\\\Z?묳l\\.\\\x\V|\*\?\~\g\BEԦĂ5\X\<\3Ѻ\K\ݫh\gE7\^{M%qD{Y\.]$Iy\+c\	\0 Px{Aa!\0@ 8\\*rER^F< @[J\i,\'v\㎵.\grbi\nwf㯗\=KI9\\!Yʽ;l\|N\\}iٯi۩g-\N4m\43h\ +\o\[oerb\\\\ml\j\'(\"BBsz*\9S\ug\6L6\'[\\l)m	j㩧Z96{\i\a\\\NpE\04\0\ַ>wN}E+hW\\CvǋgaZjs	(\m\\\'\\\hUN\l\Sݏ|cW[ޱj>:\n\I\%I\\Nz\\\\\\~\{f{\1kZ\$LI<\!L6\#{ZCZ\:t):A\\䘗q\GZa#PF\~\wēO>iNP\D:?\\s\=\\n\>}4F;\%(Bwd/	x#G\RǕR=)\|~\ \A\0@ \Mo\0 P\0DaF8#)/ Nj#\RCd3)\y*bX\H\cH&94ibwro\\ӬY3\~YF\2vf;\ϟo;p\>\\vj\,X`\!Fmw:J\"\}N(f~\\\Kc)\ЗTB\\-缾&Ol\\\7WMh\m\H\ۏ9\]#}\w9|N(\kg\\v\_\\V\Z9^)\>^~\	Y3/\W\\-\Jݞ{\Y=)qPbk\/ͧ~jE;\\.$E\H\<$ne\ܳ=}衇\:sLfj\Jv\<JĒ\d\rr. \0DG\0\":\@\0 @\T2Z	BN\D,D=\N\l;\|M\Y\=a\\\|v[jF\R\F)7\nj?ז\<\GωJ@\\*,T@\S\e\([nŦgUr\\j\r6,YМ}\5x\l\r\u\Wz	!\$Dȩ*~_\\fw}9glϕJ)g9\/\g\ZCK^)r\2sN{%r0\l\]+th]JLTԙR?\~\Y~\v\eS\ݫv\L\J\%@gǍg\\dGDf0\J\rI\3_\u\\0 \rh8\ \0\'\0\UE\L\\h%98\PZw(gx\+b\t/rH\\\89\UD\\ɵ\JunTt1G\y6g\\\\\\w\\M\\_\\VL#M65P\r!Ǿ\l\Y䄔\ODX)\.o\>\mdKܡ\\M;+\JLj\EA`\J\-ĝf%Ju]b\+x.jCţ\}*5j	s\16S\\\'Ev+\>\|k|Ʈy\ \)))$I|8\\ltDQ\\>\c\\\?\aA׌\y\nx\\f\\#\YP[J]Eߩ>\\\nuִiS\[M6\ĦRP;\\r޿\Wu(鞴\M/{VU$\6\r\kn\\\\j\t\(CQ\K/d\\\\Q~mg>\<@\0\0D\\r\0\n@(\(g$\eD6ɉrjצ;\\ݻM%̔4RrhwB˵]\έ\*ݷI\\:\	b\\9Q*@\A>}[\W\!\Y^H\'\\\8+os\\r6\:\\\<\\YE0\{@xWdv\wE\\XfEj\\\]E*}\?\ŋ\u&\r\+A\\)g\4ir\\*\s\\\\4.P\\PꫯSTQ`r\i\߾}{+ިSLh\앓YJ\\\\\\W}\Ն\\hg\"#/\gbH\r[9)}\rk]\J_kQ+\\r\7g<56\)S?k^\T\i~B;G	.v\C\\su>b\[7A\@\Z@K\bZ\"pփlxu\'ZS*@i(@\\n[KP\\\\\RwIַ\U\&[~\v|ZsZ\\P1jEXx#2\\|e՚P$\\\\}YuL$(l4\A\\\:\THiܡ{P\Uz\М}7dF\ZLIy\+\f\\"@\0\0D\\\0\0@R\'\e4.%rL\9\\I,\'ȏ?hs\9WHЮ^9P#3\[X\\СCm*\R@\\]r)\rvv\\\:,\\PC\\\"\v\\\\\\T\=fHNC9t\Z9%ݮM9d\t\%r\\q\"\rELN,9ZSrr\ZQaU/Gs2\\y\\\֮k]\\,\pE\\\{\\\Z\\\\\0\0!39\u~\76-֔\"\<\P*B\\\}TBڕ\\w\s\\\:7o^z.曭\?RIQ\nvs\"\\G㒓U\يO{\w1Q\\\\n&NXvaKИ9sRԾԺ/\Fm\xUԂ\99}\07\\u\]C\ݳƗ\39\\{\\暋a\I\\oܵ\~)@HX\\\C\V\)tNZjK+Z\\\^\y\=\ao\\Z\W\\\4>Sw{L\\\w\\|]h}ox\F[\'^ \"\B\\ѽv\@~]!qMW\\'\ZGs~g{J\X%>J<\zԑ\ Q\g>\<@\0\0D\\r\0\n8u=Ee)|U\\\\\5J1,\L\ \\FˡP\C;0CS\W\AYsv*@h\'\>uNjgڔ\0\"r\\)(G\5)\'\\r\r\gszkg973\A\"A\ J;!\H\`\%\b\ܑ\H\U^/\\팕\\ߔBvk\%F\\:\K]4>9\]v:\csO<]sϖ\\Ϝ \'@\\ô\Գ\-ZjD\jhO^\\\0ϸ\!L\"s\\\\lg8!\@\0ƾ\\\	\A}B\0@u(\\Dk\"\ \ a\̔\0\#ڡ\\b\\0\\)-\vIkG+\S\|y\\Р	\<UԅD	1\vU/\\\t\\\Fh\09A%H(T\V,KT\i\nnE%gaZjs5ڹ+!!Ўl\VtFik\ \nͩ\]Kq.\"\qoǡTQC\ڵɥ_\1xX\/; @\c=2\n@\0I%\0T\1n@\0 \\\cFњA\0J\\\\	\9\{m۶OQ	.\\"\N|C)3g[\V \\1[9\0y䂻UW\\v\mg6P~}˩ޥ:9\\sE(,r\\7|i,\n\\+\0Q{ה2wPQ/QըQ\5\2s闧ZC\0\\q\\계\kz@M \0$@H+ \0t SB윔\J\nrP\gJ\rYY\ \\\ n\sZ)\!vˑ^пjW9蕾HQ\ݭ\ZJ\PZ%@<\\"TV\nʋH\N(RP)\v¤Ɨ\3\\"\j\|\KK\}77]!\ޙKQ\\m\PTL~4B4q\}.ŸD[~.h\NԈ\D\\rj4\b(2}3wwz{\\\\Uu\{jf\:<MuT;AT6 j\=w\BY\n\-[\˚/~\0@\0\@(\Zm \0@ Nn}0Z+B\\\ݻ>ՐNChc_{*bZh\ZBu\o?W+\\c\V\/`%t\\# S**[;ߧ;\\	뮻+bJ%D\\n\'\rxjLRa\C9ĥc*w\\BU\r:\\ZS\'Y$1\\g118μ\' $z\˚/\	\0ҹ\\0 \0\@H^L\nZ\\\hAT)?\ku\Jߐ{i\_5Y_j\n&:жm[\H\nQ+N.)#\̙\j\"\\Ê+㏛V\\IK,q.]\D~\լЉ=k\\?vA/r~إ6ү\k\N(P\j	:1\{\=;\\\\gzם\\s\=]]O>\Տ1c\R\\l\܉v\ɞy\F.C\CE\\.W1\Z\$\Ɵg\ڵK1py_ۓ\L㯦ʆA\L#@(u> _\|qO\0 P4\\\3TF\\0 8\Ч/aQڴW\ܔEy\XmN@\\'|u\ر\0Q(eR	}\6u\Tg\\\,+EjTH@\k\УGz\\gud\e]\\mR*\B\kۨQ\@\eR\tA\ӹl\0\0 \0IDATv]vv\Wڔ)S`!tA\'Kt@\N;HИ={R\\[o\l7n\\]]\שP\/:\G\\\N;\4wrE\\\-Z\x\\\`\"_t\Z1k7A\ ~⑕+\\\M\k]]]`\\LȎqJw\Kƌ@xZU\n \0@d%\F@\0*t_F-@T\5\\|\&O\w@\C\eۮmmhL\)ߟiY]\K\8\\w\0 \0\	 @Tΐ \0@ Z\7_F b%wTÆ\r]v\ŝF\@X-W\hx\'; \~o $<q͘-vQ_ 	\.FC\0\\0!\0xF\00\0Q	B֪ՠK)j\WA\-܇r};\' (7E _xs\h\ymŲ*m\\_\Z7cǎuV]\^{&+\޻y]\\\ѣkb%q\o\:xg;\\G\nο#[i]zC.@\0@>\ \0$\0D\\"RĞJz\9\\۷\z\0+\F;\\\]\NP=\@9\\R\d@\0`Gܭ۔1X-W\"v\yg4hP=.\\^\|oq{t\\xTC\'i%q\\Ç[\\`{߄\l\S@\0\H\Z>\>C9\h@\02sg\vQ\Q|﨏fL\\\mvS\0!\A\wmGy\q\\&@Q\:@F	%\\	qM\L%嶲\+k \ZA\0@*	q-f!A\)@\0*(wR/@\PVL\\\"\h\?\#P\e\آ\\\1h\{.\ih̝\\sq\p\\\\0DT\@v @d\'\x\n@\0]̂\\n_w\l+ޥK.\\3\tS\\{\=l\\6&K\_c?\#\\R\\\ܴK?\\x&>$\{|\\\\u\\\\G.8\j\>_|\\k4%@\|\9{\?\\\]z\ߛ52aSL\0\"\\5@\0U \0Q\@\0)\\\\\\h\\\s\=\6\\;Cq\A\E]\\_|;v\h/ J?J;~̈\wuU\\A-\۬\n\\\'up\D{z\y\\\+O>\\Y{\\\Ov\2~\t\K,^`m\FO.7}\\\ra=\\$sHJ$@\\&me\\g\n!ș!Pʚ\"ԙ8\n@ 4\\h\0@\01ù\>\\\9\c#Fp)!b\u׵\?<*s\\n)b@,>(\rͳ\>k\~u\\\\~m76s\>l\UVYž\^\\\h-Zp\\f\ny\Z\wux\? \Q¬*\0 >\}<\>O~a+ \0@$\\<\\nr\/3\8#V\, b\rCli|h)\r3A\L\\t\jn4@\0@bq-f!1@\0\'\0\\d\aTBĕW^imM>=V\, b\rCli|h)\r3A\0\"a\\J\|\8\0 4\\\3\!\0@lenC_F\, ;\rH\CKs_6	 @d3\Iڗ5_Ra \0H\Z>\>C\\\0H\0\"Q)`/aL>\\4>d.8\0D(\\\3_\|1c{@\0(@\Z\a\\F3@\0\0Dp\ڗ\0(g}A :i|h=\0D\Z\O%\\0\M k0\.\A\0\0\'q\a4\\\0ɇ#Ƈ\C@c&\˚/ft@\0eH\Z>\>C\h@\012s\g\v1]\Q|﨏ffVWWWe1\\\h\0!@\<i\eH\CK(h	\'n\\'fB\0\4\\\3d.\8@\0\{\"\0B1t\r\n4\\0\# <\nB\0H 4\\\3$0$@\0\{\"Ơ	DkT@ -\i @d \\0\Q0@	q-f!!$@\0\'@\n&O/aL>\\4>d.8\0D(\\\3_\|1c{@\0(@\Z\a\\F3@\0\0Ece׾<Y @D9C\\H\CKtt\) \U}e\\/a,\0 ni\\ˇ\gHwt </aL>\\4>d.8\0D(\\\3_\|1c{@\0(@\Z\a\\F3@\0\0Dp\ڗ\0(g}A :i|h=@ @o\\m\YitF5_°a \0@\Z\a\0 <ɋIA|y\r0(&@\ק~\q\۷7\\\|\B\!,t\Q\\eN\\i\>6\\\lx\\{3K\S\3\$s)*;\\\vTG\\\\\\]|\Yg[٬/Eϰ/\}\\,\ި\\?7\v\'k1m[>w\9\Y\\_\Q}F\O\\w\\絶s\(ַQSgǎ\>7\\fΜ\\fB\0@.O\COBH-4j*±XL\S\v\\\\?B1\" \0$@\Z\a~\̨` \0l@$<Yɓɇ#Ƈ\+\"\0Q>\ZWH5_n\\0b\"Ƶ|}\- \0T@\0x\l\\\hD5gcAti|h)\{|YՒcC\0@qi\\ˇ\g`n@\0@L9\ճc\W(w\G33=\i\\\h\0!@x304c\В\n *H\\I\ZC\0@lҸ\X:\0 \0\\{\"\\&@1!P4>T$0{B<c\\9\\r	 @\:@oi\\ˇ\g;zX@\0I \D A\@\ZZ*AS@\0U%\0QU\@ uҸϐ\ \0 \'A\a4\\\0ɇ#Ƈ\!\0o	\0C\0H94\\\3<@K$l<Y @x203s\В \pEHT>\ZWH5_n\\0b\"Ƶ|}\- \0T@\0x\l\\\hD5gcAti|h)\{E$\˚\0H\Z>\>s\0G\0\"y1)h/aL>\\4>d.8\\ѸB*t\Xd]x\΋\?\ZjU\\7\|c7\t]}\\\O?ݎ?xkӦ\^c> Ƶ|}?\0E\0x0\Zfa\0\\\\\\H\CK悈\@+$\˚B73\|\̙v\E\\ok\r0~\_\z\׀\\\O\oݽ{|A\u\]\0l\2ꪫ[n\{8o\-\\"c\N k0i/A\0\0\'Q\a4\\\0ɇ#Ƈ\+\"\0Q>\ZWH5_nf~jw\q\\\6\`<yr\)\6\\\{[}\\<\Sv\W_}\^\m\\\;\\r7ܰ&\q\t\MK.\;\د~+1bD\\@q-f!!\E@\0\@$d<Y @x203s\В \pE *\G\\n	\\\L64im\&֮]zǎk\{\osBŋF*\jRJ%YM	\'NN:\F\\5w Ri\\ˇ\gHiXq\ <	/aL>\\4>d.8\\ѸB*t\!\Z\:\~\ݫKʹ\\\Msb\UW	:\{\\ZﾻIQ\w\y5B\;i\\ˇ\g`@\0@L9\ճ\<+kQ\;꣙\iA\\\\\h\0!@23k\В\oe *\G\\\\KZ$6\tj$(\\\\\ՉڕW^im۶\\\7qi\z땀\Ÿq\xp\g\믿nÇw]֧O6|[J\Z{\N\\PAiMŧ\9\7oR)t\\;\\\1\\)\nYtM0z굒:yq\7;6|Mǎ\\?_c(\\\swϨQ]\էx\\\k_|\\\2dx)֧ڶhтIoq-f@a( \0$@\;17L b]Ci|h\0M3H`6y\\׭s\\Z@u;-\\N7h^߿\_۫\6\%\"q\v\%ԟhJPj\'\\	\'`~+t\r\ӧ۟\'[{\\\߶\:\\=\\\O~b\~\\j\ȑ#m\u׵J_~%\\>\v\СvKX\\O@H \\\n\:I\\Q\K\t*d\h\\"\'h\#8Cu4^y\SO>\\&u/-X	&뷿\t\M\N;\Q}I\\/Ҹ\\K\0K \\&@1!P4>T\0J\0k:جY\\[ous\F\\\Aغ\n\1H \\\s :q\\g\;\	\0x\J쓀 C\nw\N\\	\Z祗^r%t\邗_~ىr5\\\Ӟx\	wC\KQ\ EU`W\o\?\~.{\ΝkZn]ϚN@Ҹ\P2@\0@\H3਺\a4\\\0\"\A?@\ZZ%Do\0\#\˚/>\\Y:\p\GZ\uZ\\wKT(UQ\\\\=wB}\b\O\#pz~\Og\NAl\.\Ӟ{\\N]$(\\W_\\=\_\\kRXON\n*٘x&i\\ˇ\gHS,@ZPړH0\Zfa\0\\\\\\H\CK悈\ SEh\\!_\|\\:q\}-ܲI\T\Ic9\M62+(\H\n\Ʉ TP\A5\/B*iM6qbN-\\|\.\rTKv*NjlƑJ\\	 q$r\{\\4GS\$@\Z\al\0 \0\ @x2|y\r0@daf\%sA\\P\"|4@9k>Qc\t?{\\\\\0W\B\\w6(\uS\' 6\l3W\Zut C*\Z\nB\Q)~\\on\{lр)$\HZ<\S.BbAAJ5;D^xj޼9D\BXX4\\\3[ \0@\ \\\y-wJڅY @TB*ԧz\_m\\r\Z\oÆ\r|\8\\0;\VQ+m\В\͜9\W\\>\r\\\\1cƸ\\\`.\-RT|\m5\?~)o;\\)^Z\W_5V\\\Mm۶\w\\\j]toDz\xM\G(Q=\C:YеkW{\\\\\Z\gj\'螩SS\nM\{jR\n]믿mn5VXa\v1\?\I	)?ХbP쒐Sr\\dD˖-\\N+|7k׃:;g\\BI\\ibmS>-q/Ҹϐ\ \0\	 @x\0t)\\ P\\'^|E\/{\\\~=\Kytkb\\om7\x]x\\ߺ\Ν;cW	$E(\xQhr\s\r\6$/m\~m\#F$\\\9s\8s\q\\L;\\]PiI\ri~\[\8kժ=\N\W\ɍ%K\F}5N\\GZi6>ڭ9%F\^\\\bR\CpM0\侦Z/\;\sc򗿴A\\脆l\\/R\ӧ\[$*\/\\%\HoF}1\\\"&A@EU+C>蠃\8\XJ\$Dv-Z\\\Z:It\cr%\H)\g\'ɝ}X5I_˗0\O@\0\0D|#뽔\\&MZ^aI z\![eU\C6.\w\_\\Q^z\%_\^k%$ZT\\\_W;ꨣ\ZZ\\r\\Rjb\	$\矷\{\	\F\Z\DB\p>\І\/+Pm\\7\\Rlr\!M\І~\\\fܶfπ\\ؚo\¯\\m`>\0Q\\1z\/_\diB\0HZ\\3\?m \0@ ^w\P6\ї_~鎢\]\tļ]v\W\\'9سgO68-1B:B_<\J_?\CcWܸ\!\(>HC~A\\-Z8:_f?^`\)\\Vmq\y\[\'E#f\B\F\\(\\?\^au+V\eK\B`@`ʔ)\4Asχa/)D\h@  &@hQ7h3p\\v\W:b.-J\\./\n\9ڵѪ\\\lM\Z$\X~&\*\'-O\r\M\R9O\6kѡAdWS\Z$(%RI4uob\'\!@x@\\\]\\n\Z\,*\\AO\Z\<K{8\n\\ZjJǵ|S \"\\!\0$s=;K.\\\Lh\pZF\"@\.T\0\Ɇ\7\\\-t\_~.\'|r}q<\jοP1ME$Up\Guyu=\4U\x˯K\\j\N\Ҧ\Өpa~>`ݯ\z(TA]A\r\ r\J\(7x\M7uc)5\kz\\'\/ԕ^v微\?\>p\\~SJ+PQ\\[ϥ\*\gжv$]#Т:1NF\.\\]P\Y\~{0m\}\"k\J\@suƌ.rQ~\\{\\\\ۻ6*\\:%_BuV\:\,\.R{zNv\b\ݻw;\|P\\'5xO\\\\n\D\\M\تNo(W~\\S\ܜ\;vt\n坂\0\K\i\|K6X;И@H\\\HW\\:\riM\cP\'\raoʿ(6\ZC\0\0r*\\r bOaIGڔ\\\lP6\'\ tA\w+4O\\ӆ6\\\OS^F\OiuC\o\n\\\nU\Z;v@?zh\'@\\nԀP\\Z[l+\1t)\\s\=\69YM<\٫D\;\\<L\_s\?vir$\\\+{\F}Kcؠ6YUlPj\[\8յo-:] \KJKb6:$8\\.n\\J\tJBbWSDm\\6STtsS_J)$<\\|ŮP\\p\\\\J\$L4\\n\{RW~ֿ\Oc\~}HXguܽJ\ρ./	z\'u\I\\.ճ\i\\_w\n\fW\\q}\w)2_\\"j/qr\}u,٨%}.\%fj}f/Xhg̱~ \<\0\0 \0IDAT\:b2vߞn\ͱ˖L\"j\\R_A\}\\\n\\j/+dtqк\	\\/qտR}2\\n\\f\'\0I \c&@>Z\\eP>mi\MLs@\'\"td]J\&6A6IW\n\ܹ.|\֭\Fg\ZUү%l4%@Omm*gN\\\\h\\_Am\_\'xM^~e\\N?\'Ct\\=8E\"EA~ vXm\\\4\\\gy?+TC\\\=P7\K\n\$lz\\\\\\\|\\fm\0$ \r	W_\9\\>GP\ЙI\\y\Wpv忮\\nD\\\\@\\\}݂}ʛ u\@\0m-_aJ\{ \0@HT]\eF\n\U\PߪB\\:4Qߘ		\ܹ\"0zSNe~٬\T6m]\\m\\uq\k!DF$\HѯubX\\r\\o_\J\\r 46uB8\=Š\C\ez!\\~㏝ NJ\C~M\Z\Ogq\\NH,t\Z_K*Jx(\\\[(\05 Jgŝ\0 2\\TR\@ (B̸dDUlc3\m\\p\\rnA\B\n\\\/K\\\w\PO<Kq_lk\t\\r7ti\n]I\rRjBM9k5\/G; \/\\"qPBN\\JL\\\_\\-@\d\\\\U\\"4+ \oM\}\[x\7\UZK.@\X\0\\hq$@\\R\.@)\F(NК/u݊|\\P@\0_\a\"\0B\0H\ŤE\\r6\j\yׯ\䥗^ry\\'=RJ87}I֖\"@(r\k2j\"\\\͛7DNA(~M+!\n]A\n&R\:\ڴi\~-D\X\>?*$\")w6qko\\P{A(uv-$\\\CP\\ssNi~0ZA\2UEsXʢBԚ:4F:>\"\\G)\Q)9ZݩB)\?$T\&\M\\\\\Ҡ)}T!0T/Bkq\U\s*ֶY>sF/\\|\"\;\1\\ A\0 a-6Zaq? \0d@HV<Z\0Q@)Ϻj9h;\޽{Z\n\jcO\{\o:\\0Ԧ~B\ڸ\	\\\XUv\\`Яq㏻|瘟\\:\l\/]\\#D~y\r\\Z\\\lпċ\K9\ZIi]\\Sj#FUx.m+NF7Υf\?Q\u[\g?sy\%\q\6r+bm7C\?R\Zf͚\\6s/\=VJ\>h\H$Td\%(X_\}\'\BB6\/#Kc\4Nh\\Ns\=\\Zk8C\N=(EK \"ڼWZ&\s\{Gz	J\\\{\?+-\cP\ӧ/\5\\x\"sOo\dE\q\1ǸTm|j߾=\#\\\\\A)Z鳵5\\ƹuEP`:NV\5.@\0\6\ˉD9\h@ 9 F-)\aŴnsWAPk3N\ڤ̿\E\JWM|A\'$Lt\ر\0KR\\E0^<\W\J\r@m\\jsG66gmj3S\NR*}\r^\ߴq^vI4P\~Y:Mm\jr\s\Um`nݺNlHЯ\\ꫯtV=m\F\_\\r\Z\ć\\r\i\$?h\}\\\\\]:at\M7տt\"B)\ЗpM3g J\sO1b۸޷zMcJ3f$\.\\N(\\\\0	CTE\'\'T;\"^T\\aÆ5(.\gu\J9\!B|A\Ftr$]1\rK9B\Gr_\/\c>3$6\֗	/Ja\||Ǐ\Nt\	\0 @\aȽ7\>Cc\\0\#\0\H{0\Z\!;0H\0\\T\.Q\өt\Z\ZH\CKB\r\ƊO\\Z\0Q++\P,e\"T!\0@ [Ҹϐh\- \0? @Fk\ZD-\"\/v֯Keu<(%\n.I\C)\t\ZJ5Zrk\$4ـ\0h\K9^b1 \0\E k0qq_@\0(\0D\\җ\0NFSwե,A\X%\$P\C/J>%Px\ki|Y\\rwA\0@	a\\_\\0 \0\2sg\v\\Q\Q;K__W9\k\\/`\o}\	D\\\P\|\]T|z\+/\ZO \C9\㏹j+\\C\ݝ@\"\\\@-=7M \5_\#r \0@ص\gl\0 \0d\{\'\\n\{ｮ(\e\\"v\0!@D!	RZ\\駟W\A$tRC,\3\XnkhCg\0DV#\\0!P\Z>Ѫ\K}\X\(\0 fQ|\dR0zhSp]J3bĈ\\J\0!@D!	RZ\kV	& @D:\0J\0\"\o@\0\(e-\S6\9\7&@\0HR0y\rF۪U+S\8.8\\'K\C\ן~b͘lA \'F\0\I\5_:i\ \0%\0C\0@\(B7\/\aTB\ҥKW@\Znm.tSq\C9\[EM\_\ׯ\j%3x`曭M6%\QK?\\x&\El\+\}>kc\lْ%Vbyh}\\M\	\!ȴ\2\r\!\0@& \0$\0D\\"RĞrF\g7n;\{\\QZ0`\\>\{\{\u׵}ݷ\\۶mkw\uWI>\.\9rdIGigT\O\\9p\@\'@\\Ãg>_\\'%DI\ H)65_q\\Z \0$5~\n*\\o\\` d5=LȠ\0 \(O&H%\s+D<\CG\}5 \"\O@+z%.\޽{\\][}~\"T;B\(\As A\\{\fIQ:\G묳u;\$\3xH\\#[i\?K\ \0\[n\ϾƾF\\7?\>Wa, \0@$Е\\ښki,\0\\!\"!M\|\৓\DaXeC\0@.Ǟ?\p\g\Q\0 R6ʇ\SN9\\{\=;vl\އY @D!	\n৓@H@2lBkc\u@\0m\\\kav\!\0\0\'\a4\\\0ɇ#Pp]SBD\JjFHmhp̗501\0RA \>C*\	@\0)#\0\I@}y\r0@daf\ \{\r\u\ 27UR\0DjC\c\0 \naR\0N@\0H)3\:zvl\gQ|﨏ffVWWW\\2җ\0Bfah\\"@\O>#81q\D\q\3Fw\F\0\"m\_\|~Q\Z@\0\%@\n\\\!\0@<a\0QZ	DIH	U\'P\0\Ǐg}\c	\^\&Ϙcuk@ D\\r\0 \0EC\V@\0\\F	 \Gy\z\!\Km۶\E]dfͲ\ڴiS\	\	 r\r7\0z\@ @d(ظ\n@\n \0! \0@Q`d0Z+\\\\GsԨQֿS:޽{a\l\С%π~خ\:\[cǎ+	~z\6u\T#LLD\\\"I>` \0_	\/vC\0\\ZE!\0$\0E0ZK⩧r\'Znm; \c\?\:t\Ѐm\m\-h䞀XeU쫯+V\UW]e\\C.kE\0V\7)HHd\_\|ٌ^C\0\01\b@\0i#\0\ID}y\0$@t\I6zh\ҥK\\.\L\*@\"lJ$P\'2,1ʗ5_f\0<\'\0\y\01@\n @xD_F} /^l\\{\1\m\]w!C\\']Jt\]w_\k03P9 RT\\e\\RL\0 i?\C\0HDi#|yQXp]q\֣G\n\l\ҥNd\$Jl\VMOQ\HW\\"\0Q6\ZED5_D\\\r \0\L\0\"ft@\0M@hQ2n\a4D\Z]v\}\{駟\Ga\rruq\"\\0D!\ [\˚/\q?@\0i!MAz\N}\x@\0)%\0\I`}y\r0\k\\/\W\j@\ݻ`&L^z\7\|c~\\\\\0Qq\\'>E[\ \0U,/kR\>@\0@\\3T:\!\0@ z\3G_F\,%@4UzŊ\/ڽ\kM:\Ձ\5j\(Xf4&\0Dm\ \0Q\rʌQ/k>\"@\00ղq \0@tSf\u7\خF53\\uuuu5t%\о<	P\˗\UW]\\+y晶\\Zk\\	ps\C\0\"=ē @ǍV\e\@\0q S܄\\0\F \v1\ babƌ\\gax`=\Z8p~ᜀq\u2	 @$3.XU=,\3\Xn7(#A\? \n\0 %PGI \0@ \\o#@\`F	Pw\y\1b\\N\&Ol|]r\%5GY[\\\@	 @d;x@ jQ?@\0KLa\\~_F} .\\h\'|-^\\?|[o쥗^;\Ӿ\;\# j4\v jǞ!\0\#R\0 \?ℕ\0\L\"ԞDחQ\\̙N|3f\*v\A\СC]\N:!@x\\ @Dǒ$@\n&?\}Y7~@\0H;G \0$\0Dc\,\a4iD\{\E٬Y\ꫯ6m\\\ƅ@Y \\Fu\+<D\\02I\0\"a\i@\0\"\0p7Ɨ\Z\nO=i\u\ֶ\jU}\ٲe\W_ي+쪫y\!@x\̆ Y\'\0P[}YՖC\0@ J%\}\0 \Fܯ/ PO]\\q\Z\.(h=u\Tw\\ \Z\0DT$\\WF.v\Km\0 ~\1B\0H:G\?0Z+0b& \0\E02F1¥\&	\k\n\0 \0DЦϠ^]aKF\g(w\A\0@| \ciϾ<Y\\s\5v\\#eEg@e *\Gk	 @C=К\ZuKlܸq>\\0 \0	\g(Sn\0 \0@\Z\\B!\0\	 @Ί;\I\0\"q\+@c\[\-lM\5\N\%\\0 \0TD\0\"|4\0 PsSf\u6\خ涔b@\;꣙\\\Օ2f\"\AHD0 \00\d# &póSm\UW\֦0> \0xNL!\0@\ )}\\\b\Ě\ R0UÀ(\0DI)\f/Xhg̱~\:\K\\K2$G\ \0E\"\~\k!\0@\\o1\1L b]C) \0L1\Zla\;7\0 \0,@\r@2)qh\\nR05 \0Hh\)]Sw@\0\0 \0\0DZ#_\0!@jOb\0\I0)\"\B\"Rc`q\0\0 \0\ @D \0@Lev3jg<@\0\*Pg5\Lɉ@\0\0\\~@\0@$\n3!\0@{އ\{(B\}q\0@b @$&@  <	=\'\L\0)RL\\	E\0\".n\0DP\@F	 @d4\r@ A \LA$P	\\"E\q\ j\07& \0DE@kAF\]Mi֬\\\\dl\0 \0\	\hf\/ *\\0#\\D8\\	 @0;jM\0\`|@\0H(6\@\0\\Z\\Aq	\5\\\c^xm\1ZD\@Xk\j\\vK\EmõW\~E\Zf\l\6\@\0\0*$\osB4\0 PK]+D3.L$@\1ZC\@%\\mש\B;ޝm)wK\Νo-7\\[;%\ \0Ԋ\iX\\u\]Bȸ\0 1a j09P\r\fH@\0ߎ\DDE`6y\\׭sT]\B S(\\\@\0HCj@\0&(9cĢP\\5 \0DX\\n@ Bf̶V-[Xm#앮 \0@  u|\0 ,`JV<Z\\"Ԟ\Ld\0DfC\\0 \0@\0)!\0@\ \0	\\9ㄍ\"@1G\@)\!\\\V4JLL@\0\0\B\0\"-\@\0@$v$P	@\0\ѧ\S\\\w\\0)VC\0H\"$F \0d\0\'F$P	@\0\@>\;@j\C\0C\0\"1@\0%\0\I\ <	fB EH`\J(pqs bJ\02J\0\"\m@\0	\"\0`4f\n\'\Lo_)B+5&\0Q\\00!@0	 \0@ *Z\\\5\\\0 oKQ\8u\iRz(Th\	\I/8Y\w @d+\I\"Q&@\0\0 \0@\/E\0Q\L)M*q(n\0b&\\D\8\>C 2섺\0\` \0@\0\0 o)\\F=MJoEJ;!\08	 @\IL\0\"\\Ɇmو3^B\0R0U2c@\0@D\0㌈\"@1G\@!`qk\^\&ϘcuN_8\b\0N\"\IA\0@\D\0cTP\\5 \0DX\\n@ Bf̶V-[Xm#앮 \0@  u|\0 ,`JV<Z|^\g9\ZLh\ƍG5\\\\0D8\\0 \0@\0U\'\0Qu\@\0y|\_b1\rP\\5 o\nu׸ \0 \0@HK$ <\' <	fB\0(B\}wLއ \0$\0DbB!\02K\0\#@x(̄\0 \0\	 @xB\!\@\0!\0P` \0\@$	駟vt\[_׿\8\f^6	;\sgK)\/Ǹ\\r\\v\ʞ~\a_\\\a\sT\q\?=l\_\:*;s?\\?l>\r;?\\/ts\=׏\0\0 \0IDAT\}\<Y\\Zi=_a?uQ\\Z̚a\/a\O\l{-\/_\\\zlk\LTQ8ȯgy\\\\*R\rQ\S\"Ft\r*M2K1N@8\	O\0< 5^]=!\0@ |\_b\"\\Eb4!\0|\\ZBQLZ@u\0 \0@\0oKQ\o#@D5{\nEb4!\0|\\ZB\09h\A\0\0 \0@\0!L9\\ݳcjwk\1\/\0\h]C\0! @ŭ\"	T\Kg FC\0H$R0%2,@\0	&\6D\"@1G\@!`qk\^\&ϘcuN_8\b\0N`\\\\:<\fb \0@ 1\\F1Q(F\\ZA\0\",n\0 !I3f[-{JW\0 EY:>C\0HR0%+E\_[E/\3xH{Ən-Mq\\\\#\gpTD`v\\\oѺUkokO>dE\\\0 \0@\0\pf@\0(NF\	\Q(F\\Zhf\v\\/\\h쏬 E\'@\nԇ!\0@\0!\0P\( \0\@Hlh\Z\Z\	O@ @>\7x\a\\K\'@\\Yqg<HWz\0 EY:>C\0Hdţ5\\\\\w<j\(\߿$X\^|E\\Nvء~\'Nh{\cذa6t\Њ1	 @0\' fB	P\`|@\0\!\0X\	 \0_	 @x9\%⮻\2\o\|~\6r\Ȣ\\7f\oa\/lҤI6a\\իW$6v\\\"tK\0\0\@2 @$#X@ \r \E|\0 \7O\\0}`w\yǎ:\(;\S\Z5k1\\>l\'X4uC=Ԯz`D@HD0\"8 d\O\0܇\0 !m\\5\\\n\0 \0D8^5\"z\y\9\a\+dz\m-.]4iD!a ̩g\@`*@\0\0 \0@\0i!\0\I$ T\޳\z\~ӟlDɨ1! ̨9  @d~\n\0\0\0 \0@\0!0e\\\\Kώ\YfVWWW꣙\\"$n/U\<y\\\/\?\3g\E]d\{\C1n۶\B\/\R8HUW]eSLq\ڴic˖-1c\\5\\\\\nXpv\y\\\[o]?&5 J,M\0lt4L\Cw <\Z&C\0H(R0%40@\0%\01xH\9\ZLh\ƍiPhJx\2jԨL,\?\z\m\'x;1h\ WA	\Ϸs\=\\<L\ԩ\\\	[[o\~\\v\m\\w\M7B\?\\՚\\"q\\	\^\&ϘcujB\0&\@*	P:a\)@\0@ۜHxb4A\M	A\rV;vItN@\\\'p{챶뮻O@(\n[_pľk\\\㎳s\\Ga\=\J\\{\N\@\\\\8ٍ=C\0\\"0i\lkղu\ݩJ.@\0@ \%G;@\0\0)\"s?`pF\\\^ګ!:0~x\\G\:ˆ\\\ t\/\q\N<x))5Ӆ^\N=E\DK\0\\0@\0\0 \0t@HW<(B\I\ T\"tՅPK/\\w\}\\.; \\\ŋPq\\:\B\~\۫j\s=\z\\0}\%@\L S&\0 \0L@\Dq@	 @$:<5\"@U\"@H0P͇o\	N&䟀7oK\ԿWI\\'\N;\\Lk]r\%ֳgOk޼;u1{l\c=\0N@D?\ \r\0E	&@\nZG!\0\0Dzb\'\0|%\0\I\ T1b\͠S	/L:\\\OK\+\\l6\dS\\n\m}\?\Ռ\\{o\\\SOu\'\'\bWZ)r^zLn)DS @0% \0HP\'#X@ \r \E|\0 \7O\\0}\tȑ#\\޽KԥK,\\\	J\nSO<\#F\\˭w\\m$\"~L\\\mu\q[UFWz&\k\>p2Ķ\z\~8<\@`6@\09ɈV@\0H4D \0M\0!@Db\' ) cIO+@`V@\09ɈV@\0Hm\\5\r\ \0xJ\0!@D(\ң\ \GG\Zѱ @ǍV\0 \0@\0@ @$/&-B>P\3G	 @?\0Dt,\<\q \0@\0\0 <Sf\uF\\.y\H\\\*U}43S?uT!#@V\\ P\4\߿տe\ĉ\rjJ6̆Z}C1\ R^A\0\",n\0D,X\@&	)a\i@\0\0\\!9\ZLh\ƍ\0o\MP\V\ Pr\&f/Xhg̱~\:\=|\0A\D@\0\'\L@\0H(9c8P\\5 \ \0d4cj\ºwh\0%\0\m\0@jɓPɓ@a&<&\0\q0\0 \0@\0 @0- \0@\(B]\8>D\r(\0D\\h2`JY@q\0 a>C\0H)3 \"\\!\0J	 @TJi!@\D\_?H\o\@\ @$-\"\@ { <9\'\LxL\0\\\az \"\Igeu\h@\0	 @01 \0@\ j\G(A\0e\ \\\n\\n?{\\\rKv\}\\\\-[V\\\ɒ%\Fُ~\!\&\07ao\0DS; \0J\0TR\@\0q@l\\"@D\ \0\\n\G	#/f͛5kn͚7\\m\e֬Y\\w\뫬,?]km6|p\ѣ@b @$&5\"\q@\0ЦϠ^]#\!\0@\0@(T\Cq\0 P\L|\v\mv\w\[oe첋=\S>@!J\\"\\;@\0\0 \0d\0\'\F$P		TS\\\\\!bmڴ\\@HK$\\\a9 \0@\0\0 Аs\=;y(y%PJ;Ĉm \\~@ ,Z	ou\\ўs?\"%\0)N:+\0D\h@\0	@\0G\0bĔŴ6nܸpD#;\0El\A\0%\0\;\ؖ[nicƌ<D\y\̙3\㎳_\W\>4pR;\\.\H]6G\^x?\Zk+V_|\nF;\lv\\m9֯[\\6\\\0E @05 \0@ *$@\0@VD\	gK\<\0\Z!PkB\\\W_ٔ)S\\nW]u\Z5ʵ9蠃l\С\Ep餛YV>}\Yge5o޼\1juCM\9s\ذa\\sαu\]\.\2?]~\\\\ܲƍKx\7\M4\&L`z*˾b \"\IgEL1\Zla\; \0@\"\1 \0D@L@F`eƀ@	$A\_j|-Y\`|\7\r\\Ͼ\\:-вeK9ro\޵8qt\Iv\WB\}v\i\{\G\"xb\{\\`4fv?ޮjW309\C\믏\\9 \0@\0\0O\\V@\0\$@jO\\0\I0H\0!|-Zpy~\\o۪j;7E\+\6%6?um/\\"5kV\r{	s\\u%pi[n/IQ?I!i6T*@4)ib \0@\0h\0\0jM\0\(q|Aq P6k\wO<1/\ͳ\1\\]:)\\\.\С)%\1u\\\\P\q\\϶\˗7yAB~\آE7[}\R\"\>E;)q\+@\0 \0Q\	@\0 <\n3!\1J\_|q(t\V[m\\N>\h:ur\"\{\=\I	:AQ\\FN#(\u\]W@Ď{\\f̘azK\{ｷ]y\)Tՠ\Z\mK4S\~Gv5x`\\^kPDYz\\ܣ:ʝ\x\\'\\j+E\駟\RQ\瞦M믿~}\\\"\\{\v\׺S u\\\7A\\㏯?z\[ou>&\ҥKmvr\'K;\Zn\\\~jX˱)?\b\]-[\{_3\/m\\uBK&37g\0E3?\0\0@ 2#@\0(\0D\\\\\#b\\r7tE/\PA\6u \PV/!\\w\'$\Z+@ݔ\0k\\\\n\'\^{٧~jG}KM{H!$m\\ƎkrjV4k\l4Q\\/j+1\=\\[`,\Ygwm\t\Mv\o0կ6_u\m\vsi$Hy\lРA\|\\Uq_צ\߲[4$*hC^ϣ>jG.]8G\'Pn\*6 Z+\\\\\ڤ]W\0Qj,TC1;\im\\'ې!C\\:!\j\"s3\i\0@\0Q@$@\0@ \%W\vU\p\ mk#[b@P:N)\\SLq\:	q\Jz@8c\\v\G:Ad\wwC)\\\{{\\FfmVNE_ ԧN0~\\]w\\	\\\s\G?r]\\n?\\E}Hhȿ\w_\J\DY}\\mA\@(d{p#8vʵi\u\]\\|>\&cI\QsqT\`MͅJ\Z%~@3nX\r@ \3W\$M\0 \Z@a&<&\\09%߾}m\-l\\~ѯFw\y_\\*\>/C\r7\g}֍^tBK\		c\N?ڜ/tJgq\㎮F] M\T,~\n	 \i\\hݺ|©v\\\\=z8J\0	#@sM6L5\f\0D\\0 \0@\0H)O\0\I0Tx\\\\*J0)k\\ש\ Ƚt\@VYe\rsm\K]q!\Rgym\W\'x¶\~O@\gՌPJ$	JFABhL\X{\]\4V\#8\ 1\Vh*\o[;.g>[bKt\u\O\G\n\\0 \0@\0i#0e\\\\Rώ\pMY\Tɥ>wҎ*1\"l[ĸK\\BU4߷\z˶\bC7TB\>\z\D>\/^l=\\o׮ۄR\"ipɬ\}P\\ T#pitB!Uåa\IZ\	\x\w]i\m\nq\0l\VfR\Z\\rxjR3*%ӈ#ꅗ0)rO@4ejHHȿS\ZRb!_U\\\_\\h;\	\\' \y\&,ĸ\0 s\0 \0\\\a\_\G\&6kyEZ\\\\2\s\=\EkC6Tck\\r\JPmZ+\F\n#\^?ݠ{~\\r7\"\_~{^\\݄BurB\'\0\{\=ѮMK\*<k\,\'dh\N;\ݪ\Zk=\\:uS\\wi~$J\\Ԃ\2i\[>\rV*Fl\"\x2yd;\mwǪZNHhC^\>}K7b޹\Si\\\EU\[ND|T\mZ\^{InݜtG\n\*\\\n\0(1\g\J)/m\\3\XnWbĦPЕ\Ϥ,\0\\\; \0h	P:Z@\0\\'\6\' b\'Q(F\\Zh@6ԏ:\(W8:u*q~\w\aV\n\N=T\\x\&B6I\\TצDm\\\nYdK\4s\̂DH\\sOӯA\׿v\w;a\"w|	 $4o\\\+G	\:9\5j\(\t\M\r6A*$\K8묳\g?Y\\\jFпU3CM.k_|;]\Fى\'\NN(u\Q		\":iq\g\h \I\\'}.?S\rlʏ~C\\ȏEPoBbU\%@Bjjh\\\F\U)sA\'S P*I3f[-{6\>@\0@AL@\05R0\:%O\nAq P6\'<\\~*ܣGmomns#\HM\ciw\.U2$J)/ѩ.@\0\0 \\0\I\"Ԟ\@a&<&PLX\<{+\ŻFzN\K.N\K)\cFNt\w\7S:MQ\+-DpBBSV^>Nt\dϢEl\w&ZƂ\0 \0@\0@!@\0@ *X\\\"\8\.|\ۯn\^\\Zk޲-[mp\\?KwMq\S\\j\\L6\T\\_>\:w\l7\tS郚4 c7<裮RQRo߾Ǝ\\aD%_jt\R\T\b\:\\OϿe<lW3gUѳgO[}\km&\g\0)2h܄\0 PU\\0 \(O&\'\LxL _\\]\7؊eKKJu\rru\q\K}iVmm\Ǝ>\j<ho\\x\޽+<\&T\\\0~\	&\>^.;\\	)S>c\{m\sv\\'\n\\hQo\\du\u\0|\"\0\S@:	 @xWO@\0E\\\\s^\D%n\;\\3\X>}<\0ѧ\S\\\wjB\0&\@*	 @28@+@a&<&P\K\Q\ٳ7^l˗,.\ַo_)`: \'\0Q` \0ЦϠ^]\\~@\0 <	\Z\'\LxL\0ڻ\j\\s/8o\%\5<N@0jM\0\`|@\0\0 \0@ *Q\= `M	\\0\Z?ٞ|I;\j DHx\\l=&&\0\uRa<D*\0 \0@\0M9\q\ٱ<۰f\x\w\vT\ I Ma\!b\`\Ǝk{\W6\uj @&\:\0\m\0@\)q! @\0H8C\nh\\\b\D7n\\MCEj\\0C \\ \\1c\\<`\o)\z\Z\^\&ϘcuN;\!\\0J\"\	\rfA\0@b	D\\0\0 \0IDAT\	\Eb4!\0FT\"@\0\0#0i\lkղu\\6N\	\02I\0\"a\i@\0\"@\nD1`$P		 @x<L\0 \0@\0@L@\05P\:%\0Q\"(n\0\&\0Q6:\Z\0)RP܁\0 \0d\0D\\0B\0\"!h\w@R}ZP:-\R0;,\0 4I@\0\Ob\0\I0@8x)Hq\Y(B]4@\0@AL@\05ZG\ J\m@\ \FGÔ@HY@=t\àa2 \0@Hh`0@ @xlO\0\\H	 @D\\ \0Q4@\0@A\ԫ+t \0@\05#\0Q3\Fǋ!\0 \3E:	 @3>y\0\S\0 \0@\0h\0\'@a&<&\0\q0=R⤳2 @&\0 \0@\0@\"	L9\\ճcDڗoTfͬ\"[\G33SYGY1DH`\&\0\Z\rRJ\0\"\-\0NL	\A\0@\ @R0(\G\&ڸq\j\Z(TS&\0\\\z,\3\Xn!@	v\0 JNeXq\n\0b$\6\' ͣk@L@\0\ 0i\lkղu\\6a \0xK\0\\\a8 \0\ \'$\'\LxL\0\\\a: \0@\0\0\n@`Z@\0@	P\(q|Aq P6\\0eH\ \0@ \ 2|\\\0 		DSf @4EC\0@ \\B\"\i~\\\a9 \0@HZD@ @xsO\0\\H	 @D\\ @\2\\0\n@`b@\0@	 @\:%\0Q\"(n\0\&\0Q6:\Z\0D\\;\r!\0$\0DBY\02D\0`#@x(̄\ <GJ\0\"RtV2\\0\nЦϠ^]@\070D8^\\r\'\0-\I\0\"q\+\0 \0@\0@c <\n3!\1	_Y\G\Oz\%CiM3\x	 @\˗\!\0@\0\0 \0\2sg\v\5kfuuu`>\:Ȋ B\v@ 4\?A?\w\\\\{\\'t\4O |V:mEHg\\\n@-\\0|&\01xH9\ZLh\ƍi|PM`p@oG\\"0{B<c\\9.\ @\\\\0 \P3= \0@\0\D\	p\C\EB\r\\@l bCK\\0\Z%0i\lkղu\\R\0 \0 @T\\0 R0E\0\Z]\Z\%\0|\0 \0@\0\ \C\0H\=\' bQ(F\\ZA7:k\\nF		@\0@Z @%@_Ď\n3!\0@{>\;@\n&\C\0C\0\"1@\0%\0\I\ <	fB\0 P\\\0 \0\@HL(0@f	 @xzOHR0(\0D(\\\\% \0@\h\q@ @$(\0\IjhfϞ=\\5o޼Vc\+VX\e˖\pL/\/Z\Zڪe@3I\ۥ\\EmW\\n5\\\ӞX\B+B\0\$m\\5\4 \0$\0D2\ФM\"\\rm-_\:u\yx뭷O>\\Vڕ\\\\Kg\\\fM۶SM?#\\ 2p܄\0 \0@\0\0\&\0Q6\6D.oG\С\\Z\;\h~l\i[n\z\(mo_\\\x\%@\n\6*\\{o`\ \0@\0\0 jn֬\\\U\\LT\QEVl\0XoSq衇\\_oz{\EY\Ν\\}\\\СCm\ĉv\]w\\W_mmڴdh\0\"@D2\\C\&#@T8\A\0@\HT6:\ZB\0@F	 @R0\G\&ڸq\j:5PMxrm\_~\6zh\ҥKQ\%.6+	D!C@c^ѧ?f/Xhg̱~\:c4V\0DUq3 \0T@\"\) \0d@ۜq\D\Ku\q	\ͳs\=\~\_\\o\\pAX;`\0\wԨQ\'\"\;\}\7v駻=z\)\_b=wذa\d.	$Aݻwwm>\3\ݻ\\e]\	_v\e\u\]g믿\\O>\^ٚoO	\0N@#\ \0\n\-@L1\Zla\;JB\0\0\ \0 Pk`uJL%\mD2i\ԩȄ	\S\'\\\c=\\'hRt]J\	\7~x\\?Oߤ}	UҽSLN:^hP\KBp\n##?\\\mȐ!6p\@\knjx=\r\w4 2\@\ @\0\0DT$\\0\%\\R?\DvQa\0@x\W\&\W\xm\O6͝\)<\\\/4*@h\_Y/aCř/BWo\0ۧODpo\\7s\>!_uIlk̞@H\ǉ\0\j> R0EE2 @7x@ m \Q\0 \Ob\	OUC3#G\\g֦| F\TAS5 $h\,H	\Z?R3\<Ӊ)@;W\ԩ7 =S1B\'(鷿u\Y.R~dWn\'\ZN\\@	P:AIIq`JX1\ <C\0H	O\0\Ijhfn\n&A!J rS)\ă\\\@T\E/84&@L<>m\.\ĢE\\݇\;\	-:+W(%Do3\z\Q\\\\0D\\Z;q7<;\\\\u\c.!\0@ K m|\0 LɌ\JV!@x\ZYu\	]R݄￿>\Rc\' \#ic?\p\\r7\w.V\_R.A\ZDJ\q$bjHC\`.\T\Z*\\"%Q3\\	%r\ua*S(\Y\\\\s\\g\~\\y\\\\'\Z뻞\\k6mڤN.\\(U*H\2H 5\rTU3 tD\JMð\$I\Oe-z3g̟?\b6\aL\^\\0Dfµ\/ \0\@Hn\@\\ @\%5\0\H,/9\jDW3 t\\9\#z 햂+5TDPA#]t8\Sk}.hwM\6\ljԣG<x<\a\\Z)\R @h \t+bt\\G-\\Ӯjx\m\eu@\0?\\-\J\0 \0,	vƌcPgI=ec{7HP\㏗ŋ\\hu\n:ˡ{\\SOU;:)/_.;wI&I>}vqI@X \\"\\:\\ \0@\0\0 \0p	v\6D{\ja$(B^L^rpz}\\'57\"\\\\ε ӱ$\0˴\\)Xg \0@\0\0 \0p\w\\n\0{^/\0Q1B>C3#ɗz{q\\\"8\wHqqq13\y#%%%J)nI^~e2e4i\$eN\\?$\r\\MDI_g\)l0 \0\\0-S\0 \0η \"\\na$(B^\Zv\\a\:B\>l\[ēY30҈\},\\0QZZjb?~<\3\y\\'\wԩS\'\`ժU2yd6m4k\L\"~zN\?lDn\nf jOS5s\>.;\&\\q=?o\7 @䄏!\0@ BGؘ\0 \0/q\0\V#A\\٧\_8@t\N\ʰ4|裏\馛\#G4b@߾}E?\֮]+]t\\fv\\n\\\\\\\/,\'T\\/\H\\3e\\\\\Z%0\\9 ,zu\ncfg\0 \\'҄\0&@&G\\\ \r\ˊ+-l2\\:\,8p`6y{+3a$`2w\\\ј\n\n̒?\Z5J>\\[\{I+#fΜi*\Z7nl\\jSO=\{\WN\ @\/\W~l\"HV{P\.h\ݱ \"\\,@\0#\00 \0\pm\h\\T@D\r\HP\y\\{\\\8\n뭷{Ig\K\0QUf͚e\2\y睲\V[\\+[0`~\9W|\?\t\,\\&\UN.\n\a@\0@\Z \0\&\0a;\w\`\"ÄFp\r\-\\`uLW>g\\\Ӎ\0zhSQ@n\:9E۞]|ŕ\o\I\'$&L#<J+[뮻\TXYFz\m\l\2\ҥKo:8}=0v3@?8\~\+9gq\2f\\\d\ĉfEl|]Y[Ӷ\d\\8!pY^F>#n-\\O@\0\'\0\! \0\	 @8aW \m({\}\\\LTuރ΀4h\\ƌ΃x衇d\ٲ\;}r\\JVB t\\\g-={*\F\i\ϴm\QGe\R,Y\TdPw\q\\!\\\\,0\\s[6ŔƷ\;Fֹu7\n;\;\L`S\.\\JQ\v5\\0 \0j @= \0@6\\о+&4\ \"%]*-׿\p\	j7\|\裏6\V\\.\9S\\[o\^n\\\	ԎVTh\\K/$gy\s\=Ҷm۔P\ƍ3>\Uq\`];>o\<<xiݶ\n\O\^\\\E\`*e\H*  |D!@\0v	 @\\u@\0Apdr0\0aoC!@\c\eW>g\\{\\s\=\'~ԩS\'eT\ϟ/#Fw\yǴC:\C\\o力 +]$\uT`\K+/\Z6lh;ЖPs8\\L\{\i\\\Z7m\\,S⠃_|1%J\/\n 7C+J͟\\w*q@\0@&\g@aLn\@\0@$ \"\Z\"@LWDȔUEϙ3m0Ȑ!ҨQj駟L\C\\\s\\ynBe\\?lf@l\fƗ`\\n\'OE\ZC_\\U>|jS\0\\\\f@TU\UzC53  \0@\0\0 \0[ l\Ү+Y&6\\ BХ\\	3=*>hՀV>4n\\,\GY	}-g\_~1^~e\+k+2bV8̘1C\\>3\\Z/D-v\j*Ҋ\r#r\~03-\\[o2KD&rD\\ɘEf \0@\0\0 \0	,Zթes\'\\|[\0\\\orr0F\\\I\D[F\Ǖϙ\\\my\\n?x%\\͠g=\|\Mk\\6Ir3F<\J]\jQF\ҥK\̇\JK\_bB;V~\ȣ>jPO2\믿I&\СC#X\?+k\fVWq\Ƨ\\b\֭k\*#Ď\6\{\N~\\F=?\\\\7\|cZEqQUք\0 L`Jfމ\Z\0jO m\\0Tn\0#WI \\p\3*b\7k\;\k\*M7ݴF\o\Z=aJ\\\\Z=zH\oPABExTehuù\+͚53jF\\MeDաC#hK%V\\\z왺]\rt\\ҟ\߿\ؒp\n겿\k_\rsaG!\: YbZ0%\mL\0 \0C\\n\0 \0\q\0\#AY\\6C$@\\\\k龨Ƞè⁫ꗞz\&hd\\RZ6t9s\߫x}֤\\	\̈iwJ>\\\fɄAE\\\\i\\\\E\\\\o|͚|\qE>ׯ|ܵX\n\/p\\>t\uvq\|kKnĂeRNtlQ&<rA\0\0jK\0\x\0\\"@HF+ojG\\ˮ|\»q|~\VU<\r\QG2 N;!PVZ)(}Rz2PZ\7hX\p\?_=:f]u\rR\E\e\S\R\ۭ~4ٺiXKg\%T@d7B\0\0j \0\0 \0\Bm;\w\`\"ÄFpDP+3	KKpW^-\r2)N8\3B?wuN\\ŋe\-]v\%ɈB]~Le\]Z_9H\\g\j\\ߴ\\W={l\O7R\\ƧM{ޗq\AZ1oa.Z\8n\0 \0\@\0-@\0	 @\\@]9D\0܆\0Ԅ-\\\L\\R.\\m\o\O?H۶mw\\fEV\'\\\\4S{&Ak~_jL\_^{)9\3dиk^e-*\\\AEZ\iwʡ\Kݧ\|\\"\\\\\W\'\&K\n*\\c h\ۙ \0$\0D\\0\0 \0X\'\0a=9\\ Df\.(&kMW>gA@\\\̈`jr0\"\?zLxV\\&@hD\rS\\q\:\wܜ\n}n\eMw\M\\ϳ͖h\XSaPWOL\"/Z\7lX\\\6\Hp\rWΌ0#2d\\+\\\rqV̛WC\9\\4.љu\.=O,\'sau\RaC~mW\\ؿ\\ԹqRԹ\06!\0@#%P \08J\0Ĺr0\0aoC!@\c\eW>g|\M%\yX\\zp]\\WZ%\* nj\\)\ӭ\ԯ\h1m4\z\J_\\g#7T@\kY\?ˈ*$zTsz\\{A\u>\1\\\	%ݿ\7\n~Sx\\!\=ց\n~>\ \0\ @1\0 \Gr\\ \r\0a/]7qė@ @rdP\ym8C\_\\\ɗ\K{^\'m\{a\3)ޫ+\/\0a@_\ڈ[\\nC{,m\h\|VrJtbش!\k\Tֆ*\\R* \\\Z\0 sz\3}̽\=@\0\0#\u\`\ކB\\ˮ|\8\K ]ȽAdͪ2qЉ)9bC[\r\Zx\\y\ϻ\_:\6\nJ寷̑;e=FY@E\tmԠaz^Fxl\,\}r@_\Ţr\Z\\\vh%3\`}}\\\"\tVh\%n*A|(v^Co\\#:E\e}\ \0@\0\0 \GR\\ \r\0a/]7qė@ @|d\3{ hd6 IP\\\\4B+\̀\\\?ܥi\cIf\\R\\nm[\l@I	i\#F\X`G\\\\X\0\0 \0IDATe\\˕؈;켛Z\T4\L@X)o\\5d\0VM\6ZBAJz\\'Mvf@\݇g\0 \0@\0o-]aB\Բqk/Ɍn\\ 72?/ \\<\sf\ҥCN;\4id P_~E\}]>}x\ҷo_\ۤSN\^{\[ @R&\B\[0\\78[\r-[lM\wعm*\?3\?Դ.\ʁ\.&\\nGiO7`z\y2|C\\E\5\rZ#x-5O+ 8*L\M3	\\T@\1@\0KLvc\0\#\6Dy#A\\^7/-@\k2e\\KM6y#\\eȐ!\SO\]w\%1b~\S\ǥD\\.oӿ4	\\\k^)W\r*2\z>tڝ\x+6?|/3.PV|vܫ\\ÛE\{%\\`p\L\x _\W\U\\\%\!Կrʆ[!!\S*LrR\~\I	\\n$U\=2u\\r\\2Ō\Ҥ\6)\\oڝ^?l~Em#8B\?~m9PGE!\0$\0Cv\0 \0q\0Cjz4\d\+\'\0\ȕ@ħ~*_~\\\\\Z\\'ʕ+PTTd~\k\2t\P6l\\y!Pu\\V\\(0\\|̺ \ʂ]IRY$v\0#*t\CEe{O>]X\"NS\ϔ	\Ze-*^Ъˮ\\\dD\ҟt\o\Y?o֛\=	1\CywӂeRNtl\,/{#\0 \/sKd\0\\!@&G2\`!#@DI \\rX3?=Z\g9\c}Cy P\0f_}U\\ꫯ&MD\C\'fs\IgJ\\=ʣ\\r\Z]qG+ \"\\\0 \0\@HL	@l	0:)\XXQ\05\\G\\\a}μ\;2r\H馛d\q\@UĚ5k䬳ΒN:I;\\=\,\_ܥu\|2ޫdDZCzl.\Z+\W3\"p\"<@\0~@;D@.dI\yB\2pd0},\'\\\V#B\{_,9C\|M<y4h\\5kx\ұcG\{m۶r\e\?ꫯdԨQ裏\UW]%u\\5mw~\x\\r?~<\\N;\㎓\|͙3G\9\y\\駟[nEt|\\[o\\K.\׭[\'3f̐S\\o}\ ?cj\54믿^v\uW\iӤk׮r\W\.\\U\\N_m\>L\\WYK\3h\ \e\\?\_b\5j\HJKK\\oe\nF8\ה<z\\'\/l\6r\\\ŋS?+,,L\G\7\|sy\\3v\f6TIӧO\?\\\\eܸq&\-HW\\q ҷC\o\\\G%\n#-*Ϟ3q\\/\~n3	T@Ђ\\6 \0 @O\0 \\"G\`\\\"@DM\ \\r3?9(׹_|q94?M	z\\^{\_s\5\;KϞ=\d\\\n.4\F߾}~\`\\\YoܸZ\~!Cmۣ\z\\رc\\?4\[l!7\p\KFPaࢋ.Cu~^\\؎9\\l\\\.3{9\3͡\N(\\\o5k\w\}ҫW\\\p\g}\/4\0:A\>\srꩧ\Z1䨣߆٘1c LU\|T\f͚U|QD1X\]m^\0SHH\o3->`\D%\>ly׍hBƽ\kȤIR3 H*v\;\S\jH\v(@W=\{8]a\\N{\)\n[Z켫]P\sA`uoq\0 (J7B\0%X\\Nq0P Ar\b9\=D0`9|\͛g\n*\al\w4Zq\\'\m}}\}֭[aA\+^C1௽fV?\۪{\\\ٳ́\n+VH]=\\ߛ6m*U~\Z\o\\\O j9	U\\sϕVZpnV\ی9Z5\{HŶE/*Lb\,\"b\R\k\\#<b*8Ԏ\C]멧24\\ݻVqD\mU8\rO[c\?k>\'Nh~\K+M\\'S\\K}\}{\;w\'ߢ|\\?\wh?3{?o\#x]\LQ\Y@ @$+\D@  ☕J|\n\`0\"@\r\6 \\r3UWF5	Z\p\w\v\ڙo\kł\n\0_iˣ\\3\/\\\Z[Zɐ\0\ 5\\1\E\Wz\m|ӶPzi\?O\V\zh\n\矗>\Tt\\Y6\t\j_\5@⡇^Q@+={\1i߾(\M3s\LSy)^Ř\)\\\\' 6`R!>p\DZ0!@D\f]@\0\#>\n\\'/p\"\0 \0\@M*w$|\0ʕ\@\\\a|\\M+B\2i%=փo\"y\\p]Ե~\Tr tN\L\6@*,Z\|\?BjbU	\D\@i[#j\6MZݔVD\MXv2A\M0Th{\^Z5\=Z3!Em}\\g*zhBE+&u\n6ܴ\nD* *V\5	\*}\\Z0U\zk\\d9}tkoF\ϟ\:U=\0	V\0 \0@\0\0,@\06&\8\lAȖXx#@\2+9S\[\\A3!\\\O?M\A\\\H\phhذ\T\X`Z<i.k>\n;#:\\\@\Su>\\+ tNEe]C+Τ\\\ivա6Rv:$Zg8h\n\rJ^*y\#\\Pi2\\n-\ҬVfؤv\iPt{\\VZyQ\0˴\Jo:W\ڂL\$Z0R\\0 \0@\0\0bL`\\ƻN-\\ˍqk(\7m]\8\Ga$(~h\Ǭ\7>gYs\g|\G\m}m\\\\*:聶Q\\rCց\:8y\w7\*$hEAIII\nփx(..6*~_\\\u\\[?M\o\\7z@\\7\WZe^\\-~C5S\5tVI\\Z*\Of\G\a\::Uh\tŚ\0\o6쳏ԶƮ4+\ĭl4n=\W9\*\ hP@\W*\h%De\s\uB\\:C[ait^\ZZ)\\O>\WT\\g\;\<iٲT\Z\*J+Es6m̬\n֯_/:\C\\\Z.\D	f@QZ\a\}\\"\B\0@Ђ)~9#@\070η \"\q	\=F:y	.,B9\|\~\O\-v=ֹ\0cƌe˖\k=`\k\[RB\ \!~^\W^q\ƙ*\~C_\U\ЫC\"\'\^s}\\_g}\|\?^x\3A۵\"ARAA\կF\Zo\W\5thVvRAEmk%CU>\\\nZՠ\\\t^\Z\Tq%\<l\0\ٳgj\k&$V\Zh僮,t\0ӃN:x\S\kA|\i\Ji\~j%.Mf̘a!?*\XgF\pr\5:\ZE#?<?I&M\\\D;S\@U\rx@\\L\" \0@ >B\\\	 \0A msF\"t\\\$@mT\Q\0V	\\nu끲hՍ\a\0B\\\uh1WTXy\G\DvEIgꫯ*DL\\DVkr\RΛ\㇏\珒O<\"\kQ\j\\|JI:ұEf!\0@ ,ad@\0-Z0Ֆ\\\`0j &\\q ҇\\#\gw9|rӎH\h 	|R\H`ҶP\~K\\l\*LS\r~\\\သ\J\fb`\\|\3\\Kz\r6KÒ_6ç6] ϱ@\0\ \0<% \08`u\[Q\0%\\\F=Dt8R/L/K晙\\\5B\*O@[\gmt\9m\ƴSNikK/T\@m\̏\ZC\=vީ\\\^\\q\?ϑ\kʟ/?@\\&}zi-*\*\!\\\\Q\qև\0 \0\@HN@\\	 @\53Bp$Q\D>Dxfd\ҥfNNZb\2\\\qނ_\\m\f\+_\Kޢ6\ݤTJe\\\\\\s\;q^t|\\RA?=\\å~ͬgOm\_K|@\0	 @XN\0\!\0@@ \$ʢ\GW\'+\o\|\\\\Z\ڋΖ\\8]o\\~\nqΊxlVDac\\G\\\\\\3w\0??;Y˝d\\]e\C\\7Δͷj*^3N\4\\sX\\r\\\\\KTz\\\\\\`d\9P1u\bi\\un\'t@\0@p0i@3$DYt\B\r\\\+\";w6ݏ>\Tk\e]&<\\2a\\ش\/b6mF;\#\]w\z\RXXhm<۸qc3\3\H}\5}\Ƙ	8	$\?Q[4\\\nO\>͈	*6tl?\\2\̓\\瞒\g\f\\k\9\\\ˏ\g\\5[\\\\۬\)\"\M\}SbHUt#@\\"]@\0A\0\ulB\0@:G#\\c=&W]u\~\\\\\W_->̞=[v\qG\~\\v樣O<Q,Y\"(\'V\\r\%\[oɌ3\\7\q\Fx\*>|\r\gK׮]\.0\Du\!@ @X|c:&\88+ҟ?x%sL\rvl3mlІ\z\$\)wHa\~ݪr\YeV),7:Zn>XT8놙Ro\\\\\\l\"FL\tf\e\\K\Ae\*@\\f8~Vg@P܀\0 \=P\ރH\0\\%\0\H\ IE7] T\\\݊k/\\_rǋ\n\{lާBCūgϞr\w\Zѣ׷\j+CwC6\t\9}t\n\*.@X\<\J)im\p\uhaCu\q\.U{\\+\\\rHq\RzKy\n\ߥ\rT\\J\')7\N~4\\n\w`\\B<\0@\0\0 \0@@\\&@p%StAP:RRR\"\{\u\]馛\=\#m۶\^{ʹV9s\\\Y7m\4%@\x㍦\^?\\x\r\J^O\n{\b,狀t\\0Q@8:2	\"𴪯z[d#$o%:\\1C\\;g\\)wH\C{\\\r\\r\\r-ǜ7j\\\ԳN6L\}S\\{p\t\Ҫݞrٲ\ow-|M__{\?it+:]NsTbP?\\7咇]]\\\<Gϯ\0\~?L\w\|̟?T$`eQ@\0\0 \0@EKWZ6`={zf痹\\o\\D\\"@dK,y @ZJ&Nh*\Z\\?3! ֭[\'#G\6\\\\\ÍP\"]\\t-\\\WNr\\oF@HާG\"\ꩇz(\n:wf\7?+/@\\\Y\Rxlr\{p\rp{\]c.4rC\P\Kg@\"E\0q$nh\T&p]\\jG\\n2bo\0\ٶ\\@&[\@\0Ђ\tLB\0\ 4/L/K\Iqq\ 8l<\\\\\/6\\{O&O,/l\Y\:i\ۿRi\\[0=ڴf\\M4z\#\v[x\E@\=\y\vow\`\z2E\׌\Z+ʆR\Y)S\<Y\QJ\5l(*\\v\!\s﹣\}\43Z+ \z\\\AO?Y**:t\.CnC6߲\\m+MwhY\\:B&\5+W\\r\* T8\T\\T3\"\"~oMDon\0 \0\	0\\> \0\@\\T@D0{^/w\"hBփ?$}\U$P@}<i\$:thJp\~[\\'7\p|?C)**2ӯkV\9\裏}=hɂ\0Q&@´q^gn\-4mYj¾&{9-ZH\s\'ə;/x>?ϺU;岴!Խu\yʝUw8a\o\\P!]ym\T~wl?ST\r\\Z\\#v襭\\aٿݵ2=/MubA\2W@:h\\N@\0@% \\0 `\0-lg C`\To\0y嗍b\\n袋[nS.]dĈ\[oI\\e͚5\2١CS:\ \\\nN8\Խ*B\\~妵C\O?]\Z6lh\\u\n$** ;.Q<\MT@$)\\n@\0\@/C\0@\^\n\\|s\\T@D\0{^/\\0QS\*DhUDūgϞfV[mU\29\0\0\\a\'d2\\\ڴ\\3(+̟\\)NB\0@H B\2\0 PkF\\/o @|J\\#%\BH?\r\QGIF\"MD\cA |љ>l\v\\o\l9lQ\\~Q>mNg@Ђ)8@^  \08M\0!@8(n.@^Z\r\Z$\CBxbў\K\  \"\dN@\L(< {a\@sK\us\g=@\0H%p!\0Đ\0DRK$ʢq |ICG2k\,iڴit(o)SL~ZJJJm۶һwo3\'UV\\\n\??\cǎr\=I\\IRN\Zq!R66\A\C\\\F\7\y@\\\\:\#\\\NU#@DE!\0$\0D\"\N\\0bE\0\"V\\WaoC\IG˹p\s&y?$۹\17;Ђ	±M\0bL@}\\c@\09@\^>u\`\"-{\}\\\/#\*@l6\ s\߃\^/\c>3\\"\><\0 \0@\0\0|#\0\HF]9D \Ų+K\0\0 \0IDAT3&(\'@\\M<%T@ԒA\0\0 \0@\0Ȟ+\CZ6\aOqk2j\yW.W\H+9qˈ{9\Y<v@ @:k?pǭT@\_@\0ȁ\0-rǣ\0 Hao#@Du\HP\y4\\\Kpy\0\e}d\6\\\G\i\\ x\\" \0F!ԡd!@\0H0η \"\,a$(B^\Z\\\%8`ƈ\\\S\{\?bA\2W@:h\;!\0@ \ \|\0 `r$Ϯ\"@\\P\bٕ\_xG|	\\\~\\z\\6Z0\݁g\0 \\Z\2\0#jGr\\ \r\0a/]7qėCP[0މFK\0;P\wA\0k \\\B\0\0#9u\`\ކB\\ˮ|\8\K@馛Hu\\$՚?\\y}#oF\ϟ\:U=LH( \0D@Hd\	\Z@ @\*U;\\ \r\0a/]7qėK|)L\\5N\YN4\QS\.\\JQ\v9\\\0 \0\0 \0\&\0a;\w\`\"ÄFpDP+3	K\Z \˴[I @%|\0 \0%\0>\0 \0\ lg C\"@d\nC\0jt\s&ai!\\ @\\]?L\"@G\0 z\3}B%F@\0)&[\"@\\P\bٕ\_xG|	$A\\\\Dnx\Z\0 \0@\0HGr\\ \Z6=Xv\s\\\_\M\\<CK&\0 \0@\0;EKW;lwWao\\ZHiiiA g3G b\q\s\A\$`\mS\"@\Ə!\0@ h?\X\0 \0?q\0\^#A\\^7/!@\3F lZYX\\zuh〷h\0\r\؄\0 \0\`um \0$@\\\0{^/\0\uzD^0c@\ĂeRNtl\\Z\0@\06	 @ؤm@\0P`rdr0\0aoC!@\c\eW>g|\MILяZ\\;\0 \0l$\0n\0 \0\Bm;\w\`\"ÄFpDP+3	K\Z L}\\BȍOC\0@ @\5 \0@r\W9а \Ų+3&H\j\mE-@Ђ)4 \0l$\0n\0 \0\ lg CraB#\r\"	[ҕϙp-H\0A\6V\\ԹqRԹ]n4 \0$\0D\\0\0 \0X\'\0a=9\\ Df\.(&kMy\Յ\}\Jqqqm\$AH\\RC\"d,@\0@-C\0@ 2e6\}\(\~\\\oч\\}:\R\\\k\C?\D\0\"\'|x\"i&H@\0^\C\  \0@M\\rDYt\\"|OMi , @Ђ)\0?\0 \0@\0\0C0:\\ZHiii3Fp&U\E\[î\m\",\ @?TyOL\"@\(@\0\0 \0Ě+Z6sa{\"\T\zi\k%8+\1\Z1HB\]@yp\0Rh\f\0 \0dG m\guw	\\ 7 @\&\06Q\s\kea\r\ա+.g\\'-FV\\4 \0\\0C\\ZK\0 \0η \"\a$(B^\Z\\Z	\\nvB\0ZXPL\\)-9@!\0@ \ \|\0 `r$\̀p$Q\D\S\& \0	D-@\\ @\0\06@`+@\0m/{* \"\ua$(B^\Z\\Z	\5\\n$zIL^5Ԡ B\\b\0 !\4 \0dD\0\"#Lo\~\\D\3+B\J\\0A&{\2 \0\ @Q\\0 \Gr\0\H,\0a>!\0 @x\HZ:w4_W:\\0 \0\@HN@\\	 @\53Bp$Q\D\SӴ`4U#$\\\5\\	 @3 \0@d\n?!\0K\0\\"@8(n\"@X\i\4\re@X2\0\U:	\\:F\0 \0xp\|)\pO\zi\k%8\	^@2\0*N\0 \0@\0\0<&\\R\\n\0{^/\0\uz\\_V a\KI h\\EȍOC\0\0 \0@\0\!\Z\0η \"\\a$(B^\Z\\Z	\\nvƀ@\m!@\Ə!\0@ h?\X\0 \0?\eB	\=F:VC1 lZYX\\zuhoqs\\0?\0 \0`uXc	\0 ƿ \"\a$(B^\Z\\Z	\\nvB /h\%ˤ^\آYn4 \0$\0D\\0\0 \0X\'@&\)\\=(yB\2pd0},\'\\ř-\]\`Y qKV \\\@D-@$%B\0@\ \"\\0 P#\Η\8ߦ\mQ\HP\\'Id\?\]S`\$L\\lxQ#@ǒ \0@ Z\eu@\0\0D͌bqHC@uzpp@Pӂ)\r\0A\\\\0 \0\0l@\#@d*!@$8J 	msK\us\\i@\0H<\o\0@\0N\0\z\n2s\0\"3NI\"\ُ&vZ0EÕU\O\0\"9\!\`\02%\0))\\0 \0 @DE6\u B\\r&\rHa\=\"LmX\4 \0䏀?\3%@\0@/\1!\\r\HP\y4\\kAXQ/	$A2qy\n\"1@\0\0 \08M0η \"ܲa$(B^\Z\\Z	ε @¨ LkA!@\ \0@\0\0 \0	\\;m7t	\=F:VC1 Lm4\4 \0\\0-\\ZK\0 \0η \"\a$(B^\Z\\Z	\\nvƀ\kea\r\աM\΍+Dnx\Z\0G!\c%@\0@^Fp/\zi\k%8+\1\n\\\\0G-@,(Y&\H\\rs!\0@  \0\0@:Z0YOAfhw+.GV\\KyR\\\\ق\ŁFD`3X\"Hܒpq3\"@\\\0w<\r@\0\H\0\\0@\0	v\6\0{^/\[\\իMrHJ\C\{\\l*\g6\v\\9xԴ`|\iy\ڵk\V6\ӊ\X\\\\[ˮ\*\\-\0\\'\0\~\0\ \ $ʢT@Xi@+IB\U\,u-,$\0<%\0\ib	C I#\&E\0\"\0\U:#	&jb\\\Ҹ~])\\.Y\0C\0\"9&R@\0q%\0\\TDYt\\"|OM6$\\4;f±\. \0@Hp	@L @\$5\0Q!^G`M K\0\"\4rLIq \0\&O?m7@\0	&\\R3B\#A\\^\JpaF$\0\eZC\r\n\"T,@\0\0 \0xL0η \"\\a$(B^\Z\\Z	ε @¨ LkA!@\ \0@\0\0 \0	\\;m7t	\=F:VC1 \0$\\\' \0@ ELl@\0@v\8\FȎyVwrs\0!lae=W,[V,^ڸ\2~\\0Dc\0jM!ԵFǃ\0 Pao#@Dy\HP\y4\\\\0 \0dԫS [4s.B\0@	 @\9;@ h\H=PyB\2pd0},\'\\\V#B\{_-#@Y\\0r%\0<@\0 @ \0@6\Η\8ߦ\"\]F\"t\\ N\\\S@¨h\eZC\r\n\"T,@\0@.KC\0@F 2\d&* \\ \ @\=CB!ԮdʞQ`[,C\0\0o%@\0\@p$g$ʢ\c\Z\0W\$sK\usHgQ@\0H\\H!\0ĕ\0D\\3S/Ge\M=5M&OKX5@Q\o@H\0\0 \0g @8*\0 \-GR\0\H,\0a]\\4;f±\. \0\P\>\0lp\|)\pׅ\zi\k%8\	^@2\0*N\0 \0@\0\0<&\\R\\n\0{^/\0\uz\\_V a\K^5Ԡ B\\b\0 \0@\0\\\k\6D:E\\K#@x^+!@X\@Ab\D\{\0 \"@&6 \0@ ;ao#@d\<\HPV9E\0\6+^+KKm\\q?L\0\"\1@\0&\Z\A@\0H(0η \"\<a$(B^\Z\\Z	\\nvB\0ZXPL\\)-9@!\0@ \ \|\0 `r$χz[t8R_>^\n̓\\b!@\Ï\0a |\,qA\0Z\\?\0 \0 \\0 `k\KaoS\#A\\^\Jp)\V a\K`2\0*N\0 \0	 @D!\0@ #asw \!\0\\!jW2e\ϨZ0\\-!\0F\0· \0 @83Ge\M1\rxE\0«tFL\\ԹqRԹ]$( \0$\0DrrM\0\J\0\"\#\&E%\Z	 @Ԉ(7 @$~\0\03 IB\0\0#Ep$Q\D\SӮ\i\Z\\3\0\X\p@	\\(l`@\0	vƌcPG\\HP\y4\\kAXQ/	 @x\PB\'A\0\0 \0@\0p\|)m7t	\=F:Vs\/+0\%/\\ZjP\d1@\0\0 \0@c\|\"\\rF\"t\\ N\ `\h @\ 	1w\"\	\=@\0H\0 0η c\\a$(+ܜ\"\0f\0D\DY\\V%˥W6y&\0g\\0 \0Z`u\  \0$@\\n0{^/\0\uz\0a;F!\0D-@,(Y&\H\\\0 gq\A\0HZ09\C=T~ޭPY\/L/K\IqqՈ \\G\\7\yח߮5oE_h\7\\E j\-\Zx@\0q&\0\\\ \0dp\aoS\\#A\\^7\ˠQU\|a\8)--ͫO@>	Ђ)ݴ\0\f\\Z@	 @$1\\@ ^ ╏*DYt\\"|\L\01\ʮ{7B,\S\0C\5ZSM\u@\0Ȕ\0D\0\"\0ِ\E\!@xTK!!@X\\@M*b\H\\ԹqRԹ]l\ \0A\0<\% \0	 @8]Ge\M=3\0\YB	\'kY#K\K9C\0p\0\q@\0\@p$$ʢ\{f\Z³N\ F r\0 \,=P\\Yq\0\\'\0\H IE7 ,\\4g	%	 @d,q @$.\@\0\0 \0Ԓ\0D-\1|w\{9\q\~\\0DHk\\\\9 \0@\0\0 _0;l_õ\b|\1]c]\'r\"ˇ \ BF,\:C\0TYs\\ZzC\0@h%0n\0 \0\@8\M\Rd[\$a$\j\0Gp8y1s\"f	Xz,,Y.:ɻmA\0<\% \00]\0@\0Ȏ@\\T@d\<\HPV9E\0\H \+%ˤ^\آ\0D\0\"O1@\0U#L$ʢ\{f\Z³ :\fA@\0H,Ħ!\0Ć\0Cc\Ap$Q\D\3\%p&@%\ĥ!\08K\0\\\\8 \0o @8JGe\M=3\0\YB	\'k\\ZY\ZS\C\0\0DdhY\02$\0!(۷!@\\@\#@\?Gx\0\J3*QgݨsK\us;	 \0X!\0a;F!\0@ \0#\DYt\\"|\L#@xP\ɚ\0D\\\0D\RN\0%\0\l\p7 I%#\&EF,5%\ĥ!\08K@}w\\0 \0	 @8CGe\M=3\0\YB	\'kY#K\K9C\0\0 \0@\0$\0QKp~\"\\ݳ\0\^\\\1D\\3_\"\0/\\\Ap7wx@\0\0 \0\+N-\\p-\Xiii-.{L\\DD\\m\a,%v&= \"˲\@p&U\E\\0 %Z0e	\!\0@  t0},\'\\\V7I	\Z\\ N^\\\GYBp\'\^+KKmnn@p#Ox	@\0\"f@\0\0#\6\1\\\0AnN@`3E\0\",J jbA\2W@:h\+B\\0 \0<@\h\@\0@h\\\#\&EF,N j\"tY\0K\0\"\'p@\0!\ؤzG IE7 ,\\4g	%	Ђ)kd{\0\"q)\'`@\0\@p6u8@DYt3_\ʕ+\Oh{\!f͒M~ݺu\s\\̙3e̘1Ҷm[M7\$/L2E4ibX\Mkl\L>\,ұcG\{R1\~\x<\0<\=\\\Q`re\'\\' \0@\ \0#\f\"#DTu=\C2t\Piܸq\y\͛\'gy&ŽiM\0\"l\01u\bi\\un\<\"\0 \0@\+nA\0@% \$ʢq S\cT@X|#c: bX;\0\\ \0@`;@\0m3}A%6;\O\0\W_\\\\kժU\_˷\~k~Y&k\ڵ\ˏ?(u\ԑf͚\^{\%\'|o\\N\nJ @-j\"\0Q!^\0 \0\Cv\\\0H\0#@8(n\"@؁\\0\K\7^[+[/K\\t\ME\֭+\Փ\K\raÆ\WFd\77~\\/\O>\˗\;\ \Ǐm\\\ lg  ⟣3\0\0 \0IDAT#<\0 \0@\0\0\A\0\"y\\Z%8\ɓ\'˴i\\\>}ȸq\Rs\̑\K͡~+~ҤIr\7\y\\'{ｷl\fRXX(?\r\\\+\";w#F\\G-\&HK\e]&<\\2a\Q/bSN;\4y\w\뮓[oլΪ\\gq\ڕ.@|8Ra#\p3۠\0A\\Cyߩѯ_?ѹ!\~ႀM6\a<\% \0@\0\0 `+ZsuDzXZZ]CO.Ks](\'/|\"K`	ݶ\0mw,\\\O4x&N(\\\\@u\\Ft\!\*L\\s\5\4߄4hsΑaÆ\\Jnv\v\m\ꫯG}TfϞ-;i3p\@9ꨣ\%KȀʉ\\r\[2c\9\\zzpb\\U\\\O\\ϖ]\\\`ĉ\^/((0\w\\A\\ٺ<w\qr\)A @\\"\]wr\0NLI\\@\0\@8Rf/L/K\\^W	\˶mf͒~Zn\\jG\_FLPm۶\gZ\_+B\;9ryN	* TP\\7U<\\_\r]_+/\\/\q\ǦR\P\ٳ\y\F\\\<\0\FU\"z\<׊!}o\x_^ƎkB\Z=zi\\\\֭3\"OX5e\\\ҫCM MnC\0H P\'0\@\09\|\nRP\a$(B^ڦ\0-t.BSp\8Wv8_Q\{\ofh\I\'$ZJJڲ\\{\\\\Z\^{ʹV9s\\\BT@\ߛ6m nFSUW\\hlWjz=~\Vﾻl\Rz\O[Q[|i;.\_\"CM	ho\y\M\\:Rߞy\\\I\"5\ū 4/Z\ԡC\޽i\5u\Tk\v˳@\ ,zu\ncf\0\0 0 \0@L!@\\`\em\ \\\r\-Zd-@(umsT8\vHw\qiqҊm\\	dծ~;\\+&\^n\D\\[la\\\\WMߋ\0FrF\Dyi]ڎK\,mu\Q+\{\=\_*FN:_~Y\_	a\\\z\\'evCV>X>a=; \DU@\0\0Y%&@\0n`#Bp$Qݴ)@\Fx\D:Bo.W?i߾i3Ə/*\0\^HPف\\\_|\T6hN\n`J tMm\m_5nҤztF\m\V\\*^\\\!ƤL#_?\o\\?w\9w\\e}I{Sg\ smZ[m\FRT\\q;\У|\[\;5\nqLQ\l?\F#D@ 	 eb\0 o\O\;Ge\Mp\\\\0a\0VP_~\-u@\}5\$׃\@\VI\\Fz5k&:`Ŋr\EjmӢ\X>}	T\0\~\eҤImNU-q\~m\ׯMq2>\\Vb\G}T\\\ZDt^g~L2EN=\H\~\_\\K/0b\9\CRҽ8hߥxC\\"=V\X\\5	:\\ABծgݨZ0Wm3}@\0@pd @8(n\ q\\\W_5l\n\\˴\\?\գGsoeV(<\\}\c_[ݨݺu3t\b\z\-cc͚5\\k\x\\LtyME\NHݫ\"\n$\c^\~~7l\\\S\\\mx\<L3fLtFDB\M7\dtT\nZr\;묳~uh^q\HEW^m\9+߫U\nL[Ni2ݛZ\WT(\\\]w\;\0\~Lf\0{]\\\>}\\6U\S_~\rUS_+^郰U\[P\W}=Zz%ƨTӫcǎF\\\\&*8\\\\d\VMj;6mǔV@Dn\Z\\	|\\ԹqRԹ0\0\"%\0)^\0 \0 @d\0) @\!\0a\7\|c@\HgϞfD\**\\.&\\\Ђ~f悊ZQ^\\:\0]\0܆!@\ᾊ+͛77]W\ _RѾSaM=[\MnfS\\ܣkkVk-\ԦV]v\\\L\{uȶ\#\\!ַo_Sis\rD\6h*.ju\\/|U\0\u=X1oֈ\wy6}x\ʦB\8-VRmN*\Z\\\0&M?\B3D@G>f \0E\0|!@8(n&Q\\A\Gi\\z0\>z\\0\r\\\δ_\\/\/O?9\u\]<4I\\_Ҋ=\\fmL%\\/\=i\\z\w̼\\s\=``V	i[3y\Z\:ET|\S\EXxꩧ\\\o_۠͞=;%H834T\k\ܹCc=\Y)U\r(@\z:{#D\(C\*n&\3\"Jɾ\"\\'z@\0.\C\]r_!\0@3$DYt3i~\\mWS\"ΌXx\Bp> mm5*\uM\\*l]ϵ\n\0]\Wv0\͜9\\WЊ}h%\Rs\\fօ^\\\\l\"6c5e*\"PPD\&\0A\\?llSE\RDm\Ua_ao=rJD\0 \0@\0@4 \\Z#n|A`\q\\\\7\7\\\\_\\\\j\*2wӠS\Ӿẑ9\qhdC\\\;:o@\Sz~\UW\+D\sB]\\mCt\\ҵTT\MՃV(:AԹ**@\\ʅv\!]\0\:\\"D\n\9\*:}ٲ\;\Za%rm¾ \&\\z唈 \0@\0\0 \0h,Z\,ܩehj0c3eu\r\\R\\dʞ \E\|\U\_\7\sl*h\7Uй:{@\\Z\ri\\t๶ҶBZaP\K\0SweƫKRqAŬA%mut\iL\\\nZ0\BL\\LC9\̺hݺ\g1\̍WMW\#C[?\h姃èP߂*^z\o\rjʞCk!@W\0 \#Z0Ub\0 \0(	 @Y)\%L{\rW	\˶ \\\^|\01|p\\nH\]|˥{t\\kVW+\Z\q\\'\\\\r~=ז^:\_7/u֪z\\nޣNzm\w7hŅH\!\\{X\w\}%\G\^{mj೶%R{\Vqh\o\\\P;ږLmP~\\\'5*d\\&w\qɳվ}{S9\3XZ\=\\n-g~h5\m\fLh\Զ\n+gyoOS\\\\w\u\}\M\g}fZ1\0ŵlZYX\\zuh\\H\0B!\	I4aB\0@h\8ߦ\"tz0{^/\0\uz\Z\\~ذa\z@\\Ar.\\on\2U>\\'y=i\zx^Y-.Ѓ{sG_g-Tuiɕ	\Ud\\2m\43B*THhٲh[% _|\\Y\_3f\0V\0*(w t EL[&j\Kd2KiVD\\ڲLg4͊We><\f~\Fy\\'Lň0`@JQE!uDT\\\Vn**Z\LmT\\M[P\F\	{t$E$\0dԫS [4AA\0@ @\5 \0@r`rdgЂɑDYt\\"|\Lg*@\㢢\"Yt\\\\N\\0[\tZY\ihC SQ}\0 \0 @\D\!\0@ jpH\#@\\e <NnC\D\ܹ\+UzV[B)|\ү_?ӊ\C\8U\+b`\n\k @_\0 \I,\0\$\0\H\ IE7 ,\\tu\\97\S\\י^SL1t\B߾}M\".(3&\F\e\|9QPbuTZ3jL~\\0 `\0M؆\0 \0%\0\\>@p$Q\D\3ӕ	\\Ay\Q\\o\\ﾭ1b.u\\Z\:\\7sV\\i\E\k?pȄ	\\.t@\g-\L4Iw\n\]Dy!@DI׏ \],\ו\\\0F\0 `\05\0 \0\r \\n$ʢ\{f\01gP/Ye\uGCut\raÆ\WF\\Tl\ͷ\u\޺u\\\FDM\0\"j\\0\~\0@R @$%\\	@  ⛛r!@8(n\"@X\\\\W\AG\\j#\\}Q9\#=#C8I!\0L\>Nڳ\I@\0\/=P\>F@\0H#\0\\v@p$Q\D\3\Ù\\w\;j fΜ)\'xgd\') \\ǉ\0Q{v<	@\0\0 \0$\0#Fp$Q\D\3\\\r\P\\\H?py\gL\:\!\篻\:ӷ.@p1k\"@\0\0 \0K`\\\N-;kU<\\\q]CW\Ps\"z\x\"y\G\\)\"gϖ~)\Ϗ;V.\|\rN\0\"t\-\0\]J	h\mj	\0\"\"\01pdh_>^\n̓\\\\gl	\\wU$\0@6D`s̘1r\5\\\ի͏N;\4\[\ru W\V%˥W6y1w @+<\0 tN ~@\0Ȗ@\\T@dK=\HP\5\0\!, \w\u{\r\\JQQQX. \0XZXPL\\)-\*n\0 \0 @3<\0 \Z09QZ09(n\"@X\\\\\P \0J	D-@\0 H \0Ԗ\0CkK.\\!@\\ LZL]Fibp+oh7\\\ZBp6u8@ q r\0 ;KI\!@8(n\"@X\i\J8Y`u\\@\-@d \"C\\\0 !Aپ\r\v\o\"9r\CW2Q@?\F-@LX\Zׯ+E\H \0@\n+\1\n@\0i \$ʢ\{f\Z³N\ F r\0 \,gS\\0!\0\H* IE7 ,\\4g	%	 @d,q @$.\@Yz\3\8 \0O\0\"@8(n\"@X\i\J8Y@\\ZY\@H\\\	\0 \0@\0%Z\c&\=rW \\|v\\s@\0\0 \0@ -]avj\<kiM\\JKKkt\c\&\"Nn\\E#@d	,#@$0\\0Xu\03\(5\0 \0,	Ђ)K`\@\0\'\01pd\\\`\<)..I\H\\06\0\pb\:D\;y\'lZYX\\zuhw\t\0y\K@\0a5\0\0 0ηȎyVwrs\0!,ad@WQJI:ұE3_ \0\\0D@c\0$@&G6-IE7 ,\\4g	%@ tQ;̂\0 XM=C\0\rP\&\;\0\H,\0ag <K(\dMLY#K\K9C\0p\0\q@\0\@p$$ʢ\{f\Z³N\B5\=\0A\m)\0 \в0 \0dH\0\"CPoC\G\\L\gT \"\ϺQS\.\\JQ\v@#@\0B\0\\nvB\0@\ZG#\&EF,5%\ĥ!\08K\0\\\\8 \0o @8JGe\M=3\0\YB	\'kY#K\K9C\0p(l\8@\0\@p$$ʢ\{f\Z³N\ F r\0 \0@\0\0jI\0\Dg½\\c rq\͝z\\}@\ rF\ާ\0!\0@\0\0 \0,Z¬ԩeVv=\\K\\DD\q\\0\r\"ڍ\\\>d11|pW\\\k\\i\\W͝|<\D@\0\"-\0\YB	\h\qr	\r\0\"!\01pd`_>^\n̓\\\Hgh	\\\'\0k%ra\\z\%lZYX\\zuh\\D^-6 \0B!Ԯd\n?!\0@ .\8ߦ\"\l\zi\k%8+\1\n8@ jbA\2W@:h\\0\r\\\0 \08@sv\r@2Ђɑ<ӂɑDYt\\"|OM#@xX\0r&\0,\0@\0\@\0\0@\0	v\쩀pׅ\zi\k%8\j+0\%Z0y\PB\'A\0@ \"\\\0 0ٿ\n9q\A\0`+\g\-\\\\0|#\0\[F{ \#\&E\0\"\0\U:#	&jb\\\Ҹ~])\\.Y\0C\0\ۻc;:\-\Kr!v,ՁK [G\%\F9%b#6\ՠZ4Nnh %KK`q9\;\ML\{\8o\_}~m?\U\\L	 P\0\Ό\@i\\@l\BkZg\n \$jD\0\0@iB	 XD\\n 4je\n \[GXhLk-\0\"XÔK\0ҿ\\\\hX\	 @`\\֗rq\\O],o\C\0\â\hr @o\\\'|R[0a5( @\0[@l<\y\|\0D\\\}Pm \\'@\0 @ @-s7 r==A\3433\\(Ģ\r2mS4SmQT,c}[\0Q9\ZT<C 0C@\01˥8z{rsڢ\e2qqzR\.\\\;>M \\0`Ws4`y&@`\0bK	 Q\\|iuJ\Q\rE\0-\n Z\9 @.[0\Տ\8\"HI`A5\T @\0@4\v&@@U\֗r7 \n>9\ZT<C 0C ZB=cj.%VL @`)t\< W@\0wހ\(e @@xPoa	؂)|M\0\ iB Ь\0\"H\A\ZL/ \\pu\0@T\\n @YD\ 4J$`5\Tf	 fq\0\0!	 Ш\0\ƛ6*@TԌu 4J$\bAeĖ\\0\C@\0ҿ\\\\\5q @lh\K9\8v\\dr4h\\\I@Ih_%-ݖ\0~\8[D]Q @\0\c}[\0q\'e\gr4h\\\F@ah_9ߐ\0*\\0\0\ZIDATfW:UDQ @\0mc}[\011\r~7W PR@\0QR\\5 j\N	 \\Y @``ڄ{ @ro \n>9\ZT<C 0C@\01˥8z{rsڢ\e2qqzR\.\\\;>M \\0`Ws4`y&@`\0bK	 Q\\|iuJ\Q\rE\0-\n Z\9 @.[0\Տ\\\\u/\v\\?Gt;Ow[\0bnN \0\"+ @\0l\\@\0qr7$@\0@\\ހ(\ G\nghfDKgLͥ\\n؂\B\0,E@\0N\\n \A\ZL/\\-?[0o	 @\ZD5P@i\0\"HI\0\\[~\B @@5jZ4+ \zDF)lf\,\,.@@5$\Z@4\x\&@@EDF)}A,\T, \rܾ@x @ @7\\3-m})\\L@M+	()\\@\\\Zg++j\"@\0 @\<\֗ro \LLM\(,\0\@4\\J*1\\"@\0 @`@-so f?&\?A\\\JJ\n J\\ZfD\\i6D}6KlBLPvX@mD\'\"G\nghf f`tQG\_tOuwn^[ԼL&\0\"NTJ\0\B]{\G\0	\X\@\j,\\\@\r)2\nu/\t^\8 @ED]7g\%`\\\\^\\n\\\n3@l\\	d@d\4 @\0 6N\ 0c}\\hPMh	Z[0y@ @\0 \I @@\\D\y\"HI\0\B\\'`-4T# \n!@@ @i2	 @ \0\"|\O!\\[hF@\0QM+B\0fAZ/\(eX-\LS% \\\$@@Fo\H@\0QQ3֕\"\(eX@/ћʖ[n\w\H{#\p\!@\0/\8\\!Գ\\Ѡ\ws%%}A0v[]\l5vEM @\0G \Rm\y\Ѡr}A\0|C]\T6FY @\0\\wm\\\dr4h\\\I@IDI]c\, ;m\&h\fI\0M؂i\\A\0Kȱ-(D\hPM\,.J\\\\\\\\k\\@\\J	 PCk\ @6\\]\Ѡ\\0X.%@@Fã\\\\+G5( h\\L\0lTW?VV׽\ݾw\k=|\\<}\\\\ouF9#@\0 q\\\ݐ\0F\֗ro{\\r*X	!-15X+`& \R:i+ \;o@i2	 @ C÷0l&@\0jմB!hV@\0 R&@oa	8:|M\0\ iB Ь\0\"H\A\ZLӂi*\\\\@@\0Q\0ՐhT@\0\h\M\0	 *jƺRA\ZL zSٲ\0b\\rpN\0\! @\0\\\\wwo\\Z\8 @`@g;zc29\Z4n$@@/\nK@\0\Vk\0Ʈ\0 @\0D[_ʱ-8ϓ239\Z4V.#@@/\oH@\0\P+\0\\(\0 @\0\Ѷα-L@M+	() (k\5w\m\,	 	[0mB\= @`I9ַ\r*X	! \\E	=\=9|\ݹymQ288R)jpu\R\&c}[\0Q9\ZT<C 0C@\01˥\(ppx\]\ݺz%㨆\"@\0-vݜ	 P-\\\\j\w\\zͣ\H\0U~7\'U@\0\` @\06. \8 @H \Rmo@cA\343%\3\Rkl\!@\0\" XJ\'̓\0qAz\\r R&pu-·\ P\0V(\0\\n ^\0Q\$@\0-?Po	 @\ZD5P@i\0\"HI`A`ZP3Me\0b \n\Z\0\n \Zmi @\"DE\XW\0\"HI`AѾ Do*[@ln\	 < K \\\\\\0\\cP\~L G\͕Q\\\m	 \\w@\\5 @\0 ph\K9ַ\yR&~&G&\\eQ\\r	 \ZjvS@T\e @\0 0[ \\9ַ\\Ѡ\ws%%%u]\0\\Q\0>%6!`M(,I \\0\A\3433\\(\/\'Ϻ;7-j^&G@\0W*%@@\C\#@\0\ro \nv5G\nghf f`\0˗v[Wd\P Т\0Ů3\S]XY\\\^nw\SyAq\	 \\\\n r\Z\0 @\\'wC	D[_ʱ\\rr4`y&@`@z\\\\J`-<  @RK\y @ \0\"H\Q\$@\0\\S\0@T\\n @YD\ 4J ^@\0\\'\\-4T# \n!@@ @i2	,HLj\@\\rqDTC @QD7mT$ \J@i2	,H \Ă\Me\-7\;\0r	\\ݽk8\ @\0\\֗rq\\ُ\\h\\0Ѿ JZ-D[q\Z& @\0\#m})\\0\<O\\\\h\\[\0\Ѿ \ns!DCͮtJ, @\0fD\\;\\0bc29\Z4n$@\0k@\ܝ6j@\g$@&l	e @\0%	\X\@|\"r4`y&@`\0bK%pE\Yw\\E\\d\ \J]!ԵwH} P@mD\hPM\, @ \Qw\Nw\ꕌ\Z\0Z@\us&@@]`+\\\\^^\\n߻\5>\v>\:#\Vݜ@VDVN @\0ظ\0b\\nH\0#h\K9ַQA,\\\PϘK	\0X\0b)4\@\7 4J ^!\\[~`\n\B @@5jZ4+ \HDRe @\0 @\0 @\0W]H\L\aZS+6ϱ7 <\\\\\_\?] @@po@o	 \0ho@\ @\P4hbM5IIL.*( (kh4&MwFc6]I\%DMOZV\/j\n 6\\f < @\0,E\%\R^ @@_EA\rF@\0U-T\0\֚ @\0\Z\\[\0\\cn\G@\0q5Y\0b	]=D\\05	؂n\0Z@\i$@\Bp`\/\'Ϻ;7\# \"wO\K!\uC5 І\0>%@\\\\	 pNã\\\\+\\ @ <	 m[0m￷׽\ݾw\O<z\y\\ߟ8\ ^@\0\	!@\0 [@\0\'@Z\\_\\\s @@	uqT7!`mR$ 0A@\01\% PT@\0Q7\\ހ\gi$ N!Ԟm؂i\p,G@\0^	\n tN\0Q\$@\0-?Po	 @\ZD5P@i\0\"HI`A`ZP3Me\0b \n\Z\0\n \Zmi @\"DE\XW\0\"HI`A-~A,}r\|4\0\"A @\o7X @\0	\\=nnL@$ \"G\\l<M@\01\\U @\0\/\\\0\RT \\D\J@@\0QA\Z/A\0\` @\0$\\\=B@9D9[#\- ?-T\'h\\H\0\\'ݻog37s @\X@\0\A @\$,R\\\\\\\\kI\/ G*$@@PG\:	 @`I%u\\\(& (Fk`88<\._\\n]B\0\\H@\0q!>&@\0\<=坷g-\}R%[@lnO\0 @\8\\X\%ą Ђ@\Ws<[g\0! \\'U @`\ \\\\\^^\\n߻jŏ>\v>\\H @ND}i*g@\ms%@@YDY_ @\\"\\\\}O\0QEA\0\\\Y @w?{\\\P\Z @Qg@4\x\&@\0 @\0 @E׿v\\'\oq2T??\\~ֽ\\+M\¸ϟ?\~_t\_[\V\8\\~_u\\7o~֕\\\_\\HK\Oڽ\W\I;k\ԋ_\\U\W\\?\s\Gu0\\\7\'\}\|g@Lk @\0 @\0 )\\p|\\ke/\\0\\\\nܸq|߾\\~\'U9\я\\<yr\\\\_\0\ٓU!T1\\oճ;t\W\0Q\%@\0 @\0 @)\7ҢwzS\ا\\x\Z\o\z?V\\?ɞ7 D\pyAz{#\\\k_\}\~\q_җ߸\\Hc~\\צ_7o\\i.\鳩d\>w\FzC#\_;O0;қ?я^y\d\\\\כ\r\7~c\\\XC\~^#={vL\nK7&\o-\\~U?N\\?|#]\5=\y\\?sC3i.\\a^\0\\_&K\0 @\0 @@)\\\'AI\\{\\w\\򗿜l\rDZOҢ}R\n\\"\\0b\Q\$)dH\|\\\Zo\"9\pRik7\|$HN[O\É~\Þza7RR\i\wZ\0\(\ן\SxtڛSs\^\gX_%~ԤmR\\\x\U[0\gb\\~\Uo Jmc\\ @\0 @\0oq4a\0X>\}\\n \g@:\'a臁ø\`dxB= \]\lX5u[(\r\?X\;-Xu}?;!C\ڙ\ɰ?#\"\Pg|~\>9\:W}qZ\0BTo]\0\IoU}J +\d	 @\0 @\0()\/Ʀ\O[ \j\-J5\\r\m|1\\\V<\"\W\\\@\\?zU1\Z\\\eJ\0\\S\i=Oy_\o\\2ӟt-\y\>7\lN\0\[o{>?\gL\0Qoc @\0 @\0 Д@\i\>;\\&-Ү;,\pa\\h\?\\r}3\?j_`D~\7 7(s΀HgH민juDǺyn\01\p\uo;\\o@ k\d	 @\0 @\0A\\?m}4\\h@7\\3 E\Y	\\0\1 C\q\0\\q\{\\\0\"\9<{\"}(ӟE0|.\Lt&\l\A\s\4\A\~\hx\g@ j\F\r @\0 @\04\'\6:\\ӂu5\\O?-\\3[0\\EJ[E㴰.\ZnٓO\\𬅴\\Z/p0\V)mtVCy|0TIu\\לBq]i\?\\\Z?0\r~.\mV>}?!\\i\/=C \\\?dy\m\\\\o\\ \\}\\\\\MKaKޚU\9Ss0 @\0 @\0#0<\8\\ײ\\\ @\0 @\0 @`\7\\[-\͋  @\0 @\0hO@\0\^\͘\0 @\0 @\08	 \\\r @\0 @\0 @\0\3&.Ȭ*\0\0\0\0IENDB`','Con le le',2,_binary '\\ICC_PROFILE\0\0\0\\0\0\0\0\0\0\0mntrRGB XYZ \\0\0\0\0$\0acsp\0\0\0\0\0\0\0\0\0\0\0\0\0\0\0\0\0\0\0\0\0\0\0\0\0\0\0\0\0\\0\0\0\0\0\-\0\0\0\0)=ޯUxB\ʃ9\r\0\0\0\0\0\0\0\0\0\0\0\0\0\0\0\0\0\0\0\0\0\0\0\0\0\0\0\0\0\0\0desc\0\0D\0\0\0ybXYZ\0\0\0\0\0bTRC\0\0\\0\0dmdd\0\0	\\0\0\0gXYZ\0\0\nh\0\0\0gTRC\0\0\\0\0lumi\0\0\n|\0\0\0meas\0\0\n\0\0\0$bkpt\0\0\n\0\0\0rXYZ\0\0\n\\0\0\0rTRC\0\0\\0\0tech\0\0\n\\0\0\0vued\0\0\n\\0\0\0wtpt\0\0p\0\0\0cprt\0\0\0\0\07chad\0\0\0\0\0,desc\0\0\0\0\0\0\0sRGB IEC61966-2-1 black scaled\0\0\0\0\0\0\0\0\0\0\0\0\0\0\0\0\0\0\0\0\0\0\0\0\0\0\0\0\0\0\0\0\0\0\0\0\0\0\0\0\0\0\0\0\0\0\0\0\0\0\0\0\0\0\0\0\0\0\0\0\0\0\0\0\0\0\0\0\0\0\0\0\0\0\0\0\0\0\0\0\0\0XYZ \0\0\0\0\0\0$\0\0\0\0\curv\0\0\0\0\0\0\0\0\0\0\0\n\0\0\0\0\0#\0(\0-\02\07\0;\0@\0E\0J\0O\0T\0Y\0^\0c\0h\0m\0r\0w\0|\0\0\0\0\0\0\0\0\0\0\0\0\0\0\0\\0\\0\\0\\0\\0\\0\\0\\0\0\0\r%+28>ELRY`gnu|\\\\\&/8AKT]gqz\\\\\0!-8COZfr~\\\\ -;HUcq~\\\\r+:IXgw\\\\'7HYj{\\+=Oat\\2FZn\\		%	:	O	d	y				\	\	\n\n\'\n=\nT\nj\n\n\n\n\\n\\n\"9Qi\\*C\\u\\r\r\r&\r@\rZ\rt\r\r\r\\r\\r.Id\\	%A^z\\	&Ca~\1Om\\&Ed\\#Cc\\\'Ij\4Vx\&Il\Ae\@e\ Ek\\Z\Z*\ZQ\Zw\Z\Z\\Z\;c\*R{\Gp\\@j\>i\  A l  \ !!H!u!!\!\"\'\"U\"\"\"\#\n#8#f##\#$$M$|$$\%	%8%h%%\%&\'&W&&&\\'\'I\'z\'\'\(\r(?(q((\))8)k))\**5*h**\++6+i++\,,9,n,,\--A-v--\..L...\/$/Z//\/050l00\11J1112*2c22\3\r3F3334+4e44\55M55\5676r66\7$7`77\88P88\99B999:6:t::\;-;k;;\<\'<e<<\=\"=a==\> >`>>\?!?a??\@#@d@@\A)AjAA\B0BrBBC:C}CDDGDD\EEUEE\F\"FgFFG5G{GHHKHH\IIcIIJ7J}J\KKSKK\L*LrLMMJMM\N%NnNO\0OIOO\P\'PqPQQPQQ\R1R|R\SS_SSTBTT\U(UuU\VV\\VVWDWW\X/X}X\Y\ZYiYZZVZZ[E[[\\\5\\\\\]\']x]\^\Z^l^__a_``W``aOaabIbbcCcc\d@dd\e=ee\f=ff\g=gg\h?hh\iCiijHjjkOkklWlmm`mnnkn\ooxo\p+pp\q:qqrKrss]sttpt\u(uu\v>vvwVwxxnx\y*yy\zFz{{c{\|!||\}A}~~b~\#\G\nk͂0W\Grׇ;iΉ3dʋ0cʍ1fΏ6n֑?z\M _ɖ4\nu\L$h՛BdҞ@iءG&v\Vǥ8\Zn\Rĩ7u\\\ЭD-\0u\`ֲK³8%yh\YѹJº;.!\nzp\g\\_\\\X\\\Q\\\K\\\F\\\Aǿ\=ȼ\:ɹ\8ʷ\6˶\5̵\5͵\6ζ\7ϸ\9к\<Ѿ\?\\D\\\I\\\N\\\U\\\\\\\\d\\\l\\v\ۀ\܊\ݖ\ޢ\)߯\6\\D\\\S\\\c\\\s\\\\r\\\\2\\F\\\[\\\p\\\\\(\\@\\X\r4\P\m8\W\w)K\mdesc\0\0\0\0\0\0\0.IEC 61966-2-1 Default RGB Colour Space - sRGB\0\0\0\0\0\0\0\0\0\0\0\0\0\0\0\0\0\0\0\0\0\0\0\0\0\0\0\0\0\0\0\0\0\0\0\0\0\0\0\0\0\0\0\0\0\0\0\0\0\0\0\0\0\0\0\0\0\0\0\0\0\0\0\0\0\0\0\0\0\0\0\0\0\0\0\0\0\0\0XYZ \0\0\0\0\0\0b\0\0\0\0\XYZ \0\0\0\0\0\0\0\0\0P\0\0\0\0\0\0meas\0\0\0\0\0\0\0\0\0\0\0\0\0\0\0\0\0\0\0\0\0\0\0\0\0\0\0\0\0\0XYZ \0\0\0\0\0\0\0\03\0\0XYZ \0\0\0\0\0\0o\0\08\0\0sig \0\0\0\0CRT desc\0\0\0\0\0\0\0-Reference Viewing Condition in IEC 61966-2-1\0\0\0\0\0\0\0\0\0\0\0\0\0\0\0\0\0\0\0\0\0\0\0\0\0\0\0\0\0\0\0\0\0\0\0\0\0\0\0\0\0\0\0\0\0\0\0\0\0\0\0\0\0\0\0\0\0\0\0\0\0\0\0\0\0\0\0\0\0\0\0\0\0\0\0\0\0\0\0\0XYZ \0\0\0\0\0\0\\0\0\0\0\0\-text\0\0\0\0Copyright International Color Consortium, 2009\0\0sf32\0\0\0\0\0D\0\0\&\0\0\0\0\0\0\\0\0u\\0JFIF\0\0\0\0\0\0\\06Photoshop 3.0\08BIM\0\0\0\0\0g\08YnbmXvmN9k4ERBQI6zF\0\\0C\0\\0C\\0\"\0\\0\0\0\0\0\0\0\0\0\0\0\0	\n\\0\0\0\0\0\0\0\0\0\0\0\\0\0\0\03y\Y1\!MИ&@\0&\0\0E0[#!b\ \1bŌc\0HUY0\L\\\\\\0cg A\\5x2d52aFTDx\0rSj\	\3!Iͪל\e\O\J# T!S3iDa8M8etL\ -@m5\Nfd\ZLD!	T,DT\32\\\0\0\!!\"$@\\\S*s\2\"  q	%j\$\m$@\0d&\\5Zy0Lѐ Oy)LSV`,\0[cW[-lY8 ŲBmLl`-d\# b\C5`\0FY0$Dk(\mN0T\0!,\u\23\0&\r2h( \$\NJD%4`҈\njf\QL\0+,Ʌ4\\0\0J.Y0	mHMA\g\dŌ[[lZ	[\nk\n\Fl-Q\p&\hL(bض\4\".XḄ \8b\Į\\\ild,b\bL\0\\d`ƫc\`X櫋\3bM\Z64Opf\$\d\nC2`,b\2$AF\\\DͅY!(\'\"$&O	dHcQl2`\2\011`3	v1`M4\P!4\0`\0\'d&܀Ƌ\0\0	\x[@\\'\\\*B@ŰX \0P\h(\a@հQŀ\r@\0\0\0&\0\Ń&\0\0\0ŀŀf)3/4d2.X\tV\\d&R@8\\\\b\B`&\2pg2-`0Qfp0[\0!0\\\\|\0\'2d\0\LA\'P\D2\Z80\r\n,&iq.v\0\A<d-\'0b\\0P\D\!\ɠ6.2\0\0\03M\0EeNPh9e\\Lȑ0ҹ<f2,\\\,vO\"\,\'\0b\\0f!3+`,f)8.\\\'\15XNs2,\n\0\0\0\0\0	W`B\\rX.{\05[\0\0\LjX6b\@\`1x3\\Z($5eS+.$F\rF@H^\Z\\2)SE8\$\Fx[fu\HHؐ&-5aa4\6-001ad\0\0J<\0\0dd\08h\0-\VqPj\82\LՃ\0\\XSc\W\Q\@b\\0L`(c\"\HH\]\L2,0k`W`r\02ela0h\+`&\d&\0\0\c(6d\0D@dd(\01IQ\\0-O8j\\F2D233[(\D@eNx`\\gI\źM2b&\,\MP	خFC\@X	X0Y&D	Ŋ\Z-6bV5\rY(N#L\k\Z+b\-\	vAb0\Z(j\Sm\IY,%3`\bp\\ZW=ge!EdLذ	\\Z\Q:$FheLDg\0\01j\0\\\01lŁ	\bTrȒ#(J,\bCs8\r\\0r\"&#<\n32i\0	\b`\0`1Tؘ\0R `\\",\3\02\AeN32\\\"\ \r\Z\0\5H^2ci@@er\\n5CSVqYVXdBK\3d+,\\h\0\n#*\Qx\<T\\02hMlQfp\0Ql!`\n\0@0[\05Xoe&8\3[\rat\l[Z\0&O^\%I\L@\'HR]\](Bm1\0\0,-L[0^L\0\8\"H4\rlQ\":\0\\phN\\0Q\`/ؤ\QhiFAQk(\\0Hl\\s`b\,\f,\08.YJr2.\\٪\rb\\0ь\E-)	`N\<,@cL\-Eں׬ր\c\(L\\\\0Q2i\\D\\rYqFK\\1n&991lX\0\'8&i0Ű\\\063 1`ًSH\\0\0\0# 31b$\00.8Bkb\\n3	\0Űѐ̖0\1zL`(c\0\Z2\'@fkb\\3\\nT\H\IYN\O5\'	G!8&39Bq\G,Al\p\>W\t\'\zY	/\\0Ƌbb\\q`\l94?Adl\0^q\jՄe(0\\3eh%0\gRhp\0ȸ=d\0\\'1ll-N\000\01`\`\0\0\0`P82Ma3\J.\`b\\0\&\ŋ\`d&&\0\0\0\\\\\X1s b\00Am\ 1B ئn(*%D\0 \r\"I6\wW[\S\\@ ec \ 5xɌ3Z\-\M31b\0qs6U)3\9H0\@Ēl\rk\\X\0Ō\0\0\0b\d\0\,`.p`a\0>\n,Xh\0(&-4\\0\av\"+`N&[`\\0L2ɚ\'4\ŀA*dA\Z\'0\+\Lʻ3\\'3/#(\\f//5|\;\kb\"\eZ\\݋gw\"8fl)-qwla\,^d0\lZ0\\M5\e\(\)i\0،BDeq\r\nkc-6\0Wd\\c8l6\0m81cŵ{\2(--^\0\ZM\0ll`0\rXc-\ECv\,[$-IJ2#E9D\'\0$`\Q1a\b\kضfkb\\pb\\B\\ciJ\&Ao@7/20U\rg\t\ay\0BfE2\"d$h\0\l[&A\\Al\؃%g,X,a`j\\qY\\:,`o.\\&/$\e6\\"$pY.\]2AQr$lA\I%\0		\X0/O& Ō\\\,\*\\D\p1fp6$SHA\\	Dd	1a\0d152\J\0\0/`0\04Ŧ0eAn0J\fd(.p%,A\¨hgs91\@/8\05D\0NilS\A\n/\rŋRQ\\1lpc:A30\0[ŰP\\XńIn\kOB2\0\0\0\"\r`\\;Br*36\Gc Q\n\\Z(j,\FX\r8`%9C2\@d3P-\d\rf\0ضm551cX14La\8@2\0ش\\u$qG$\"Y&\Z\[\1FX\X\0\\s>\ \,hJ\0L-\\'P\0\0\9e,\\\\0\\\0\c3\",c``O[!f\\Z$6\\\B@DXF@gFQ\@a\0\0FAp\0M\"8H2v\2# ȓp,\&\Z ci٭\0.p!<N331x1C,^f\\hlR!b0\\0\00ŉdbJDB,e)Hj\V\ǣ&Ӱ-Mce\k`G\c\@\0$0`	\02\F ]\\#\0d[ \\Bbk\0Ll\\\m6Del\$L@3\ِji1EHNM&R# j\0԰(`\0!P\2XX0	JeblAYad0-d- D	)6\B\' 3[\-\n1l&I\"M)/\rfnMkb\-ŧ 0\)`\0\0\0$),\JB\rL#*\0)\Ֆ(\DL\0	D\0\0\0!0b`풯az\\{jr\Xŀ\00\b\\0\n\0\0\\1{3R\0\0\0[W^\0\]JWc#!\\0E\\n\0\02d\0\0[\0Q0fq@\0\0g	\\rdcal);\mxQү<%!m-pŌP,yJAl63!)ad\ŀ\0Bk\dd\"8h,f22b\LՀ@\j\9\$\l\\0\0\L`\\0,\0Ha\0X15\0(+2/,``\0y)\\kE\Y,a[\"H\"Ă-$a(\0pr\0b:,س*My\0\0ew\LCqm\`JQ\\'<\I-eqM4Oi\S5D#d\06;NEc#+WL\s3\[M]f\\r&-\"\'(2PSrHXHKa1\ 1r\%1a([19C1dv#-6b6\\5M\[\9H\0d\"\\#d\L`\0\nF@XNC>\nL38\'\&Ō!5\\0\E\8L\'\\\[9OUr\Jt0H\dFlHb\6&zѕ\Z\\ZQ#L@b\\0\\0\03XCO&\'Wr2`͕\hŃ(]&r\0`X&\L\"Ű!\06狟|w\\Aٻ\0m\\ﰾ\@o\bR]bA\0\0&p-\0\0EI\0\0\'LR\0\d\83\-C\0p\\'7PՂ\\rj\a6T\\\nhbF@)\\u\\V\O\ԙ\Z\\9֦D\0[kE+2XFL\Z\\0\@#\ig\(\)\Jh\+yT\dᙄ&d\A`\f\n`\̘b3\g\0\0\$Rqfp\0\0\0\0kv\\Ǟg䟶\r\s\{N~\\te/bص\0\bcY.FA\r# \\\Z\01H`\'0\n̙`\!\0\\Xc<\n1l,\+31lfيf\)\\2#raMɀ\ 0\0Pd\iNvg!4S\o\Zی:M\'\t\\0b\\02\'	\\06!l.^u\\5bض\r\j&\hؒ\-\ts5+\lыb\MHc(\0Ŭ`\E\\\\F,,\0\0\\߿\\\\\\\f\0Y\=޿}^?\ܳ\ ,\"J2\0ȹjF@BQDLX1lŲal\0ll1B\/O0\ɩ@P\! \g\)hF@0Xř\ų;	rp\V\0\\0\0\a	Z{amL7:ߛOCO\\\(z հL\e\\0fœL\lb6-(319J#L@dfP\jb\m<\8 N	\+\'s(-	\\0--\%j\\\0\\ʯŝ\s͚պY݇\g\-el\u7 bu,\(\0̙`\2`z4\0\,\\0Bck(j\E\\c8\\! ҙ\Ji\ZNA)\\\0\0\0\065\yd\tF,aYeh*jFQf\'(\+di7p\`[5\0\\ \\\X`++\f1LLb\01jɠbqrdDre\r\'\0\b\*l[+\^*nUL@[0 \"+\?#az?e\[N|\\\rT\\\M;:ޓ\*g{g\\\	B30\0`-,-lX\`\0\05M֑X,\riHȎ\(g##\0\-\cV-\`l\Z\KM!)\@\\0f^pdRq223\\&)\L #(\ya\nWTW9pLɖ\2az \cX\\0\0dL)[6\\O)\n\fJ\0\l֑$m52P[\rJ\,\2r4ȁ(\\XVs\|I\\;Ve\0\\\P$Iz\G\?S~\\	\|\r42[r\"2s,SAM.A \Cdb\[q3B\\n\022bc3<\\0с<2\ZNm\	$HM\&\QFC\0\00[\'$q\`\ZQcfk`-# \\"J\#!E\t\p\\\',\0qfɂق\\\\0$o8\\33D0FT\\0#,\b3\B\x\'\o\kzt~o\\\W_^Sy\\\ӿq\\\Kȟ_~\\J2}l#	\0\n\#\2V\Zd԰6qa=JjL\cT{1:,bNz\ sj\`FQ!NR[\\`\Y8\0ɀ-\00-\\r֔ˊʳ\f]f\`b\/80;\,[2$V\]\J\re32-iXY6`@\00Ɉe1x\b\b̓bYN\0Al>q\oN3[\nߕB{eaӹ\b\.RιS\C\\:ǽ\\g\(\0\d\`bb\f&髻.nxO\O/w\,wO\.\\S\{\Ǣ\Oؖ}\\SW\ψMăV(Zx\3)5Xc(\x#3\0Y&N\0\L\1l\y\uS~e2\\,-c\\3^hű8\/3 1ybb\03\0\0grZ\0KXd\\n1Z\& c1\\\́\5f\2[ \\032y&[\0<\5ȟ?\\r\v|OA7f}p]5M\7\jvnMb\;\NI?g/ꬱ\\\EI\0p]\r\_Pg˾w\z_q\|k\\_\\r\'[x?ޑO\hy\Ǣ\\[O*i\\\fz\ƽ\'C\v{\\ۿe\ֿ	G\"\r1H\4\0\\HΘS@`\|0\'%\\\\\8\s\rVLe\v\da^\\\a(\kC43\\YFArbd\'1y@<\\0	aa\Y5Wl\0\8Ir@D\0\'	\i傔\0Z\	ױ\3b*$\\H^\Zż>͝o\Pş7\гw5(;cj}\Zl\쬻Z\Mӽ[Unϱ?\0~EW1N\\|\7\O_R7[_/nn\r[\;n^\=$4lue=4\Ν\\9\f	\\\aTR\q|a\\5k~\>\\*?\/\\c8ȋL`ũ\0[̖X\n\p\0&`g1WtXF,^H\0r\\\ vb2a[\":\01B,6-M]N\[f% `\1bZ\+\`\0`d\"2X\2M`\\2\YNA0	\\r)54\0L\\I\⟮x\N\}Ub\\?\\\\\rsi\tz`4\zζ\g\~\\;=\Z+3\\k|\_\0|\\}cM	|_\\\n\{|zSoN\#Nh\rl筘%m*CC\hRSk:[\#-\r\浕\\y~\}\lٿ\\[/&\0\0lc0VX3(b.Z#)/&*rԱ%p\\&,\\\"H8`,b\0\\r)Zre(10\"$%fjs(\J\\E7R\Gb\72@\\c	\g>@6VkX\\0\r\0\00\\0q=\\?>;\\\+V%\'\\\\ֺ4\\\l}\\nս\Ro\\gUri\~\CO\\~\_\O\>U\\}\\%y\\w<\69\Z\'XsES\\\5\i\&P\.\՗>%k{_uo\~\0\_⼋\\~2c^28NjD[2\\\-K\\\"\x@ɀ\0\\0\"I5q0ؼ@,b\bع(\`(\\0/\0`,3$\\k`d\0+i\y\A8a1Nf0b`j-\~U\\\0-c\Z9o\-?ϟ\C\\'\~秇=s\\^\)f\n^N/\tԿfnښ;?=4\k\>\\x\\\0\\h|\0\YM9\\U(\¶%cJ\\\]\riՌkT\;ReL0*\Y\Ͷ\\i\Og\Oתk\/E_\#+|J\6\\Z\A85ER\\\0\0# #!\,a[\r\ٶ@^f \0L\[	\\0\0\0dI8f	\&]]Y6[y0\D0\\382\0\$b9	%@3 ,V\5By6a\k\\b\`(abۡPf6A4W\>\]\\C\\\5/-\\[.cqJ\\N\.kl\\\۰vꦋI\V\}]e\S\\PZ]\OO\\\\#\B`C2^PȠ\PV,\\sW\Ӝ_Rw\dz^\{\ؿ~\?pϏ?N3(4\v\H4.R22\(r\0qp\,\L,(2eW\0,\|\'	0Ũ\g\%e6+!\"A\lQ2\\#cbV\\n0Bp\\r&)E\\k\\r5\;L(`\n/v#Bp\\\\r\NRT1SSbEvA<0\}\u_׽Ul\\ӱ\q\\M=Sws[e}\ҽU\kzj[]%k:\m\\\nt\kIe!\>C8s\0\@\|\W\_cp}OB\pK\H``\;%X.X@3^\Ų\n`\n.f,-\0K4F2#	1l\\̐\d)fE\A&+,HI-J\Z`\^\\r35.\\(\\Pj6\/&c\rfkh\`<3\a8\DK(L\,P\?\0P\0)\0:6\Z}\;(d\-S\g\s\yU\\\k*_\iӣ\9-\C\}U頻Nz7t\3Bs\S5.Wpv\'}\\\\\\Gfqаf\cδY8»Rسc\Sŋ`(ȇ\1\\bPbӞAE\!\80\r\0H[(\0-,a,b\3F3\6,\7-p[\"\0L΁lXŲs\Z)yb畦\0-l[303.XFKM[L5k\j\0\0\\"\dŦt\ğWک\\\59<t]N\-JN\\\\l)\ꯛT\ӫ\\/\nΫe\\\й[\':\\\aQzm\Q\W繵g]mK3m\3\_\'m.\g蟔\\\!6\7C3ɩ%d\FZ\8)PT\\9;zJ\i<á\~m\\\0N\\\+\\\#@\T\\\.\	\.RҤd\0\\X\	\\P\牦m\\ZMdض`-\\0bk\a&\c`\\0\0dd]\Ű\ل\L\\0L\\ZCa1l\ 	C揥?4?\>W}\G%\rm\_M81|\3-U\K7\ܥ6[-N\jm6z͞˖i\){nҕ\oC\)I\\\nΧ6vgg\Nt/\\\|_nRa2a\|	y\\\w\rsg\\cZn\ݝ\z9{?l\0c\0U#\\k+\\7\'\\k\\Zo\"rޖ1N3\:?Ot.\g\\>a\\\\_\0?;\\i\\-$R.[l\3,/Z-X\1`1v4Weji\-5\\1a`r\-4b\,~qصy\r]ɀ30,\0# \0TL\']	\,Ed3%ȹ\\".NZk]\'K\ϕ\\ts_ҵ(|2\W\\\nݸ\i\曋)k\R\kJ\vZm(\9O\r\辚\\\B\WY\9\K\\0匟\{\0(!\\t<\mW0m\a7BspO*\r\~~	uSjj\\Ξtm]V\\GCL7{\;r\}WW\\a\\069g\\'XO(A\b\-Ƭ\X\[5qHFR9bdI-Ե\[N\n\\\{\\&8p+\VPc\X\ic^QdĹx-\-\FI$q\ߟ0el\Pa,\"K,\K3\9iA\\w\\)\\\ݡDEz:\{˴R=)\kn\iqJn\й{pb|~\Tؽ\o\\\'[7\\0k\k3ӹx\so~S1\w<\Zk:ɚ\+BkYE4V5\	el\\$+ާ`,\\q~\/\\guwlc\`\7\n\bh/	@\\0\d۶\j^\Z\0dG(\0X\ZLF2`\\0[4ض9ֶ}X\e!Yb\\rc8\83fs0+\122b\ a\de`\Y)\,`--\0\Z\7\>\\\\t~\[[~׬f\\Nj\r\fUN[%/\4\mt;*m\\9\7z\~|\x/Jl\P\5S\:J\\cwWK\v<nL-q\'M6\m{0\]{\:ٔ\'6sb.Aqv\n&<\\'to;M\\ϗq\-SU<:\\\U@\1b22\\\8lX25\0\0[\0\ySs~sJ\ߺDdDI\0U&\0VY\\6\\n	[\"El\Hc$WqyW\\-20\9\\L\-30	\0fkf\/R\\2X;o\\0\\w=\n{-\'F\\t\0\[5责Wqf\;*lZ{Ԧ\\k\l\Si\\;U~/[\y\>i~\Cz&i\ua/\9$*&\\mNV<ӆȦ\o1\k\\\y\37\,t˟[{7W\s\\_\\ￋ\\[\>\\0LFEd\0D$\0(l!1r\0\\p\\([M\2I:h\IE6-P\\\\ft\XXX0XF$0Ś\0\7fD\Ff]0N8m0֙1\\0\K\1/!؛\Z\ț)د|_\\0\9·\M\rV\O\JT\U\-ѲN-U34Yr\(͞aJlkJmlӾ\\_\\\gC\\{^+M\t=R\1\'B8ocN෦ۢ\\.[cO\E\[\I}	\y\N<\\?\_\\0g\/F~\\}\g\#P\\Ӭ:xK5J$k4\T\\0\1`02x!\\0O.\T\-6-\ Ńfe(\q9: $gIE\H#3\0P\"\4X3b\\\'y\nt`\rp\00^p̅\^d\0\r\0 ^2&f-\\\ڼ1gA.Rdbuއ\[\\O\.&i\Ɨ\4r\f1v&64-&\˯vrR\֝\av\}+.Sq\\WM(y5\]\\afjP\T/\ymgq\Oy{)ӿ\z/\y\H\x\Ϥ\Ego\n&Xŀ\0Qlc2Zf(Rfg\\0`\\\0c*J\0[\,2L%dp\\H\6\ҋyb\Y2S+\9,\r\\߳+c\n\e\-p\04,\'+د@X\0&\0\0&q5ba 2Y$`c\x_K\I\05)m3C[\qSC\\LX[{V\s,).&\)r\k\\;vօf\\b\\\gm\\Kƽ\9- \Z\v-Eհ\=f\\u\/\xߠ\Ϸ˚\Z\vd)\n+\0`\1`\0&\Ҹ\\8N\D\rb\(A\lŃ\0\.\re!NFAf \0\0B\/3`34\\\΃`A\\0P\,X1M5,\\e)\\F(#0[F\0--1,\p\c\"AnU\\`CL.\ŀŰXX\XɈ aj\Y|~~\\tӸd\j\:TBɘſͅ؃,\M\:¬Җ.ӷ:\\CeYWgͯy\w>!7\|\XL=K\}\#>\\UB2\$ĈȐ\\"E(-\\RQf\ZF@e`\0#9\\&a0\a\b\\:El33f\n\:\rh4Ml\rAH\\\22\޲\\"\"Ae(ZddF,\0 \FW`\,-0[(X15c@`\\\%ffU/g䗒\\Wȭcf+\\u\\t\0]\:p:`c35\'q6K7\R\\f}ʝ\6[fϭ\ݍ?\ܔ&SXf\\/}\\0ģg`9,,ek\\\x亾>\ZOS\\\Ϟ\0\L=_\ϵe\Wm\W\|?)}\g\\\\\rowY`¬W\ŰԻb\0	`Ơ-fbbəE\!e\JXGT\0\0P\0\0,`,|18\Zm0\k`hbض+gGMvka/&-Ԇi1a8P1y&L3\\r\n\SLV,#\8ju\r`\ZP1`\\aζT?\\0\_\֩[G\qҸ\t(\\F)rpD\\\\n$\Kkl]l\Z\\~V\r~\T\~ʉEL\0;?x\0\|=<_\#<\L\U\\\\ZЇ=]1\HT\O=\hgՎ\g\s\y_\]ǵ\Fr}\0~c&r=?X\И\l0\[#ё&\0ŊnŰP\2\-K`(D0\n\0\Mcacc\ΐ,(ja\0\A\\`\s8B\uZEVMu\^@Ŧa[k``-l2Xgf33P;&1z1{̋K\	bdL\\R\3N8\\\\'kFD\kq\Rw4]R\,\1\d\b\{\nZV\Ҹ\Qr\[$ܶs\k\P\\\\]tj^M\Ss\)\N	s=VJٸv\{dvSA4kj\\47\}RWg=j\\\8\\\\K\iC;]ܻOo\\\\\\#\?8,=oM#!FJqL\0Y00Q2a\\e^\\0\0yR%p9\3PEXEƥ\UdL\\a)`\2f2\0c `dl\zM\05\0\d۟d\'\0\Z\w?U_}\n`\\~sL\vֆʃU\N\*[ô2k\-\\\\\\\_R\v\\6\YU׫\\.Vlܥu\\s{\a\n\sWmM\{	>Β\ۄՍ\'fή\n_ֺ&Y\\vy\\\pAfR\\_\Y\}\s\]b\y\^\\I\\\}\\k?\r\\e-^f\,,X\n\0\0\L\%!5D	hR23		.4԰`7\'`\Lk@Ve-\0\0\0M\\%Q\rK1H\X\1e\,¹<\Y3\@3ų%YW\01\~\\Ի6_M\Us[.\\U\\aI9l\K\r}ɮlV][\T\\Z\Yes[Rw\b\:\};\δ;JJ5)\Sd\\978\\Z\\b\\r\\ӤuN\\Wa[e+\{a\N\woNct\\\[\\\ζT{\\\0_C\H[-<`j@^2\\2\n4l`\2\\l^\\Zų``\0\3 \)D\\\0tװ::ņp\\00\\0b\\\0\0[\"$\I\nF@.D\0k!M\eF\m{\n\Y\}3?j\O\}qf\DgJ\Ss_\Jؾ`(\,-9.,XCfE.S\\R\\}\~\[~\_ԇc\)l5-nηi\\S\(M\9\'Y9\\\\\Z\uib}v|%OG\w7\[O\Yy\P\\hzT\=#\\\5>m[X(\\7+к?M\0U%ZQ_\㉄e8a 2\\\\b\%]D`f\@1AsȰyN\V1d\<\Z\KB\\0\0F@\\\\ev-\`+(`c\M`y-,a0\50lΠ\Yano+Y^ُ{g\W%~翧в;\\o\d:Mi\\\\y+!\a`1\'--\\;\q{\V\\)\\\]m]C\u]4\hn9\K˵mM\n2\eyKPG[}\ǁC?\s>}\r<I\\0e\HG|\\\\\\_\?\_\\0 \\\v\G;\=춟~\n] 1l\qp-\cXA1]3\.m\k]LWc#`4\\0\0`\0\e^\r@0KLn\\g^2=4$\\ZIM6һ%\"\n\\"DN`Ncl\E\Z\f\Z\v\35X\r\S\"ϐV#w\|\z\!7OEп[M\i,\\Z\E\hNvӡ\._~}\V;\\F\\.\onۆ\<[\\<mo`.?v|)G\sQX0\`\cWe][\0ŋy\0\(\0N\~o<\\\|\\|\\wi:\\\0\'r\Ō^\5\LX(\0\nhF@\0\'EX\0`\Z` \0\\\`:8a3Ck\/30L2\"\J,\r\"H\23Ur\q87Q,`DQ%+R\\ÿz\0#\[\/\O\r&\慗V\twL*\\IR\rd1F1l\rZ͊u\vٵ\\\\W\o4\\Z47,6iܺ\\]\\$}72c+lچ@ur8iL/\rPAX\\\V(.\\J\Z)4QcM\032@\nL2\-@\0eUy¸\찶/\D\\rSMQACE+\$9	F\rZ\:h\00\\\n\091@\e\n\ZWd\\h(\y]ֻ.b\7Z8\*u}I9\\ok|r\Z\˻Oy\45Vή/Ϣ\\n,a9`\	l\TNsZ\:,ܭrwmҎ\}7,*˾\\}Wx\/\v47vuS=\Ow\\\\W\Gb\vU\{\\\eѵ{\]\\\\\G\_O\\y\\%mB&hXŅ{\22[\0\r\0\n&-0`\\0\\\1J\\\2$ \\`ɀ\3\0bL4-0_3\b\00\V\E\Zsnb \00T,,[\0\bӒ\φ|\\E\)~e\+\'REju\\\:r\-\0XX-+؞j\U\\ܟe˔K\\k\Oin7\Z\54\8\q\mh,R\BN׏\OMNaNv:}=qM\\oIfhN\\\K?7I~\_O\vb\d\\EA\C\\\2#+\&\uvJXF,ȉ%\0X\01`\0\0\0\[0Y`a`\/p`&\0L&\+a\'c~\$˔qC\ZBL^j39\0\\lLF@FF\0\+\֕\'IM\\aNk))d͉Lyܧ\r\0[#*Qk \0.Re);5\;\t-\(l{2\\lui_\N\po\Q\\oZVk)==&xmt\<6/Y\\\C\\I\pw\\\\x>ۿ\;4\76os\\}W\_B\ߘWq/239*rԵ;Pl\'2P\%(\0\0X\0ŰX\0[\1-l2b\L-\0Ԉ	\#0^\Zf\Zi8\2ނ\i0#\"Ȅ\tʓ#\"e\\zOb\	\d\m\hJ\3eL\\U\$\'qx\2\|xmʯO\\P\|Թ4\x\'\\\\.h䬈ʉ\H@d\\'Űb2-\ZS&\:r\\Ʀ\}Yem\{7gg\ts\Ⱥ<\\\q\\\\9\\z\IlRZ+\\M\Y4\\l4\\=/\otx=K\/>Q\\kg\~,/\\0XF@1`0l\`(Ųx\0\\X\n\`\R\,bə[X\Yװ\0`@\0RI`I!\0`\0cW\\Z9=}8ac+؎\r\$&Il1@\00\\\\	U/\o\~W>\\0<?\SYWM19q\"\1k\\Y\01ibYb\F`1l+Y\'doQ.V>\#\r\vﳸOZs|\Y\E^u\}8v=\U8Û깊qٲX+\r袑r4\=:M\ϟ\JO=K\l/c\D\ãW~\~;Gc\c[	\a4\0P[`\2X&m0P\ \rؽ#-@\0\0`&Za`,`-\\n&hY(\Y3\LN\䱆.:\\\0`Q\09\\\0\٤oW>y[\}\n\g\L86hW\WZqk`ȝ\u\L\]$V\v,[Nk&\0)(Bc\rf\rY+\赲}[{:n;nvz{\\[jwҞ{Rxzp\\\w>]Uʻ\O;|\\~\zgM;?\\\0M\\\\7\X\\}\\\'\CU\y=?%ǿ~{+\G\~)%\\!3%X0\0	\l \"e 0[`\0`fh`&-h\0h\4Լ4\05bdĲ\Z\0\0\0`X\0$\Mh3`(Zl1\0/\r3J\\q:\\\\!J\5\\^\C\t9ߗvkR\b\:N&bbs\Q\&R\d\kb&e{,	\``q\"\ʔ\b\;T\\=\\5v\\\~\}\\\'e\\gq\6\5&\\\i\ѦG]\w\羑>o\~3\>Ngp\\U垈BAX\0Spk.\Z\\@3`\0\0^(\puWdvL8_ AlVld&\0$c`\\k]`f\0\0`f	l&Xd@\05^\{\\oL\F\0ޑL-\\F(\0\0GiG|\?46[hkJ\kJ\\09(\:\".`\\^3<21b\0\0[\hL\0m-5C\'J\\'U\\\6\'\>l_ek<\\(^\[\ph`\\)\P\m\\߲\\M%g\-lfu\\'Xh\01`1l^\03(`\0,a,\XX\\Wze\5\̥rCL#\ZJ yJ,P\2\"H\\0fP b\0\0\Z0\\0[X	20X\\\,+z	POW)\"\Y00eSү[\0\/#\O\\U^P+xu\\ÖJV\0[XFlAc*r@F\j$\m&lLWӹW`us\S\:/\\\Oe\\m\\E\\\i١\iܙ\\w\ߩ#\?\+d	\,\"\o0fg\\msmW.f\҉a\\õ`ʸ\e\\0a@3R\\0\0L1`űc1EX\0Qc\0\0\,`8`@\d-\\"eh\0\0\0\0\\"9H\"J2lZz1}\౳^320Zؼ\\\~ȹ\\*i/\f\'ʬ|\VXsQc:JK`\nn\\1z\01`l\a\\\\+S\rR6\[%+\\ޱv0w>\f{Ojm\v\j>*9Go/N:I\zn\5,w\\0L 4½7%e$eFFH\0\0\0\\p\\ŀ00[\\\0	X0[\'EX\\Ef(\0[\"X\ض\0D\\0,\rf\01bX,/3Z\k}]f \0\\S\\0-{:\'C\<ϵo?=W\s\'ʹ\Xxa\Z-MT\\rN#V1c\'50[PgI	\X\r\Z\P\\n;-N^DԳ~\t\\Gm*O]\v\k|\F͊jzNo\ס~.\uxzK\:\L`\D&`b\\0\00X0XŨ3iX^`d&\'(\(FI\Q`d\# #,b\3X4W[\`SpVX\ACL+\r4\^m7,\ng[!(ngq\>s읪(|%8\RCd)`[L#!\XXZ`Ű0\'-@e{SH-f0ca\\\SQE\#\M\{se[`\-\R1K\,l(_e\\+\z7vS\\\?w}W\dz\"35\\\\\0P	a\0\\J2\0.0\W`\\02\\`&\`W.\Z\\\r``^Bŀ\\L\ccc01`1`M-{\06*Px^_\>|7_\侽ڢ\&p㢌g\	\Z)\0	ɂd,b\&`\{\n\0\0Βb޶Wb-\*:\{\n/J֓res \\u\YQ:%=+\P`)r\K*{UoΚ\\\/\u^ߒ6`d\0F\r\2\0\0xlI\0+-\0b0\0UZ,`\00ҋ\N\#q@\\03bk\"09\Z\Ԧ\0\0\0(\0ŰX?\MV0j0\\\ZW\\\{\\\\:t\\Ȼ5R\fw=GĽ{\יy~\$k~\'\\'|zδ\Ek\ń(ű\\nFA0\v.\\\0Md0\$\ ыp\FH\!\:JQ#oJ]\S[\Eٯ]Q*\\\eO}>\<\0#\>Oݻ\\\\\'\0[\rfkd0d\0(űq\\\02`-\r[151Ec9b0\0ee\0\(0$2L(\0\0\0bk`,\Z\y\j\,`b\0\0\"\mKZoyޭ\Oe\s>>$JދUݟ]k\G\O1g\>w\{އ\8~Ю\o￟ϞO\C\\0;\9\[l\\ج\\d1W`\"H`&b\ ,e1v+\0-,E\-\yZe\2Dʜ\Y\\$E9e.!}֪\t6\]._\\5\\|ҽ\Z}Ǡ\~T\z.Lg30X\`0bb挘\CVF,F,X6\MbJM4\0\0\0,`\\n,`,`\0@\j\\,\r\`hbر`,Ȍ\ZX51B2bk9-\\\1\\ו\7vx\s\\Zsvt^\;\=Q\\}>\xsٿ\\\P\_R\<\9\\\ [r\.tW(\H&c#!d\\.ik\\ɀ(\U\=\\nt\0\0,faS@Lj:Q)\gcF\{υ\eZ\e\\\~\\\0s\\\\0H(XSFI[2*\8&# \=R9U\^\0\\L\1v1`0\]@c\n\e\0\0,`-`AA%QdNQ$\0H\0\Z^\K\=\|\|\;>c\\mo\\;^\\~[N\\\Ϟ\[k=%\\_%CO{VfUnk1shq1ka#WK00`A<\0+2evL\\\M(\%\\\rw@363i\@NzK\\47uYM͔:w?B߿cnb\ߜ,śX^Kb̳\`jZ\l\0\`,`,`-\0d\0\b\"F1E\0Qr-+,[@8bl#B[#LP`3@F4en%[4t4ֽ*;h\r3\ϡ\?\\H\\-\\g\\O\\|\\\]\	\\{I\z맳s\<\l>\\EN_uץqg\Z1a4dDt&$E\\\g\r\03\\2\n\1j\+\'	\JI)\y6A\EM\&]]RuPP[\I3%Nw_N\i\,O;#\N\\>ߖ\_1\r!5\\AởKkul\Z\\@\P&P`\0\0\0p(Rf\0DA(a\3;\%,h.311eSW\3%fQ\0M\m\_\g}>OM\3\<6>S\ޯ\y_ey(\\n\y-wa\\}\ű\\7:ׇ\\\~\{\>3~o\t)zxk\8>GGgAS\[_=#&.a-Q5\{1j	N[`&I-$\akJ6s\\\FD\n1d\b1땶**\Ώk\B\\\\\W\\}\~w\z\\gё2\{?G\\7Z\\,Ֆ\\0D$H^Lb٭iK\q\t<Ϋ`5ax$#gpX\R[H\B2\0\0\0bo|\t:N{o\z\3C&\}o\\'v|\\v.\ѼK\OH5B\~\/\뼎%\=\c\\\gOx\<\ߤ\C\{	ӿ\K亮{OQ3:H5\0\\0La2dFDdŨ\0Q`&\0X\7`\rN3,.\Ӌpi7[\'9\t\t&uJ7(\kw~Y\|ȿ\0\s\0Qi\]Ӆ\\v%3\tX\v:\q.Ka	oY^\%VX5Wc\\LJ\S`\*qrT\'K%A3\n\Z\0\0\0\0\0/3\\K5P0>\0\:\&ԝ&\\υx\0\w\i\\06^\w>\\El\}4\\\\{K\l?<\\?\\\Y\l\ro\Z]\<\r=7Ɵ\nx:S\z.\\\\Z櫿\OL\fQ0\0E\0c	.d^\"@\'@Qlh\-E\kO\:,Q{\n\\3\1\zt\IЂ[&\\'֞\\OȻ\\\0>6]>?}\\\w7\n?f \8J\\\s˧g\\\\ӣfN\|L(i\Xb\"r@\0\0#l2,\n\rnڶ\\֝޵Կ\X\El\ZX\P\Pb\An5Z\ڻ\0\Z\\%euSCr(\\\>О9\\z[W\;|\{s{\\'\?q\ޭ\~/\\0~I\\ϣ\0\0fh~k\x{\\[j\߬~I\Nע?\\7\?O_\\U~\O_\}1\6U\|\\0\01j	\b԰\l\w\s`\\04ź-3\nes\W:=jL\ʋ)\N\"\Q*\\o}k]_U\\\_\GO}\nW\}kw|=W\\r=\k>Ĺz\Ow\\Nq\A\q\"v^W.\0\\0ɓ&,\0j0[f`+\0º\\f\ZCseՋg	d\rp%#6\niM[2:\@`\0-2LjLd!\r\\xq\0?~QK\n2]-w\\?ViWC\_\umG\ys\{\\?*}9ܞͧ!\\׃\ʾwm27}\\\V\C\H/ev~{\ߙ_#\n?\-ض\0Nhsh\\0\\ŀ\0}\Z\a֝L0ИҾʞȝ\]꿺7\X\\\\0\Ti\G{\~\O\\}\]?1~6a\y\\n\'\8pa\̯c\nktw|\\'\m}Ws}/>\\\\\Z.\\-lbk(-`W\n\0)jZ\\k\7ݦw3\849\0\\L\2`&LX\0[[\\\\0\0Mg@|7p\\hv[\\y]{<[$ϫ\S\y\\r\x\\K\\\n\ν7\Ϝ=O+\\0Hd}\}u?\'\=9{q\\{\\\'\E~\8k?\r߇\v\:\\+\|<?We1$|G03b%%6`\0b\݋Effش\b\,d	ETscja>\mv\ιM\s\\C\f=\g\~,\zl4=G\}\r3q\09\\޿<oY\\\:\z\r(k)\h\[\\C\\M\0+F9fS$D/\r0P\fR\R\`DdJ¹-fݗ>d,\rb\\6\003ErWqv`\h\L%%9(A_x5+\8\(?k\,_zo\oȹ\o꣧\|\0[\?\\\_/+\8oE\>\[\x}_y-U=zy\f\\ǡY\kO\\8>5v?\=w6\8L\0Q\»\0tv`\r\X1l0\0l\'E0\\\1\\&V\\\O\az\K?O\\\\N/>݆\^\n|\k[\~W>\r\_7\\\\\|^K\y:ko\\uMg6tK\çq\ZM$\~jv,W\jk34\3@3UpfKd.\\\\`WfO\;\\\oe\t<\\Mŝ&\L\lBd\0\0.R!%\"e\)A\0\0&^kѴ>u\|߲&\\=.W\\_J!\x\\[\z~\\Ϙ}wqᾋ\z\~^G׾K\'\ߠ>/~6|\J\+\^\G\\.\0r^u\i\pj\\~c\t?\\G\ڙG\\\\\\O\0\0Ű`\0`\0ؠlb\:\W\\\[RuSRVy\\\=w\\\4\W\~[\\v_Bw?I\|yzG\\\\~\'\e|}?W֟g\\ϻ\0(佛\}-=쎟\=\\0.ݷ\Py\Q\}]x\\nbؠ\,)x\s(\=!\ bk\X\\,D-O\4\;q:{\'\[\V\xQ-a\0\t\0\0\0b\\0P\0\0\0\0\0\00\n^C\S\\m\Wu^,\/\\\]\\\|}7eO\y\Q穟7\uT8c_N\9\\}o7W\\{\p\Zi޷\Zk\J\8Γ\0\O\|\N\\\5\0\r\yO\n=\;%0\~$ŀ\Nt\')%l1l\0\0\0\-G\-b\	\a`N浴R{]nᄦ\\\-O\G\xV˶^\}K\\y\\z\\w\\z7\iOJξ\\\0\\O]\\TxoG\>\\\\>k]>7\\ogU-\=g\\7&Ζnyݔ\\M\\8~rޯ\z\7~[\myF\\Л\\ڭ\kE\\ZoM_\hn\'\\Cg\\3\IOU\`\\0,-Qk|[\0\0\jAvX^(2G\\<}=oy\x\\֨GCl\{\~\\S\e\p\'\\?&n\\ǣ\\{T\H\^t_־ZOy\w\)\y\\>\\\r\\17\u_\wI\\\?\\|I<\J\\k\\-1\|\9b`\0\0\0Rb\6LeA1c\'E\x\\5/\,\j\n\m\C}O\_B>\S\\07?)\\y\'\|畷\ޟ^nsV\ \x7Q/lv[\h\?\\\\}\+\4C\כ\;.\\O[\8o7\\{\\{/W\\=Y\SC^~\0ڷWF\E\_;\vۯ\m,M~\z<K\~\0;\<U[G1wT\}\\|W\\0\PFhw՚hWQKџМ8/\y\\Xuv|\~>\ʠf\Z\0`\\\\J\\rm\0aɷP\R\\n\\"閫0Ã\\N\Z\\|^jw7\iWx\߰t_\\}	\\}_C<}g\\\]Eݴ\?G\\\Up?Y\\\0\7\{g}\z\Ծ{\/\{ӿ?|I\y_\>\0UM\EF[\\n2l5Mn)-\0L`-\<\jh:36-l`el$J}.tߤ)C#\o(\mg\;\r\\\\\⽏[\\0\\{Ӷ罛\/Q\֜U\C}\~K뾯3\OW}\<^\\\\/.gi\tǤO:/FP}m\\\_\wm>\!U\}\Ϧ=_eKc\vS\j\|\nc\>\9>\Z\\0kW\\'K/\\\\\\o_\r\\EtzOrM\Z\\\\\\\\\.ݮ\V#w.+a5\x4\0\0\0bf\0\Z\r\mOx϶9\\'\Uϟo\-{\}{~nI\\\N\<\}\7\s~\rD\\'\=v\\>\0\s\[\\<r!\I%D\8\a_/\\ޣߥn\%C\?98n_\8\rU\{\8\0M,\0/V\0\0&[EXb\:d\@+4\N\\\J\&Hd\ũl\E6~\\Wg\~E5N\|Θt3\z\\:W\ߚ^\0\|\\{ޓӏλ\?I\\\xki\p\qz_z\w\\+\|ϰm|\{8\\\iϾ?\η\\j=\U\{\r6\3\u;ߧ\>}5^K\ym;\ӭ?+>3\\\_g_\ޗ\\mo#\_q\\\\'^֛xc\=;o\N\\\aW\kv)xe\<\O\"\-&X.0\0\\%-\0枿\K\}\7|qߵ^\Z9\[\:\\\\\:ywyOþ\>K\!?^i7\YS\O\=<<+{6\O\_:\=Z_v\C\\\ZI\\O\K\\(\\[ދ\n1l#!Ų{\0`:\0EY`%4\(\9\Y-\a\e\?\\O\0_\|\0\w\p7\uS\\9\;\/+ԭg\|\\\>=\\W;\\\{俪\o\}\\}\\\\\k\\03\g>n\\\f\Cּ}}_Sc[\\6\n5OӼ\6\\~}s\04x\\\"=m\\7}\\\\Fyh|\r\j_=V\\c{>\0K\F\z\y>Ɣ6߰x[>\P\7w8z\@\0\0\0C\i0\0@\00\"Hz\\sO9?>\\0;,i\ylw.z%\~q\?=\[m79\\:Ou\\;\|?\k׾\Ne\\\w\Ϊ|枿֞owg\x\\\\>-\>\o9\*\\\nMb\rc-Vd-\0صP]1dӅE\̔\\`c\\͔\^~\\DM\w\mO\2\(\'\\~[\>Q\\!swE\|zϽsx\\px\Os\8{|ӱ\g\=Sγ7sI\^gO\<}>\\\[\xog\CG\0}g\ޑ\w\\{>s[\+O\\\[ڧ\6^\r\'z/\x\:wG\\\IJ\T\\^㕏\I\PM\\]\[~\\<Wlw\-<\\Z\?\7\\'Ur\¥;o1,\rfűsc8\\K:\w;nM\\,r\X\\\\\B\\0\0\0Q\Ŝ%\'\^c\Q\\i~c\^\\\0\\\\'\\\\\n9\\>OѿA/Qۃ\o\r\\oK\\\\'\\P\|~\~o\zQn\'\hz*OC\y߭\\~L\[;>d\^\Ĥ\n$Id\\\0,l\n0^K`bI2\\ʗ:W\?\q!Kc\X\ե\s9yGC\Go4\aO\~\g\\=\pV\\zZ\y>%Q\\\例@\\|qJ]mck\\\\]~\\<\\~?\~`\>c;7W\\0O\~DC󯳿\\-\S\:Ss\;9\>\\1G\\\\=G\\0S\\\\6\~\]\\\=\0\<ޟ\տ(Ko?c\v\0\\x\<CwzN\\\Y\0\=/\\\\ˣwg\_H\0c\0\\\s\1\+}SC\\qy\0L\0\\n,`#&,@Oz+O\\&S\>6\]\Gor\\1\\0K\w-L>?\y\\;\\\s\\\\4\k\\h\\>\\0\~s\>b\03 6\0\0\\"\&bص#e&]@.]\e\}\\Ƕ~_e\g?	\\\\x\<\\\0;;~\oks\\i\o}\\ߚt:N\6\\OOsq\m}\4\=\\0\\Ǖ侷}-z=\x>\O\\W\o\A\vq\0Q侅gIѧ\̾\\C\2\\o><ߧe\]g?9\\\1>\\\\r{\?7v~c\x]\\'\\\iմ\5\\\?*~\\k.\ǌ\֓\o\}\>\\H\ru˧\5<o\\\\'\rHBΫJ#\\	ݳ\;=.|\0@\,Pb\-1aŀ15`®4\#\>_P{\~6>Q\<^ߞǺx\y\a|\g:sv\Wߡ\\\X\^\\\\H|\zk\\B.l|\\٧]=\{>\Zua?~\\_?̄CUpd^\\\0-d[\0	\\)\[ق0mep\\\'\\\K\>D\̭\0C\\\zϖO\/u|O\-\G\=\N<J~\\5?n-\o7\~\1߲v\εݶ\q\{zj\Z\>{\\\\cU\ի\\ۿx\}W\\?\\=\ѽ\\/\ͭ\3\\0gE\\\\O::+ѳ\\0;yЗy\~OUBzN\+\\}O.\;:wpv\򹏞\ͼ\xGܟ.\fN\78s\>]\ǥ\0y\|\V\[6I>EnKe\|\(lv{\:\0s\\0\0L[\0bkb\'lz\bkf\'u:==7\o\z\\\\SO~u\uW~8y\ӟ:z֓I\K\~_)\x\e>oѯ\01w\_\\<7\'ɾ\\_M\O=\\0\\\Z^\\|iUwyg\Oz?\\04\0\0\0\0\0 !1A0\"@#2$3%&457\\0\0AJ(s\\H\\;g\\\q\#zAS\\)@r\(R\*P\\\ \\9E\fpq\D㒎=\\n\\{8P\^FsO\*\ @\;\\\fv7\\m^\B\W+\a\xDW젡pTP\ \(#!x*q\>!T`\"PvN\uyF .WFP\\s\D!(\8(g׭S\#\'w<d\N\\P\f1\n\0^J\\\0\F\9\\T\xD(AB<\bq(\\\9<b1\0\P)5y^F#!\rG*7r \0c\\}`l\nT+\\pWDsk\\n1(QC\'2\Awq9#\nq\B1\DT\(\"9Cd 9Rg8#B!\#3\Bn8TO*rPQ\%Nez@\p27J(\\\*T\Qlb0\8Fp1\!rT\Ppjs882s\1\\;\n\n3*2*\Į\G+\|)^7F%s\A\d\+\B3\n0\8B8*0<\'\pG!{\6sB<\0\^\\9;F\J\<\#8?\bQ(y\q\NyS38\/\n6\r\\\"Fv\\p\ yQ\BQ\l\CQ<F!F!BB9%J((eNN\jW\ڝ\\d|g\O\NFc|(EFgh`(\\{\9\l!	ЈANFg<O\\|f6]!\0\38g;c\\B*vF!+ڕ\<9Ѳ6q\~!B`;F\ǥ\a`\\Gt\\n6yQxRvF9\`\ʄcWq;9\AN\@q+qǠ`\l\#\l>Q*q\aR;\0\\'3ʀaJ\A\\\n6\\\\"\0\"vBa*\l1FeJ\%N\\<F\\\n9!IĨ\d#\0\\\aJ\\g0<\\=d\\nx9tc\q\!\\|dl\n9\n\#*\"972T\a\l\3\;=\A\\c0C0<~s\l \\n\ns\0yQ\#1\;x*3\3&r\\x8\b6DmWp\P6v(\WO\]9Q\naC\"\7\#z\(J#/pg\01<J\>*\3;ADly\\\TF½\\\8\Jv\N6\J\n<\\;\'x\9q*T\b038\\\q*vJ$gʎJ\F\2pPJB\n\Pt\"3(b3\(EFGB\T\獳\n1c\^q\n#B\\r\y*6B\!\\\"\&Tq(yǲ9\(\\\Tbq\Q8\(/~\\\\\2\(.vF\'d\r\(\\(\#>\*2c^C3\W\\J?\JT\\(\\\\\\\\*TWW9\1\\x\Tb92\\ >i^ǄNN\'`\6\\\{J\n0?\<(\\n(\ 3\i\dsPD.`\.P#2>\\8\'dKJ\2\\8Q^d\f1\\"N\'dc\!\0#QF|db1\L.6\oJP\\\A\(y\"L)\0pfNF=\"\sP\"\ay9Bc3 J\\nr6\O0\bv\q\m^c%\r$\"1p1\WFF\9\W\ay1^\\Q\nsfs8V6kh6ʜ\\\#1\B+\#i\\\\e\q\t 03~d\NaB\A9\\'\\"J\$\ȇ\l\ZN0!\8\P#g+#^\FH+Wʅ\igqQQ䝇lbO\q\I\ϵ\9Q[\'>\|`}\)\0x\(ǹQ@\\'\\"\\\eswN5dy\\\ʅ\`\2@\/Q\B\0\\'\rs#+\"!r\p6F\x\'>T(\\9#C<F\n(c\W\0/pG0\8(\"2f*kX,f\NN\\\ʅ\B?AG0w\\؍\r\d\<D`\cF@\x\B\NcRQR\0\+Q^6JpmGlf7(썠\nq\nx\0gl/N\>T\#\\\\\\jvyPx\rOj(Ǽ{yAB;\"\(\\\3\ncC\!Dm\q(>g\\\\8Jp{\\\|O\'\'\\҄ܩ\\(y8\F\Q\1\FҀ^0<N\\9J1B!D(\(ġ\eB\⣈ON0k\\`^q\n1\nyR\n2F\\9^QQ0	q+)Ew#sl\\\#9(fCpFepW+J(pC0v\Nc{pqڊ!B (\0QF\\\%F\PA*r|b6rӴ\0\ms8F#R\s\g;%N@B*x\ڃ\(\Ǐ\PG \\\\\+Ҍy\\\89xz\bPF*K\\\Q@#\\\Q\\0v	\0B(*p1\n6FB!B#aQҊ\yO<\Z\"󒣍gz\1F	\\Dc\Ј@\"Pdg^\06\%I^1(\0<As\\R\q~Q0/bQi\+	TnY\\P\\\;eO\'v\n8RQ.(B\9\(2\\(\q\awJU\BBcE\0=\ӀPBy\\nl;\9\qo?8@!q1J\cg%Bq8<Q\G#l(\n\0x{\d\\f\\s*06\#dc #^\\`\;\@^oB\\qxyQx\|\98zQN\'\^T\(9\\P~v\*2a#q?\NQ*9\X\?\nB\qcڀ7\Ø\9Dq6\>Q\Q;!G1d\\\(\"\\T\F\n0HF#0\0(dR\\t\)\\95\>6\03\g\6\rv\rF ~vsG\7J\F\\g\rD\F3*\zѓ\Gd\\\a9?36`\9\|(Ͻr\P\1\dl`B\0q+\fT 1\;\G\'g\s\r\\\'l~\#g`\QEG8\n1\n3(\?\\\;=oN\;dlf8F\\\\\\;8\?(\ld!\m\0B>(Ws8\'Ol\(@#\#\s;#=\\\\n1?AF#t~6\\9>|`\'(0B6G;#+\\"T#v\(P#\a#g8Ït!sĩE8]D/|)J%\X~Q;a+\"ڜQ$F󃀣\.\:Ʀ}iۖ>R\\Z:7\\h\Z\\"9\\R1!Bs\3B!X_p\0\\sC!8\(\tc#B(r1\⣈ \"SO\֚\\FԜv\rY\ۿѿ ^h\\F#w?WBF	QvG\'F!3\=1r\\	J\0\0\bl\/{1Q\;\0\o\B\+\;\,V\\\n߹.Je\-۷ks\4!\f0W;C`\\p\\'	\\"l\0\n#d)\Q@UE`\Пhp\8yQvz2B<\!q\\qwJ|\"\]]7o^\qz\"JbCvՐ4ZD\r\U>}vF\\\\cFa;9\\zDH\o!(R.ޫdԻ\0OM~;c1W\\br\<bACa\01\OȚ\u\z\\o]rB\[\\GW\\vJ\ʄ3}\\\C\\'pSz\cs(\(2BY\1\n.AB\y\#\ԩ\|ࣂ3\n7L\0G\xZ\W]\\\Q]j\P\c\k	Ӻ\B\dsq\\(AN\\nByT\2F稬\?\\d\7\1\n3\zG27\#%VcYs\p[<\M\5k\[kЎ\HmcW^+o\>6qPA\0JczEpT(QQFb3\#b\0P\W_\\\'\:\\r\0o\!YC~[47\Ƃ6Po!xQ{\sHaN\\n7F!B `0g\\^vġ+\\;\S\DFg3ʌ6AaF!1mo\Wutvlm%\U\0\n\2=\w)++vq\qP(\d\\\(\07F\\|\\J(`7x\\\\\;=@\J\(\m;F=IOmck\}AWP\/>\&HpX$\"[s|l\\ч\P9(y\\B9*q\'1T8\nps;\n\n10g6\rqCll1;\2l\(τB\p_\{Py\\nBo\Mm\\0!pB\\Kx\\x#l#DnFF!BO\;nʌNPB\1\'#lBACʔvBq)\/U\Ʒ{p)Q!L|@?zr2)\*3\\Q[	\\#\т`d\\1\lN\B\\\\\_*Fo\Z.w\UdPߚ\0<\r@ 1\mQ3B(\+\\\{\3FB%{;F\\\ʌ\n6N#%N2vz\\\\n޾Y\\?gz\p\\n؀怛6?&8\B\\Q1c\rP\F	ǽaG\'B\\dl\g\\?.Ww\>I\A\ZKøH?XS8B\06\>~!o\\_{#рarSƋ@=M\\0]6s\\09\'l\@\`xC\󀇕#\\\\\C\8\\3\ʜ\\Ġ``y\n2|b7\;8]SԺIh\C\ky\\j]\0@@&<\hL\\=6\潡i\\\΋\0V|h&_>g\\0\"u\r_}\\0\<\ZOP:\z\˪9\\Ģpc@`db;D\\"7BO1y>J%JF\'\'tb2B\~38Q1{Yi=o\Z[jܲ \\0D\n\n8\Of\\yV\\\\6dQI\\SŅ|\׊=Nu\:\\0&\\nyR/\Qx*\\ڿѝT\V\\d\"\R$\BW(1\Tr$\\흐	\\<b\"6ʜQ{Q7^^[i\"\V\}u0\0P((lh$Q_\庾\B\Vv\2\^\6\J\>^\;u׆\\7%\9\\}ȸ*\\~ \MVBT\(Q\~B8*6\\(#ʀǳD(\dbws\g\0\k\\pd yPQl@P\n\\((H|a\GHq\\:hj2hV\՗Fz/(FEw\M\˞\\)\\0q}ѭJ5ܻAPyfz%\S\0\\Cq\\\m\'3g\0(Ǭ\Jp>P0\"!0P^\n\P\9\\w\9\3\9\\\\4]>E\6|j\r!QG (P`P8äWR\Mu1\\]E\\Z\̬05X=5\rAr\ʭ\Q}\n\F*BjT̠p\n&\~6w[pJ\Fp\Cʅ\81E\0Q\8((\dN\'q=l;\P\q\=QGG\\\\lC.p\Z\0$Q\(\E\0/\\\M\=\zZ\P\2\Rɪ\\8\\e\_ʑW\ \T޻\*q)\\\0P$\Zl\ g\\qH\\\\\^1\lG\\\\\\\+RԴO\\\:\[r.RG}5\\n$(61+!|/\-m\K\cyskZG\,4ޡjZᬩz	\?\k\`\z5*T\\!!D\$\z%yӺK\13\\3\n6\)Gy~%z+\l98W9\nvʁ̯KҌB{G\\n2l-\>D\0j5X\`	 \\P$I_Z!\\*\Et\u\\6ֶl.p\m۳\\03\\\\5SAPJ./\rS\'\OfTR\n%U\(PPG46`\JtF\oE\}d#\h\\)\\\\\0m`\by*18D)\F\0Q; (\/QPw\N.\4\O>A\\\zq\$\#ADPE* @DB\Z\\\M\":\\L]\Mj\n.JL\\*T\ p|\%B\nQ:GAuVt5V\'EhT(mB\93#8f6FGgs\n+J\g\0T#Q82\U\\47:\S\.LV\$V\\4\#Eexm7%P\n2p\0\םMŵ꟔{RP]u\\0/J\JQ(\V\LxJe7gYLi\/Zj\FD\Z?Jt֌\\nGld\rq\6\9;\ʅ\n7\3b1\n\\g)T\(P\jZ\w\ڇW\w7VhVx \A	&AM\M-\T#\g஝\\kWU|\H֜!H@!\Z\\5Q]j9\0`%?@\+\~ꋥ|+\q\tmG\W8ǹCfnP;#B&2W\\q3s\1\zq<*y8\nb(*\ 6EۻM2\\/z\\\<#\B+M\ȯυA\0\ANAO_Z\ڳy\G_#JxS* !\(3\n\Os@_5\r\\jϢ7L\lQB020Fag\cÜy\A\\vG\\Ng8\n0|#19\c\#0*s\G \ȃ5\nޒ\3(\n(\n\|xU)!=\UbL	\ھ\(\L pp G  \d\\=ysֺ\\$\\Yi\&7G\%N8#\Ҁ\F3z\8\#\\\rBя\"`\s%|\՟\t\\cvJ\nAT+\0Й\L7A<\%#\\֟dV]\QFjArG*\\N|A\B/\0Ӷ\'I\4\\J\/J9\8\tb?\\;\;H\J\0\\\~D\z\;d`\(\Ө\ޤ\\z\dPT[*(W \x\pV\n [d\Z\\pJxT\WrQT\'\귺w<\\h=)\\/CWY\f3\\rl8\v\cd/[|n\\\\\007s3;aB8\\(\W\\ZѺ\Z$r\T\@!)%\d&;y\\0ga	*\r\z$\n(QAiW\G|\r\7\\<\`Q\\3t/ʅ\ʅb(PF#<*8\\\cvF!U\B?\sk( @|Ei)y0+ЀⰺS\\z\m\\>P\'tg\\\T\#\\n9Dls\!\\8\Q\\\}*\'4j[\\\X\\\noG	M\-0̩]뿋\N q\\ht\:P\r:\OѬ#\0b\|Bll\db0Q\Pb!\\0N\\l\FӈS+\+\\@]޳X_[GaUA\ mPJY@\#!V8}d]=Ӻ\U\]	/OtY r|b\N\}nګ\ncAh{{ƭ\Z\͕j\65.\\(j4h\5ʓ4u1Omqmm3*W;\'\n6B;<\\q\n3aN#zN9\(\nyPuϏ\\* t&2_2<\"P8psr\"$P:\]s\\3`.(QY_K\p#/4O\\*뢚\'䎄G\6qN\\\\\\nϗ:\\\0Zk\0T8\mb?lՀ_\\=msE\sk\H\7+\\W\`(Тq(Qhcg8eF`$;\\'\n\n/q{\l\P?\ۺ\\$\'^6(<Q PA2yը\%J\n\'\ns\\`]Wu]7Hh\ݨ(D.\\ZWtn\\\֖.Y\nt=\]H{uQ\IF?F\/k	\\%K5jYt\P$кRb.v\Wze\muΙks\\l\W\bBCd`7f(PF\ϕ[c\fG\2Rdf3\"T\@]]wo{¬YNl AP!ɠJA@+U\\\H+O%L \\GKҽ/k[ր\\Oi\'Y꾝\\\s\ZUkz\\\ʕw$.רVW	=\}ȼQ{\"(:c\E\Thֻ82\yh\\\\\Rhr(\ dx\?.юd~$b1(o\cF\\\\8оD\?C\r9Y	\5\_5\ ʠ\*-\\m/fT+\\-\>Fq6zsNZ\ɝS+\'E&\\\\Q($־\\\_r//wYF]hIRwWzkD\\0\V\\Z}\8\\n86\r\"9\\99\0mF=\\2\\bcҼP\.\\\\\\0\nQ\01AT U\n(*9P\kR(F(A|+\0\'Y뮔\&p]r\0U|r\nWܒ$.ܻ\z\]\x\DQ(`# *דv\ZӆA\\1F\Gz\AAG\\wNgnJn\"k_\\\&Mcģ *9 M	2(\\BG.Qt_\r(W\+\_E\n{+MgVWz*vE20ШL0\\3\#\\3\x\9;#\fq\75\;\u\K&^VPP\7\Bԛt>(AkY}\Wr྾^]뿉U\\uJp?(b(Q\n\z8\j\'\>(FPτ3?`d(G%\\Q6\Y#0s\@kt5Ӆ\\ns\\9` U\nAM֛QZ@mF=?}\ER*Q?ҿ2ci\n@.\\P\n\0W\Wb\,w\Cu=;J\Ѳ1;B88УW8\n1*6D\n\9{̡8@m?ޯ55N!V\hC*7B&\l*mz!Ⲍ\baw\ J(pʅ؍B!B\\\nm\֨a\Eh\VUÝ%RjC\t~\F\16F@\G\\9v\88\s\n9\roJ\\\5[\\F\AVHW\с {0T	&k\Y\'P{	*U~D\"0EG\Ep(]lܯ\֨qQ`\O%*(M\>\+æC_\0u+\\.VsfG\\0莉h\\Yi\Ӿ6{\\EBg^F}\\\'w\\g;A\n\(g\wgC\\\a9_5Q\CPAP@g\Z~qZl*\0 (\d\'\\\\\e\nh$\`@5\\\oU\0 ^\\R_\Ǿ\n\\ϏL|Cݸ\\TƇ\\eJ\%B\@C\6\\9EB*q*qFH\F\0\n*1\\~%x\\\\\u\O\A$ˊ5\n*QZ\\n\5!6EZlh\Q$\ZD*2\>\AON\=sU_eв/)m@Y]\o8ҭ\\n;G\\p\n6\y\\ax\n*\nAQm;aF8\\8\c\B\n3\n\9-&^+F\nQG1(@\\0Sh*4APt\'O3GZx\\*Aڨ`ӽ+5\a;῏+\.\QuH\\0f?)\F<\rQ%\}BF	\\1\ng\ם\\nOYoG\\\}\r\D \9A\Qr#Ox {A<$v\\jm+G\nz[\Ǌ\l4&\FN\\p?\\O\?\#1(\m|\8\\2N!F⫐\r\\\E\rT`.Bl\n\\0f\\0\Ca^\GnV4N}Ӣh?N٨\ d(\(QP@(^\N%FѰ\\Q\lA\xF\x\\z\CԤ<ӅxA [\C\\(\|\&8AO\n\\\\\L\tQ퍼\\\nQأh\\nm\F o\'qĩ\\n7\7QQF8\l\\qV^\\\+\\B%W\0 h!TP\\P#b*\G?m鯆\(\d>?8\o\n0\'q\\1\\\F<;ce^6G23\n(\|B?;^ꕒkA\ې;c`T 6\n\nP\ndr\=?\=*eJ\\P\MgwM\\r2s\n\"b1xAF\Ǽ\=BQ*2pP\nFaq?\/{#\ȓ\Bc\#^[i\^\Rkd\n2hAFD	T&\\7YZv|0k\\\!\0\WW\}{*ܷ\\p\.\\R1\(^a\?(PG\FaB;N\0EF|c\\\(P\HD:\p* C9d @rqB\0Tp[8m71je\0|T\\k\oB\8U\収l\r\\Ɩ\0#\~t_uwTꦨ$W\nB\0l:_\k\~g\Z\\0\'h6?\_3mz B\G\~P63\qQ\*T\?Gp;F\\Q\m4M\'zQ\]|QJQ\9\0B*9\P~(*\0\0¹O!\0\nt\nN\5JW\3|wdo\0\.\\Jơȗ\u\L\$FjFQD;%}Ksg\XWg\T\\&\B\Y\-	ӧΦ\rvB~i\f1\J\1Q\\t\q0(\5\\AOgԎ(TP?։YQ\T\@!<T*\}nb#BW](\8\R\\\RЬ.޾P\6e7YT\ڶ\0H\[Jb6\n3\n3\r{9\nt`Ts\8\208#%F\\b\nB\n\\[TdB\\V\\ \S\)(&ԫbAU\\q*P(Vw]p+x\\+\z\]\E\\]4\@\aLF@AnW# ĩ\*T\|\n(\\"\\lѾ<B;<\Ǭ|\\示\@C\p*T B	( \R]*\=\0\\9XRjTZQ<\Z\zrd\xR\Z\u`StZ\W]m&&ʵ{`n͊\o\\}\T\"b7F`0!F\ǜ=\hcq\\0f0\}|\\czJ\"+aJpрP(\\0[A*x\0uYB\n\neP\0qwD+]>E*pTQ\b\0ͨ\*5\\0\Cc\}r\ޡ\\<$l\\r(\bG?	\8ј\lW/8\!	\@\"7YS\#sr\}\\>\\eVD\B*(yT\"\\0\A@F;hAR((\ns_\ؚ\]\^2V\0XpoXszԀ3!F\1\n\n%LG\g\\\\?l\0G ~1PD\]|\\\\Q\.0l`QG#PPTJ!	T=E^rsW(58p\0`9PF\\kl\\\\\'UB!Y\4z_\/\]\aBP?r\nvFaG\8#d`slB\$|\֣f\\ >	Q\9@( U AP4w\	\Bv5>|Q(P<8B@@(D(D\"(VUg6\a\,\\Z*o]X\|\+\(\\\\6SGt~p\\ckysk\u\W\uQTTZܜ2J;e(\n@P*6و43X\\x\n*\0hDp\0}k\E}؂Y\\(6ʭhV5uug]WG5q*<\\xiֱ\/8\\0\(Q6\\[g|(Q{8*EF	C~@\02+щ<\"\( \\RBCO\-߹N*\W\0r@T	P\A\r\؃h2PjBb\\3\\N\0z4\0\E>i\]\U\w\\0\!\ޒ\9[3YO_\>\enZ&\,\0,\Zz\n/Qrwl9\t(\?	JB^\0ʏ\/q:͞\\.r%\0	B+!\P/hIT g\rT5\Z}~^<<T\Dqث\*bWk_\K\\Y\-3=t\\~1\-mkf	\\\!FWszo>\0\\V\0F\dw,qXPT U&>\Gt.\!B0QQ\%F\?\mF#\'i?胸f7gʌV$Wskl\ɝu}\@\A\\nPrG\\ \nU\n\	*m&|k\\NrBl =\fl\"˦n/྿:tnt߃9ZwO*u\c\\LB\+Zo\o\ըU\ڡQB\;IB\?qclB\!{Go;!BB\0\.W;B?7\\x<\\_+HU\0 g\w\\AAA	@a	 ׬+\}\$\&-\kWBn\;v\#;F)$> c]X\lI\C\uTc\!{\ \0rvJ\'F#$(\\s\\\n*6;I\\g\\Ւ^\ \\n\B!\\\e\ІmP9\nT&J<\=\?Y7\'2\2\ \*SwM\0\٥\0Ǘ\=;Ӛ\'J\\0`n\*\nl\n1{N\\oQ\!B&Qp׽am\Z^^jjM*\@Cu\J\8d T*@bXr\\\Qj\\\\o\##13\ns\j0m\n3\n\n1ʅ\n(\(B\#Q(mBq\n7O\Y㟯\H\n\+\\\(%\Z\\ \\\	\f? CABATWNvY\\P\0>\\\\\5\\n\r8W\\_[\xʗ\D\;\B\@\\n\C$~\0W8\}?!|k\m\z\rg\\\\0(\n\\'k\A*xTjUŭ\\/S\0\Ekto[\\z~|v>n&\0\\%:\'.X;]]W\:㬅\'\\\0\kzs\\\D\j<\"~~8ё9\n28\m\0\(Pw\"v\\\f6sN\6[\V\r\\Z7OYu\w\o^\K\	\\n\N<prnA\0(T*@@-Ms]\L*J\nz\E\ՄÄXZ&\2hߠ.\ƍt>\\n3\n\n\n3\F\\\\\\#썱\x\L\\\`b\߫aj}Ek\VeB2j\Q\0@d \\nߝV\n|\\\sLZ5\U\k-T9[]-M\nmt\E|\Mp\n\\9aBDbq;\x?\F#\~\Ut\Q\}A\ιq 9E\\n\}օ|\\nsY?\2A>(!1\OVފЭJ%2h\n\\01jO+\)\\r/|ַNq̨\\\\(P6G1Q\Q\6\\\nf1\\6\7NZu\nõ\\Xk]\\ra\Z\q}\Z\?\\r \nd&\7F\\\0M4<p\ \n*Q*UAj $\\-/䀻\}[x\<iΓumt\x\\g3Go\#t\(Q\\\'f\B(\@\\?-\;GQu&[\n\FY\\J#\\'E(\6\0\@Ly\\DٶS\\BD\\'0%6#y\0^1Yrڶ+b֋iuXV\%\0l\T(PTl\!F\*6BG\f1\nbl\*3c;\'w+Wjne\_0\ky[\	 \\ ewD((\\\  \n1B+jrby&O00r\o\0Dܾ\\]}]1))l\Wл\\nN\\\\t#(\҅s_S\\\u_V\=G\DK*\SN\'hG88BnIb\;/[@GþBx)-k\"dE.X=ټ\-\\ek\0u=F\PQFcQ\~<Fg`G|bF\nxU\\_,\hk\Z\\ܘq\䒻\3*T*y\\\nCPA\0D&\=\0j\t\@+\n\nMp7VX\\Z\~\ntm	\)\\s6F\1\\B\6\#d(\8Fc\#;!F!ث\]>\\O\\\.\N8F8\ʟȏ\0\n\n\n#MV\\}\Bf\n¡<!F(U\Zoc\ֶ4.Ҩќ7\Iy\/LR@\mR\\\N!G\?\q\n@(PT(P\\.vzP\FeF\h~p\\:\\zw\\C7yr%\\n\\Q</j\0# \0P 9* \u\0\ҏ\0Zd\L\Vf7E؃(6$:­,KtQAF]ECa0\~\{\\\Ye\\㊺O\~	\b07\F#F#l(Q\\]\iE\Ѭ	D(\\q\\y\d(C!PBBE}\kK\nw\2%3\0+\\\h`E	?\ֲ\\\7\3څm\0zm\V⟌9iQ\\\0\kҴ{!\t\UׯU׽2垈\0\E_\X΀C\eW\\T(D.\\nQ\B\aB;#!\rį\3\{r\\Q\ZǩENFØ\C\nBP%\&\&¶Ơ;_\r\	\Z/\:\\Z_GuFƟ\0G:7da|t3G҅N9Z\N\)yƇ_&\D\/kҴk\n\kQ\\;\F#tvF\rTn\\\B\3#\5\\\H\\z\֢\ㄒTT\;\B\l\ *lF(	b\Q\XD\\L\:\}\\.\R Ո\!vm\30c*3;F?\7\cd!\\0\\ҍ\×/w\\nT\T\'a\\WpA\BlAs\Ql+\|\n`\\r\B\0\o\\ZT\(brO\\n\AB\'\'d(\(\0~3\ra#y\0\\\G_\m\\Un\Z\uHWP\6B?`B A(M(T^M\0Gx	S*`GNi\\&ލ1\\n7J\n6N#X;\G<\a}m\11⼹b\\䟕k\뽽&\Fd\?#@4 T*\npGB \\/\Äc(;En\%zQ\<.s\18*\1~q\0S\\\dfb?.QP5sK\\S\\'\\WZJ$\"J8\o\\n8Bc!\0T+ʠ(A8x\\0\rqLPa\n~9D(\\T(GF	A{a\\7\\\"F\`b01;=썇\u\\/\\]O\_~pA2N\\@qR+B9&@PyP0<	d\'P\0\yҴ\b\Ս=rF\11\n8\\\\G\\nl\F#EB\\Pa@b1\$\\ZwK1\\\0/8DeO\_Ct`\F\AGp\0\n*U<0lNr\\\rkα\\\f3\n\\1\l\\rx\\(\\\\n#d~z\o\0ާ?u]\\5ɮ+\\FBf\@@(G\ ɠW\Dܹ%\µl\\5GHt\\0F!Fy!G\F#\n6\HQ\\(\(QEBPUXj\Z`\\\,9\\O?(DW1\q\%G;a((\F(=PQ\eZ|PK\n_\16G#lc3\d(\B1NIE\՝[\\m׺Pr$\Z\\TB\nrP8+J\0Ѻ!\9ѝ1{\EeaeX#_\06\\\89\n(\\nmB\v0Oj\<z\\M/mz/W\A8J5%(S3(.?\#\mFT	\C%\\LW\gzuFctf1\n3;\(1o!BB*b?	\0Bo(`<\m3\\0.j\Z>\\r%D\l(\022!V9F<Ǵ\l\n\-\߇!\j\l(QT`\`dlvF#p\F#\  \R\T\m4\r;P\5\\\\}\U(!G\9A{0b\0 B]}#d(T+j;\bzB\\>\G\\N\\8q\n8\\#h\Ojr\Ph<4(,\I>\1[\U޶\r!uAF彤\]\\oH\\{{\W7.Vp\gNd\"t(\8`P\s\xJ \t 	ͫpoC֯kΒ\38Q@(\lB	\\n?+\'\_ܕFJ\?Eх]\m9\\C`^jb\\Ծ\\\[VaJ|\\\\0&\i\kEܿtk5\Zѭrv\\a\0B\ncQ\pB!\0\0@\\AbyK \n\Z(豠i\\(\\(\\n1\҆#qQ\~1\\\\ȡ9\x[suY\iAԫj\Z\ZY7\\eʔzM\\0*\jw8\0I\J*ayQ{̩\\@\\n(P\ױ\r\n%8dШ\nxlJnf\\_\}淪\Z\%\?hcyS\nO\\'+<(:̫{w2+\r\Vn_WU4\\.lW\_\\0)<9\.\a+Q\n5\DQ\\TJ\nvB9\n`\{Pl\x/c\"O\C#$,k]!\wO\])\\v\\6F!G\\n?vy9\Fcld\\0\AZK\\%%\8)	_X+Dx\Ï\(\0\\k \raZ\&^)\>O\^\r\\\\J\\(\\0q!@q 8(\\n\nS\T` 9	\ru\\U\\r\\\\`\G\\n(Ca\\n9lʅ\\\t\Ԯ/_\P\\$\\,9 \nm\Po\\Z}\h\0\5\q\\[rm٬WD>J`j^<yW\\DPFa\n289Qx=$c\	\!\0\\4ti?uGHXy;gt(QPF\0\FcF}\?(AF\@(P\0m8D\\\;/[Bۂk\r\/p\0aQ5k\ZTj\⻚+\G}Փ\\[uHb\d:7\\q*#`F1\rѸ\"8S\\6BP%(PAF\0TUMvlğd\;8QGz\\\Ѿw]\\ڈ\H\\W7$+EuܳA\[\\p[d*/\\>.M7yfl\W,.H:{\\\n\1]|JO*\#\rB#1(`C\'h\n\*\|Z\0PPZ\־)h󰡲v\\|wT(\(B\r怛T\Sl\%V\'\?s8V}\Ⱥ\?Ԝ4kmA\]Wn\`\qE/Vl\jYF8JEFOd\rf\S#\\069\8!\\T@A7DC\5\K\o8\N# UCF\\0d\J\n2n!O\0\\V\˔\r\04K/w\SpEm\VE\\\A-M\3yu@\r\ujT]^E:t=x:X\".\ջ4<\E\e19gAnL\J\'\'`\\9J̌B\n!\0[\\\@@(Pb\?u[\\}6T\)/k\fʈ\?\ct	\'|~/\hjv\r&Yl~\c4\ݢ\F\sy\\Zص\n׫f\\zMtV\\YZΆq4j\gO1]}\\b\0	\+\mJ\n\x\n^\!B\0*EL\\\'\sEPW\Gz\0\$[\0\\\t\.lġ@\n?H@(P<(DQ\s\9\m\<*\ˑP\Я/5\V7O:%\gO0nMcR\\j\ew@\FlMtW؅\~\pPw\r_ҩ\r3l\9s@WWK\IyT0\p\m\d\*1+\	@d ?Y\'\0񂇄C\#Va8QBmR\c\z5\\t?E)\;O\\Y\\+\u\l\\mhP0JN!B| vB\T!=\/;ڝu>j,ٗ\6[XQXgM\\=Z]^d\\ʮ\V\k6\0Q43X`WAq\,/\7\\5\d\KU\WEbN\nl\P\nP\7pC%FB((Ap겹Ts\k1z/zΖ\0\#U\\>Yr\=p(^w60Gg\\\r!\hJ(#\B\wR\np\#\\\\k\\PB\V\\"\~K*Be\Z\ɶ\\rՖV\Ւ\+Pz\\DV\}\ʱ]ͨ-@5\\b\>\q\9\\Gl\\0P\n(A=\W\\ҽ\]V\K7\\\\\kXRB5\}\Z\n@qH\"&\n_\&\o*6FL\'\nl 7F\\\n31\\\`Jh\\)\\6\\\ApQ\\\ZinGkS\{e[W6N\Oj\7E\Z\\\yu0\\\2.jt\(YK\`كv+f\\{D7M\0z\]6GB8\"T~q6T/`/@`*!HR	@-5-jl\ir\LjgPKz$Wu\\/\e\[=YM\0l\˚\rb燯\0_\5%rj\0#«\\*\\\\7F#1\U\iz\\݆\ւnC^AG/>ޟ\|\\b/\n\\Ee״z\rk<GuжV-h>\\]\\V\0×\ֈz\_k`\\n:zwIzhћCFtCr0E@P>P\(^1@\n)%tG\-9\QC\	5YZ}\u\\n\?/皅\r\]vPfFkp\tT\f.f]\\\\Y\@\0n\	\1@@\n?	^j\\S^/nk%\ɯJ=\\C	G\\\\\\0-\qIM\J6fl\v\iNVGƧf]C>\']3X%\\Cn+`¼e\\ 0_M\\\ᥦ\\\\\\ZG\g!J(#^\\ 8\d\I\[o\Q`\T= rml\\Yi\\T.\-\-8\Ui\?\\dڱ*ٴ\јBS\\f6BۜNk\+ۚ\:գ\\\th͖UМeMa\EZ[h_\Ar\\\W\'Go71{\r\4u]k\\n\V:z\曨\r\Gc佤ޟ4\0\\/o\ծuQԅG1pG\\z;U\\h/j\vѽ\\YsȬl-FaWBrj=\\U%\6v?H\f68!w]}ʊ\+!B\F#/.k/\\hhWeͅ0\V\"Ԝ]c\e[ַ45[Ы\>\t\ϫ۫mK\:M\vo[\\\bZ\{t\PwVQ[Y\cU\_\\f~+|С\Sՙ\|5s\B9<J\\n\n\0 e\\\cG:Т\CrX\[u\juXL7[\B\Ǫ\0]\\0۬QZ\Z#c8\\\fmjEv\T~.$aF;N\\\Wȧ\$\m9Os\\W$C\:hQ`]\>\0Ȅ\0K:t\oVҫ\Z+b3Y 7;\kc\\bl\&=ex+\OoWz\[\z׳z\]l(\(\f6J\09\n|\nAB\3En\НF\5ǫ\{\u6Zo^\E\n\zK>\\Z\6\jaX1Ds\\\"+T\0\?i\Um\\ZAAbs\ToB\	\>_\Ti\\g}\0޸+OO}\\\\\L\I\\?[\y\,V\\Ljp}M\-\\\h2t-?P\\n\?\\0[Y3Q\\\Í\n5z\\\wUA#Nc8\~\\"CP&ڮӽ5!\>\\\"\L\r\+qﺇ|Zڊ\,ۆtc\\ˎV,Yl(Y\\0fUd-B\&\HL\d&ۍl(PllK~!Fcd\\nFaFO\8\p\`\j\0u˛+f\uV-p\\4\"\_QZԅ\\Y^|\nP0$`brvh-z\\[d\\0pg.m#3\\\\)M\WA)bͰ-Vio\\e\\\-S\0\n,6\x~ٰm]M\i5CƊ\\0d\\\n\u\\\}\0;`S,(@Ct\\k}2A~^6ʟ\vFJ5A\0,3\]6bŵ\jh/S*\L%֙CO\bϲ\>/uPhx\Pf\6\\\\ukh\\AeZn\\\\r\ft\x:\cYr˒0}0Tm?\n8QI+i[l\n3CP\\n(\\~ua8ۂ5Ǻa{G\d\\\0#X\\tק\\n\\\+|\Eyl@]QB\n(P\sY\YȢP28*\G0FjWFy]e+\"\.o\\\_\n\\ux\\Θ\e\\|S1Xz]f[P\\P\\ne\\>r\֯\\y\W[\|9RoO4tF\?\ͽK\_\rֽOPrԸk\\C\bkr(ǡgd(SdDC\y@9T\\N_\\ml\`Qz6\\=]gq\Ű\zt\Y\0r\G\\˔vGrf]jԍnYm\)ʅ\n\0T~o\'(Ea$%B\+@\ooIWg&\"h\W-=e\B\\\0]]v7~ڮ賽\\6\\[\j\r\\sP\k?kL٠\\\rl8q@6\\P\\\r\ރF.kV\PM\\%J8\G\8AP\n%\7B\\:\\\\r[\\52\c6O\\QFyj-uq\\cX	~zb\\,ܑ`e\$]1]A\JoG\"\мՉZ=\k^\\	#Qo\D\2k	V\r\(\o\\_\7ZxV\=\0su\r``\m\lVl\fԃD\E\0ʊ\\a5\XO\Z+:}\9z-\g\ZY\\E\oX\\\\!\zAQu]\\[^\\\X\r\\P\X9f!\1n\\\ P\\G\w\\0c\OJ\,\G\u.[\Z\\\6\(\t\\i4R޽6\\\\A@\~%Y=n@:SȐ\".\0P\\Ոf\`>6\"@\'d/\Z\b&%\0\~f;u\\׬_\\߽R\\\0\6\\"Sg\6w\0U\	\+\Z*\[չV\.\'lr\uo]Et\5\-Qx\=_ԙ~Ox\"\r\}A\\U\\r\\0%V>C\\N\'8\nPwB66Л\V\뗮t\\ZR!i\t\V@F\]\\\\[2k/Vl\`ai3\QZ\ᷡj\U&\x7P\6\rV(\R\hWv\0T^\Щ\x*v˔H4q\7xJWLl$V\6?)Q?hE^]\]V5?\6]Qj\O`趣iZnz	\'\\"\.aYjA\*\\\\4\,\u+hU	6q+gsJmܰ\6ϱFQ\j\^V\|\ZŅu̌Pio\***\-\'L\nt\פ4\\0\Y\L=DjFC7۹g\\e\I\0\e\0Eͨ\0.[C\-C\r]O\:\QE\d<A4\SCt9]\nںnBO\T	\\n\^`YsEv\\\yX-\\n\ \n\n\͟rnw\\=\0]!1\Fa<`k>\׮_/1d-\RvМn	LX#\\d9\!\u\5\Z+	\\w\r\\غ{K\\UXludzœ\1/\,(}sDѫt\r\\j\0\\\+}Cw&M\B;\'\0J\\0@\K\Ctz7I\]j4	V|\'\\,9e\#W7\0xeϵ\,uWIد.iB\jZZU\}\\uLc\n\j\"-hpI֊El\hD*AW\\EBݶ\bDS\C\UE\jh#\BU\mB\]ȑSDTV!p\BT1\c\u`{iԺ`V\\as2\V\\[c\\ZyF\\"\\m\fm,\&\\0Am\\黀\\0K\,̳[\\E\a.f5&\t\ߠ\V[4\Z\ש\3Ch6\X@\(\vBP\0Tq\Ty\M֘.kg@;F\:]ճpMPh\2\b\rVYo\n-\\\ӂ\L|]=\\0X|}v\!\qif\y\j\aU\0\0\.h^jU\=P\O\\C\Y\]P\b*\0\"\7a\rˍSZ\\Gb\A\0E\g\MVW\@~\0\\\\c;\aPrF\Q\\@CU\z\\o-u3Ob\\Arβ\ۡ\r\\6\6 +\E[[٢iG\\L\\zu\r21z\b\4Z-͉f\SF\0vhr\`z廪>\\43\A?\\`Gn\"\\\\A\X\"ދmU[\\\4vߣC\\Z/+*\\}\ZJի쵼l\\cNw]sLd45Z?\׫r\xz\*ϨE\\o\w\Kw\n\b\\'M 7z\m\_/]9\ZQ\8Z/[\`\,aԬͳ?G\(\P\nSN\Z3	\n\\\0iQE\\_u}c\4Q[1Bn@5\]Ś=˅!U4)(Q\jVĳ\VUmւFZ\\j\\\\\E֛AiٍA\\ϵ9m(\"ÆE<\\m\I\r[1[<8\A:/\I6v\Ta\Lk-`nt`\-y\\0\\%F\\C/h!Fh	oDj[\\V:>ueEZ\Z̵C\,.{Ƨ\0\Z\P\Y\z\۹W4k\\56\ow\9Ej\\\0\^/\0\roڮ\w\\\nW,i*4\BM@\DҨt\:_\NP*\ܭ_Gz\7gr>/Ze\B^Fb\\O\7r4\ʓ76\0\X\u/\\ԴX\\+eQY5ٶP\\^\n*\F\\⻊uP\n6x\?͊ƫaޘf5-0:\\\\A\\\Z=W\\SlWC\5&\\l[]\n¹5צ\>\VΟu[\!\bk,\Ѕ\e\*S\Za2l5\0\v\\\*\Wl\\bכ\[\?cbsz\\rW+\ch\\\	TQkA\u.\.\/\e]ǈgsQ\α{]eI­\\.\jȋM\Zrm\\=7,+j\5zh\{Y+U\M,M\\\z˴Ph\Z>\E5~hQ\V\lŻaLx\١\of\@ں\\_2##PUŽ/U5\ ANKo<\\\Xj`!\l\\E`n 9CI@\Z\\|WCl	\\K	\\\n8orC\P\Z]>mlb4\_\(u]Za\.C:\\a[0\\Ma-}Ͽ\-&MAut7rm\'rQ+1\֔\FՋsst(~\7]aC\kWX\h(`\\\<Fe<J\0/Cfkτz\rLȿnEͅ\V\Yc\\\7\?\\\	r\C_]Kb\\]\rk\Z;vsA)2k:\r9jEuܳ49KiA4wU\j\-.ע\wM\h+?E(i\\\V*>K\[}\+2.\_\\wV=B\\n۩-]L޲\r\\mBs\u[2\SX\udk\mY76U[\ʊ迵q\\h隨8\Gy!]]\E7\!u\kY).{3,F!\0@lkZ\b\\cRrɡːKbKM\6\\rC\\\:n\FrlܲX\+nt\\0E\Zam\\ܡ]q\\cR\ʛ-\>+Z\0RC\M򅞕[L\\74Vݵ\	ke\\\P\gx\<\\ @A\\_jZk\\u?^֯5b\tZ\?0iN\nճѨ1okך.\h\ZM訷]e\0\rࢍZ揱CUou1qEuٶ_sLn\}lkWO\v[jC^\\ZK\\\i\ZT\,rr\Q<\C};[=Zg^Lu*\@\\cea7t\M\D!\q\ZaŅ\mWg\|֜\]\X\0\\\Ya뢖\Y\\Κ(M\v\0GdH6ԫ\쿳z\Յl\r+5\IU@Tj]\\Eɣ\eQ\\03\\쭨sF\(L\an\Xu&Dj\}\n\S-+RS\\Q\i=\\@\ɮ;ՐqnKܦF\n@Tp\0@sEo\][gZ\0E\\0\*\\\rӾh\ZȅuE`++\u3\FUֳt\:quuu	Ϫ\*\Xgs@oX~(s9\0`\'O~\,\T[\jعeh$`\Z\][\i3\l\,\镵xP1\vkYEW6tj\P]8\6b\"}\\]r\Sߚ\ᥫ_յ-4&,\Q@T\Z\*k\nT˼)SQXvΊ\\Qr\}5X?y\嫔6\o\n\e\+MA\0ο\0^\YҮ\\/\\mV\m\:gO)\(^-N\ђ͙\h}ǨlW]4+\[\"Mَ@\ 6\\nT\ @ EV\/\6]%8\\'+P\~\m{\n\\\V̑D\0Pq\kb\]\\4kQC\.6wΤ\?Get	?HZnEѲу!\0dH\n\Sl1\0\mj\Z\vy\\\z\xۭk\{+$t\\\Nw+@Uܮl\֢\Az>A\kmvM\b\Ph\\/\ʡ\8#	5 pcoqW)\P(\[9~(i\\\P\7֎\0QrkFso]_\i\O\\\Z\}k\\k\C\^\W\bi\IZUi\uf\\;.u\GP\\/\\n.o\(s;\``rB?\|[Fikm\\\\\Gת\\0g%5&~\ȢWրW6al\Z\ZԭIpil4c6V5_\ZU\@3;ŀ\~Դ.?l\\Xr87F\X/\\\p\n+p:\(G-@\0\ͦu.\\S\0wS\pWT8Ve_xeV\0a]b/Weƽ`l@h6B\Ł\0Pt7C\\\n\0m]p6EH\rшa^\0M\n\آ勫W-\7Vph\0Xk^y5_\e\\K߷uk]۠\ګ\S5\+hl\\mP\!A\KlŭV\\0%\WOq;v\\{B(|%{\Z*\\\(\f\e\ǈ4j\\4\&.7\0X0+\\\b\Md+m(xސ[m\Q\Z%\G#ʱ]fY\Ѯ\n\rb楩\0*\R\\S7sV\nVkZ\6\\Ή~C}5~U\z\\0_O7H\*\\=;xh\\\\:Gyϔt{*11Co@.\Z\\;E\r>\A\"{\FҨ\~ȴ\\<\T.u[a?z\ZM\ +mY\\\\L\0A\\sQ 1QL6P\0K\\\V5]<V޽ҿx\ne\\rf\\\޶\o\ݵ\Z\\\\\[N͚\\\fﶶIi8ج2G{\rX,\Z\no{+W<\\ʰ~΃jk\,\uI\1o@\ \\0*\%|o\5a\0\Ze\\:\n\\]WE\\&u+f\_\ج\'\0\\nnؑ`\r\n\"\y5\S\0d\n\Um4}z[B\](\\0\o\[\'N\ZƘC\h\nT6%\=+gY`P(դk2\&N\b\\\Vzv}1l\\K\\ZgbYdP.^,_0\WA}\\m^\AyٸΦKOiU\w445]Vw\^^]-3Dr4^EJ8<\n\0rE\n7\m\Zө\m5\\w\h\\\\\m?`\\x\w\߅}cu\48C\r\0V\n\zn*\Z\v]B.\]<[5\4A\j/\\7(`mNcE|G\V\,[7`zb\7]\rM+#R^G\a\n0XԨ\\q\(`\$C\R\\$\*\0_@*D@]\ZWZ\oI\o+\Vk\\ZV\̓	\=[\\[hh6\EQ<uS|y@V\7u}\E\r\\kr\\\\5./okW]\Z\Z鶭Xp\Af\n+\\\L\Z\pƭG\\tM6\Ѵnպ\0\\"\Z\@/r\\7\\'\'|n\_\\޸\i8\0}PЮPo\mS}M\63pݕѾ\/9ĳXr\c\>\[\Srl+\.t߿޵jJ\\~]\Î^\\Z!\]o\fr?Q7\n\n\}\'\\Z\Jh\ZM\\d\\0\Zr[f5\Sx-h\\\kz]/pk\}\Ѩ\u\n.Et?\*\reE\Z:}tl\-\\0+fȠ\Z\a\-\HMt\hX>\oYܶ\M\\z\t\rn(]Nܠ7GZnW`\sm߳z\Lm6j\\\Zؿp֘o\n\\l\cf\\`ҵ:گD\K\\kl\o\\=mm3\t4\\'^lqK\"\m#W\u\Z\8K\r(O\[ohO\WZcU|\N\r\ƿ\\E\ZWX\Z\u\\::7MWsswkjܡȬ\m빼q\@Oq`M\SE\b\l.]\Z\rޤ\6\n\lf\ZN\\V\\Ӌt-c\\0\\n@\ZVyo\LyCa\n\\Zy\-[r~w(==ܫh[ťC\%1n\Pq\Ef\$	VÖlj\Ml\\\eAs oL)\l\/+q\i\\am[\˗Y\\jhP\g\Ƈj\Z\\4\MtM7,\\ߊ<\؍q\RoY4/\j\Sm\DV?ܐ\B\P/Ƅ\\f翦\0Fr\ޫX%8\\Sj`6z5rΩXr\5J\͍\\\hz\7\ߺr\\g\\r\r3Ru?I\(sD\\\\k\oV\/-@/kl˪(\ni3A\\\4\ƅwU\y\nd\e\\շK\M\=\q=\]9#F\'dd\"3F!{]l\N\_\tXd\\\\n\ZԴ\VQ-\&s.\05˂	\\mʡK\\r\A\YKIf\Z\ɳ/<\w:c+!!h<\5R\\+֏\n\\\n깶lY\\n+k\l#㫿\0_s\\\c0\0{\R[?6\ܶP*\-ϷP4w\0\\\\\"\hӶ\\쭊ܢ\W/\Z]jp\4,\8`xW.\0k\y\Ȋ?r\n\Uy\4\yos_\;EvFާ{Q_P\6ZknZ_m.h\a\0ӹ\[;:\tY\4z-^\\\0+f\6\խI\\m6aXڋ;S\r\\+\\Lق\Z\rV/Ѫ܅]H\\0Q\0\n	\0\0\0 \"0!#123@\ABCQSaq4Ps$DRTc\5t%6`bd\\0?\ώ|_\\0n\v\{g\Oa}N\>\\u&n\\"t\\\M$\ɛgKrC\0w`7`>o];O\L\l0\{T|߸0\Ϻ\3v90\C0MǕN\Od\ۙ\5>o}\7b\iݽG\rě\߅\ęO\\o\u&)\\\\CwoCI\0n\&#\:=\&n\&\\7\\\S\\φI\?,;߱O>d\۹`\rw[&\\\3Ơa\\ԲH|!`nOl,=\g\[\\r2#\%\nLrns?`7\$܆0\\'0\ϸ܏\3v\|\i\c\\\m;g\\-7`\$\؏H;|\'\\a\jO77!|`\G\\ɸ\=\Z\\	3vy,CMIl\\%a}\\}}܊|aH\\Y0aC\#RvI0~97\'lL&}Yp}-	0\Z\\5&L\a\vxRn\N1I؀,Ԟϗޙ\\01IG4|bx\\0\E\rv5^\QC4Qui\ki{)\\Ȃ@]g<{\"\r;\\j\\3L\\6=\\\*%\TȰ\l\zsj\J*耎`9(\qO7!\\0\< 3kg\r\\~	ŒY>lb\h=tY9\\r`@kJ`xmMqַ\O~\ȁ\8I\Ou$;\\A;;w\'CY\n\\n2>\ŧ9T\lȏq\dȤ\\0n\r\U\r]\0s \0	\\\ʳ+(\0\;{.\; n$\H\\Ny\rt\w\ZѪP:,9G:X¯Jڱ\0w\\\'2Z{\+>{\q\aE<Դ\=\\0)6\0\\>\Ԙ$Z?R|Fϫ̙gWGId\0&U<\v9ȷwwS\LDІq\¥EZB\r\\Z-\\\\P\	\\=ӑσ|\rsָa ^8x\\i\ϛ\\d7o\ڵ\\ \0(\o\\\(8fZ\r\3r\0Rf\\*,*2({МXT\\l\>A\\>V\t \P\X?ט4:M\\rP\pf\A\n\\\$),@kN}ڸ\&\r\\\g7vH87cGƪt^kɚ\bpn8R6\4=\\\uAa\\鸡\\Z\)V\\ۣ\D`b\\Je?\*y\~\vPtQG\Ep8aCg\0X\\0-!\\)\i\[\D8|x6ٸw6Ҫ0r/v\IW3\0\\ɛ0A݀2\]T۟\\0	o\rv(7i\x֏\\HͶ-\0Rf\`Ӫ\\\n̡\\\\\&\\*(U\aXHn_ګtr$gZ\w\ĸ7j?@ʓD\0R\s\EQuGUf>=]\\s@\M\rsTdlL|A\Ş!ޱ\G\\'\[pm\\r$TPr$\I[T\vS_z\~)\R\4߭uUz+	W\\!s\:$\\CHi\Ziz\\q|)\W\n&:|[\r\5\c\\rUC*izi\MI}\aɸ7cдr\qA\9\ \0K\\Lܫ\Z5\uᬢ2\mQr7`]wU\\0Zl?B\\AOQq_EO\3~ӱ\ONS\\HnOp}>\{\U\67X\W1Y&n\D\\B\\A\U@8B	ĸ\\f\N8\\r}\!n\H}\\񁠰,\0L:Gp`,SCGVq\<\\\v\H\\Z0\\Ɍ\E\GUXHf\0a\v\;ɛ\\f	\\ZIs\_\8z\iֻM<q\\\Oz~T.\\RNS\Q=L3/mw\'տ\\\FUQ\%,T3\\a\\\Hn G\n\C\(\\RY\"1~/z@TG\\*I㫓\Ζ\3V2\.?њ\\'\J\f\h<\Y\?\\Ӌ4\\0\A0t\ܙњ\A}\0\B;~4|\\\&\n\0m\\Z\m:	F\\d\ۀ\OH\\6ӯ\,\\\7S\3m+\\0\㦟*F\8\\uM\U[\\f\rVCB\0\MP\\\ZzN\\U\\d+~m\$\ݎK\ro\'\Q\TP\Z	n\,\i/[Srr(\ \n<BId\u=Xis\Beo[\w`S\>\{3u{\\&1}cՅn$Rf\^\r\0R)<`\0)7)\z\\s2 9[\6ujLܤ\\a\<G\rh7f\OQ34X\\4`\\D\0RgjsrT\\B(Vzq\r7\{GP\\G\n\'\_\Z \"r\j\\6\\'\8q\\\\\\U\;\w}AhwXxd\\\W}kQ礪\\Tнt|8~-	\:\\O\6Ws\\{\4oaz{]Փ\r~=,\G5\\\VǷ\\{\yݧ\Ozτ;$\\\CkYc\9GP̃\z\ 0)􆫩Bx)s\3֪\\g\Zf\Qa\F\\:zi\O(`\&4\M\v\0\\AzJ\ʦ\y\k]C+\@kۓθ\K\o\g=\_ڤ\\xMD\X}\-y\`\r\j\{5dK\\D\r\\*\\\7i}4\ccIl@-cACTK,q2\0\6m\X\\3\>5\"i\\0u	hb\>	^\@\J\\C_\yq\\_B?\G?Њ͞\q=u\?{BE3Ӈqi]M*~[\;\d\\n4R((Q\5m{({;#[\\pH\0Z\Z\σ֧\\\sͶЊ:mz⇨jn\r\*!\oj\\6監䝩\\pp\0\N\N\'.>͵qBn\-$\z)\6\M\\4,7\ny\9ơYXvX6\wBwndSL\azVUmC:L&\ZRf\\'i;\]1k_\0\\I`\4xO\p\0)3rADCH\0 \(퇽\0\\\8ↆX``<\?弓t0H	\͒gI\nʪj0<ҫbz\ܰ7Z}ө0h\Ua\9ad\Rf\&nRf\-;\_\ܞҚk>\\Z]P\f\V0D;\\s\"#\3-5\0\Q\0\*L\a7ZvTw\\\QE*0ɛ \\˿\޻Bҽy~\DF$!\'\f\\lТ􆷊\\?\\\n\V\?:S5oЎjӊ厰\'\UF\\14C\8買`(y\>UΩZ\kǢ\ۉ0I\u\yV}f\ec,\M\uWB8\0s\,\I݁܁i\{Uó	ɜOOEE>SpSE\U*\(\\\b^4B\\YP\u/\_OF\r[MuݢK$\ۏ#\\\ն\n\sA݀p\ \@;\\3_X2\\m\)-_Z}4S\\vVOy\Z{ \!\X\"\0Rf\&\ @;v{x\"j:9\|D 8\\0NT/FK蚻8\/\\N^\PaЅM\n.BCn[\D1㍣m\\G(\r\;}\'}XyU5\\"\`dl\R) @\N\@xdZ.\r%Zh\r`346\\\]pt\\Kvs}f\%8\\n\Q\4(\Ƥ\\ R&Arw\L\ec G8#{a=	a\\f&n\\"\3u\#a?J\0	4t` \\`ǻ-g\\l#	\P{kM\\0	$P\n\\nj=\0Xɐ@\5&nF\\\+NR\g\\7f\2}VկF7&\`$\0\@\nE&)7!\`X\0\n\%\\Z:\h\Jvaz\tԁ\\\6N n_oPz{so\(z\$@يqk孇ᯝ\n\꾭d\`ۉ\l\ZQ1QqEz\pa\K*ڭؓ\?ɶ\m;w @2\nL\djtfc!-\\\\\yi(,\cWMccbNws\_?hy\z׾t\\\\\\0I;jگ\\t>&Y\\\r\Y@\\0\z6F<\rn9\wY=[G<\NuM\\Y\\\\rt\@2f\I`w \AaۥсV<r\'\&n*Llov\\3\r)\0\\^V}McUb\ÆɆz$eWU\^;\0b}\b\Y\\O2|x\>oDv\lTNߛP\`t\Lrf\$E&nAh\ZL\\ϥiMuq<7$\fbWU[\dRv\\޴Hu\r!\Y&ɓ7Y&n@Æ3Q5k̩0\\0V\؏\\\.Z\\\nyG:\@gaRZh;\4\n\\0\\\O8onz\\\\\ۍNoPA\Ḟɣ	\\@	\s)\\Z\#Pp tc\0\\` L\\a7\.4*v7o\\ɛɛ\\1MFgRԖ\0<7(:~P̡Ʉ1\\,\:c\\0Go\ܙIɂE\"HIE&\\Z@P\ɠRf\`\\0 9J\\mZ\0\\0)h\⢅S\?@>A\'ja \!&T4\!ema\hِ;(	, D\C@o\<\a\ \ȊΓbh:<~u\/w&M\Og䙃?\P\2##Q,\\rA\Pǰ\\\*or39\<\\Z(tBp\v\Lܤ@-\r\\q\S~\Zit<,\w\yXwX~&n\3wcj0\\>`ȨBA\o<\d\\NtѠ\n#\$\\n|ނ\,8\;j\e\\!sָ\\\O°0\dRv7\r\\פ\0DsţX\n$\7\(`\s\U?%\d\^dF\L\86#S91z0;7a\0\]iB(\xF>}8u9v)3r<>V}O\a\5V\q\\'kxpG[a\O&	\n\r݅ZG>]\\AHJ3\\\z5UG\\n2$[Ӛ{G\a\\U֐t\ O\<r)\L\0#<2f\\\n!GmH-1ϰ\G\@`\)\@!@\0Hme	n(!\	ޚ34g7ȤL݂LݎL݋cشt\\!^\\=aL@M;h;andݎ|ޙx\	0\\gh`Yƪ\(\*!7\)dɘisf\n#l88\P\\n$$\z~eX\\~qG!)3rd\'F\\۰\\m\.\u\n.\\\\rU\Qa\"R\A\4}U[\n\\jR \r]\~J%\NjE\93v0\\nz\\n\r8GzUkd\j0$jd]\H=\4`7 {,maȪڬ@6\\\npQ\љME\ը8m;]\ x^b^0SaZܧ\f\]Gp8}[Xu\wS/\00yy!PUl\`\"\@h\\\\>Ghc{le\\wX}\0/^N\\\\\4Xyh!`\l \\Zc3P\\OD\\iHl)l<X\۩`&nUh{>!έBp݈\rcby\\枝P\<$q \n0\)\\\\\b\3rf%g\7-\Ҋ0H=*&#\7P\U\t~5{}\\Z\:4y1\0UnGh}i\n\u\\"\gI1\\0\\\\h\L=z<\\\r\F\(\@\/	4 9;8\0ހZ\nEP\nsфIG\\wE\\M[l\\\BO@jDl@2ʭ`jpӺ3UW]^[\\Q>Iu\5\Ѿ2\Wm\Bd\\%RiǨvhZ(\觊hS\\0:<WSGDU\]kT~KH42&L\zn&x95%GǱCE_2x\G\'afڜ\t%DĂ(ýӨ\FhBP\04\0\/D\nɾ\Vڮ+s]ն3[`\Mr4I\d\$\\Z6P\'Bm\U%KTBk\T\\I8j0\e\\\rx8(t\\SE\~?\\Zgq\}\TU˰;t3P\~/O\AְqBz\=]\z\FRps\C\qj\jՓ\\ZG\s%%\ƀ4`\\\<	r\@#4:\Hi|\\\\R(7u}5bV\nը8`\\"\v 1ӄ`\0Gm\\0N\\Zޢeӭvډ10Pyԇ:yٳRn-\Z\\\\y]\G\f\\QIu\\\\\.\"]P3ɘ(5K\2\J/\\'\qG\Kn\[\\Pc\s\C$X*ꮃ~w\\rO@h\٠ga \r\\Zd\:E\r\"9$S#x\3\*#Z4`\Z\rq=܃?4\d16\wrش`\}a\B\d\\*]X(\P-\\03FFjgb|Ȟ3\\\\\]\gՠ\dz53`\MQ\p\γDI\~^峛Q0򍭰5jG\@\Z2E@.\xeB\8-NoO2!\)\'4\4\*\n\04?fr\?-*\n˿\&ᛎuD\0kmC\0ș\[(00L\j\\k\r\0\\҉\0ΡgηV߹CCD<k藏\FQ\\h-{FRhLy֣s\d\f )\S0\k6\r2\Ft\0A\(Fz\\r!ݿ+\\.u\[\o\lNJ\l z\ftlr2$\kz\Pz\$&c\.:v$\\\\u\s;큇\W7\\\/i]\u]\'Ώy-4L\ٝ#=S	8u&)7\L\\8$q\ZP\Ȑ\0A\Plc 	\\uZk]>SBo\=\\\"sx5Y\Z2ACC\Z\0\Rf\4	\pk\n`0L\\L晆\0Q\\"{?f\*c\0g/\\\-sNjJ׏\<mO\\~(\pQ0F	\0\Ñ\)-N@fy׶\/=\\Z	}YbgސKE4]1ܤ\\ȥZA[K\\\\\r2\\Z8#\h\S\3L\sPX\nHj,\R\\nĪ/\C\\\\SH\t\Ze\BN\4gV\h\{{>!y\]!\0\0ڄ a;=Bf\'a24g$h\r(\Zc_\\0R\0\0\0\0\0! 1AQ\"#02@aq\3BCS\Rcs$4DPbr\5T`t\\\0?\03?n:\\0th1=\E0BuyU/1>l_mfr\g%>a\Y!g4Xf\9^pέaw\f\=3U?Cʹ&hl\HO\\\\eYTG\\U`}S`3H,\\\f`\y\V{Gޚ̧V\i\/;{\j`9WL\:x˘B9\\Pǳ7ɉ\l\<\?j\\\'Vxfg\󥙤N\iUgY\ZE1>lu\\\\̹\\#3jN\Q\\Z9\s,\l\\jU3>gSbc\r\u<\\		\r>X\&\'>~y\ss\S\9uc)է^\LN4%!\̳Yg\u\Z\f&-o10G1\1\eQ\\\^iƩ9y\N\\ge[\\'(#_\DeRw\i\\\\n﨎`U\"]P#Zʩ	\QJ9;\\xZ:uZfR\VϪ\;r\׾\Mĩk\p\o6cWS39	\[\ZDs6Ƒr\\pK\Z\K!0z#\lo*i N\]#[,!a\ѩ#\\\?f\rϘ=3o,=njQ\R\LĪRC(e%\CH]H\U\y\!\ȷ\\\2\~\&be̗ny\\\\\0\\&-\۩\!^9\)\Qm{\.&\[\\*\\@\3?\\.cG6e!1>inq*`\s\3$\AiEݡU\\-z\xWn	>\p\V}@|\\\ʩ	˘\ѤS\J\ü?\\j\X?\\_\\0\\0\T\Zs4WUT3s\F\Zs\&\Jn\_y|\x\ZXw\,Gо\\\7A\\dt\lA\(^PQ\ùSG\;pl%v2\|D4KQM%m\Fy\ϳ4U\#\N\cNkՠ-yX\43:d\mhm\nY\dAq\p\\t{\\ʸ$t8\3+]4&}7\k\7݀] \_\\x[\K\Kf)/s2e\JrbS4\G1oy\B`vv9sV3\|\LKP[_)cZ\ŀ\\̉\я\\\\Z\\}FP@1\^x3+\}r5}7Vs\󭅬PJ@\>S ZكUJu\AB}@Ch﹊f;ǹ\\ք԰ZAQj\П^\0\P!hD=*R\%\%p.Wr\\nZ\-u\űoy\oy\ldeҎq?4g G\\Fv{Y\\7\%QSqd\\)j[\#\\\N\Z\=bض-԰>c$\~\E\G\45\"Ks\"t.^\\_o =Vź\\#>\AR\>\\\nB<B\xrh\gXVa\ZK&\\=̄\3s\g\aYTBs\m\㄂=?\"\3+hB@z\/w[\<>B>Ru\\IZA6J#HyC(\"\"4.\\0M\\6Ž\-\1l[^z\Z}|D6\%\hυt\\;wA\H\FAdx\SDZUf;y\CX\C@U\nĖ\"\n?of$\"bVy|AGD;\nӶ=@\qx\/\[\\\\i\P\&8b!b#}&HQP\n\\\oٰМuR9\g*\QSEgTL\\21h`-\nn;C\OOKטBgл{\\Rűo2.%VYe\h\ا,p\zKXi9+F\q\\O\Jɖݍ\>\[\/*ULh\0E1>G*\hNUO\l0g @\3q,\9\\D~$E,{\\\@@Xaakk\\oy{Ϊ&ޏZy)q~\8\A::\Z	$%û\N\2	\2sO7;c\\\8vPg\\"1M;j5\\Rk\B\Ž\\\.۽s\(,b\"\R\ѿxm\+*&Bd%*\\2%\O\旘\b|\;HC3\^\0!C\\\5`\1hif&$Lv̎uÚ\\B1sy}\u{\1\\XYb(#։mvתf(\nAYE\M\!oyi_\\ 鸏2\"eL6}}>Y\\\?g`/\-H+*\.\\\Q\|R\ETaė\\q?Gbű~=\>bQWn{M\d`̌]XVg\Q\*\Lh\Q\ǫ\M\:\-:<>\兮gD}2>r<8\\}\$RIj\\")XFzJ\}yD7\9h\_Ma蕬[Ž\-\l[!V\д\n2#\0w1111h(\0*\\΢0Z&5\\ZQTB`u	\g\"3\Fb#\g\x\=\R[eL*1\")\\Я_PsHXZ3oy\7m\\bgQ\#\iNd\sX\P\uL%\<HKAce)kɈ\\-k\y\\n\\\\8Oh\y|\\Ey/D.&!Oo2bbS͵>hƐg.cMt\A2ʓDi|?\"xX{ҥԾa~\歋{\-G\\,aLJ\\\rP\U\\\\M};-zȂ2&/\\N͞#BĽoF>a\isr\%\\\0gYU\\2#4#l\^ۍ\"0\ Dt~\3\N9\\3\rPԛE\\3;w\G\#!=\0Z}~GN!^sH!E\#BrrGAwȽhZ9?\Y\0dF\	CI\0o4g*\\᪩\L\̙\r4\D,{\1\0x\ZB+X- F#]\G\T$]2d\\\n7#!˦\\Jr ,h\@$h\".\[**\<ق9	\9s\.\\Z\i\\\B\Z\޹\\1ug\#:uҪ?&\\\'\\x/#\\\W.\\\"9}H4\l6ȷ.wW-`\UN2Fr-\\\\\\ngLʴe$]oAj#\]|q\\ZR󐊡\2ֆ\(i>շ=oJI\9U0F&5L\\N9е\O\YeV̴\偙q\n\+Z׫EKV\\",;Ү\GCUZN] F3#i,K\*GM{(\\\P(ĽH5c\0\+*\Ȉ9U\r\0\$͖CYAH\"2. O\\}\"ҵ^z>`B\D`#S \\\f~UL\rs=ys\.qΥii=8p#\\0}3iuXjD,C/7k\n\\\\h^TEV*Q\xQOAQ.t\w\[\\[\3\Z:M3Z_Q\nG\R0\4|S\s\0\h\\CRuZ\\\\_Od2p# G0gQa0gQ=\\6|\+sΘ\\;j#~\\}\\)8N\)TK\օ\oy\[űn}C(\hQΩI;~\\\zÙ3\9\:`\\&\'\N\#\u\.&ԭ\3~ź\l[근*-\o5\-(!\\ \o\0\8S\_2/R\*x\`cFd\8\Q\ʸ\=-?\\"C\V\~ō\Uh@_O}\\\\@GL[\n]\7\\nG_\I|:T\ʥu29s\0\nv8\0R\؜>~Vj\o\,=\0\Ki \ORK[\T\#\\\)\T?v13\0\#\~AGt\'\󔾄\\ \E}Ξd\L\0G:\G\\6\Xx\ZS-{OQ\D\[]v\\͵\\b\Pqo{g6P\\\0\H/\>}\li%و|GL\\I}<\4d=v\0\\_9mq	\m6~\y} a\e\0~ܟsCd߇v\)k\b;\'\e_r\\"ǼamUQ\c\\?xi0\%tؼ\:\\yrZ>v\fFVZ~ZDXN*\8\場AuX\Aa兯BžK3\'(\g۳d	B6Jx\]\g*噆̧H\M\\\/竷FڱŗT_i*k[fE^Dy\\#կ\\1ky$h\"WfZȧ٧lY,rfqטHy|\7\n]i:\\\"?\F\:\\/1xв>\[kн:šj-GS1kZ܆G\ZFrIJ\AD\ȎM\=\V2<TzWm\z\\\R-XXZ\`DD}Je!\\F\oWpU1$`E\?\0o\0\ f\0\/\F\\0%\'I\V\}vx\88Ŭ\\g\zq<V\ď͵.p\O\i̜\\\\\'`\i\)y)\q\'/\Z!L:\F[os\\w\Ul[\2-\\oXkwF\Z5\Fz$lѨ\=R<\:\Bb\Fb\\s#3<ق>d}BK\r,ߚKأ\\0\\1J)^\\ĭaoak\\-a|(\<3m<C\{\LBD[n\\.\l?K\}\11<d0\ r\Bd埢\G,\u\\-\\#\UYz\\O\\\Oaz\'qAo[\\\q,[\G}_*\\x#\0(Z9\9\a͕Ds&]\\0G,\!\'d\{\fXOgn\6!IR5=X[\\-}E~a>mb\ų2ғw1>\\z\=\'>\t\e#&Y uq[M\\v\m\rՉ`]_)\ZQJU\{ HZŰC#\_AE\KD9ɟc)~D_0_\Z\\0P\=\\\Œ8c\R\"\xbcS[Yndn\pQ#\]YO\_\.\\)4\ZGGl/\Iq-U2*\&U\НD&By!<9\:ҟ-aJi^;2č\Z\\JdZ\\\dt(8[k\,\"\\Ͱ\DB\R-\\fӝxFA%	J]At\'\頼`\"\"\nYl\L\\xqK\rR\\\".3?1ky1<\\k7G2X9\:\1	\?ZL\Yji-\\GR4_L-\l[\g\3\mB3mԣW\AC4\i\"OHˣ\0z\x1=e\b\-}\H\LO\"mbؘͥ\I\\R,B-mQMA&gʻ̥\r\r\۩k~I~Xtǹ\UճȽ|l\]-b`\B\ XՉZ\y)	ʦdZ\\E-\'m\r]Xj\[XZź\\-1 !\\K\\]h}kg3frMң\?D):M\>LJ\Z\W똀	\\"\'\\r7v\\"s׾\'?t|h\4@*\bд&-\hjah	N\r\C\"\n\j#ӫ{\K06\\+XZűl/׬6\Q\h\\{{̴frε\&&@\Bbf-\β9)\Jm\\f	3qd㚈\B:[\\\Z\\\Yd\r./NG3\za?<\9gZ\O2\].-$\X`\-hm6\Y6]\Њk\B\}[0\ɯ\\=]؇\لevoJW\mͺDLz\]}zQ9.\"Or\a36߷\r\",ق9\`\#fr-\\a(5\)\rE\\\"58\\\1*q\B\(Z4^}£\KYh\\2(\c\"ML\AT)\cva\Z\\39\20\\\hiD6\C\\"\HZ\_S\/\@\*%ٞiP\a%.͟\I\Ѩ0X#ϛ3B-\\r	|Oez\Sw\D E\D p.\ZR\G\oC\.%a\>\?\'\\{uLw\QJ\\6l-a}N\8-@\S\Ol\\ӟ0\YӘ\\p`έbj!p\!Տ``c\\*@U~\f\oHE\4\\h\\\\:b\'3\)Lemr.zض-š\(8hK\{\G3.\9\U9\g g:\\&-\\Bs&0bb`hBZ	̀ʪB-Pp\\#>.t\r\\"i\ZP\\\!9\a1GK\\+Yr(l\\\\^QQ\. \0ԿQoB\9	D\r\Z\:\n\qZ\'I\֐Y̩分Za\z\:\rD&&\'99Tg0@\@xΘ\Zm0\{O\\fZo\aK\\"!f\Bx]	\\\\/,8#\5\ݸeL\(x++]Z\<?Ƿ\\S,!m:\'m\S\/_\r:-\"\ZҔJZs\fvt\G:\Kp\\ىLcZ#S!0g\\'!G]G(\"i\\>TAPd\o\\@\\\\/Pi(f\!\0:!a\ e\Zb=v\\(3\\[H\0\nV_@y|qE\"\K7\:\.\Yy\m&]Z\\rAqh-)\JZuYCO#;zs!^:GZQl[\\\\\,\\ٜtM\)\?\&\\0ap\qk0\U\/b%s*\\d\.V\z\a\7cPʈ7\\V\m=	xߵB\\(\Zl])xC\h\\_\\\X;λB\<!q\Bƈ\\\F%\Y\"^B(f!\\B\K=HJDp=|\\\\\šjEa8\\;p1\rml߉[G\1QqM^2.ydQPlXu-\8XO^\N\	]\Hw/^{K_\|KenD|QE|<)BS	qa\gyAa\ݣEQQ$`B2\ZJ{\\\_B<\\0\)v \[l]	dW0!\\n\\\'\Xzڹi(n1\BcN0g!9\rζST]&\\)K\ \Uaz|C0\QȿH\چCn.B\Z_\qկ,;$WCZ\\\rᾀ\\"\\rE\\r6=x\&\eoCg3KE}3J\{dr\~jQ\Tی8fmk\[\t)\\\>AQM^@ͅRCp\\\D5jAO&u\bZKe\ŴՄ\\'Սzy/y+O7:\\Zy\vs\r>Ay\d?\\\\݅\[\jG!\EĪ$S\BCջ2Aȡ\wTBee#Xq=TX\￀\\b\m\0gl*6-6\\s\rB\bx\n	\9]ݻ}6.&M|ð+aq7\\,\&)蘄[mňe\&(G\'5$gasA}\'\9cP3#Fr\\\Rb\d\\:\\ݷ\/&\\noR\i\r\n\w\PkEঙ[Dz\n:*\Ǜ]\\t\ɔ/ß)u\گ\ݸɈ\l^8\a?ig=JG)mP~%w\G\\\C\n.w۸LD\f\\㺱\B\2Jz9M\@\1nء\"xM#WB\$H\AT-\xDZp٨*\"l9Ƞ<0T\]\\\\[1\nj-\D\"ۻ\6Ɍ\\g\ɵQK\L$DTJ\)J4\:!\OS0C\r5v6gG\rj\~\P6\rC,y`2M@_# UEv\ ^eqtld\"!\.\RK\\¸\g@#G=|\@Rq\E=awB\\7\+|f؆m0\%\B=\]C+\'m\nw\\0IQ\XX%\\Biq\\Sm)7\@-H\7\!@\ň[O&#2\m.\' \.T3O\\ذ\rI!v\%He{5I;\\!LC=n\f-V\\<J\Dŗ4G_R_mG_\"\0fP\(t\9hB\6!2\"yPe\Џf!Č[wa\5q0\??QsR8C\%\KE\\\\Z!ZRըDK\NG\Cr\.\\r.Cs܄6Q\\_܂e\`nxUh!\\"p\ҒvېBдw\w\s	\c(4ѐ<M׋L{R0\+R,xKkm\j-%\	}#v\\kQ\@i&\\aM\]\ZB\FXk\(_\Yz\r|~=W6knbn\DJ\l\XC+BomM\bJ\mbO5\Z6\\\;KE\\H}+ \(Y8m<y\m:5 F\%Jio?j4DX\P\?\ټl#((B\\RuUb&{G\Zo\n7*^K\\4S1H$7o%\\\%+\'nC>sx\-K4Ω\1>\\AP,RD\oAfzBDr.\t\'E\\"h\D\<@yU\@\\F.\")\n\'\vO\ \o(u#ڑn\n\\h\\\!ۤq\mB\\Z&\\\X`\\7 \nE\XB0Јef\r\J\"v)5]\z\wb+p\"\ul\nJD\@f[\"Q\\!lD\\w\h\g\ \"&\\\b\Z\\nMأi\9\C\P|uN{\?0\jeXa\?\Wp4\l\ ]{\C(m$\5\056\dY\\n\#2_D-w+%U\b	a|DlTZf\̓dܻ\/\G2,Xp倸óy`d\C/-6\\`]\0<4E\4B\B5\nh[>\"a߈[NL\0Teqwb0\r\}?h\Trw׻yxt\"D\`e*p-\vEa8d@\"\"SQijہw\\\Ch_&=4^:\\D&\?\-aXfHC)Z\adH\w\A972w\\Cӑ~\M|CF-aR\玽D.!\_)\9\@j\ġÖ.)2-Aq^lOօ\\xtfk+\\9\\mꄉ\h\\\"lq\"n\\u\RT~\Srx\\0.c%VQ\6\\\pYAq\*}3C\,=؆{li\HHyG\0F[_\L}RU\}mP\\"a־;[\\Lb\R\2KHs<\0Yq\Z\17\TB\QN/)(e#R\\\2v\87h[*\K\n3\\^Bp\aϬpK	B\\GQ\\:h9wJQ(E\\I\p\\n\^A[M\\nQ\9\L\"q\\tC\\o\\n2E\\\"\)ԵG\\~_\\\a\0 \J3aŊb\Qv\X\\F:Slcو\\Gwo\~.J\\rFx\ZG]\\'M!7\ed:K\@Z\Xy\,QT]*\\!\nQ\\.\G\-ƭA<\(J!̠Dr\lb=hXHz%B\\"\!啊\\v\\B\Zr\\Z\"ñK\܄)n\[C\Bd\ru\̈́s3j\"o\Z ^yg?\Z\\nZ\`2\/\Sw/nb>j\m{\˹yld|ޘ\.F\_&)kqX˷V\O&)Lv1~\'\c\'\u\nj\"&\\T=xC\5/NH&Z]~DC2g\'B.8\r\/fHi[|{cb\DZ\"6\Ы\\!Gb2EzV\݁\0\HF(\r4\X+pE)\C1{O{{\0Ų\ijsr|EsZ\\@LK\`]V\V\;w*ha)xs<h\/\\\#<?4U\m\nFOD8w\nv\\,29C)w#\m\rAL;Ht\2h\\\e\vn\0gp0\\eE\ZD\u\Z.QNڅ))\&F;|~&u \~AC[yV@]Wb\"\Re|BU\\C\H\F\\$6!\EݱH\\\\@]-[\ d-j\XFAbEN8E\\Q@[C-hޅXE5a\Z8b9E(@\0*q۷ܑ\.\\ws\wxLD-Py\y\RSrS\ry*U)Lh7nm\[C\nD(\\mJƸ;{\\2\NݏhP\\r!\"\m?t\o]\?h[\'Qv9/\rҶF8OC2ֆ\\Zi0\r!\sog\s \I5*6\Mk)L,RTr\\\\\\	\_\3ra;\D C\Z\\!>#KS+\\j\\-vuHXe7fj@@XxEt\\\\\3]\\Zd\Z(He]\ELtLlM\S\nz#Jki\I\,<ֳbAV9U\\\KVd\	̋EGt\ݹpF\\0W_\R+b-M\4\GO|f\\򂔡mģfv\XZ\\NÛ\L\\fݻ\\ևXk\%9V\7K\\0a\0\r	\0\0\"2#B 13CR!$0@PS`bcrs4DTd%5EUpt\\eu\6&\\Aaf\\\\0\0?K\|G8\1(}(O\\\'y\rx\Q\nO-\/uh/.f\WaW\qx|\^rx,^1\7İ\\'|B\5\\|FX̳\\	\\|~?д?\Z_\\\\K\\ZЎN$sa,\n-j%>%\\0\\\[(.sѼ+\ŦQ\\<?sʹ|\y}\~gQ\zhi\nAqy#ʙ|Cb\\O\\\'C\X\\\0u?\G/\j\'#kLt\\N/\'qǩ\\\|\,^!\\p\G҈F8y_\\\\rr\$Q\Z̔Y]Fd\τjh}Gͧ\e9\'gL4\\Ln]˴\$\0k\'*\\9Y\֢y<n\\\C\d\ƒ!\?ѕi@F4\mb:\zӥ\-\	mޗ\%\Vo\)$Oih\m\|\n1hL6\z/bĩ[\\A\jQ:9\:ä\޺\\8+Ҥp2\\\.8U\P^^!xb\"4\\0\~ę3;\KW*\nDa\O\]G4m@kdg\.]&笇2wN6/G0\՗Ul7MSLwȇG8\\q\>e=Z*,ʡ\6]lJ	\\\/n%\0\\zaL299\,2\0|K\0ukь\6xނLMYv\FNG\0\x۟:y\Q\\0]Ff\\yD\ZZl]ѝ\\\\\qF\zm^OC\Mتt#yazqn\4\N\"\Z\;y\j͐\\\wV[\\[O6X\bh?z\tA\0\\r^#ɥƏ<GK\\\0\\\\"oꥢ\v߲isNjDDs\&QPU\d-\]>A\\=d_\MvԂ˹vژe\mKlY\kϾD]sT\OXqU6p\\ntupxvΣ\Wp\\šh>ԤF\\\vܻmb\zο\uΗNq;h}\XX\3\?i0\a\uy6>LO\\5+!*\\\\Cr\HV\]4wm\]}\\{X*ǉRCUu6Ŧb~\71i\y\\my\Wjl]J>}q;\~.\cK%\?cyZ͌pn\0{#ǻH6\m\rXE)և\\\d?\j!B\\\\B\aն\\0/\0)a<#dK\-\\	\\0\\G\0\&\\)Po\{?4\\sfR0\\\"ִL!\\'\\\Dܴ\6p^]\'P[\\{=mIaL\\K\\0Ի^?^\y֚lm7ilYc6to\b^\\0\	sja\e\\ja\kűy\˯Z\W9:\bӴiMZֻ7h\{\rl7\\5^\h=\\\u\GͶ|-\"))O{/(R#{5\\Փ/\ϵyJ\Z7mt\n=e\s@RRfnx8E\\\7D[,\*\N\0ӪafX\\\0ny/\\r[kj\tzw|\;\?5@%N/Qjr͏k\'\\\g\ϣ(5%l5\'^\mH-^9\	N}\:\hޛ\6	\BiҒj.ͯi\'g\?Yˏ\9\]yb\<NN+,\o:!\'R-sV|!\=sF3\>?6\\σ*\{\Z3}Gܴ2LY`\t\\ߵy\Uh\N;*m\\6U8l\awQu\ˣ\\ytrԘ\%\N`6nK\@-Z2\\6ts{S\w&j]q\|\\o⼡b٘8;\"\<>rۘo\S_QW\\ZJfO&*\Vn+5T;`\fZ\JrrNPz\SmKEg*}\\(8[3FoT\\\VCf\F^rβG#\"ӎ~3?h^\ͻw*A\n%X\Z8Hq6\ٞ\\|#V}]\\	g\>&\eI\\\"v+\V\\ZS!\\!\\\rX\\W&SUQZ94\\#sdfZֶ\\Ūnٲq-\-i>ɧ|&Uݏ!h\\\\'0dcYN̘F6kMոn˶s+p ږwiy^Q#zCr\\XMGPxn\r\\o\;t}oN0Y3\\\\0^c.M΋㾁`T\(ESR4u,PU1hŧ%갬FԯMDE>UUi$T\d\aτ\HCe\\U˶\0kJ 䤙\\\ڳ\s\l\U*\7/qfъ<LE\P\iQ\g<\M\\\ݦ\i\\\\ɧf9Ǟ\;!\vκN/r&\\TjD(%\\ɰSSo+-,G&&&Rv#qfI\1\;%\riճ82|P6\\\YG-`G6qVm-S\o]u\\2oC|WQMUI_j\\\r!\\c瓎?\~MVc\\{U\;-5\\Q\'ؗ\o\0\3*5^*\0Ȯ\w\Ž\\\o<\sS?I7z}\vzҚbJB\\kzfh\\mݘ|v\b\\o\ʳӣ-I\	\\\\]%\W\]Q\:W/K\v\\LNM\!\W}\nBb\rs\'\9\}\⸼t\y\i^x\\m:\:̌\v\*\\\s\\]\05\9Zľ\ڍ4\j7{挕*\\<ߢe\\\Қ\\dZ\y9&d:9yv\\\\Kʴ534m1.\\\Z\\\0*v\g[\^_]\\\n1ţ\nĪ\0u\\bK\n\d\0%\6\{\\}ٕ\\Rl{\>\y=գhͱ!#$\\\ǳa\re\\y@\\[}>ԺPoPW\(\\%Vu+ip,<~]6\XWb\03KkΓq\\ 5ݶ\~uלE\'\?v=\&>ʂjٴ\\I{\L|)6DUYU^%\r%\t-I\\v}4mZe>d/m	\@\Ϗr\	vZn]\\\0\r\\^A\Zb׵\Y	A\\\4\N\ܜi^\\\9ΆjϾpDj\\\Eŏw*\Z94Y\5ps?CokiOĲhe\dbVMw.\WL0N\\\GjEƻ\r>i(\yۊYR\sR\\\"\ࢵxxwd	\XL<Օ\R\\>\m \-7ga\3\􄻣_o\'?\Zij\'K9vնgJF\\q皕gyO<o\\Oj\\\n\d\\ן}C3\Y\\|D(բXwr騠4rP\\(ңRV]k:v]~nʓw^F\\\l-jpYVw|L}\͘N˓ȿ\\S:Dj\ȩQ\Zj㗃ʰ\^FFjv\0VQن\J\y[0j\\GpkUa\\g+(\\\,QӹN\xedd9l\v%.TXw^}\0\%\ƫ^b\-\L3_m\\'bX!l\`fD\-Y\v8LyҬ\Pn,GR\&,ʡ~>PfVVja\\Xu\?)^LH\r+O=lß\\U[\T\fT;\r:=4\eΫVk\ʃL7K7\"s>mjV\,\0ϖ\;Q\\f\\Qupo\T+7C\\%TH\\Jx\C\'&\ӄT\L8\i4\R|\"\V\N])6?\9q9Ud$,,(Խ\\-eA\|E\rJ:\V\`Ü\4%\rb\"\HW*\P-cѮ8Q\rE@2\0\9\e6Oi\\g[\\ھ\-[p;e\}뫰+.Fʖ$\|W^X\1tM4f\rk[/\bE\,6\M\n^CW\0m@W.ȪoBCE[\*%w\j\s\{n{[I\[m\MOY\\'zI\1\\0\\\!g\(\\>,\YGЌX_(\\@˿iDuܟu:\uR4\(S>|JiS[\r\T0w\.:j$>^Bϕvvzl%\ɉ\Y\抰C4Z{A/*\R\\r\ʰԤ	/RR\[\\{\Vz\\^(V\ΰ\\\č>\nw/\.Ogeٍ\*}fz\|.\6 \\XԸHZ\.\ \\6ܽҍ\0Ң^hh\PM9)Q#ƨE@SK\-\\۶~\jRU$śgʍ\rJJ]\\\'iZsVd\\ve<Th;ٴm/va׿\>+.E\,q1x(X+Br7N9j\0ѝ\	i4c\\0\\n5r, K>\?\"?ۥ\\߱kY\0W۫?Rݹb:]@?\.\Kܛ?\n\R\i\giJ\Q\i\\\(d7\\>Ի\\I\\ó{?P\aL\r\\\ٷi,w\\"fҲr\0\jvϚbvN`kffT\\\\rQl5].\c=\\\\&pʾa菆\\6H	xzâK=VO\o\3Y<$83\>睟{\\9t,!->\6vӳ\ϴ=\+c\I;ܕ_\s[k-V=\RmwGߚ{Nĳ\\0\\\n.9/\\\JK\\r08\)ʘUWQz\럪SEV, *!\\i\\j\[^l\Q-~\.URYu\fX]Ѳ\\\M4ʏkv^\hk\sV!V U\lL*\\\_2r՛\\M?-\E֧\!Ja\ن?1\iYAl6~S>jq\@?\l\\0eٽ\\.%YG|\\\\L^^sx\Z6zRm	!w?5Uۇ\JV\\'\o{E\\\q\\|\\>^,[ޢ\t\-N?R\VU\nUB^ce\Z`+GQ\\ťK\0JNJ:\\\%\moA{zH{X6}\\\Y9\0\\v\(l-Y\\nN_l\\oHH\\ӔF\r\0\_\\0n]}\[bY\\\ɖ3iY,[)jYϴm;1\'z^wekp\oN-6~C+\s}\J\n\QL\0+Frb\n.\ܴ#\\W\\o,EAR+\8trW*_df*\\0)\`dyֶ\q\^[ϛ](=y\{.kœ\\\rW,3\r87\ZQd4FF\\\c2\SR\ԸA9\'g\fUh\\\wfv\05E.\o\w\:\M5dʖ\0USV9\]XT+>!\j$Yry|fU»eh\Z!\04\{Vby~N]9ެ\8\0\n\j#Ⱖ9Tj\1D\}\\\0wp\0/D3֣SC;&/[ڱث\S\Qvҟ\O\-\\Utf\M*v\Պx3~]\䠁Up\JbLcbP\;-\eE\̪׉E\\q\l\J\u;᫮FFgG6\uurEf\a\*~;/+*o>rbaۦZiHX\2\uϼ%\=\L^S\V`/\Kț2}boYN%\޹\#E\-\z&\\~\\\\\T]\c՘k\l0\"\\|]\\telks\\K\\]+F\n_\0^:ԌENy\Ύϗ;\j9!\sw\?\\/+Q\\u!cȇFہuPUW:fT\e\Q\Uq*ԠW\\<\ŧRȲ,d\"va\iŷ\͒X\x/-SRjM\'،g2=\۞vi\J-Vb4eIh̗Qvv~\;iκV?<w\yGez:\\0\^nEPsQ_\N\'&EȣU+w\T\^؃Tlu\\T\pzۘd\ڀÃnJ	t֌\R\x?f[6[\#(ԛj\\N׭\'\X8% ^\	Xz\^~˳l\\RK\\;<\	m$O\\\\J\Luc\\\(3\r\G\5\#\jէrhtgk\2rNŔ)u\\^\v;\X6x\0-fsZ[kkR\\v[\\pDVm\\\\c\\Y{\\nÄk+g۪	Zm˿t\\\\\\\v,q)\0N,\Ka\rY\\\3R638G>#\\0#׾QUx\zŀ|@ \Zt@{GR6:?Ufܻ\n%*-)PqP;SËVtwz\jݴCjQ\eK9\\M^\\XlYn\ \zutN\K	\\\\\^Vݪ\jNћξ\6̢Cկ\\\\$lK9\t]\˷\\0\Վdlv+s\vcmL\6\aY6yuؔjX+/r\aQ@VA_(%rs\\0vWm48F=A\w\N\'fʿ;8N\0v4\jk\\\%u\9jq	BZ̓ʷwH5PAn\\->g\0_4\P\nU:b<^\Q5#gʿ;90T3/*0\ܴ\\k\h\'8\{0³\}\ŜwyU둥+~\v59hZ3t{99wn\\ŧ\\QoV\eƆ7TU\c\u\Z\wΠ	m7m\\	{\Zʑ\Zs\^C5\\\1upn.\\c\ˇ6W.hٸz`<K\Z\\\\Z\n8ҶegL\@뗓@e\\̙p\}l|\X\*u\\7\%bvY#\Y\L;t\\jx\Tz0]g\x\r\\^7/.\=4\aIv\,0|\\,w\\0As\Rv{ML\\iZ\˗V\W\\ͯ\\!%\^\(ӽ>\T\\?h\i-T|Eߖ)jzV_f|pB[\\iG?Ilxa\\02\\-k*` 1iJ\\	rx<V\yb/LF\\AcvT×LtDGyx*aW\\~\\zVÁ͹g\4d|JV~Ҷ,?ݥ!/FpV`ss\0.\6_2\\IWؗ\KJee\\\O\\8,5\ƛFV	A4.\miTP\\, \W\"Y6gӹ+i;w*!\]KbRRm\\nĝ\_q~\\\g\_PE\f\1B\\7\\\!kJ\\\N\04\\Y/\\9C\r+G6\'g\\>\j\m2qp\ĸ_sx\\pzѹFVbI1~Ҕm\ܶ\f\\7\(\\jR\o\FB\=y-M\%c\JJQUZV\hZ\\0PӾ\gU:\'*\U]5U=Ey#hZ2N\g\\\0I@ᅭv9k\'?\\/{L~b\\Jv,y^F~jQ\\T\<e\V}\aon[3v}|3,\srŒbUƦf\\:y\i\\+\\7vת\өG\\"\\\\Ą|\\\~2t&.?.\iъþ\"õw\\/ݷ\ME\E\є6b\n.\70۝+^ለ\:jZc)9r\=A\0\'\;ĥ@|l=\=^1JE:i(\\"-\rM\A8}#_Qҹ1\-\kW:\?/Wq\"+ZT\݉:T\aC`\_m_\r\\`MQ\Z\:ϤqJӷ]>\\k\Ja8ܣvM\j\\񹉆4ҫ=]5kT\/XDcHՀY\rE*`aE\\vuUg˴R\j،>u\08\;0\\oJg;\Zbv\a[(:@M&g(Y}\"ġWYDj>TT|^\n\ʯ2KHڻpnU\F\\\n~V%1bZҒ%_\,n/\ʏ\<?cSEbi싃o0ǏC\\\\;\\\\/uDuR<XtJ\5P\f\%\ن\z9\5\xyFϓ\17%-G\\\}4\\\#.\Q;\h:>ʵOX\81\"p\~ʜ\08פ\֭\\\\cMLgwiZ۠B\۔HK\v%\3+\\'^-\*iY	b\\F\Ux\Ն`N߁\\V ?\\]\\5n\\q䦖L\\H\9㨱GT8\\\#*6]IP\s\ \n\n[49ߔ\6\05GS\\_tlp\6=\\v^h?Jawe՚\(\0?S\\\seַ8)90={9KAG9oJ왻\j]SzЗP\T(W\"i\N\3cm]<҈)0~֚=a\\\,lm*\\8+\禚\yҘ}\q;ɉڽz\q\~m\0\\>m<g\0Ĺ:\vz\!fp^ۘ\`:ܽ\\uB3%?Z\\u Vջi\eN6dj\nA\>\r\:\\\櫹999!\J\J\\6*Y(\бl\Ѡ*͔qF%iYB\\\sr\]\jp\3+>\u\Nc\[k~4\6\<g:@}\ڴ\\om:\ԫVX\$\vNbb_\M2\D9x\N\sS#&d(q\ZS\w\>ꚜte\\jl\m˷Ңv\rvH\6,ߎE\\\R\"%\y\\e\ %\FG	:t{F\l;Z\\",ٷ\(\ee	o\7-/\<+\\.\iTř=lZ՟v\ZT\\rgӐ\l֯?\\2/|J\r\Vt#̔\\1K	s@ĨvkaXt\0Օ\1?\]te\sd\M&-\\"ܽ!\˻\0\D\U\\H?|mEiU[X95\b<3U?\\\Z\lFrW\ج\\bԜR:\rν·l\\D#Kc6b$)k\J\p\\|϶\\\OH\Jg\ˑ̄\v<Ļ#r+$E\KFRش_\$;\\HE;e\δ\	m6(\0^ouDIݩ7x\uS\ơLw,*\\\\`9L9\h\\\ni0\r\\aa\n͠><\\98AfÍ\r֋=\jɷ\\ZDV\'\nظ/[k ۮI\U,G_s\j\91b\s\Ͻ\W-\"Y\vti\`\']&Nvf`6u\*EZƈ\XUYGO^9-	n<eo\:ܬWqɇn2̤e%\\@4bOld=})\0\~մf;\"Ә,g[\}=*DV7\\Nz~\'Ǳꑲ\\\\m\mYi\nʌK1~\\\\Y4\\.e\\T\{ꫢ\\\"1*ĝ,Cnv\*;\6m\]vL\(n,+Z9|y-\0MSǟ\	0FS\qݽ\W\x>?eֲe\\gһ?\_Gܱls]\[D}\K%{\~J\S/\)\m\0\*\\%\\Y\\n\6\`M\T\0UI\\0]l[3ִ\0P\\\}\!\bnm?*aBlvLٰKɅ	V/,{vްj\\D;ޗ\0]ĉ\\ 3m\1.V}7Q\"VepaH|n\\<MDUo8tBAwZ\\Xwx܄I*\sεt\\\\&8ԕ\2\i\fWfX\	\?I\,zZH\\f`Fy\n\;#\ogo\(\Z\ST\dgo\4ʇw*ãj$㞷CMܸý@P\'\;\\*	\\g\\g\O\\6g@qP\rpT.\\02	\r`am\\\Z#SN\mF^N\شF\m\F\\"c\r\tIG\.5>Cu̴s||\rD̓\Kt\\\0ٶ\'Ww\|\T\8\\o\7\'=l\C\Zß	5!e\\ D\jb.~qG0ոV~6!BğO\\\_2:i\4ӝaE\WǨuD\"\\͓9)h\uJ\\\qhI\Z2\0m\g\_UF\#O\%էk\rݵ1;i>\\dm\T~GTT:U\\dyu	cT\L:9\\.Uʸ2N\Sv=~\˴&g73\R\\H	썟\VX\uy0ߵQ\\\\\Uy2\\"\\IC	`5v[a~)\r5PiMbiO\\4No\*K	T\Z*i\U\l}#\\/E\L0cٳz&\nn\Lw{Li\"p}2,:;\\"5\\\L)V=b\\)oW5\IZ?T=\"\>\\sg\ɧ^\\:f\9x\\\Q\\\\tC[\-9c\\\\nՆjM:578\.BF؝;h\LJ\\\*AlZV\\?3;;0Ԭw;f\Rw2s<ێ#5U\\tV\'Ge.5u\:g:\e\\\RsVr{1\S*\\?8\Qe\d	j^z5ͶߚiR,:NZ!*=\'c˹\}$;2NRΔɵtϤ\V4\\q\\\=e[`>C>K\6\nܻ|G\\ ?\\cЃ\Z =n<{*5DUD\\rͣj$NO^S:6\{&]\	hjhri\hr2\{ڍ @9\\\yR0A.\0ôKK1s\4ʘ-x\ah6jk\\_cq\\\]UZksLVb0\\k4=f^shL\\(\b#3\n48m\Rj\"*\0h\&ZP\whL\Jv h\z\6\\\e\\>e\*GVڔ\0_cKh\Ss(S\\\-x0?VU_\rUWjlIAM\\u5j\.mقt@/,i\=_!yDm\L0mI7?);DX\&ۼYux\\/OBjb\\\\S]\ڕw=h\\>\\\KZDm\09w쬶} k\Zhhf\\7>*\\\_!~i`,D\*T$G\'Jޛ,ayuS\v6ݬ.\ze[m<\\J\M?\KY\\\"\"ޖ,ݟ\Oty\a޶-\'\\m\\m/\=e:͔s\uk\Z\ns\$y\\=\?\\\cX{y&ϗs]\\"G&O)Ԯ\]$c5k:4\h\\'_;\3\\\\\nt\lsT\ϚPQP@>\1Vc3W8\0ͩ4\k,%\\ҕJ\\&\ʰ(\i>iF\/\Οx<bd,w\\0q\nQq\K^9D|RiK󚃃Im\i\Z\\P\BUE{Jsv̫s=\0b\R\\ut\44\ldo?\Z[3;d\1 j`	ٸw~iUъ+<Jz\\\Md\\t9F}5wR,i#r۴_>\OM|fpz\j\βk\9w\M;ퟘ\\\F^Y]\\da\&Q\B|O\Z=\\.\hNh>Ta!M\\fiF W\\>\\Q\k\T\\p㈥[1j@yCh\ڀ\\Z|/*a\V8E4\"EU s\P\"\I\O\\5s\\\\\f\f\',bi߂\sm\X|P%j\1\s{՝b\|ִe$e㻶w\%\'\,\pWL_\P0g.\\Bh\Z\0Ŋ*8*ԩP	\\!B\\kp\\Xv\?9jOߎĿ\\\\*ō.`\y\\U<\E#t\<	\0\\\\NyD링Cra͓-4\4\BsV\fsk9\\\>\Fj~he\@k2ΊͲc\r\h\ڋU׼\yJ*\r蚫)u?Fϵ\;\X77j6Oι6\D\L_3gWq\\]um&	1emEΔ\\\\ȗU3\rꃅ#ԝ*\\\S\'\\IΩ;*\j\F\aYF}~j&⚜w6w&D[_U4\\2\r\j\\0`\/=҃B \ZaFrRO\rޖ;10\˰Й.HF(zpf&u\\ixT}\0h}`P\Z)iww{T\mVl{j:9V_2\n%\k|B+\'\mv1\IV\\r^\d^]!\\@:m5f\Ɩ\'v\\0$Y]3\0\);\"̗+:\h\r\\_cb%N\'.QXr^4=b	ǆbx\\\\~fdݸt7\v*:\\/yKٶh\\\7%\;P,\Ynx\W}.\uo\V\\Gְ(UUE\㋋\0Djhξ>*\e0$TL͇G\Qri\\"/A\Zlp\\AF\\\\~p6\0!4K2\ĩ\4P[=QPm\\.*\HyTw0M\/\=\'fwX3$NJ\@a9\\~\h%@?\^mbV+tGt\N\\Q\\Q@\ÄKӄdU5CZ\T\R*h\"y\.ٖҢf.a2m菭\*ENꑱ$f6\s\'<>Y4\k-=\=4\\XU9#\ru\B\\ph˘,PQ\(\^1\ؔirSMKBx\_0&\t\qz\hT\\q\\\+Z\;Rd<\0k\1\\>4R!Ϊd,$Er\cU%+(\Q!x x[r%\\Zpa|\.iD߬\A\|Q\"\f/WG/m`\'].d\8յ\\9\\KE\U\n\n*LziXjQl(aU2p0#\øT/\nՋ\?6%Uub3\{E\\$T\`S\V?l:5\A\0#\Χ\0گ^R9VE\\R\5 \QCUDP!\;\$9\DCV(\p\v\.af\7\\1\0Ajԁ]~`eq\\eK🅬Ulg\S\쿭O굗\\\mtl\DJ\\\[g\\~\\MRPº¡LI\!\\zʌ1!-\UV#\z7\\%P\U\r9}lm	9v\\-)\[F8\\\{3\H^*=âP!\ĩ0ҡN\W\\*nª\\jKP\ifbkh5]?ƪw\U)\\\n\\*aIzɢ\WE04Vj\\Lm\'\0gY\>\\76\r}\;4 \{\uT\]\CRH\q,bF$\6\\k\rK2\*XUR\5\Z\PO4\n(=\b:\Zs#pFUNꪊ)@#f<~EN\YϜ̆\JMN:8Sq\;tr5w\ZM\\\"#@l\$TĹQ\Q5*W*jW܋)\Rb:նW}@P\"!\\vQGyQxHU\&Y㉩W!p3\\:1QDSB\\0\"\ol\npy\\r\Ҟ3	\0\0g)ӠEe\r\-\04՛dH\ٖt\c\\OQ#R\a\*5ʠM\Żs\ĹEEG\0PCʑ\\WnUU8r\X\R\4vMl̴UUpTo#\\/W|\6S{I\\\\n9a3\;*b\\vLda\ʩ\ࢡR\(\@E\F\C.Hs4@o\PU`,)\\GQ\$\j\PEQER$*UBKiP\'!T*\;%B\Z/:@TD!e\"\I\\\&?3\X%;ʗqAZi2\\m쮔IG6xL>9Z\nq@4ҠNC;B\(R[O\!7U\h)ˣ)BwČz\@Jː\\#V%NĩK\i\\jDߖD}h\ɋ3;9&\\0v\ \L442\\0\m߲eV\Ux㹲(j\\aXS5BVU:\\oi-xIgJ-\R\Yw\{BX\%=a\NX\\"Ԣ%\nHU=BP+6ۂq\,(\\n\p\\\J,[ql\n0\.\M=+Dv\\쪧|Oj\9\Z\ŋ}Dl\ \RJQPXI}\1lZu\'N[s\Q(U\XU[ʑPqbQ\"N7(w3!P^hĹ4ry{Z*jU\EF\BlįG8(DD$TR\ʡ%u@G6b\AV\8IE\tKj!\\ti}&\b\n\(75D8\ \\V\\n\P&bWH\n0PV\DF;\"*8\[$\7UEF\\Qz&X(U%GDVh6\D*(qb\ы\\rJ:R*$\V*D#p\\*\U례BA]׵\\\E[Ԩf\Qlw@\\Q\Zڨi\p\\\\ʓӓ\6F#RP\8N˽\n\hDc:%I4-yW\nkIZ3\\\^ߝw\ϩŎ:=5a\ZEբj%\\T{\ZaE\"ǥP*/\Q\o!ԢJ\EIU*\5U\0CQ`We{	tTwIDubz\\\$8lUS\n\\MM3\n(\Xs.\'#I	N\jDF:#(\"hT7V\ny.Ի N0T2\0Dչm\0\N4]\\'\KɧHw\OP\5̇\Xar{E6v1ő@K2^U\"@\\ua\uTW\ZQ*JU^ED(ң\x\iA\\Km \'`\m\U\G8(K(	T[\nQE>k:dT;\\HH\z\R\pU(uetTEլ\i* Ü\r\r#\PD9X\J\\"[\\먓n\VXB^T\"\" \0\0]\n\Z%\=\\\nbMȗb\ʇr\08G\ZG	WZ9\U\\,MD\r\nP}*0\Eaʱ*DT<n\"\nEYG\QQ\;\睊(1B[\:\Z5\\\娓\őTQ\J\n\7\ZB\EB\`QüJ\"[¡y!\M=/5q^WQu	9*(\Ns٣ua\5Q4\Xsj\"#V\N\r\n8E>#>yz\nstIlb7\߂\n`CP\٣lbKh֣Q\ְ\]*\\\(	:>ʏuGw\ZZ\z(E6@*K6CTF(F-\cIojK\"!Ԫe\\ZiԢۑw\r\\\Z\Z\"=q9/|T1\P9!\K\(ՠ-\a&Nh\Z\";P\+\C\\#\\qY.ǥ@T)PW%$e\K:L7VU%\\чE+ZoӺJEw\r]uNR\ZOBbX%\\*:tCPC%P\\Qz¡\QlI+T\*bX$\UUPuEFD9;V\Hpo.]c\ZK\jPTl@n/k0C\k\*H\FydbT\\fB\!@(<AUJf-.U\nTGuG\\Vj%1U(x\)ZՅwyC^@*:pщG	*J.\NZKD{-޴J\n\bY\\C%\ZWXH]P\I\^k\n\w\r@z®\\:\*͐\D\QA\\"Cp\<US\\dDyB\\W\n}D\">Paiae\\088v4d\\mm1\\J\T;Ő\T{cNBJWb&tPh\A*\Q\R\QC\2\nC1WYD*8z\$\FU%\\"\X\nV\\E_\\\GY0Z\j\q\#\Mi5p \(P!PP*h\rJB^\pIeh\r%=\Qa~_\\*B#O\(8\\Ϻvas\+ڥd9\oUz]eT8G\Qq.\zQh[5\n2(UFQTwT4C\X`Q\"F5]A\!\n\!\*#\ZD\*,;\"\\P\GܤUo\np՝DJH;[(\UkW\\xK˟`\Y/\P\ZȚ\j#Q\rY\r\\\B\\\I.q\#a;p1¢ːÞPĉ+ı@\Ϻ$>\\.nKD\e\\^NTZhOh\\Ν\\\\L\4Ҡ#̹\M<\bh9G}8ԏ\P@:\@e\nt+G-(*\8\P\"1#\J:\r*\jk|O#R\ZѶYw\raM<\]\U\"Tpc\"\n;\"\\\ÉBR\$Q4$\U\\6\Qj>]\\%dQRJQI(\\mIT\\#z^$%VEXbUP-Y2mny\U̴1U\(C PTY::\r+\TGu\#\ZIR]U\(-\EC4\Eeh	aw\0D9\Xub	.\OʹtGDjC\(\bG\n;ʢ\Z\uzs{(ӻT1!!U2x*\e\d}Ŋ\nUˑ\$\Z6\)ȠZvh1[\\N)vM^\Ƞ$xKZ\\F\\Gq@ ,`\`j4T\bHƽ\\9U(1\rT\ĠB(R^Mj^L/]u\\0tkCUx\4CN\mD\Z\\\R\\Z}4#汦X\M\0*\J\\\\\y\\u\^(b!\ˇ:\F\ӯ,\gk1)\]B\\"\]\R[˔uC2\JαR^wt\\LXTP˸%T	Q\\\\6\J̱(Uav@\\&\\ZHGqlΕ(\@\ƕQa. pO\XTq\\m\\n@iPq\id\@\ɐ\\Pd\R@\.[\iL*]\ppX\\Fɔd\\͵>.\K\	\TYD(%\Zqu\5ČM@,\\$]U(=\,DD\\@IDTT}\\ZiUIdqu\#\rH\r(7\Ay\A\%%\G1U9\ZIu1â\\5g:\0\Z\\Z\ZuFQND\\vkO.w~uqq2\\\J$@.J.7Dwi*=\\tD\%|;\Ѹ\Esp\\PT\]W%JČD\"\ib\BTi!@:EAj ʢD\"$1\"iѭQ*#-4Du]8.QFːi\F\@Y\$p\,K⋚zr!*$\//&\T}b((\VL$JYb_eÃ\\L\&cUD8jT\ޭ;N\TPz4\n\\V*$J$QA\ˑ@6[E@+\\!괪n8jP\CVZi\KV:0-X9Tj%O]w2qET:qe%Vʡ\(-zb\n||ꀧ@\Pp\(qb\`<.s\n1e\ֺ%U5\h\n,0-^7Ī\E\5n8IT9G:j\\6\h[\5NQd\njhm\\(UI*eBMU-E\ZI:Z𒌽\uaȩQ\Z\KU#0XIâ3!\\nUk۾i\ZjYmIo\\bO&x\AO]T:\KRX\\w\C\"\nqGZZڲDG^\TU(*4{\"\TਏUbP\(*	yXUBaT[1\*ʁ\\P\@\8x!Q6S=^JF*Q-z\" \T\\JEW\Wqk\ah;\'\QeF:[^]ySj\T\\UK\H\\ɨ\0\΍Bu^fjU\\)!n(þlS\r1x˵	*\\\n1gPsPD+G\UdPjb{AN=CW*FCf⤡N*9\\\DĜEqfg\vbϑ`Eq󮮩.o(\ŐwZ\\\*rGP\TW\"2Ԡ#\P(u)\\ReQ/\T2r \\"Pƍ\#y1,@LCGbYԳm\Dʬ07tbg}@a\ \̲Mb̯\\Z!sB\.\\-nB=m4W*tDS\\P(-Z0Z*ׅk\(\\\#\B\uF\\K.1\C\9\Ayuݷp)ıCQD[,\tT\"+\\(U\Z	DF\nz(\#V$\᫷hDaNPU\nčpE\Z\Z\ȪldDB8\ir/]j%P\\Qpb\\Qc20*K\'edd\\']v\0MH7\n\;Fo\9\(MIj%KǈET*GBʠ^\\ZUK:\\l\TPP%ԣl\jڑ (\'^)+%QfЕtt(z\nQPe\(Xtz\r8\\\n#\hdK%\>Ȟ\\"[#P%DbT\\\UaE\QD{\"8tC:\.mx\zmβ\\\r\rXx=la\\ۙj\"9EbU	FT\\CxE>\U/sܟF˘E޿F՜U\0*i\6⋚Ț/QA\{ɂ(\?CLTZ h/fXTKRQMaU\0̱\0\u(P&\ԠZ\Q*\Z\"\#q\Ws!\Zb%\>Ќ\0bݞc9/.\\2(\\* ֢\gM[\*w@}UMT!I& \\FJ9U\ƑM\\\\uC;\tjwP\sFF\A\-QrW\z\*\\n\ZjP#\0\_oC\\\0P%\ZbH\'B2\.ZUBj1뢹ņ+fm\.׭:\	T\^EurҠ%\\"Cta1\Z/U\UFIպTH(81\J*\\Z*\ZUC$J~\"l\-\\tY\\6\gSf\f}:\\(\h^\#ى8=j\iX\\*kvw\o6csE5\PlW!f\U)Ŝ. \UkŸ/G)`5Sq`D\Q#Z֐~ɳ\\\ZP#4G\F:\\e%J\*TiP@Z\\[*K+:\vb\\UcF\"cR1tRJQ,T({\\Ӆm -XoSD1\\\\Zm\ul\\']~m-\n9\Zqd\KpQ2W.bTuI@}mF}B%P\Z`wH.u\0ˇ\1*@%\\Tj$\\h\\\*TѢ\+ \rҠ۱\Uw}\Z2,;\\"E2.R]\r4\|\!\\\xObh\\Z\*zio7\ZF\\(\\5z\T,1hl]چO8]\Uk*I_6dC)1\n\b$[»!6\\SR\\20/6[\TbHIve=\\a\\\\\RrmR\PıErmtt\\\8	e\UKY\0\kG	\Շ\nf~\B9\3\n=>\z\5SVԡ	\ZPEVR<\n4\r1µCTp膸\Rpԩ\Zj\\Cު\{׈\{wr(\\պǚx\Jb\!Q<ҼZ\(S*\i\I\g-cMJ7pڎu\	(֪̪B\	g5TCVQ\ލ9Uz5~r4ٹк\\P\"D9\3\ZKѨSƱn\Z1HKq\\K˝*z\\ֶ\X\\\#͸\˸y\Y\*5\J¡W͙]U</fH2N%!`;.fLh\\Vi氚*9\VfBTCI#&\]]\r^U\\\\	uXH#\"Q@F	\\ !kD\r>\n\TruWmƪEr(]UbF9UDX\"\"C1@ST~#Z9}\zǜx\nN\Zb\R\XGTO\'9\"ѐK:¢M\\H\c\VQ\w8\\d\'M\9\0\CN314\WTL\\mK\ªg\rD|(\ª\V%Sk\\r@qZƑvby\/1(\Dk,	\] x\\4\\6V\\U\\DF\$d\*r*TLᨳ(\"D$+R1̈uq(T\`P$nk\*ŉaTꪔ7Uޥ\D\0s(6N\Hr\'\\_\\01\\*[\Z7\P(mY\\r\=T)B\^M\åq4LzpjԪ\5UR(TK*2\\Z Z\)Q%f8\B	`5\E;r4\PѨ1\8\xY0\Z6\\ wN\¢1PTА>`~m0C4\5\ZMBf\QwTFRmu\W\Bf!,l𨎵\Zk|6n(i! \*\"Mp\bF`{\XfVEF\X\	\=1QxTfZW:©PʑPePIB\"*\UF*=\\\>\B\n5vcJYCxK^\uB\K/ܥ>.e4\noU\\"0L]$\vER\\mG2jk\4̶^h\;\K*O*͢orҹ.\E$\81ʀwT\\)\\-oV\@\rG$D\]\[Zh?8\\GCC\"9\\mv<	\8\Z)i]#M\\\\|D\.;5	\0D\\*_\QY*\\U6DKeIaXH`\Xr\Q\fFۘK\j=\8y\n	\~k\;x;ٸmTTG]B.∊c{Eۨ{#N@JJ1UĝV-\\\3\KZk\NXRJ5ȡTT4dQpZĻ!\lI5jPo!\%ĩtEpK}JX\KS\+\T\&=fN[UC\U\nwwAOYCtT*f\\:1x\`\\\\a\\MM7ք?8\ve\*&j\\Yz\"Mf;+\l\\)m5.Lǽf6jA]&WdJDHͨ\MU\\6LpdTs⦯\q(C7\;U\(6Q\Z%Y&r7B\R(c{s\mLLՙ(@s)yvYvpQ\/X\8j\ALFW#\Z9\WK\Pxc\Q\\H?wM+\nC\Ŧ\ꊻ\*DjN\((9F%\\\Zso3.JHab\B90>Շ\\Dn\)2f9gE\u\xrgh\"yDo#O~j=U\*E(z*Er\@\\+V\d+iNb\Dr.]XaZl\VU\Ɵdt\'\^\{Xy˵p\(ِ\\\-zӢw\\\6⋄\Eup\\>Ǎ\\M|F\I\WS\>D\\\j\r)\ZaI\0Q\ԣ\,\LU9\CY8(q\CF-I\f*$Kg\ZHq\n[\\\\\\)EuDr\S2\e!\GDTDU>\\*Z\v\ێt\UuUMƝ\D\/t8{4DS6GNENpע\T*\\\`4zz\Z *b\\NTEqo\\"Z\*$Q59\\6\Kķ\'1uTl\L6P\lQ_SfP\et=e֠U\a\r\'j\QT\C\Jk\Zw\(\D\Q\\"F<Huj\\!\ؖ\i%r\UڽD\\fD\S*K_dP:6\@L\S1h,\l\^z\{\Hڄj\h&\{n(C!HBe%f_m@7\-Ŵ;xIT\\P,B\\rF∳$Ӆ\/V\+2H\\\\&؝?\"\n0\*\TӊUu*?\-P\\"\\eT1\*\@J/*t.EԀ*(uqBiæ:C٫\\n\-\.ŦEά\\Z`ެ\\Da\W\\Ky$T𪓽\ģ꺇A0Ě-T\\Z1`QF9UZ5\Zʪ\TdAV\GR\\\J=\\xz\#*+P!\\8\\"qL65bD%A\Wj\OT4\XWͨ85:gqۓ)&(:5);=G8\\eR\U<	\4Q\l\/	~ۉ\ \G9v\\b8\*\Aާ\"MogWew*Xz\@%\rC?hb\=E\\NݘӹGHڼ>@DY5\[^OhH\<U[\\nAq:%t(z!\:GDF*IFV\\n+TY\\\((\HiG}S@1\ ub%Ȣ\Y\\\ufGL\_kDl⃅\r\\rQ\U\\Z\'yDzEN|u:5\ERLSN\U\PCBX]kzq(ӕ\ʡ\8ǋ\JeK%\`D\',MU٦`p(gN,\'%\h\%\0]+\n_n*u\\,i/\W!00G9I\AK\R\'\14\M	\Ŗ;\~\"\4\|9\\q\2ª$XtM89n\p\jqGyE\hIP\rCJ\\J\aP)(\\/\\0,\0\0\0\0\0\0\0!\0 0@\1PAQ`aq\p\\0\0?!tՇ\O\\Xq\\\}\m\g?3\gw\\0\\0<q2\\\gmv\n\q\0|ߵ\a\E\\0c\\\kwl_\\0\RO\ͯ+\'!|e/\0\\ߔ\\0\V\\r]\ʇ|߹HJE\RdyW\kQb\g\\1J\0\?ωAjq\#&C\\0Y*\g\r\eX\3φ:ף8ʻ>\0\s~8\\\Z/\0\\03\gWٺL%R/l|gkor2\+?\\\Z\0\HeX1\Z?\0\0\\z_\0\\\Qu\Qǳ!\0X}>8bQ\?\0\08~V\0\\!}\0(\\)/\|8q#p\(΋\ߡ\0\0\\vN\/lx\\\W\?_ޕ\0 \\7\*\(<q5\{O\04/\0\\\'\#\#|<(\\0\\0\\\\"k\\\\I\0\z\\k\Z\\_\0d2\?{2		X\~X\g\0\0\tϙyJ?sE\0z_\0(\1I\\\me\'\\\\(\\;=\\6\\=\$\3tp\\0kR\R[\/\|Oh\\Æ+{w\Fobޛ\\0Y_=ݵ\k\\G2\]+X\\\X\\\^Q\p\\(JJ\\kF1%\\k{o[{h\0\03\\{<q(\dH#&\%\0\.\q\_X?ү\\\\0wowx6Hò{[A{>2qO\\\R6\Q\\ҭ\\0\/>g\Q\0\\3TχҌ9<\\\qVAk_ww\~>V?\}[\'\\(\o\+\\:O\\c\[(F3\Gj\0\)6Q\%}e?mc8c|$3\?֧eg\JS\0X.R.R_\0\\\O\õ\\m\0\?\Sx\owl\Seq\\/\\yX\X\C\>Z\(\\*\VF\|r\r\Ǽ>3(\zGX\0j\0\\\\\{\\/a\Z\h\0\\}:o++\E2b\\%\o\c\j\\0\t\b\b<\fV(\0R+;ݹJ_\\gw߬\0\S}\0\\\r\\Qє\\3\Ɋ}o\2wٯ\3\\\+\2&f|<G\?\0\\"\0ǼUbyA\~Q\d\\rg\\G\?\0\U\2ayW\GC%}\ཷ(Ê\\_{Ö0\ƚ_\0\0kNqHex{Ef98QHiW}\\\6Hko\0\/\E\0\0k_E3\/k\N*\~R\0\0\\\\\J\+HݾFvU\\\\0֐\ɟlJ\}ߔc>U\I\qI\\m\?wX\Z\>^\r\;\\\0c\7)>QMk1\\yHr\0\\Q\\)	Gj\0\fyHϼ1\׌_=\/\]\Tåj\Ζ\r3޻e\'\\6)Y%\\0ø;xoYR{C.g\qo\s|gI-\0\X\fx΃֓eu0i3c\?l\+7\0ևWc\\<g@G2ќ9^\\\0Z\0\(y\\>*_m_\r}#>\'\_\|w3\#ރ\Q0\Б\%FS#9EQ\(\\is~\0\0\0ƃ\/7c)M\>f\Clg\}\\\Q`cr#F(\V\\\ps\[̎9V@\\rx5\0ߦ|6׽͍\\*\0\4|x\\0Tϟދ\`+8<̓\\PlX\\\\q\|P\#\e#Xx{NI?>Qm\%2\rΤ\'\%O\r\\\\\K\φ\0\'\\0\L\0Vg_\0\aW|F r`y<:O0\vJ\\0l\I\0\b?{\\\\"+z/\02:܉n$W\g\n\u\G-kR|X<$xXRgǽ\0i7u\쉐{w2e\12qbkdG,98V=\\+\\Zͳ=\A\\?{JqC\\\;\I6\o\4\0bg~8\>?\0\\\P9b\1NBx\~i&UX\{\\0\\0\^\0\\\0\0\c\T\\\\ͳo\\ÿփ\}\\0Ù?\m\0{ӷRw\0\\\\6wl|q+\\\'|\\ҕ\}\k\)>V\\\\\\0J@\\.~n\\\0\\KRUJQG\3\򔿕yV)\"R?|\^o\0\yv\"\LgobF\\0\\8\\(?\9N\?\L\\\O\2\\|=v \]yn\0ܗǌQ\+\'\8\\Z\0~\\0\9}c_[\0\1F3\c\^RG\0\\\~9D\A\\g\^!\\W)\\Ao\Q_{wwV\\wk\}=\0@c\\\0\ϟ,p`\9\$\\\(>\"#CO\.3vQ1R\0\0nemnOc1~=\"Y\>sc\\\?\\uF\9	\0|\'\0\0)l_\C\0\0=\RyI\u\I<Ԋ2ohec\,S_U6`\\Ro\0d\'g6-\~kإkgc\n\kwH,W\\lʺV\\/\0=)I\0C8AxPև̓\\P~\_>	\g\\\d\\T׏Z]>\\\a탶c[\0\0+Q\0l*\h\0\OJC#jxQ\Etr\0\\*y}ްXΜ]y79	W\\u\A\O}\r.(\\Z*\e~yXZ_=|?\0+\ӿ	q9\M\0p\\l<h\n\*\\)?>\n\&9?&X5Wk\\.=\\(\\_{k\F)r\\\+_\\IZ|^R\|\󰾦QLb;\p\\`<\O@\'\:\k\0\n\0\k\\~\2\{G\@9)Gw\{\\IĒ\3y\0\}\\G\E\<?3>R |䰕\S\0\b\\\\G7Mʣ2ld\{ɣUє5X\Muy\\\x\\5ᘈqXO}\_\'ǇZ\öv\\jI\Gt{\Oonb29Wwa\_Qγ~\c\?_\0xaڦ\\١A\\\p\۹\\\\IkZ҂\ҵg\\;Qy\_^\3\I\0|\ޮ߯\:j)\sn\0 |:4*7\~\o\O?\\\˼2h\Qݯ)[&ʯߌ\\f_x6\\0\0FLFv\~ݏ]x\\\\s\\3{\\\0cb2\>g\\I9˲2qJO\3gO\0\A\W\\\(3\0\0M\\Ӽ\?\0̓E\\Е~\*\|\\\\i\0Ɍ\|r\\\?\\0\I@\\M\}:G\0pB\"{\\[\3\"!\'_1YLiok탽\$\\'Z\~Q\\\W\Ngü#)\"?Y\py\',a\(v\\\tsv@^4\?̭ʮY1e%?\\\0f\Z\\\0\]Gq\yo\\	=y\o\?x\??F2\\}y\nݏa\8\C\0\0\\\\)SJ,c\p p\\\\\0X\\\>\ZXs\~6q!d(R\0wXIZ?3yH\n7y\QGį\|\^\\>0p~]\닾\&\ۇ:\	\0*\dZ&.-y\\'~3w\2s\\RwI(\\|\\7\G\|\0\\\>\s1_\U$\Ǝ1Ƌ\0V\"\Y\0\0k\'߾gy\|\\P:\0v\:_\\\\yY%\_U[<L2+cfi\\P\0\U{+\09\!W\0{\w\\n;\+~_\\0\ֿ1~Rac\y\g\0)-\\0\#\\0|.vg}}Lw%&c%G(VL\(J\Q\$J5\\\'8\ߍu\J÷]k%|߿#\0\ߜG\x\\\Tݬf)\\\\\\\чv&Ma:V\\\]\\\\\w\\j\ÏLRGx\Q\0\>G3~\b7^f\0\\v\?Ǽ+v\)c>axqg	>}|O&\\;ǧ\\OT\\.N\v\\w/|\d\ Q\	G\_\0\K\o\0)\Zvc鋵\\\pł/F#ap\?x\%a\\\Bc̉Mt6<kE\\\0\"W\0\v\\L\"+Ң#G%yz\\'B֛\\\rl6&\8\0\Mgmc\30\'|i\\\\n:X$\\۞\0\b\\\lߔn\0W`ʾʺQ\H\'}u֣\ϫ\ҝ\\a\\^c>X-\0\sA\2=\\\j5uwf$\w\k\0\\\\o\\7\0\\)T\(z?)\q\\Z{\0\%g`\<|\ܾ-\t\\\Y{\Һ3JO\0\0`W_wbgoV\\5V颾\\ݵ~\=\\"?(w\F9JR/\0G\\&q\\OӣG^\0k\\\\]~\ֿ\xR\/d=\ߙ\\6\؆n(\0M{\;\\Q\+3?\x=3u\\v\l\4|y\0\R\n(b\0\0\Q3^\s\Z\rڕ2PF\\\YJ3|\\r\a\X;\g\\\0\0\=0\i[ ׯk\O\0v\\\0?7\w\RF1uΆ\\w\ͨ80\0xu͔c=t\r\wFױX\Gu2ac\'\f\0F}sOczd\Z/\\O|z*>*6wx\\"A`\\oyI\l3yH8ɍ\'}\0)\'e~#O\c\|\0oE\0\\\!\\\:w<1zlܦ\0Q>\_\0\\03q;\|m];uԿ\0\nm\y\쒷1p\0\4\0(b\\\8{~b[w\;\[;\0L}\\ \Gl\\"v\0\0\0*=k7\${ؤDOy~RJ,\V\[\\d\*p}򲐌\\%yHX?%\'\K2\\0e.#\g\\x\_\rU㉧K\r\r6w{\(\\\1H~\\\\Hg\Er\rkS\\cZ\W՞\Y\\Dԓ\\(\(\Gw9\0\8JJn?\\{C7\0\\l}g\\_\0\{\O\"\n\c\>\)\|@i\0\0\:{erQbQ\\\0k}癟\\0\r\ À}\\^\[E8\ſ|@8r\0\n~o-y\4D\;\V\\)K8\$uk\fyǔ\3\L3d[\\\\\|L\\v\!\\\٭[GX\0\ZŋGWS\\w\\S?\0~\\A\\łXa>\\>Rнp\\\zyo\\\0\%\\r\\\s.\\s\\_\b\\͊WQ0p\\r\0WZ\҈PyIk)?\03\\*\2p\\?\#\%yW.޿r{7\<޸\rs[ʱX:J3c\6SΗ\|UO\0)?4\\0I\\lW\M\d?\ֱ\=\۲W~\\0\rb]\y\\\0\\\no\\^RLҟH6Ô݌b\o\k\'\0\05\c|+\\0\0g>\\06d~ٸ\_\()&Rg3\O=\\0y5>c1\Z\t\\\\0Uī\\\0s\2f,ϻ{\l\\w\?\\pz\3\0\um\gq3\\==\?_uo|\\<-k\\W\0\\|͵\Q\?\\{\\0V\0>\0\ڕ\\r\0#\)Vߢ\0\AIe1GTh\\\\!\\\\'\\o\6\\\X+\Y\woN\.\0+\>R+\J\\GXv̵b\\0\\?W\\0l_\ka\>s\ϝ\\B0J^\\\k\n)a7\K`\ɇ\E4T\\Z\ub\\ _c˻=|Q.\ZA\0\ZÙ}\;\ڛY~|)7L\Au}CQ\QO(-G-\\\\;:ĊO\\y,|W\0ퟔQ\\0P+nW?\#\\\=X\5eKSs#>,\\c~\y\rr\09Qo\#yĄj1\}?UJ\0(\0x\)I\0\;iVO>խi\\0^\m\0\\H/N-%F\ZW7\{\<3Ȭg4y=Q\ `\3\`ʾR?\\7\\\0\$M\0\\\\l=\{\ֵt\ȿ/)5\ו\D\\~E\0\\\r\R2yF3\\\~\}\\"·\0\\?=\6\\ˬ\_\G\0{v)/\0\7\*)Z睎Wu0i˟I\l\P\߬\\Ru\0\\\\?\0\ٿs\4K&O{\tZ\b%\\9K\\00\\cߣt\`$t\\Ňۿ\\\\0s]\0\4o\0\=%T:B!{\?\0GB\0\bu*#c\[\\0\\\/mrV\0)\;h\0~wk\\l~5FY\ޓh1w\5\0\g3\\0\ߕqZ/\Ҿg\~[\\0\mS\~\\\0\ֵ~~n$\3X\[\jÜ\#\1I>g\9\Z_\1F();\&s^Җ\\\\z۽\S}ǟ\\\07<\sv\\r\\on\\~Q4\0W\=2/%]\\R\0{̛\3k\\?:\\3Lc[\0y`\);\I)b~\]\/:\\7~\0B\\\0\I\\\\9s\r\<±ɿX\!\L9\h\\_=\2\0(\!\:)3\\\A\\e}Gm\\Oy\8~\\I\gE/!0+\\4>\0[d{ji\\Ws\0\0\0\n{\,o\}\\\~Q?mDǇ m\\\V1\0{hwW<C\v|%9Ė\#\'#\2{d\0\\\\\\ \G\nJ\\O~H\\R/I޵/)$\g\?L%\roK\Z\\}rh ˷\zp$\\0\i\0bH\0w\\qGh}\\\7ջǻ*vg\\@\n\\\(\'ύ\\\Ÿ\\\7gH!/\in \_\\I<\vVIM|8b?>w};N8v+\~m?ڤ\:\\\^L}N>\x\#&W\pc\\PO\0)\0\0r\\*\3\0I\O\\'?7p\z\\5\r\\-XFT\gH8\kc\ei\c\w|l3c=z;\\*O2\\\\-e\iC\0\}b))Ey_\\r%=\\RL|\\G\rٷ>0876Ɓ\\0J\Q\R8\DQ\\z[ܼؐ\0c\\\/c\\fzK\gƙ̱\%(>\JJ{I\\h\.\<\\=\JI\\->d\0\e#\\"n\0Q\\\4v=\\\?\\0\\A\o\0\I\8\k1\Z\\0\(8\w%v\\fΧq\Zگ}{]\\\\SH{\\\Z\81Hz\\4%\T\9INŻ5\\0?lng	J7\0\}d\{\\\\1J_RO(ܕB\,ý\\\0)#\0mwt\\\\^ɳ\\@R)I]\J\0I\g#\\{\h_qUJ\\0I\\\\.\I\0\\0\\k\?}\r|4_\\08V8i\\\0Hq˽3wg\Zm\\ \K\(\J/A\0\ |\0\辍\ZOx\\M!FF\.z,x\\8erd\g\w7;C\\\7w@N]\|\'\0\\}\kN`\0\*2\8zpfh\w+M\0l\#\e!(\Rk> \\0\\\;rO\v\\_+e}qI%Rw\r\8\ț+Ǉ\'\0\\\\\0(Rn\\\\0sYO\\Հ\k?򔺷k{\%^8\j\3xV\0\0w绑\[#\#9Mo\\ d\\\<F)\\<n\\ܽ\\si\0a\g,q\09Y<Nžה\0G:?\\0$\Y\?(\kh\0\u\Ņw;2\\\uEV>Clu\0 o\\0\ۤ\0~\\1GbQR\0i\Z\!(\Y\F|g\W{&3GOFC\QV\?̟\v\(\\uc\\\\W;t>9\\'\\\U\=\\2g)1K\g?I\0\\9ka\)ԩn ^^4~)M\\'\\'A\Y\y\IQ<۟\;>diXR+F\0/\3c\\\0U(!DK{N\w\0\0yS?Oc[_\rJ\g\;[&ɤ\0f1Xf׵?\(\(\0\\Կ3\F\Y?ƔJk\\gA\y\\sYw\?\~\_\\0\0\AIߔ~\=w\aDK\\sh`\8ԟ}[\\LRO\0\{\k8\\hh\\\d\ӏ\r\\0X\0,\}\0_\0\3\'G<B	ӓa5\+?\\\#\'(٧F)?\\\TZ\&97\)g\\\a\0FJ\O\0\l\;\-lJ٬\\}\wgF\0=\Z}1\}-ӽF~;\\\m$~#?޾[\ω\0\+\0\cَZ/F8\!*\g\{7p\b}\'\0\0(\c٫}7\0䞻ծI\]\ߙ\<ݜ%\\.}\a\_le~R`\q{i?\P\М>0\1ʍzevk6<|\4[\\	\#\7I3;1\\ڎ\\l9\m|oܫ=}\\\UWPxs蚶\Y]Ց\vL(,~3c=\0\+yN\'4os\ܪG\\.6fdc\;\Lu\\ӏi\v\0㳗\\0:s\\\y\\\-\0)GWH7\\\DS)\X\-ȳv9vtl\a?>4|+[\G\0\Z؃\\o.\\\\_M.\\le\rg\ǥ\0GW7\\\\O\sfL2\!]ם0ۥ\ߡ\8NAA9\\[˰\\k6=\\0\0;ee\/\;\2m?M|1\03@\0|y\\\\\0\M\\'3o%yFz*\0폎\[\'y\F!w3>\\섾;s\KqF\'\\\?\\X\*w\v\\\wi,|	uǧ;rhdW!\\}\no0V\r\&\\؝l~w8\?\hJ\\\d\K\q[\0|\\]~Z\"c\C\x	[[\b\ZM>>c-e\^\\N\v8\05x\*N\\R+\R<\|\\0B\\\\Lw\\\eFTVI\0?\\T\\\\0\+\\\0\{\FN\\]@\roЬ,2;}\Q1MYJ7\N]wע,\z\im=z?S\\\9\܍7\{\\0$\0Z>M+h.M\z=5\g\P	\\{\\\(8\0_Oyr(\(\5b\\-^9p*o~q\x^\\}\\\\\3ҭhu\0|Ш= \\)3\g+\ر\ޯ\}\twy&a5gM\\\\\=\<?\/z_etwl5\0kZ\1\`.w\4ݳ:s\\gɯ\{)\0vľ(bϏ_\< \\\0NR\U\Ϯs\\y\\wz\\v}5\#\eWy?{\0Yq>Zq\EE\0\0\0lO\\%\k;\0\\/.s\{|\\\\f>|\ykHا\\E|&\,\G\\'\\(kmS\4n\P\\\?\\\Q;1uܚ\]z\\=\}t}ZV;ۃ_\\tTk\\SI\\{\rֈ\\'4Am\=s:w\)O\u/˹<ċ=\l\0\o\u\\xڇW\nɾ/a\v\\T\0w\0F\{龜d\un^Q\\?\\3\;֞~2\\4K\͗(ޟ\\0oq,\0-\'roi~LFt\\\խ\0.dMo\\cL\\??U:͓\0>Z$\ro\n|O\?dܖ3i\\~\쫱ĉEkp8\Oy\/\\tջ\H_]\y\\\KG	Ü\\|\b\\Ƈ\0~\\\\\#wG)\0\y\K\\8\*߽\rݤ\u\\բ5nsZ\GE\\K\~M\}o~J3\w6wOŲ=&,2r\6\\\rǥW+ݙM\MF8>\\rFȋ\r\r1\ۯlx\\\\M-À`\\\'ǳt\goG:\[\7\3v~e\r4T\0\	ߙ]\\;7m\[|KnJ}~\'\\0|oo\\0q\o\Ci\jiy8G\\\f\\ru\3\\\\\\\\0\Qb߃-:	\S\\Y!o2&\\\\\\u-ka\w\L^L!{\Ao\qN\ \\>\\0>\ʙB+\'\;\=T\\\I\rwC?nSǣx\0{gs\̌\\"n\O[C\?\՛g0\\i\\\\}\\'?x\\Z$J\y_%ZzZ\_\<?E\l\{m\\\\m\o\\\⿜yc\ҳ6}A\O|c\\~w\#\0΃Ü2\z\n\(3\G\w\\\\\\T\0^\{z3\3\vF\tLr6LӾ\&Z@NC\=o5}hO<=_\ύq\og\P;\|\	lG\ʾ-\'a\>\\\\,\'sWuɍcy~p\\\0r5\Ύ\\^\\寮Nϗvc\(MCw\'\Jv3]\"5\P\w\\i}[\~<f`π)\\Ncy\4\\\0g\i\3t~0ҳ\׽\Lsm\Q\Rl\̬}\0\\y+\P1Nޅ\\[~:VQ;/\3ڃ\0ߌ\M\9\>\P\'#ƽ3=\\\&\Os\rd\݄\0S[ѿ\\NU\\\7\g$fVK;{7oUO\\+p]\bʆnc\<\7R\e5X+\n\zɧz%߻n*\nˑ|\][ޏ}\\\\0Jmxd\}\\&\Oݷ\\!w\QS\\\5\7\\0.z\\0e\\\e\0><\i>Ӎ?+\>Ֆ\\Ž{\\'4\\+sP6>5>U-Sks\'-_v\\\S=x>\8\Y=˸|\'\")垽\\Z\o\ν\\~L:H;<P\\\3G𚪾k\\t\\0\r\n.4\'rHL\$\5\	)\yrs+o\뼎{X۬\	?c{\ۚ[\\97׎\0~Mu3\Z2;{\NWC\\&Y\'{9\0\NM\ӚvgNv\ct\}\\B\FA\I\\Ȥ2n\\Z3\\s\'y=33\\%4\[\Ļ߹c\\[\߆\/ӗv\0\nSrY>ڝY\\O\\@\\\.G	x\k}9\\0j\-#\}k\y\>hɌs\\4\\3y\jNϻۂgSg\8(mb\\诋3\hOrs\0/=ri\3\\ڼ\\{\"VV\ɽ\C\~\gm\ߧ\0\\\\\\S\,\3\\\QEņb\<lzm\O5q\}$o\E]I)/\Q&\Oi;l\?$©\:\:\gW\0\\z\Um=ߕtXŚw\0E]3~?2sok\\\yKm\i\OQ\\\\\\\x+\U yD4\\\k\.|\\Z\\s6\\\\\0\0\0\0\0\0` \0\0\0\0\0\0@\0\0\0\0\0\0P\0\0\0@\0\0\0R\0 \0@@\0 \0@\0i\0\0\0  \0\0\0@\0\0\0\0\0\0\0\0\0 \0@\00A\0\0PD \0\0P\0\0\0\0@\0\0@\0\0\0\0@\0\0\0\\0\0 \0\0\0E\0@	`\0\0\0\0\0@\0\0\0Q\0 @\0\0@\0D!@@\0\0\0\0\0@\0\0\0#P\0\0\0 \0\0\0 @\0H\0\0\0\0\0\0\0\0\0\0\0\0@ \0D\0\0\0A\0D\0\0\0	\0\0\0 b\0$0\0\0\0\0\0A\0P] \0\0\0\0 \0\0\0\0\0\0\0\0\0\0@\0\0\0\0\0\0\0@\0\0\0\00\0\0$\0@\0\0@\n\0@\0\0\0\0B\0\" \0\0\0E\0@\0\0\0@\0\0\0\0\0\0\0\0\0\0H \0\0\0@\0\0\0\0\0\0@\0\n \0\0\0\0H\0\0\0\0\0\0\0\0\04\0\0\0\0 \0\0t\0	\ \0\0\0\0\0\0 \0A\0\0\"@\0\0\0\0\0G\0\0 \08\0@@\0!\0\0\0\0!D\0\  \0\0\0\0\0\0\0\0\0\0\0@ \0\":(\0\0\0\0@\0\0 \0(\0\0\0PP\0\0@ \0\0\0P@\0\0 B\0\0\0 \0\0\0\0\0\0\0 $\0\n\0\0\0\0\0\0\0@\0\0@\0\0(\0(@\0\0\0 \\0\H\n\0 @\0\0\0 (.H\0\n\0\0h\0\0\0\0\0 \0\0\0\0\0\0p\0\0 @\"!\0L\0X\0\0\0\0\0\n\0\0@\0\0\0\0\0@@\0\0\0\0\0\0\0\0\0@\0\0\0(`\0\	( \0  \0\0\0\0\0\0qP \00\0\0\0\" H\0\0\0 \0\0\0``hh\0$ +\0 \0 \0@`IX\0\0\0  \0\0\\0`\0\0\0\0(\n\Z0\0\0\0\0\0 P\"\0\"\0\0\0\0@\0Ҹ\0\0@ td 	\0$!@\0\0` *\0\0\0\0(\0 \0\0$\0\0P`@\0\0*\00\n\0 \0\0!\0*XH \0(\n\" @\0\0\\0@\0 @hh\0\0\0\0\0\0\0\0\0\0\0\0\0 	\0\0\0\0\0\0\0\n#\0\0*Z \0\0\0\0A@\0\0\0\0pL\0\0 \0\0H(\0\0\0\0 `\0\0\0\0	\0\0\0\0 \0p\0g\0\0\0\0\0@\0\0 \0@\0\0\0\0\0@\0\0\00\0\0\"j\0\0D\0\0\0DT\0\0\0\0B\0\0\0\0\0@\0\0\0\0@\0 \0\0\0\0\0\0\0@\0\0\0@\0\0\0H\0&P@ \%\0\0\0\0\0\0Q\0\0\0\0I$D@\0!\0\0\0\0\0\0\0\0\\0@ \n	 \0X\0 \0\\0\0$\0@\0H\0\0\0\0@\0 KB@\0\0 \0\0\0\0\0\0\0\0\0\0`@\0K\"\"\0 \0\0\"*A@\0	@\0\0\0\0\0\0@\0\0\n@0\0 \0%\0\0\0\0@ \0\0\0\0A\0\0\0\	 2\0$*H\0\"\0C\0\0\0\0 \0\0\0\0 \0@B\0\0\0@\0\0@ \0\0\0@\0\0\0\0\0\0!\0 PF\0䀙 \0\0\0\"\0\0@\0\0\0\0\0(\0J\0\0\0\0\0\0\04(\n\0\0 \0 \0\0!\0\0\0\0 \0(\0A2\0@$H\0\0\0\0\0D \0@҈\0\0\0\0\0 \0P\0B@\0\0	@\0\0\0>\0@\0\0\0B\0\0\0Ш\0@ \0 \0\0@\0\n(p\0\0\0\0\0\0  HB \0$\0\0\\0\0\0\0\n\0@ \n\0\00\0\0\0 \0(\0 \0\0(\0\0\0\0P\0!\0\0\0\0\0+\\0\0PC(\\n\0\0\0H@ \0\0@\n *\0\0\0\0H\0\0\0\0@\0\0@@\0\H@t\\nJ\n\0\0\0\0@\0\0\0@\$[\"\(A\0@@Q\0\0\0\0(\0\0 H\0\0)L\0\0\0\0\0\0\0\0!\0\0\0* \0\0DD\( \0 \r\\0\0\0\0\0\0 \0C\0\0\0\0\0D\0`\0:\0\0@\00\0\0 Dz\0L3\"\0	@\$ĂD\0zf(\0H\0$\0\n\0\0\0   \0X\0\0@\0\0\0C\0\\0\0>\0\0\0H\/\0 \0\0\0\0\00	\0\0\0\0\0\0\0\0\"H2\0\0* \0@\0\0 @,)XB06\\0\0\0\08\0AD\0\0\0\0*\0 \0	@\0H\0\0\0\0\ &\0\0@ \0Ah!B3@ \0$  \0\0\n\0\0\0\0 \0\0\0\0\"P\0\0\0@\0\0\0\0\0\0\"@B\0\0\0\\0@$ \0\0@,\0@\\0\0\0\0\0 0\0\0\"\0\0A|	\0H\0\n\0\0\0B\0@ @\0\0\0\0\0\n\00R\0\0	D@PH@AÄ,\n*@\0@$	\0$ \0\0 \0\0\0\0 \0 `\0\0Ō0\0\0\0B\n #HD\0\02i@\MC|:cJ \|	,H \\0!\n\0\0I\0\0  \0\0 a @N$\0	PD3 \0\"\\"By\0\0\0\0 \0\0\0\0	 T \0\0\0\n`\0\08J AC \0\\0U!B\0\0AB\n\0  !D\0(\0D8 \0\0\0J\0\0\0*PJ\0RE00 G|@d\0$P\0\0 *\"\0\0\"\(\0 \"\n\0\0 \< \0D\0\A\0@P\0\PA\0\\0Ao\0\0\0\0@\0\0\n\0\0\0\0@\0!\0 \0\0\0#\0\\0E\0q@\IQ\0\0\0H\0\0\n\0ʠ (\0\0 \0\"\0H\0 \0B`\0\\"\03 @\0-\0\0\0\0\0\0@\0\0 \0\0\0\0\0  \0\"P\0\0 \0\0\\0\0ŐN\0c\0!\0 rB\0\0\0\0(&\0\Z$\0\0 \Z:\0\0\\0\0\0 \0 \0\0\0\0.\\0!\0`	 \0 \Т \0(\0\0\0)\0\0` \n\0\0\0 \n\0\0\0\0\0\0	 P@\0\0HŎ$CĀ\0\0\0\0\0@C(\0 \00\0\0@$\0H@\0\0\0P\0\0\0P \0SBI8K	!Rj(\0\0\0  *\0*\0\0\0\0\n\0\"B61\0\0P\(h\0\0	MiP\0\Z\0C\0\0\0\0 \0DD\0!\0\0\0H\0d (@\0;2$\0p\"0H )R0B \0\0\0\0\00\0\0\0 \0\0\"@8\0\\0\0,@\n\02d\0T(\0 K\0\0 \0\0@\0\0\0\0\0\0!\0\0\0\0\0\0\0\0@\0(\0\0 @\0H\0,KA\nH\0\0\0 \0\0\0\0@\0\0\0\0\00\0\0\0 C$\0\0Df\\0\02\0 \0@\0N\0d`HS\0B8\0 \0\0\0\0\0+P\0!\0\0\0\0A\0\0@\0\0\0\0\0 \0\0\0\0j !\\0\00\0@\0`\0\0\0\\Z8c ( \0\0\0\0\'@\0\0\0\0\0\0 \A%\0\0 \0\0A\\0 \\B\0\0\0 @\0\0\0\\a\0 \0\0QdA\0@3)	(\0 <@ \0\0 D \\0\0@\0\0J\0\0 \0\0\0\nvA\0\0\0\0a\*S\0 \0\0\0\\0@\0\0\0AB\0\0\0\0\0\0\0\00\0\0 \0\0\0 \0\0 \0 \0\0@\0@\0dfT\0\0  l\0\0 \0\0\0\0 C \0\0\0\ \0\\00@\0s\@\0@\0B\0\0\0DC\0\0\0\0$`\\0\0\0\0 \0$\0@\0\0\0\0\0\0\0\0\0\0\0\0\0\"\0(\0\0\0\\0	 \0\0\0\0\0\0B\0\0\0S\0C$\0\0\0@\0\0\0\0@@\0 \0 \0B \0`\0B\0@\0\0\0!\01\0 \0Br\V\0\0\0\0\0\0  \0@\0\0\0(\0\0\0 \0\0 @Q@(\0\0 \0\00 \0\0\0\0@\0\\0\0H\0\\0\0\0\0\0\0\0\0\0\0\0\0\$\n\0\0$\0\0\0\0DT\`\0 E\0  0H \0\0\"\0\0\0\0\0\0\0\0\0\0\0\0 \0\0\0\0\0@\0\0\0@\0\0x\0\0\0\0\0\n(\n\0, \n\0	\0 \0\0@\0\0\0 \0\0\0\0\0\"\0#H\0\0\0\0\0  \0A\nDh\0@\n \0\0\0\0\0\0\0\0\0\00\0\0\0\0\0`  \0\02\0\0\0\0\n\0\0\0\0\0\0\0\0B\0D\0\0a \0\0\0\0\0\0\0` \0\0@\0\0  \nA\0\n C u	\n \0\0\0\0 \0\0B\r\0\0\0 \\0\0\0\0\0):h2@\0\0\0\0\"@@3!\n\0\0\0\0\0 \0 I \0 @\\0\0\0\0D(\0\0A\0 \0\08\0\0 \0\0\0\0`\0  \0\0\0\0B\0\0\0\0A@F\0#\0 \0@\0\0 \0A\0\0\0\0\0D\0\0\0\0\09I 	\\0\0\0\0\0\0C\0D\0!\0Da\0\0\0\0\0\0\00\0 \0\0\0\0\0\00\\*@\0\0\0\0\0\0\0\0 \0\0T0\0@\0\0\0\0\0\0	@\0	8\0A@\0\0A\0\0(\0L$  \0\0\0\0\0\0\0\0P eB\0(D\0 \0\0\0\0\0\0\0 \0D\0$ \00\0`RH\0\0@\0 \0@\00\0\0\0\0\0\0\0\"\09c\0 (\0\0\0\0\0\0`\0b\\0\0@\0\0 \0AP!@00\0(4Q\0\0\0\0\0\0\0	P\0\0D\0\r{\\0\0>E \0\02\0!\0 \0\0\02\0$0\n\0	\0 \0\n\0\0\r\0\0\0@@	\Z8\0D A(\0\0 \0\n!!\0D\0  \D9 8\0\0\0\0\0\0\0\0\0\0d#6 fa@\0\0\0\0\0\0\0\0B\0\0\0@( `\0$\J\0\0\0\0\0\0\0@\0@B@\0\\0\0@#*\0\0\0\0@\0\0\0\0\n\n B\0 a?0B,\",\0\0 PH\0\0\0\0\0\0\0@$p\0\.H\0 \0(\0\0\0\0(\0\0\0\0`\0\0\0\0\0 X!	\0@0 \0\0\0\0\0\0\0\0D\0Tt\0\0\"\0\0\00  \0Ix\\0BD\0V(\0\0\0\0\0@\0@\0\0\0P@4@\00\  K8\nP \0\0\0(\0\0\0\0@l0\D33\0\\"\0\\"\0\0C\0\0\0\0\0\0\0\0\0 I\0 \0 (\0 B\0\0\0@0\0\0\0$\0\0\0\0A\0 !\0\0 \0\0\0\0 \0\0\Z\0 \0v\0\"Y @{D9 8`0 \0\0\0\0\@\" \0\0\0@\0\0\0\0\0B\0@D\00n_8&@HX)\0\0(\0\"\0\0 H\0 `\0\nD\0\0\0@ \0\0PbL \0 \0\0SGPYQX(\ \0@B \0\00@ p@ \0\0\0\0\0\0\")\n\0 I0TPo(Gom$\0  h\0\0\0\0\0\0\0(C\0\0B\r\00\0\0\0\0\0\0H$p\0\\n\0\\T\H\0	\0\0\0\0\0\0\0\0\0\0	  \p\0\0\0\0\0\0\0\0\0R\	`\0\0B$0t\\0!\0\0\0  I \0\0\0\0\0(\0\0\0@\0\\0 !\0\0  \0\0@\0\0 \n@\0\0\0 ,\0\0APtp!@(\0\0\0\0 \0P\"H (\0\'\0\0\0`\0\0 \00\0\0\0 \0$%\0M`\0 @$\0@@ \0\08@H\0 \0` \nR\0\0\0\0\0\0 \0\0L\0 !\0\0\0 \0\"A\\\@ \0P\0\0\0\0\0\0,\0\0\0PH$\\0*\0\0\0\0\0\0\0!\01AaQq 0\\@P\\0?r\E? \\9OUU}ś \\Z2=\C\h\{\=\n2=,_q\n\7\S/\Bv1\kۂ-r|k1\m\	C\ \\y/#\'!W\|m=\C\ʋlbċna\\\\f\0Q\=>U_a\"\9ȶ璌~\\_p_\r<R\\8*\n\\>-\+!\D!\3r*HH2=L9\\Ж\0NC\\\n3\\~H\"\_߅\E?=:y\\\5:y\\Hr\Z9T/ʗ\~[s\\E<\\\\\W\sLstzk\`\\"۟f\v\a\aT(Hё\Ћl~)G?y\Q\0Nl/XĮ\Zz~~\ȶ\d,>8 MS\ \\T.\h\\0\k\nÊ\_+\\ \\l~[s\wOl~?[|\\ㄅ\niW)	J\0Ƚn\0r\e\gV\\}\N@U|\'\E?\\"۟~z\\\]W|r\tA\Ia~Ja!\w\\\XxOBs\0\r\\\L?\neLz\\0iaO\=~zt\\;qU}\82s$9 nb\n\O\E<z~(\:y\\n $\\0\K\#?_φ|s\+y\a72C\\"۞2\sSz~\e?O2ʕ~Ic.~ʾ\:y\\Ȑ\;&\.uK/q2=\0\ׯl?yi\\g\\0۝\[U_az75I$[cۘE<rU\8Ж\?_\L9&9\Qm\-_d{d{ۘ\)\\g\rT\_qQm\\"۞PR]\/=zXu\ \"M\5\\\%\\\\b;F^2\Nc?_Ϝ<2<\	c\"\9\\FN\0\ć!\\F\0\3\\_\Y\\\b\\G>|݂\I\K~d[s\,  	)8L&Ti\	R\'x\c&g @P0D½|Ez#ջ\"\'%:yۘ0Qz\t\\\"Zl\ޒTeݱ\LBd\r\ć!߅z\E1 \Y%*	\\\@`t\HU4PC$I\x<\\Tli#f\㒽||3\o\ y}P	(\6]1\phV\(vk\n\rwOD@\.n#/O\`).|\8e\ɻ\l8\y~\\\)\\BJk\!\;\\O0盂6?\\"1r\?c\\\Z\\rpB\0\\\q24Vrz }Z\l\x\I\\D]\\\'o< 3l< Ȍ\%s\\f͠.\'܄\(1vD\m\k0\\yz~!27F\\\r۞(\\!2j#\'ī\\$#߆~Qm\\"۞c*Cf\n>QԇS\\u((=\ZB	\[\\\\ns\.֏Fjf\Ma/\_<o0\J2=[sg\\\^snPD\J\\Zb\ZZH\0@F\_$^!g:Y\mx\I	\N:\Bd	\B0)e\\C\\\\C\0Fp\jL\S %\0J\0@P\\\B@`\0`$0ۍzg\\\\n\HP\0d?\\n¯\Ky9m\*BU*Ș\\\00Dg\\$==\RD\\		$t\0\l_\Ze\#\'	&% 8Y\Uz)&e9J\0adfVR\9ɩ\rl\:(*4Ak*=xF\n\*+\y|\GLfPcX\Z%5f\0\rDQ:\v(\Oz`Ǻ\^\0U\\̫	KʂUռ@&@=bjdje*T+{F ,`\xYĳ\!\09:X!dQ=dw\0\r08\`\0S\\c\{4CA\\LB\VsC͓\rs $ L@%Z@	ӌ\3ۄ\3\&\0\WsG\\\f\07_(Ta#\	\01p\/	\@\,\\9蓂*\0B:=F(i\r\Zgz\\&пZ\JlH\0ĕ\\ϗ\S\nI\"%\0	I\@ESDVI\i-d	B|@4[\{\\$7d\d KP\$V&`\\ZZK\"@\S(p(P\\C6p\2DX@Y-%8q\iiob\"L.lZBpg*\.\HG\"&	:2:\v+f\\\\0 \0\"@^dxC8BpU`EN%$2\!\\	\d\Il\\'hM\\I\ZP(#\(+\0RBVD\\\,\7dQ\nw4#\"KoB==J\h\N\3Oz#\@ݷZB1!uF\(\(\g4H\n*pbgT 	\0\-,\\0\ W]\\'\0\$\}6/^ƈ!BT\"#+<W:%\c.d{_\0\Bd(K;b\\\	%	\"\	Ri\Z3MR\0\0\0@X\\\')@r&\Ly]) S)Q1H]` #\Ԫ\0O.Q)#UuLbb\"VF\\"\"a=\S6.PDf^\ʋn~\dJL\&\\0ʞPq:HJN\3\Nf{7\ZxAQ	\rSbBS;$\0\0\0\0̈\'\\pjv\"۞U\ ń?L	d%5m&i)h(\ЎB\@(\?ay\A50!hUrT\>\ng,#\\-\\\?<\\hdK4@\n\ZOa\\\n\0\\$\0T\"\id\\ZA*=\nzBЬP\ I#Bĩ$v%L\R1p;|15KKg\0O`IIIW\ޡnH2=W\\\8\"۞R2\0JIB80bb*I6\q!\o\\-$9Qڵj\|J\=Iμ1¹B2N.8\nșO\\rC\'\X\!\\dPi2ݰ`rD,+RIT#A\Z\xI}	nU-\d\޶pM|I6T0.JY\0$\~\(*W	\)ˇIpf{|4\\\f\d˟\22܍\)`5Sl0\G \n\0H\0\,\06AL3=eqB\0B\n@H\0\0\CD\C#( A9*/$(E\$<\X]А\,\J*:JQ\\\5\n,t\;Z!\[\\n#ވv,exR.Ywh2\ZsVQ)\\\0>\0hH)1;+)hN?iTl\\\%HC 	$_`\^7BB\'BoH> \0LSLg||H\\\\3>Ss*0u\ȣ) I#eL3=WS\$z\[\8	\C\f)\,U]s!%@+\5SDQ7rSw/`MD\ʋl`T\rL-dp\nQ|\\r\\07\, 2ЎR\nC+/\nfd\޿ß\\nmƫ\8spT5)\096<8&ׯ\\)#\}	\fȉ^\\0\nTzYc# \GxFs\-[cǅ}%ym\gJ1 :R\0CĒX$^Ez\\\\x\0N&\@I\\Y[@QQ|FHH2=H2=\A\Ƃ[~ܰ4[\{E0na\5KKw4E9\08nd\-~+(ܔ\0d\nHT%\RJ31BzX\0c$3\m\n4%!\+\\1\v\dS\Ⱥa\C D#߄#\$=ēd;\r\\\\\H\"ۘ\çt\# \\D{ A\3}\h#\\\09\ZXH^\p\\N\0HS?TOY\Ǫ\i`H\n\R&elP)4+\\\g\l@>\>	ʤN\B @\rzG\Zxf9ܹc@n:hsH2`\\\\yCI	@[}!rLe9\ISd1\IP\\T=(V\F\$-%*bIK\eh\nXH\;\՜\%\A#2N`)B\"G\\\^?F\0	\.J+Ȋ\-\0QK\_ \\0\䡠\B:B\KvS	^[\"\AP5lT̢R6\5p\AԒuRLe\\ \唛7\\\"(\\T\:\kĕs\r}\039\0\ĩ$\0KBx>/Oz^8U\nȐ)Re7RZ\PB\dR$\\!1ِ\\#Y#m/\\;4\\\\\1\ְeSBCB3&q/A\¨W+\09$$\'@YX(A.ƠTB!K_cR~D[sϟ\*9r_5\\ƿko\%\0L\\0S3E\4*L@AP!~\Z2=Q\ͩo4J\'T\"ۘ:uhK<\0\\rg@`\TIK^hl,d!R!9eC@$}33%al0&\\4=\r*X.\\!C*VʊA\nArP#\\΄\ё\9\o\'͈\\?_ς}\ GP@iQ<|S\xd;E\ \\Z{,DaY\O~]\"\|\npHAP*ՠ[\\ \H$IQr\4&_aȀ\C%1P*\q\"1I	YTR\\0\0.2Ƃ\HfcA\$*!%F\\ U\0x)Eԯ\0@\\7\}\\1\v\^\"<\04ʥs\1$J4\0\\1\$\^8\\62Û?_\E10\ᓀsKKkĉ,AY\\\"\\n\0-B̀ӡ\r\d-c\n2=\0\WL2#b!\nh,eƞm}\K٦LH2=PN}d9Nyj\C\T^7m֑>%\5\\b$QT}%U\\7\\sU_qW\|.\Q2T\0:Y\R!]Ю\'ȋny\'{&~1\v\\}!\\H=\xd5[KkDT \\"Q\\H`rcr(\}\\Z\̫\!W\q5EDY\\_\#ߞA\\ \cXM`;\ZQe2\nX&v$%qO@\\]\n\*#@PT<1I\D\`$\Az8b\\c\P\RdN5\V\0-\0\dષ\ud\\;p8R\ Ig\0l3\0Yr\\L3=L3=~ZE$&l]oH\\JUE\n\0\q|g\0I5\\\qS0Z \\IM2\\H>JdT\Iz\\I8׀$HH,\\KF̈Ȁ\K**$\DRp@D2RR\5\\\<pC\c\\nX\̠)b )QiE_q!S\\\>O[p82@\0}KkzWJ\P6@\"\B	Rļ*\oA\½|E<9!\a֭г\3=K TB\0^F\0>X:$f\~\UBJUIPX5!@\!\\0ܒ$3Q\eB\dGg\f\n.*N(O\E<2|M~a%\nC\n\'\W%0RP\1z\`\r<V\\\5\\+\\Siⷞ\\ɣ \}\"\v\>%	m1l\(\n@J]\nɟ\Hr\\y|o	p\tEHeL\.*,A\\\%#\礶i n~GL3=|B*w\\;@d!opEG_)\\̭2\h	\D pJ\=QU3=T{SZ`\0hhBm\fjR\	\\5PB!\\Znܤ\h\\m\\\v<}%_!wW\\\	52Z\8\Zd;\r\\"ۘѹ}\H2=\A\\hC\w~%bvxӧ+y\q˟\\'Ab`XzB\@X?\!p \a\0	\L\'H*5Vٽ\d8D$\0v/Peth@VI4U2dȶ\+\\Q\\n\*e\&\L\1n{ѩHC\𢖞\d	8S\&c!\FtETöI\\t]Rpe\0\2\0Ui\YA\R-981I\0h\N\\(\S\0\0$!L\n\\\f\\2GH2=U\n\v\\)\\\n+N㌭;\#45\3,R)\+\"\Pd ,\\\E0@\nʡ]3\m`bh\Z3h\n8I($(\?\\~\\Z4\\n!\W%\"\H<\HP2$	\*l\8\rvg\^ /&\0TLg	P\f4\\I{)\\0\\0$+ g;\)32u\F6nۭ#F\}\2i\d{+y\ak\Ҟ\0\'	\\\ug\\\mu 4Bt\r\Q\0\vU9`PyVP\tK\5Ujd\S,@ek N\_d(PX9\IR*APH(m	\0c\\\A\n\9pUJRk\0NX~+\ѣsT\a\\\)$֓\"2pv0\k\2Y+^dfp\pQO\[\\M\IR	#d\`۫0-C:r4$\5)$\T\\\0\Ì\A\r$Kl]qW%H%S\\d{\0-z\U-:y\$$\&\\\n\r\0\Z0\h JHĤ\\r\%\2*38z{ԥ\4=4\%a$ћF\(\"@Rx\W쒄\R\@5u8P30^\r\0\0$!L*\\\Fg#E15\\\1ۈZ#\\rp=S?_\y\\n\	QR,+\KJ4\%\\\\\n\}\H>6oqY\\uz{ԥG\ZD)dvfʹȪ\\5I\0%U\\4U@]( ٽ\d?W\p\f\Ӛa\~5\nM$	D\\qfLhp\0nbM~*\x\rP@,#\l%G,Tv\i*|犯#߉5[K{f{q \nTMG*(-*\0\\2=\"۞`dp+<eb^@C\"۟\\L3=\Z*\W \WW-&&RpI$T\L\\FN\0ȡI\B)QT\zS\$F~K@K;X`-=O02+)q-%^\r.2]\0uEh@\u2\na\0¸\"\f{s\"۞2x6\ZxH(IaBU>F<]8\nH\\\BҀ\\&\e>\#0\~dF\rvfv\Zg)J\3L`\0\aMU=\0\\\0\"DDI\\0J) \4+!d\\m-~_a½|D#\$\0R%)@mܓ1\3	F\U\r;\';\'-\r\^f	Jd\\D$\4\\DtK\@LL\7+@\\<d\٭6k\)-\0\"m[Z\0\\FG\0RHT\fG\PH 62\"h1\'\\\[sȋna\\-[s\"۞D[s\\H\.ܐC9P!\PzAf{FHTm\i\\QoB\(a=\ً\\w\0^\kAK\ZO\Bh&\Z%%<lݷZ\'Y\\\\;p\f\\iS)L\0)$\0s)A\PyP0&!f53|\>T[s\0r\$X\\If\\Z[pQP\$L8m/@\uꪦkJPGT\08ѼZ\nV\z\\Zs8zDVŕpxRo(O\E<+\\-O7m֐X\{JL\0&\Lj/FU\y,qr.Ǘ.l>e_q*Yԙ\V\(bx0Y\KPI\'Z\z\\<\A\\`\Ka  Rr (ҙ_\'yf0\0\\\P:ǰ\(K߹K,\"\\lH]\r\r3C\\'~\\~&H*\f\\+\\G=|VB\\r5\\HK=S͠$\\RJFg9yGU`ئ2(IDA\\C0=r\\A)\*#\;+(`Fׯ\\n\0\ZfGX-KIAP\0QU\"ۘ\#\v\\\+!d{\zd3\f{FhQ\:2=W(p0\"j=2JF1\"Q.,$ t#;N\\U_qW\s*U«\>\n=(\0nP\F%:H\ɰ\\h1~l\)\Y}hB\^j\$٫2zῦF$1\՜\'%\nڒQZpGE\')ʎ\\\T_9LU#3e4f	i(kTY\\c\:-\rOPXZ[؎pd\z{ԥ咕Du\\P\n	\cjCaM$\j6\'ua5z<P\=\0\\n@\u\\BmGo8\\d\|Eb\$!r;\\߂\Z\H¨	^\th\SD\\դY\r>L` ~\펱\\\ZM:\8@\'r\DR֝\'eM\'/h6h(\^rL@u <jv	l\zw O_a\\nBPuy\0 \0\\㔐\09&@Er!p\𜠒I$*I38\i3`!\){\k\0BGE\\KѦbu\\\\\\\,D(\`C(\0\AŇfi0dl<E\\B\\ G,NY`\ZT̄\\gQVPMwQ+^H)\\U\LDQ܅ͮ240HrpoAYS+*\"VC=hK3gD[ad_2XvJ\pu>`F\"t\\!HB\0ʠM\-uK\ȋna\\\\ΰs	I@&MQH4\Zu\nI&we\[\Ja@(@=\SFi\'M\eO\"\\Ĳ(\<YI\\\ɧOG{\0\\\!V?N\\\nxY0Oli\\R2Hh?\vHY\\\>0 ,۷\\\'\p\J%\\#\0\}\c! \\cT*N%\\z2.\ iD\0@KhQ4\\"\"(˂\I^#Z[٬P߅,DA^hMK@k%T|\n\a\ȫ\>\n\"@\ \0)*2\` |\1R\bN\4y5o\&\"\yTJ@/$\n5b%\'\0\"d\Q1\v\\ȎH\FGo\ZRoHf{qR9&\\_T\8.^\8u^i\n\0z\\r\\Շb`:A$R\@\,\\\@\r颫\\GT4\\X/ \V\Z\\'a!\u2T	\Z4\&\0\%l=-oOI\6͜#2>YE%\\Ohc!Qo	ç;\'ʣ#ߐP\0T\\ᒆ~લIԺ*BRZgdLRLqVd(_,Q\9|N:70\"U+C\^\\r+?8>\Ud\0\\e;J.<EYW\r9\Z\D\0L\0K\\8I{\@\6\H\;|\\B*\J\z*t\MC]0Ҍ߆2\A\:hƚB\;\\R`\I(1,\I\玒aAgCg@k)\ȩ?\ j$\l\X%Eqp\ Y	\!@\0hW0`H\]\	\+\0V2[\#HMF\ RU2X9Hq73?B\tx*	2+7\"{\Z%@\\n2$k\E\T~n\`6d!>\nb| E\6Ti\0r\Z`\hJ@y\6qH]w\n2!Wڷ\=\¸\\0%ЂQ7f3AE\QP6IC\p\\\-7m ii6A޻4\0\-u񉃀38\ް&d\A.[\elb\N>pEc\\\i\\0\\e\P\W\4ݐ\\dq\r\*<`]%IԂE\'\ZQ6O\\"a\\0\PxN\',L\y(JbCVWX3\'\yDJ.~C&\:}\0K\/[\?R+\5\\\.\ZhndɆ4\$(\'k1\\O+8\nU=\	$J`C\}(^0\H4J=\U (\rT8@<L\\\0B\\\0!pI(b\nY> -*\\"qD\0ə\n;Z`\p\"\'b7	/<m\\'\\0\ZE`\00	\n\\Lj\.®\CըВ!`\7YP013\X=Vac\\QzV\0\r\"w\ư\\|f^EJF1Nu0\7-\\r\"E(LBB^D8OCAZ\0r\0\Jm$hTea> a\^>PiⷞfЋna&.T\nQΰR;&?P\ɳkеX\xQE)`:I\\ZDגQQ7\`\n]\HwE@0Xd|1\r\\\a޺ጣF\\IW)A\nS<\H% \n@  \0(BH($+Gj	pJ-Yz	Hf*(ԕAԒsslK\\0fe(\0L(	@$0\nH-A*\\(*(\\h\\\\0\eljq+9\M2b-F\	=+II#\)7QL\A\EALt~Ҕ6F3mbd\'W\\0$\\d61\\j<6\<\*	K;f0*\\\Д \)&ӤU$\\n0\A\+bܠ\\M1GD0T=Smq\0\\0JA\\0\re\\nL\\Y4\\"e/xvR\=$[D\'\W\wN=[\b?~${\\nVEQ\}\!A=|\XAظ\`Jν\"\n$A #	֬\@8\?\n0H\"[\"HA$+BY%\0\0\"\0BBhX`ȨpABY\\NN*}0bEBE-d\x$(J<QU\nB&̡dQ=aM	b\D\\H\0\Pz,\2QGZ\*1&\\Z@dQ0LZB\z̆\fuSg^\H_;jP3jR\!\mJ\2+(F:tEO@Om\ku\\,ٵ\"̈́-+aX|n\ZAL\Q\*+\\\"\U$\\\" O\Zl@%EaG\\#I\'b<>\r@:<8\\0\QTL\t\Z(\Z)\Ag\\n\\%&\m\Х@ @\\AB*1#$V`a\ʘ\ح16sFn-C\Z*@J\Y!\A\0r8=$VAB\\"\A\03\"\00)!Ч\\e>&s ɑK{A\\;\U2gFT8LA\'$3 &\"(QKEXR\;PBЀ&($,\\\n@#-@Tj\*\\'\\\\Zea\j1vpIO0H\Z.f:6>\SD~ޤ\>eH\0L}HJM!@\rQNȽc\0^\\yE6 D,f7\Z]\!i=\`\(L\t!\g:\D\ZOHqc؊nQpHu{5\U\\\F%)\"jRN	r*\\+!мt\"C\"+H̒Nm	Y\\\\8\0*0צkhR\l65\ԕ\D]qi{QcZ\pĄ!?\IV3\rfTsV,5ṇ\}Xi&=p\\gQ:aX Z \L:\On]\`!?\\!U\b@	Pf>\,dXw.&$φl\t!	P\bZ@\0F̣62K9\\0\\=\B\"!1\\V	.\@C\0L`\\dg\\\'\럽\\r\;R}ViT6Du	k\o\\@$`\ZJN\kʥ1\İ\MQ@cf%`:V*\Ztl\'xfuM~\ҹ+\\'\a\-\#ᛢ}D%X!|%	pm_TIH[{kT\A\dv\:\n0\'	*\f\\Wi!pM3\Aqތ\+4jomG\H0\6\\"iY\1\5c#\@\0̘T\'%	Yu\dl,M\_JF\$\,DBHʕ酥9rC\ \0!`f f&\s\"Y\0RR^2\=\-3\"l \KK{\ф1=1~\Ɉ\\\~BiIX#.~昐Q\4¹$\'\()\Zu\:a\08QL!QòJ&Otg\<XDvT7w;}]U`\GR`\0\\Ϥi)\7䬨? =X\Z~{?P)G@\'o(+P׍%S\a)\y\\,JtN!n]jF1\k\\Z\\U[\ngg5\\67F=1$\\\Di\	\ ``l\\qh\B\S{@e-\$6`T \Wֺ\0!Y#\Tc0\W&\Ea>,Z\c҂S&n\/,dĕtҝ	e\7IO|g8\z\\Gރ+\9\(M=\Z}C\\n\W\|\n!\'bxH轟S\\\fAB(ZL\\9믽d\\\\\x\H\\LU\0L\\pA5?HR\x\0=E_a!GkĪH	\J\A\0\\}S((\n\\l \L\nRS\\O\"i\*\YX)\\\M\\)dQ\Cx@0\'ȯ_e*\\\(A\8u\QFH%\}iY))ZKA0\`%v@R%\'mH1@u\xS2[\3BѓLB\n.\0\Ys H(&i\2V&\n\\LDk2\Q<+Mz&ɺ>R>Ow\\\\\Zu \Mܑ%+HQt\\$Ep\\j .I8Woqk\\"ь2`V\zXM܏Z\\0\k\n\T\\*3 \LPx!,\B`=803\\=:{\^^\XbUH%fZ}V(q5\Ε\&\\n4\\'~R	*ˈR\\n\}*谅\B&Df%蒄L7F\ZxX\\\Rcc\3`Ed<\\єaayV,R#kྴl{\\Zi.d +##(6XP\.4S:\>\<b@\U?XK3aRd= dq\jN\"+\\-D/B0)\\ \\pJg@T\\kX3\\PQl=\Hw\\4_\\@w%92x\\\c6qѐVI9I*LdƽRy~0\v>0:]\&@#\\GNI]B1@Re`޶YA\\IJ\")[)i\\n\(_\U\\!e4V\p]z=J\=U)Kh\\m-\c\\X}\;\r5x	D\00\\0,\0\0\0\0!1AQaq \\0@`P\\0?\0|\\0\\;\\\P\\\2\\\{k\\\-tqcX\D|}Gn8X(\	\=o\}{\\O<\\0\AP\\\\0\dG٧yRm\,lIPC\\pw\0\\\\\\&9ӎ\04t\0\$sb:OzԼgۈ{i>\9b<\	\\u9tl\\\\Y[cT\n\CU\\\`6\\0\$\HT\\\ۿ\7>7\~#;tg\\;\f^dxkh\n\\08RО\\\Mb	\zYQ\~~\\\0/<~\\}\8}!\Ie\G\#\O\\\\P}yD\\\'X\\\뮽؞?6ıVKb\^V\ꐈ\X^\"\n~Z\Z\\\ӌd\d.n\\\T\0\2T\n\\n\¢\V\\cJ\ץ&gbb\9\Nɏ\LM̛N?\\\\0\\0#w\0?>3y\8XQsPex\\XA\[;\ͤzF\uT&	>԰Ip\fW\O\;_t7 r8\kDm/L,&1\\T\r^\:R\]W	S~\\\bM\>\\>_Y)A\\?\23I\0\P\5xu&b5\\3\(\-s\4\?g\_o\(e?\\H\˗o\!Q):Kj:jAx1\\0\\$9\k\0uvg[R,|z$Al\٭]>\.鋞s\rB\\\\@[\</\ڴu\v?ڰ\\\"\?\t:ԑ{|\VB oxk2\\r-0s820r~>\R\0K\,\r,m;gOz->\A=co:T\O\\X\L\0ަzZó\0{\y\\C,y\Zst\0A\ÿORuo4qf\\;\2\,|\<.ͧ\ZyjC)\yMI\\~)S\r\SOڑ\n9鎼io&	\y\衔9\\;K\Q\06\\o\_0dm&\+y\s\k\m\z\H3\(eu,j\\Z4foX\\"B;\\\}\0#\j\XN)ss\\Ɖn\}gfx)\\	\0^x\'xT\ͽ~?\3R\Z\\Qy\\@\ڍDp\(e?#S!0\)`] /`1\Ώ	Ϩ	^\Z_ä\\^NVdpl:HNw&0\o\ofzR\p\\\\\0\i\<\Z:Uc}u\Lɷ8/r}>~_\i=9I#1dM\\\0iu~\M;ⱶy~\\Ro@vCA&\?s#t<\L\OXVbv\p\42\=wx\ni?\\F\O46kfض\\=FAܟGj\\<Ϧ#w\:~$\[\\2D^^gi\Is!R6s\7\?~\Tm|\0\"`oElV6\\jK/`͙uוX^\"\\\zꡔ9\z\\\\\\\\\B\\KTq\~\K؈柪.\k\\o(#U\Ϫv\v\ǟ~N@Z~\0T/\yHy\\zLaf66#\&/וB\4.\8L~\\\rm$\=|\j\'6ۧPdcק+\x1\?u7\?u۷\6v&&\\0d\bi\<\\0Yp^\KLЌƌu|\P\d#<~\'\\P\\`]i\.у/ϓ\\q$dɥ)\zXZf\\\z8|\E\\7\?t\{)c}ոy\R\"\"ӟ\,42\҂\<6>K\*o~\0\!Ն?~(9.҆X\\w\'\C(s\C\F\g\n\"/\\\x_z\\KLH\\ZX\y\\\0ϜH\'3J/i\\\9\\P<\A\ZuDB:\0~K0\PJ]\-\0\\矱zS(&R\y\L\qq\E\\ru\Vt[\\L\r0Q#gBPAi\\\;\0!f`\\^x\'x~)\"nE\\Z\"2:юs8N\2?[\\H\\.?$\ٚ~\'\٢\0g\\!y\O\\΄ǢP\\i9!\U\)$MȨJ\\\)PI10Lk}\+\Uq,k\/j\~ʃV<\"IyO\\7(wc\ZgH\O\WKI\\\09,\OX\0.O\E\wפ?~\+D\o߭Ţ*\\yE\w\0`ζz\δ%dvO\3uc\\/H\\\\0F\aiV\\0X\yS\\>9I\nC٩#\0Q	N\	2b#\\8\\\F\r(.Hg~\*\\\\\I\VI&?wڃR̚\\,\\:lm-\x2nTQ\'\E\j\h}&yzY0G\ꄣtpSv[]\)C(s\\ZG~{F6ܣsoq\C\U&AR\KC,-8\'g͘K9	\v\Q\"\\q-̎)L\\"1\\"\)Da\g\%1h\$]g-ހhr\0\?x\`I`\Aܚco\А\\<*\E\M\\,#\裂:\ D#\:\'\ZC\~ըPc\n%\3f\\_ek\\pv\0cmC;O\++\LG:gBzǟ\U؏@n\\\"Y.\熜w߯H1{\m%\R\\=f4c\\Z#\3\\5&\k|?3~Krc\"8F@Snqm>*\\\$BG\I\"%fS\\[K-\xལ\0k\[\rf\0sӢ\\']\06Ųˈ\)\"qa\\\D\\'3\Li=c\\\{O\\\;\\S\\\}R\}6\\\S]C\\B\"/\\5.Xڣcp\OsB]\\C\\feǍ{\BQGY\0ަ9oL\\{RH҆X\nb7yT3\Ze8q\N/]>\;ޠc=d\\Aܚ&8<Rdؽ\\\r}|]\e\av\vt\9\\\\'\X!\" \/\`\r\\vG\.\\,\gjE\3H\˃Lgai\Ƨ?39\\g\НY\\^#\\\B\cW\'\v3h֧M	}謯=1\x<3I \u\#\\^f\0؊\'VzE\"dN~ rx\d#9\)W,S\Eg\h\Ɔ\or6)J\y5~28Gk\U9.or,o\؟Ep\\~\A\m6ybk\\L`4\\0j\;?Z4,rxiQp\\k\\*t\\Yg!k\NDA\<{O\\a\D\9OƏBhG\r:3m\Zb=.Da;\\~}0]\_&8~\\\B\h^\\\\Q\ޗ\G \?<7E荴\<\޲j,\Z\UsEv{GZ\\\\@\=zn༊I\ރ^/\\\P{\z\tGgA\"r`\b\n4#\,\^+pX\0^x\'x~\0t燙Eɼ\\\fm\3\#z\?x{\6Aa\\$M\	\);튰\BQGY\G\[\\\oCP\\\Gb?(?\/~*\0\;\=\";\ꙙ\<DJ\nsh17{\\,\Fj/7\Ǐ\Aӗ\\\2\\xְ\90cl_MsNS|\\S9\l]\"-&QSumCfSMa\\\\kP\\'E\{Ǡ\;\00\fc穘ȝH\58|-ţ1|\2f1ˏg\>9\o\G\[\0#\/<~\0\\#mo6~yʦpm;ru(F\\0M#;\n\\Όt?\Zo\?ft\ZP\}Aܟ\A(\G:6l0Ȓf%pO\\UV꧍\C\|F~4T|fD\Z\j^\L|zhyzd_}Ms\#\$b\'N_砻\3\=O\ZS?Q\\{G\\e8p\7/xS\=V/\?^~rnbm{x\=\HD\|b\Z\0=T2疩p\0`\'H\0=/\\I\l\}\?2\\Hma?\￴dA\o\oәj̦$<NDSH\\\\1nX\\\\d2\\">\)\\r\7\T#\\nB֖#L\\DB:z\&ѣ\YX`\BD^C\\fdb\nn*u	\'D\\t\hFB\\C\\СJ%\\ZX[-!7<\yK\mv<\,w\\wg$\\`\>*M\JP\xqw5㿬\04\0\H9XZsD\\'\`\[\\\k{~}\nٟD!	\\h#v\qZ?:\E\Gݖ c\&Ő_\n%\~9\o|\N\>\ZwF\݄!ڕ}f*Jߟࡔ9\\;@J46\\ruM70\\\\KPG^\H\\F\n*rbBsu$4(HHl\\jZ\Fv\).L\޼J\yzo6\}>\\y}ͳ-\\K2Ɇ\r1ڧ8L5 ,H6~\j	{\\q?ߝS\0#\-m3u\'\\\\i,D( \r\9$L\r`b\0|)L\zgƅ\'7<<j\\\FǡJ߹\o\ꅉo/ޤbd=$߲\]a6J}\\5&\rY#ꡖ<\\ڈ\y\\\Q\\C \Odb}\_\\\ɋ5\"%[\[Ph \0-\r\N9\+OO\j\X\%ZaS0D2\'ͫY\w\\<\,^$\\%y\'b.*\n-2\,8\Z\\r\)u*\\\n\#\_^u\'\"\\8\\1\\ߒ;5\g\kM\	%\	}\\Z\\\0O?\og}?g>RnD\\1)\oE\\?T76<\DQpwͽBΐN\\p1D@qU\R\{҇Nd\\\;U\\kG_Q}ۇ\W3`\\\O\o\^3dS\0ViT26XF  @ZұtiU-;v\:>z}֯@tӎ{\Ɇ6\"׵Bd	Airm\0b(GU<`^U\՟}$\K$d!\\"͜\\\,ʪ\\K)^7{\t;GR\\W/\;5\sz9j\0blA7z\\\VdzM\߭jEp|ޒyjoF::\C\\c\͛\\02\\4\Xw\\Ε7\?~@\~\6]پ~i\"\HÍ~GwZ\P1y\\\I$\:ǜ\"\\>\b5;Ў\GK,\\0)P\0*\\[p \N\w)\L1^\0^\\\ڇ\Cg\OO+*jGMG2m{\\.\3u\rQu\.bllH6X%\K2F&`TW>\Z?õB\\xG}%Ǳ\\\\N_o\\\0\\\ J!pJ\\\nк2F\IX)P&\0^욺qVkNlId7\"#w\q\\"$\X&\\W#\Y|_O{BbXZ1י3 \M=\"\?~8h\=XL!P`[\\l\\0)D\0U\ϰ}z(e\'_}!ó\oB\0{ p Kx!M\n̳ǜs]\\Hp\\\\\!d@.I)\\ZKQo1)\'i!8V!\dK*\\\g}-}\Iq\TvxOV\0=_\^D勸N-.}q\\\(\Q\r(hŠ1dy-)\\[\\\\ojpZ\V9\\3d6K\(1-\ÍM\h\0HK^}A\<\C(sD)xzr}T2\\8yĝ@\9y-9G^|mH(\V.\u8v6B#M\2ޔRC37Վ{Q\.٩FkvSYo\:GR~\c\#7\\\XgH\\q)@5l \rZ5@Cuu\\5\O\\\)\C3\nIt-\/\Ε\\p\\tӎ{\lp\n+R\c}\07/\n	vq6ْKDZ\\\lM%\=\P\rH\P\0\"!C!om\pHd\0\0@imJ\r{y\\G-RD!Lі6>\F\2lr\\Ƞ4\rg\Lͣچfm\֠\cH6B8|CΌ\\\t=R\'Y7Ǧs\Z&w(\'w\(\\\\- `\nc\~\Ht\8ZQ\TiVW!\I w\ҒŹGJ\R\Tm\y\H\z\D\\ّ![\M\go\O3\S?7\\\\Z\Z97I8\0Ks\Ztߟh\q\W/Կ\t3fB3	fƲP!\*9S`n o\P\Iޕ区\Y7=\j3i[ \~E{_ƋȟP6#\\\[~D޿Ŧ}.-\ߑ\\\\8\RVHd\\8~-\HD^sҘL\"\\p\1KO\\02\e(\b#\'\VO\}\\\n?\	\\\k\2ͷr\5\xo5\.5-C\"F\	\0,\TE8\\\\"\rX*-\++\LG:\Ÿ߮\\"H\\\oHH\\_עH$\\\\XoP6#ѝ#?eHy/VڋP\;\g\\\\0\\\Y\r\\8p\01k\\;S\!gx4,x#\'P\'o\o\VXpx\Z\0E\=>Sޜ1\/=\\5\j\'_8c\tӎ{\3UBnmZ\\\*\R˃lP\3]3`Ş\|\\\{\|\zA$_XwJ!\v&\\\;ԆZI]ا37\Bt4\ķt\Jl\'N\n+RJ!Et\L\:E\zDM\\(\/`(х&%^\K\nb\\cdZ.\ƚ\\3ERMI\؟Ru#\:\}2ǟڐU\H~v:ۅ\Z\V]#\5\!Q\BDdC \Mry\6:\N\\tWO`Icُ7\0\>\XbjH	&\\;\\Ʊ\\\0bb\\r#N\\\=dD4e\:B:ouv%\bw=+맧ߧ5*\\\R\\EX(\c\\	B\aQd`Ax\\r V엘SdN\*ʒ,R@I\a\\n\lj\k*\Hѻ%Y8fWyS<V/Dҭ\F-l\\\\0)($\'7N[i&r\r\\AL- -\˹{$7b,D2\q^?\\myo\fث]r\\J\Z\\\B8\\XYX\\\xZ\\\1-R\"\"ӟ\\0!AI:?UB<\",#\<\Jc\\,-gGli$\9H\ʉ5B\\6H@\;\v_\֦\\{\\͢1ʓ>\+s\\XЎ\-\,B6\q}\"О\7\;\\\}c&\'՝#S:GV>\>\EΉc`D.s\\\}\h\\OO\\~_w\\?Id\2%\rX\'\fHyQ\ V\-7\2%\6&\lM\D\\ /\\"sWUumnƕ\\p\\1ڑ8v}!óP\\ܞ#R\\H&05\xEjz%fQi3fVVig:F\\\zةZ\0O=,\Nn\൴4:\0?u\\~\\^	h\\\~t\3p\C \M1yNP<\NVܗ*qh߭\naFP3\'\\814{O\\b>+H-\\НY\\;\=\\,w\R_U7;L	:Ջ\\nX\\[Wz\\|V#\\OO\G\'\\\~Nd`%FfV\RTT`\Y̶\\.\x|q\{\\Z_9\\5o\\\(\DԊ0[ Ɲ\\y`]\\O\U\\Bbog>\\*\١>\\C \O\\Zt4\\\\\\q\羓D?h\D:քp\\ڝjY\<]0\eM\\\|JBae\0`w\o%}\0\'Y<Ϗ]=>\0+3Y\4׎9\5.\Kg\\\\\0\\'\/zdR\a\\S\0\0@\01#rhIMHiPN߲j|yڜG~9\'\\a#n\\\y*/<齭q5\j/FjFxf՞RYq\0؏Pwj\8>\ˈG{\痪P\N\z^alN#W\'\\jL8=;EX[\#X<\k\\δ.\7\1\>ǜH\\y\D\:#\n\^gǦ\\2k\z\"D[\<I\'/ԛz\\PZ}TT\\7\\vp2Y\A \"\jIBeh/k\й\H!Z%_\nA`J@\\@\\\57\?u~Y?\o_>=gM\0w&ڈ ~<\\\\\;O\\\'\ɘ<~\F3\EnC?t_nӂ7\5\\%K77m-xq\\8QV\r5P1tB@\ #\Z\l\\0N_>G\r~k\|=<W\\\\'lFB˕3VwY\Z\\\:Y.`te\P^V^$pZ6h\0lwB6-YYqtWdFf\\N$\Ų4Mn\53Z \\|а12\s\d1z̯5f0\\ޠ%5qhP\\096\q\m~*g	l\I.\\\<\>4\=~fo\\2\\+/~\'\\gF:O\\#ϥŢ=@0Q:\Xl-S$\uZ\cD\Å-!:\0?Nf\B\B	`$\"@\\\G\k#\\TSG\'\\OO\B3\D\\n_9zcb؏^oW\rvSd]M[0!!E\wy dar\k\0\0:m\0}5Tp\'\<\i#\oE\݊ю\	$͇\.\8+Џ?qiYWzD&o@%yc\\O\.m֮-H\U\\\r$;X\\\q\oMb 2\02DCHU\\Z\\\0=Z\e\~GϦG3\ְybXv	jvW&I`a)\"\rm`\\KH\\r%\"tq޼C\\gԙI\d[op\?g\#%p\u)VVIRCqT\zI\\5axV&\3m\\{/\o~\0\!3p\Jf#\\t\\g\q\\\q\\\\b8ބ.qʹG	:L\0ndY<ϊ\\|V#\\\'xp=\\M\3Q_wǫ]\2\q5	t\vPY@\0jB]`B\0؏\G\`\e#0i\L҆XH\gn\\|\\R\~貱BO\\Z\7M]\'E\2ǟڸE#Iy^9$\"/9\HH=9=\0\0_Z\b=02EY	\\\Z->X\<\\B%\RO#\jM\?ӿ\<ugzLH\\r\7`M	 ,-$bſ\\'\bwW\\\\\DGMx\\Ln$i\<B8ha`¤\nDU&\5-e&\E	\\\G|-+mF݋\"ӕ\S:[\\넋\\L^Q\-\G]ⷰ\6%g`V\0bT\0\XE\g \.%M9\\\LF3y\(euc:GR~ʞǿ\SG\0v\AܟAeL\4\\CSks+ʘ7\"&\z\Z7R{G\\\=,-L\\G;t\0#ەGQ<?}\M\\[6>}\\\/-E\\"\0H2Afp_\\\d>?\\Gϡ4\'<b\p\\D\lIdS!\J\T$L MR2\r\\K\5O9K\͎ޒ\ءS>\c3m\T<\"\0q17r \[n\aD@\r\\\,Gt#V@AL̍\Ȃ!qh\>\Bv\yu=\#S4\m.-3VP\iC,y\Ў\o}\=yǑ\\`d\\\:\ꡔ9\\0\\{8\\\\ZWǷ\iFJE0F}I՞W2#=>\nξܳ\m\p,\`\PNb@\\0L\\o\\__\\\\\\P\\ܞ#Y\\ةq\T8vk\Իj(\\\\\Q\8XI\I,\ZYlW\|UigJc\\I3\x\~/~w&`ǝJE$cOӍ3j5\6\\\\0\i\衔9Lrކg9Ft}5}c}P\@Hb_U;rz㧖d攓X׮\?vJC,$,kvg\__\|ֿ\\\8v}9$8vkON_o\B3\RD\~Ǳ\\|?\.yzc\ZP\L= Y\vM\\C,y?8ڼ\\?CE\#\JC6\q\Z\00t0ž\I	f\8H\K\\2`q.Ԑ7u\\Zq\\\7;#j\\>(AV-&b0!xPJU\rS+\\;4~\\\Y<Ϗ\o\;ml\\ձ\Zr	w|\0ޒny\\|z\s~+7\ó\78{\=%TA,\Eڀ^b\0`ՑT\\Kۗg٤\M髧ߠ\\ۭsy\\\\%p\\\\0+L\0\'d\n_>4]t\Zd$B\ISY\\_c\W`G\<OY7<\0N&\_2L	R2\\\qia\rK%\PBDB-3kE\\@myqC\p5\iQM\\)ى\+\\ړs\\C3\	\~\%!3p\IS\3=I?\!#\rk~\'\oꡔ9Ԏ%!m?uo?\\>?\΄ǪUhGb֋\~*\\\*q\5skE\\"\A$Ѱ1`S徳}y\0\d>\\k\0?:X	dʴkP/Xn\0(\`]\8\n\2v!N\RJKѢl$2QB[BK9\um(@Ē\\[F8̸^\\\'0\&qǆΛ_җ#%	\r$\\\\f22f\"\]FTMY\X4gi\"6њ\\n\\\2AyP2ZB-\\0ZX\E\wר&Y8ڒDC\\.m\\l\1\\aisY\\\uv\'\k|7\?tJ[H5:o\09p^\p\b\",A\ő$@bUum04\O3⻞t\[M\\\ӯ޼1߃]\f\0k<X\0JB0&@C\r!`B)\\\X\!ϥ\\/:Ϩ\0dL!K\f^\],3\%gZ\3k]CtYUAmY~\0TXz~\g\`]	\=VؚzG\3<\B(X\*\t\0)$c/: z\AsxMB\\ϿP#\:Á\^\\0\E\\có_n\\y]\U\B/I+\Q\\\pvXZ֗`\|\y8g\ir:m\=\\:\KTr(2oÉO\\\\ꡔ9\Y-\ɾWxocL2P:c>b\R!qiFjh1>[C(s\T\͓+WOd\9\\r\n\\\sC\Z\XڹO3\\KP\\P\m\Jgș\];;\R8\usCJ\Jc\\nO\x\ԝY\\0ʑ\5#dݝC|tXbj<`:VĀX-N\r%P\.Ut	\06TqY\k\z\\Z\\@?~pHmpϠkW1\\0\1\Cuh\&\UGt4L3imA\0@\"֍N\\v\Bu\*\n,\\Kx\\-$FbHB\0J\"DA$	/\\$\$\\\\@\sC \M\P\\06#\\xМ{ai_\\na ~\\,tT&-\0?8z\\y\\L\ւILpTr\"dD\THI\rKhD\άT̛\\;&\\33\}\3l\w\'6&>\}烥&g\\?\\_o\uv*\\{.=?:\<<\yP#8m\!\'wz\ia&F^DQ&.K8ߌ\f2ş\\ \\\\r{\0*_Ah\\\0*,|bc\$}}\yW\'\\\K\\\zm_\c\fL\\꠆#\#\\,\\hD\0ʱ2S\0\"(#\01\gR,\\\I^+=5\'+حO8	\\\]\"\\~Y<Ϗ\r[vL_\;4\8~D\Ҭ\vޣx\#\}X\ZӠt:&DB	\\\SP\0/\@\\ՃJ-\ﬕ&[|\Q\6y[S\P\\\<\0~vk揎\\ڬ-3\N>\\\yx\Jf\&\\\	߯\\\"\r<~\\Lѕ\PxT [L\(euqhDl%,3ɻ\0-Kb\c:i\Z2Ֆn\Z^\\;\	\{}2}\\5_o\?7?xn\m4\x\X\\Fk 1\"\\'&7j\\^7:\b\N\\O\$\(e~\0ʰG1ou\'}\0\2\$~t2-?=\\\e\\9\S3kݫLD\\\\9\bLHH$q*ս}\+z~b\Zq\{୏n\\ꦞu|v\\\8X\rp\rd\;\6{,T*)4m-jA0\0ͱn\/#ιOy_\WO@\=#\\<O߳L\"\;<qhS\r\;PfgF<\OB(J&-4aǴs\\j#\~C\\fpЎ\Z\\P\\mcr\Z\\F6Q%	2\`J0\0A&ћr\<\\<\\\\}m\\\0Ɲ~\\\YH\~Ǵk])=:T\ \T;DJ3$%$r*I0읒\\]Ho`۴k\\E{d*qd&CEP\"Y,SYG6&o4R 9!KD%R0F\\ahU\PZXq9V\\0N77\Ͽ\\Q\o\\0T\H\z2S|{\\Z?(F#\'R:\$c\<\0~vj;>ߺ\\\\\\"!\JCM\\OknhF;Ec-bH&\R!@hxuW/[\\Ƽ;\\\\0(K\}\\q9rs\=\\\|k&3\0Emi%P.\kR\\"2\\2AE]%aV\ H2	.*,[D9\\\0`\0c@\r4\iԌ}B\q[F&bh,H߈I\\~C\\/:EZ\\k6\Q\\<9\o:~D@\F\G\\{\"mb9\0\Jb \0\XZ#ј?\V.\k\0\	Nch\'Zbq*6.@\)4\\o]C\\<b}.=<ϊ槗j\\qb4\\1D\2hYҕ\\0 KH\n $\X\+\0\s\0lE\Ǡ\ZXjQu#p\\nE\oA\>(]q\U\\ߞ^gc\\4L\8RKL{V:\0\S\\\\z_o\?Ҳ\s\\\\T2?Xp\\Y9\r$;єL\0\+h\5.L`BT\m\&\n\D\v_]<\0\\b\C\\L\\lNeA`\SQ.10r\NzD\\io\lXZf\\;^߾\&\"H/\ǼoR\`\Ͱkg\>3ş`\\<\謯=1\0\.\Ԏ\R8F.Ԏ\4zZy\b\Ta}\ҡ0\Oߡgd[1pq|\0BŬ\0\0MPZgY]{\y{Ohփ֜s\+\\).=:1\=\\\50s>kW\:-30@\"8d\ǝDp=?v\zi\]|ޔ2ǟ\KD\G:GV>\b\\\\97<\t38]n\?_+/=V2\\씱hD\"C\rP\<R\9lEu7{\+QO^G\]___\\T\ \\V\@\J\0\>97\\\rLImS[\v	\y\h.=\dL\p\\>smҖS\I+\4\*\V\"\O\KPҴP\R\\fE~s\Z,rv&\"u\A2\>\H>\P(\D$e\TѦ\cZ^/W\bwVޜ1\j;5\\0e\\\xob\\JB,(dmt$VD=,-3H\\Zs\\\0ʾ\~U|\eM\\`]5\\\zL\m\0:F(q1\*\\,b\[\\\\#ΞK\\O\\(n\0+|\\Z\"/ꡖ<c \O#\5\0\̐\0\)\0\`31EM\dחU?x\\1A\\N9\|\؝\\0\UT\uHl@d%\\0\0\0ű\\\I\|zR=\`]«\\ϥ\׬\\r{\0(.m\\\\0\Eho\0\\\Ztt\7j\%\"̿մ\b\\\8\A7Ǧ\Z:ǎ5\Z%K\B0bKƲo\^\}D@0\v3$\0L\0TIř\um㉂^k\>\\\ZԸ?\'\Z\3\"	`VʢQ	`	B \0)\?u+o4`99\\<\0~vi\>}T2ǟ\I\WHJNx3|\\N\TDG\50\vL\N\\\FH\0ϓ\\0\hgсX֐\"/-fLH-5<BÞ6\MCi 8\μ\@@\0Z#{b\0\0Hb2\j\By\P\]f \\mqՒ8\\\rL\,&`b\ \\0EP Y+wz\\w\iyj+\\|\\Eظ\\v\n\\ס@?~oE\ϢP\P_3ǅI\\5qh\SYoE\0\G\rH\Fk\\\c0myۇ?ࡖ<Յ\u\i\DK\"%@78\rI.<MĪS/`4\\r\TlFv\=h5Lɔ\\\+;n홗R7[_iO\:\s|5\2NP4|#X6ߖX\\'_8c\p\\\0c1+s}^¸!rf\0\CXڤ\;ҙ6u\0*M\?ӿ\\XZg\D\t\\\XZ:\\\\HȋL\S$\;Dͩu\'}\G\rSh\<9ځ \\(!g1?unTJ K\Z[ƨY˪Iv\֠\]ky\VZbF\#\\}*`0@\6Эq#\\\,\"\n[z\V6(21\F\͵>	\zqu\\˧\\5Z\q#W/#߽{F\\\0us\k\\&*@M\Z4lbނF\cUŢ=,-3Vu#XZfbyW\'=\0h\H\09p^\o\R2u\r\0\m?}\$b8P\d{;4HH5\@Ai?\Rx\ۉL8c#F#zz3J(\ \P8W\ܸЍ|\{\Zd\b$bӤ\ƃs\\\\mLΤ\<8 @2/i\\\\Q˄\\pf|\?\\%\D\0^ \\\0=&\q4~\\\\)\\\0ݧ,ьjMNM.d@\B$E:o?R-G6(ТA<`8-}q3D\?\85qR\ʠƾ\NA\\gm\G\\"`\0*}>3\ai\3uc\DT\3|Յz~\	0\\n\\1S\W\yv4\11&Y\n\sbn	xٿ\^\CKnji \\r\bֶv՞dr\Z\\}\iB\\\ZDbc[L\\\Pk\\(6?k#\Z8\\E4	)9/M\C~\;Ѵ)\H㭽\\ղo+\FDbp\\0\\={7E\y^v\%V@+\TF{m7s\qhX\y\	Ct;V\B[,\{\r+Cb\ZY\o\@\u~\\=\A_w\]0K6ƙ]\-sD9I\')\GR:Ţ*HR&\q36Dɞ_\ \rąu3cm:u\\zL_\^5\"[h\kR\D&\@Z)8i\^1k\\\0\ 唰\\J-Ԥ\O}:	Xu6\.G;\/7{R2\ q\0>\\2)L<K\0٩۪\7<L\p\\卶y\\\\0tD\&sk\q\Y\¬TZK\\9!fa\-X>\\BN\\"{R\0 \PM3ᯥv\\\\3:4F[[ݓiٞT-@	2@\Kg$&<f\{)\p\\\\0ʆ\"\՛x\ެ-3\\qN}cm\j\\\KOi\\0؏A>\\IJc\\\ϢP\\#}T2:{SH\tl˶geonq\G\H\0e37\ш+,A{mH!7\\lG\"d\M \S \L@4̬ľ:M4\(a8\|\U\rI\r\SY0\*]5ۜ^RH*\\p݌\\אoBw\'Jh&Q~,S\nmǴXeJ\M|\:N\i\R5\\\"\*d\*Y\'\N.$H\5:D\SDtG8\H\"o^\ڡI3\{\0U\E\M\ ίh\\d˭aڂYƻ\4V؎,\\Y;\\\Ohx\Z<N\\i\M~b1m=x_\0ΒDCֹ=\0\\kFuj]3JŽ,\H53`w\#HL#b睊a&\wK$\7\aءS]1Z 1&\0\00\ JDަىR\\T,p\ǿJi&\aF\Z\rgV+e#M1{ۇ*м1\=ë&\\rٲ\|Og;gd%\I\,\rӽ8ĥ\1lXI\@X+Vk -X\#b߿\\nٹ\o=*\\D[3~1\f9Oԟ֭	\m*h\	p/\I#㵈̼X\\\K[w<LF2ű,Z\'_ވj|T.\3gZMpu\𥸷\XZf(\SƺF\Zb8e\\z\n\\յ\U\T\\nP\jo~\^yقoz*\񨾻DƺRZ\Ƒ{e\ $Ђ%{\sf{\0PBvkv\\08bC \_H)d/6F,\\5̀Cm!x\6)/7	/\\M\X-\[3@$p\\b\y\J7\=\P\F\\\\'U-Xдk\B	B\bv\26$e\d\!?^\Xl\C\#а@A\0lk\\\*3ch\N-\\kl\q<fpIͮX\ڢCsƹ\1\y\\Z˅Ɍ\0\\\oI\\\nA@$\р\05 \ӶMK\"-\lw~w\;\\\\'}\0V\0\OR#\0p\0jm\Z]\YXmc\э\'m\\\^v{\^Q\n\\\W1ܓe\RV\NU\0\&\"-Զo4\\bϟ\CK\w\&`r5+`>2E%f\\xRmo+o}\T\\d\\\!+ݲ\\@[^S\\'\ZLBg[|T\qfmXM\\"F6bݦ\\\C\mJ\%	\0\T3t4o\>1~\~ٳφ\Ks-f]`u\<Pf\:\r\\LL,\GAYe6CՍR\.1\Z\ZEIH\Z\ʩX\r$JH9G6ג/>[H\d,\ͧg{Յj\\p\0FcaiV\\0ǿ\\H\>\:\F	\\hm\0p }J!,݋u\"\T\fxl/B=\zA\ݱ\\\Wc\#ו\\XZ#\xc~k\0ьm+ےkk\m$p\\^%T\7\aM1o\\ӁK.m淫m&7\یu\,,\*L/EYe.\Mάfƻ;T-2\í`	\"6\?\Y\=5ᱵ1\\^\X\i\n\"Kgk9jmی\']DQ̐\}ebu[;OCj\8o\$`\ky\^A[q|&աuF:CV\i?f^q\n\i\B!\\2]\H\\*\-6q8iX4\ \&\Ñp\9[r\ZHc7Kfh\\"1cXH)-Y\\Z\\@\x\g1\n~t\Nt\n\H\\\\<33y\KЏ?\\\\<-s\X{N\0H($9\n\-]\"\Ͱ1ɽ\Z!ق\\\<AI\w5&\\\b*CMq\UKk$\\h\%YV0sƒSa\\i5f\\\\%^4\ڣ(\n\\\r5G@q׭jZ\MmB8\\Y$0K\\\\w	\\\n1\1_Z-#TC\"b4\_x	\r[\'W\\\\R\9dIƸ-h9\'xY\b,\\dul\\A\m\y5?@E!&ѯF%\X#\\ZH]\k|t\\\~ѬP\F1ϝ#4ӧFy,\qB{\\'#\"O \\Z\0+h\5yFV\\=q\%\\tp\dkx\Z_گ\\a1mM\\rlD)|\$Cx\v/\nautJ\\!\roƘKN7$Al.m\nk9mc\0೉b5=\!A*u-\ƻ\\֠Z\o\9j5*F\\-8\Xd/}b\"\r\t\\\\\ٿKx\?D\܇\04\+\Zom?Z^jd\\-<g^h\Kb\\U\V\\/\n@\Z\X3թ$lu\\H\˄ߧDޘ\\p\\n%N\0چpĶ~+\\"\C\\\mm%/#m\\T[9\c<,r\Q\'Em&\׻}\'4ٺ&\&Rm\\ͣ6\}&\\(\u)X\065ډ\ ]}Ŗ\8b6WӉj\'\\I<\Z\c7\xD%\xk3\\"mrT\\jٗq\z\"\Z1\,LN\0\h5hVA\Yt{\\2=\ZW:Wiւ`|\OjIͣhH\0m(yyD2[Q\zpkbIÖ\\;\GfW\K]8\0\d\P\.-B\0K=r\廊\#V\/\*VHG(\[\-_M\L\T(ɘd4%T	\'|?\g0N>\yîd\nom\M;\A,o8\!\-]2zZ,\\[\jK=\%	{\w\KwP0KɆKƳ:RkI1\7qz\[kRW\\r\?\\r9\y_\V4u\\\f\8\\f3/	\F\ږYL38߶)>k[}tRo\"km!aa1\Mna\\*?|}r0\/\5C!giWhM\ͺg\\N* Жo֑苠	\>\rO\	!{gmj,QC\\TI75o­Y++p\\\\"\GE\\m5)d7Q(RV\8\Q\\\yh\1{ސi%sFs}hr\n^C&c\\i~F\{u##%䐜\CȲBp6\\ \H;\h,G75H\\7R\o\7A\\\9\ÍǢHK\\J>p)C(sgL~\×Hwh\\0@f\"noPV-wI#a4\Z>hHM7C\x׆\]\	mzrb\1n\*_\&s\\ow$nht&\kq]f7\CMh-~o\#jdƞ6f*HII8^ӥEp.Ih6qe\olVh\x\&bә\i\\O[\\4N@\+\"\'R8\\}\\\\  \P%\lj\_Y::tĞ\:\E\\I\r\5Ӌe\x\Ê[\\l͍\o\{c\{q<Ιo2\8/\0Gx:rL^+҈Yx33j\\Z\8ᶥvq\-t\-/917\N	d͝d}nmŦĒp[!\T8.\"nEXoَ[WׄFHؼ\0\\Cǝ\n\\߀\w3i\Z\He\M\\\	EcON<(T$ [ 8\"f$\k\%h\u.Dh\QD,\/zlXG):g4\	3e\T{IB!7*	\\)\0A\r̷\{Ѱ7qXkشmgzW79\bcgF:O\VHdXp\\kړ]͠/xm\-PXMoiH\0\\8y\\w\\\0,:\\Av\\K\*R[ġ}Xk\7n\KǏ*\#\k[\\+\&Ӟ[tv-h\r-<efn\Os\'Ytd\y\\ѓ}˴O\\rwmH\@,s}b\\<\:?ً\0\25C߹?QV8RL0\Y#|MCێq\̱\ߏC	$v\"\7[NWԡ\1Zђ-/3Ҋ!Öu6*\x\YeA.h/\v	\lW\r\&qq\Vף\\n5	f˩hu\7b\Dr1*Q]F\WO\\\Z\\\m3\\\j.\0Ӂ\^\{\\#>oƺ3/\\<J#D-ݮtOB`uݠ19\¢Su1ɴC.\\R\kn<\"\Z̥;Z/҂\\QyW\vyg0J \-\Zk\DKq4=\\\hA\m3r\r.@\E>bQ8{޹\@ao\0\\\+I\	/i$\3K(\	I5\E`R\@\\@\-n9bP7Տ2h\\J\0LbcV3-\0\/6!s\rI\֫-mPX\:\\ΔPBʷVH\\\䉞ݹ\5\XXɬ\a\\͋Dk6n?qA\^\Z\\\\$\|kDx5\\fb^o\0\S]*I;&\'\\PD\\K\u\"\9hhLFc]\b\mo_MR\\q\\E\\n[\ \L\\\8E\k~^X\\I,t\$\:i\l\gP͋ocM.LRn\\m)I)\{kb\ƜmoL\kt#\rj\\-6i-^x\H\nv|\5N^m\:\ڬ,Ԋp&֙ع\\\y~<|\\\\\\\\X\7E-\>\˩{1UF\\{\X.đlp1\\\L\18\$\\uc\.v\0or3l߅1#`Y]]A9\3\[\:\n7nFC~$][.D\\\I\r\iy\97Y\aIIm6\\\\C\S\D%\\n\m]hT\"d[\ZQ1t5\0ݾRo->B|mӱ\v1/g:t_p$b13\\ގ\#M:ثXۏ~]?\mT\gE2\Rf0(\4 4&\\0,hOm;L\~~p3kC\#\Yq\-\\\NX\\C};fj\\mҡ\r/Oi٦i^>بL9\\\j=+FgKF>q\Ӝ\4L\Z\i:ӻvӭ\~։\`Ŷڧޓ\Z\\*\"S\\>w<\\J\0\\\>-DG>O\Z|LHyij*\\\0΅\=2>*V{\\\\\\\j3\h-6&\08ͺth裍\ʹ5än\MyQÃM\\\\#N\r1\"\0ل\\۴ad\l^BB\%pap5\<oDm\ZNcH\µDk0\[<-/o}m=A(oVq\-\;{Ҏ~G\0\>\\(\Z\X̐~\U,}ړ;\[\\\"\^cg6\nwgyt\gSy\eI\Mf\0=m@<9S~\n\+\/&شi\C8ĭ\\\jq\"N{F\rHĖD7lq\zdM\IbxDͲ\bnI\&[,2\0PK\\/\j3rC}\iNbE\xؓJUτ\n\\r&z\0\~툋\,MKUݰ#;6\}(\Xu\m4\,\n3\b\kk\^\YiB\`g\\r\5E\1\\\4\Fp\^\3[ߥ*I\ɏ\[\ӏ/jMfq7\\PM\\_z(Hf\'\0v$}]vC6+rmP\'X#K۠\NQW\\Fumn;N`d\S\~j\y\ʸklۇ\\3\,\\\"LL\\9;\\\"4\\\S,\'\ם0T]ٴ>O6DcOY:\\bp75\\[Q\0q=\.\1J$OB_\Z\\^Ly\|WA{B#{Є\c?TP\\'}I&\\"\@Kfqnx\"ňİrLڗ&X\"b/l\\\"9!\U\8\\\\\\Lr\\\r}1m\Zp\3KYam\"&h\,H樂_\n[v]\"\(Sb,¸\M5c\E\\=np\ˆ-A\`\'L8țén\⎬f`m\;%/f\\Qhi\\Sl	/\ME\Ÿoj0Nu\.\u ζ\IE%,\1o:\%[P\\'\\+4h|\n	F}\G\\óY\MBys1&3\vII>\\0L^\"~kۍ\q^5Es8ޢ2<v\ʋem\\Vm\zmQ2C\)R&cA\%DKĘm	*\n$\\0\GO@\\\\-\\\a\\|\01\\_3S\S0\6cdn\lA&L\E\w׭\\j\aigꮌb;yh^\*M32k:	H\"\\\\I\\}\\0\l\mi\X3q +kwx\S٢;\=\ZK \2b\ɀ\BH\s7Ի+^\a[:b3<8+\/\xCڣ)t{?ZR\\\\X\n/9\\B@[\\Rv\߽ho\a\"B5$pwl\\by\b@F5I\_6?T13x\ͯ\\\^F\\b3914GuQ\9\Y_as3΃\Z1\\\^\7\<._\\\۾z4\/o\Ѯj\\\r\<3\\\\b\\=Z\)ΑT1\8<&6\/\<1b\{j<\Ϟ/\Z\k\ZVuC\bģP\^y\\\QLO,ZOc\n\\8\\ob\P\|o\*x\"9$\d\\nrs\[\FfQ|^i\0ef,f0<MM)\g9E\j\HDqJ\Hnfe\Zk<j\\57\?tXFD`&\\З+\"\nk,A\L\He\Q5x\ҍ/\\-\r0c\\\K=2\\1O^\d@\\\\\;s\1@ٶٚ\5։/\M$\v6\E#\\oi/_`\"9G~q`sm6|kB\\\\0E\:i\gӒ0\#\\0*\0\0\0\0\0\0\0\0\0!1AaqQ \\0@P\\0\0?FC\LHPQ\t_\' \\,\APjޟ\'\-A7\\1*me<\4\\\&!\,_4Mg#Ôw!\,\\\@ӧE[CFѨ#A1\\rMհwzC0\L\\ݏDh&<!@A,\5\XD\\"F\"]w!\#MnǢY8\\4h\LxAZ\\\oz\YY\#\k-~DȈ\aY\ZɄK;h U_Ä\^%\+\\\\8\\`\/\\r:t[U0\Vcq!!ArǏ\"\\bG\/$	n*\n0\\Z \\\C\#w\|P	\$*)bYa\f\p\\Sȱ}7E\Hy$*)b\b\Z`hnF\\f\K#\}x4XQGt\	\nw;1hx02R\O\0ϙ~z;\\fBA\E,Z++4DQc{u\=o\#Fa\X3\ZY43E\ҬpL\xrfhHTQ\=N\2`Vp\Z\'8Ѽ\\"\\<_פTmYڵ!y`HP|\c\։!\\\\h\0`$<\4hIdL\m\\z㩠\Zt趋h`\"\Bz5ws_K\(O\L\\\i\.\z8\jŊtv4\c\\rj\\\Ï\HPp`d\\,\\԰r88\\t3FEi;\Ϙ430w\xpDH%t\1N\\Ht;\wEBzK\\Z		>\0<43FAk\>\0\0K:E	\n2ӐFC\G	1	\nH\\FK%g4Ti\"93Ӕ4j	\cTofiR#\b-5	&\04\\m\&\HT|\\wEBzM\\^\	׷A[$CA\"oPK\n~o^4a\\TRo\$(8d\\0C\r<I\%\,	\n@\\f\\KdEHx\ꤘ7Q\CF/p\r:|[X\"W~YY_\\0А4HTQ԰2SXe\S\}!5\\eVA5\\eVA5\e\"8@\#!Qr\k\\\\0.WPN\muY/\׃\	oixrfx˷ԗof.\p$(802QpoK\Ǆ\\B\F_\qOԒ	\n\njz\,N\\\\0ӧŴ# \	8YId́G\\|_\Q\Rr&;\Ht;\&f\\q$*(HPQK\\\ǈ`b<\\NI\Q\r\1G\,)ٽ[D^\'\\X[r\.\R}yDGs \	\n>\0U_iӢ\-!AE>n-ׯ\"B!\&L\(5Ӽ\Zu_4\'@Fc\drd\0e\Z4Z\LxIo\4^\QmnyKԗo˷Գ\\9\\\07t\Ӽ\ZH8F\Z]\\	8|\n\n>4\m`	xpDH:-\0`$<\\B4G\|P$*82Ro$HyBB\\7-9$(8Nl`Ѧb\C\3A\\\\0u6)H9\04\\mViӢڭ \00\걣\.\pXVFa\\	.\p2{n.\\\r4go\\>\01wNLo°ny2\M{|H43<׬Ӵ^}bh\}b>-C\LMǌ&A\\ mFa\	o)\@\\KÓ3\\\\uӋۻEHh\0>\00^\r4gn\\k\z\}`HPq\'\\-\S\\9FC\>QjC\޸$*80RCި\!QFA\\\㗽n\3FC\L@ӧE[\\{Fa\]L\Z	\"DXH\\8\}bh\	f	ݙ?\'\"@\2)A1\,\,^\8\'nZ\ߑ!AI\\'\r\Z4c־v\\j\H\\\\Ix|\0pwN\0h\\TW7`HTpk۠\-&<30VVh!z@\\[\8,ORK\>_E\\FI\>\y7?\1\f\"	\nNhj\l5zT$ ;\kϔI-\\jih\}?z\B^\0U߯ \ٓro\\\;EA$@\G	v!QC\Z}c!!QK94a!\\"\0N\}xCYY\W氂\Z5M\Z6^\P\0C\h\04j	>\004jh\}a>\0s\2h@Gt\פ4j\]@šq\fX\\@o@\f\Z4F\\^-ӿ\^<-\p8\"$oX9>\0r\r\Z0\"ݛ~0\Zt\ʳD4h	>\0]LT~4N\mPQ\b~s\,` \\02p^M{tEphfb\3F\\\\\4j6kQJOk\0I\za>\01oO\t\\X^Fi\	>\01\\$E\0ӧŵy02q`$< \\r\ZP\D4sa2$	v\jA\Y\2ӐKDw$(>6/\ѨxO\\}\̢,\'\\K\v\\\\ >/\ׄ}L\\r:t[Ez\{|\r\Z43<\Zk۠ʭA\r\Z@\\r\Z6/ap \0\\𰰱X\\2O\h&<`\\8Fa\40^\Ul\0\r4?޵YY\\\enyq \I!A$*)b	\n\nX$*?\\df&E$M\ZCѨ([93ӟ\\Lxi0\\}\\Ӵ4h	.\|v\ab\v#;\>\00nYa\\3\׬%\\Oĉn\ߛy&\\\\(2A	\nF}$GQ\\T܏\\Z3xH5Ѩx0r\#A1\LFc\&C\$2~N\Ѩ%t\0$*8˷԰\\\v\: $*>x\r\Zrf\0e?\Ѩ$\\R\Z5\r\Z\"k\\\DPѨx430\\\N1^\R\"ÏF\lQs6h5%\\nq{wh\Ηo\\\d>KfWK51i-ٹ;\'}\}xM\l6j\0(>!Qw\g?VYK\\XL8cǄŭ,tpu3 \r:|[H?yU\\ZLx4j	>\0M{|H\\LP\}$KPK\nvoV\$y02Q\$(){ \B\\'\Z5M\Z\rǄ^\Ul\&\>3y\\-&ǏǓ3K\%#P\\\Lx\Ѩ#C0\Â\"&g\YY\I>DE,Ġ\0\ߋA1\,` &<\r\0\\z\0$Mq\\	IѨxL\\Z7,\\$Db[\q\Pk\0\\Đ\\S\zUzBB`d\Zt)$G\\0$*8\rRw\M<$C選\0cǕ\?\0|X\P\\8CB\\r\ZKÂ\"NL\\\\Z\%m׷@K\<.Q\\\r\r\Z+\\h$+\#C0\KC0\\Z	Äc1\\Z59PѨ`\\8\Ѩ`+$*8;\|$A!Q.\\d:_\$\'\٢H`\\#.;=,^7!!AK\ə\2hA5\e\"8جw]8[\e\^\UlF\ə\\zK4ę\Zﺛ>bl\F\f\\8\rIf&\Ѩb\\8^\R#\U\0^(h\Ѡ 2\&YvѠx\Z46cǄ؍\Z;xK\4hh\0k0CA1\\&q́\0\r`\\t_\'\\X)7dX%Y/9\Z6\!!AK \ٛr02QBBA1\\E	&hЦZ		qJ\\=V\'e\%\0hf7z=y\}!!QI\\Dg6A\$*(׊D4jn\Ѡ#A1\B\0P\wi#A1\\r\Z\Z5&ozqh,&\\8\&\CF\fa\\ȷ\Q<I\n\r$<&A$T04j43Ѩ`;\N\!\nӴ\\vUZ	f_Š\\Y{\ɀ\r\K0\}# \	(HT|Hx\\~	 mP\MP\C\8s\\s,dDF`$(8i\2ht\D|)v}𝹎A\\?^>-\)!Q́5Yܿ	4Mg\"jΕHn&A@Fc\XF!A\0	@\Ѡb\Z M{|H\Z5L,ViPGS\'C\޾\0U߯b\~wGBۨ\ \,\HPq\lkH\C\Oİnyo\\=@Q\\,\	\n\Xr\X&EH\\Qp+F\-ٹ7\\V\9O\?L\:t\BG_\RCީ!\L$D\$A!QFC\\0W]x4q\0KÓ3G\Ó3F\W\	4<5_\1&2wEBz:B`\ZUW57`Hy2\Ã\'z=x\LO:	\nHB!Q@4\m`on7w\&\\\A,Ġ\0\r\K0MSѷ\[ϿĘ\\\'$}I\$&^\\$\'\\6j+\n\\M\ыӭ\r:t[U\6)Kԟ]`cth&<$\,\CFD\\>y@w%BE	8Y0Qr$(8&I\\ i\\\0$*)e\%\08\"$`d\\"	\nu$Ga\7&gI\nDj\V7P\\`d\0\%cf^oS!\&T|&R?Ix?H&G6j\X{ѿ=m\\,\,Ġ\(\\U\\Ԏt\~%\;h\08\"$Gt\ʰnY2ӀFA\2`4j	\"\Zkv=0VVh!z\,;<\Zu_4\'hfa\"A\'\\/\\O\\\ދ^zבK/q(\0`HyE\\\0,U1$\$*)\'I1>Cύæ]iӢ\-ó)p$*(ނ	f\C\aݙ7#w \Ԓ8|!l>\Z	Sw\S\\Z	*6\Z8\Ѩc&\0Ѩ`\LxFc\\Z5X\\DoAy\\M\\[jJ\Z5\\\NRD414j	\0\\' P7-g#DGC\ryG\\}x;xoX5k/UsSw\z_\<K\\dVVhz\\'W\'̚F	f	/Ivg{\\FiӢڭG٦sb~6+B!QoR \r:|[XdE]!\0|	\n\n\"C\ޘϿ\$*(HTpwN\}%\!!QM՗\O\,\&TR}#!\K\pNL\\&\Z5u,	bx\\[\q\\	41\V_dgf\6\\?Qtb׬ӿ\ɛa;x\<\Z5$(8^/\aF3\\"\0`$<Yf\wh2h\c`h\\\\}$` \ܭhh\0o4}%$*(&\\3f0$*>1!Q`d\:-\-\\r$`\A\I\n \ \4\\mV\z\\n%ѽ\i4\ZsA1\&H1\\x\rǄEM@\\:Й`;=IM$Z\x<\#ڟ	ܨ3Ib\\-RC޾1@!ɾ`\n\pVX\\0iӢ\-˥3fpӴ\ъӭRDX<E22\,1	\\\\Lz	S,{-čǌM\Z&oZr?L,Ѩ&C}\0\\h\1m\i\4314j\	\r[\\BB\\lF\\e\%\0A\B\fNj+ۨ\r\\0\R@\\"\ߓ \4\\m\X^$(?\zF3	n*\\0hf#C0\\Z	)q\Z\0\\f+YY\#\\xTIf`Ђ\\\'nzD?L,>798b\O^gـ̞0Ubhfy4\`&G	 \ٛr431y3<_ׯ2DY!qZ\bA7\䅰zo\\;i>\0<%y\\\0Oݺ\\\J\0o\ׁ!ABB\\CS\\'\\\$L\\\\04\m`\\\\Iv\B\O\\\8{\3,/\	fh\1A\Z	6(_\RD\Z4i&-Rw\MXiv-p&Dy\\M\HTR`$<`4X`d\\#z!!A@4\m` \r:|[X-\w\Z5ԥ}2sf\MǄhfx5d4ʊ\ӿ	\@^~\"ECA\hz\,wMnůPM\"ѷ\r\%\\?޴m@nY\i\43<cFL	\n\\z\0!!QG\C\*$3~nEfK&\}F\ZI\I\]+Ǔ3\}x\mFc\Ht\\TSgɎ\Z\f\Z\\Ϙ#dA!Q	\n$E\'\\Nh0p\Vk\p$*(\BB6\\E\f:-\6+,S\\ndX+\d<܌\]bFQX\,\\o\h&<x\Z4׷\@I1R\,\\zFA\3`},&\npd\E(\9\T\Qf噝Đ3c\֨\\8\Z\Z4%\\ \LyFa\-\r\ZPII_\a\hX,on7t\,Ġ\0E\r\Z\%\0?.\q\\Zow@\$\z\4o.EW$F;\ϒ`$*)&Fg\'87\\(\C\K\X	?\]BBGB!A`dnz M(EL\~\Ѓ\'\փeYɇx\",$D\r\Zrd\0e\Z4[C0\׷\.\R}`5\|\ň\<,R,on702RL/7cIL/s!AH\n}1\ mP\D\\qb\Z5PFa\<\\ǜ\\+@<\\\\t\A\0qwp\\\\J\0?X\Z5\Z	Idj\H\\e&):\W\	\\\8F^n&C\$Ea\`d\bA7\\PVda\\8;x\\c\(>-t\C\02|\r\Z431^xx\n\kEY\n\(iz[Ťa0\|uEqSw\;i>\0<\'\\O\^\R\"ǄwNА!AŶ3\\`d\\\0@\\X\ڟ+|s\,\\'zѨ`h\0@CFk\\\D|\٧\e\}/\\\rÏF\U\M\c\\YK5}17x&FAω!AIv^\qG\%\\EӼ/^qa\>\0\c\\$\9c{u\0nk(׀\^P|nbh\\酒\4j\M\Z4jQ!Q\\!E$A!Q\lb\f&CS&F:\ZL9\دCv@Ѩ`\\8\b~f\0\\K通\2`PCFC0\wEB~C\#!\BG\HyI\\}$I\>\0<_(90\PԿ\hf#vǄhfxϿ\bd\jc^:\n43\xljA,\	\nrf\0e8Ƀ7=8I04\hOq\xDH&\(nW\4jU\`\R	f>-,` \\$*8?\4jج	[\\0G|s!\2&Pphfx \ٛv:	\LxNL\\\\r\Z\M{tUR\#A1\Ӵ\+F!AǀI\z&+ĳD934`$<&]`\\0+4F\D\\A5\\eV4j.\ߔ}K6\eh\\8F0S::$p\\NA	\nGNh^`N\lw\HTq\\LxYY\\"\r\Z#׼%\\\\-}A817w \\"l(HTP\r:|[X\'\\H_\0\rO!\-f{8\\,\BDw`$<\\z\0#C0\\Z٢\Z514hV@cֈc\\Y\\3`Tq\\	\R{4XL4g\\O\t\\'\\K\	v@6}/:\ZO\D4j-Ì\Z	&\)f\*!\nO\\'\\I!\-ٹ7I$*>6jۨ\!\\9ˬ\\\\NQ9\r\\烺vE\\NCHQ\\T܌spȆ\Z]T$()b;6\2IHTP\+X\\@o@	\nT\)\q`\Z5\z89HTp\Gw\YW@šq3!A2xC\;\]!QzoO\B\ə\\"B\ə\\\",\^hh\}a>\01.c{Gh!Q\\.@4\\m\Q\\T\\\`$<\02B\+\\\Ѩy	\n0r>3e~А\f˷\7P\	\n&aǃ#>\ZL9M{tUQ\6\'͂\p$*?\l`a!\\ZHy&\Z4oc\\yKi\m#sOAϓ\y\\M\Đ\Z5\r:\˷\CτLz\$\\[\i\\\D<	(\9$(8\ڳjB\ T}!@IąE	\n^]Z\\;{C\\u-\f\DIM{tUp$*8f\0go\ׅCzg\\ \00|I\\zE\\\2\pP\\o\0,פO\\"\Z\002q}:&\>\HTR\$*>gnz\\9\\0h&\)ɛ`\9GR\AȣvA\K\\n}`\9N\\t\I\`$<\HTq$*(HTp\ʣIh&<b\^IHyk I+@\;\\\J\0\2q`w9k\xpD^,	82|V|z\\Xwfgo,\;\\<m-\\}x0|7P\z`$<!Q\\\\04\m`\9\0UII\n$*8I\\04\m`(̮!r\h\02\	\n\Z4	!A$*8\z\,\r:|[H02|&s_\43޼7]\5]ӿ\2I\\\HTQA\HTP\Zt`\ܐ\\\a&\8O\\O\°VoI!Q<yCO\\\^8\"/B\Hy\\|$T0X\\DoA׷A[\'\\^\P\0K\%$}\r:|[Xpf\E/\׳`\\r\&&A\Z	>\0zCF \t\B\f02|̇3<	?\&\xv\)e\%\0,W^gt\\;z\\;L\0\\M\ZP`d\:-\Ɉw\02|	8X;i>\0<\'\\?H\\8N\\\c\IѨ$\] \ͻC0\\x43<,\O\	\n\Zt趋h%-\\\Z5c\m\0\\;zB0\\ŐI_\^ib\\\oI>\0?\K\\ILbq\\	\0\\\ )`\5K!Q^\V\h\\"k۠ʭ\i.G\\\Z\-Xe\SFA\&Ca\k۠\-\r\Z<r\\h\Lx4hO\4j	>\0M{|H;~,5oOڔoI\n3x\r\Zd\'СP]S̹\`\d\'\B\}$\\>dg\x3zA+NP.c\'\\r\Z59<N\0-#@\\Z\ނh\\\BBC0\	DM\Z`H\\\ɛxAq\i\͊GQ\\T܏\xf\0e)\"M\+BB\$hfx\Z4\\\HyI\z$`4	$\\s\\g\\yt\˲@^}\\;{\}`}\:P\\\oH\ϠB\;z\0\B\HTQ\.\qDgp<,4wN\M{|X\n\Z4ny	\r\	b\&&\>\z%`M\r\n\0iӢڭ^\q\SrYzwI\nk\\r&\aG\\LxKǂ\"\\6\r\1 \,\Gҹ5\	gHq4j\O02*>42m\r\"ș\\)\"̒[Y?*\jT\صy M{tUp.c\NUsSw	\n\?!AĐ\xB\=`h\Ѩ!PŠ\&E$E\0\<&H#A\\\Ye{p\N\\L\V!%R\lNO\(\\.ѡ	\nC̐!A2bh&<`h\Ѩ#g\\02Qri\\\D1^\9N\\\$BBΨ*nF\U\M\\f	~1֦\O7<S\B+\C$\D[/u\nw\\U\LA1\m,\IҬ\\\c;!p@\\YB!\\\\.#!>\M{|H\afNh\'\\X\\@o@5\b\T}`&\>\rÌ mGϿ\׷~\\\J4j\6w\t&h%\&B9\$#bg\\XodQ\H\n \04Z`$*8O\$*>\\zT\Z\,\ŀ/\\d\r\Z\\8^3\̐\\z\0$BBG̀\\\_v\HMP8QЌܲ\\0Os	%,\HY	v\j~\n$\	Ոa6 %b\02l \ߟO\G\01cbh\0}*\\\0/P:-\\Lxy\\Mȱނ6+C\Ht;\B!A\<׷\Nn\ߒ\Z5DW\1\r\u\rA$\\8CF\2`$(8p}2``do+\\\&X6`\"UMtTҢW_r\\UK~l\\"o\]I!AE\\\0I<x,\93ӏ5\\eVI;\k\K\\r\ZNj!A\\\eɵ\\$((HyX\\DoA`d!\\dL\rA҉V@n=\Lp\g|5\Zm:1\f  \\D!$\I\<\\Zz؄r8\wN\\0FC\$Gŀ\߂\hޗ°nY3\,ĠC0\\Z	\0\`\Ü\b4\\m\\\p\k\{\n04\\m\F\>I64jh\\\sR\]jP~k \*ą֠\\ys\\\]5g\\/\ׄ\[\r\U\%\0ef	f?BBc\b\\\\\\\\357Z,M\\^G;x	8I\00׹.!\nv x~U%\\c$h&<!-\>	\0A|*j4\\\'\u\7RD\#\ə\HT29s\34$(>$w!QTHP|&A\?XO\\r\ZM\\y4o5	\n)8Ͽ\h\|П\f6\r\1G\\Z\\%iф$\\3A*\m\7\>i3\\\7	\\'\\v\\O\+\430y3?)\CI(\^EפT4h	7֘h\\`\M\Z-\N/n\\>\00^\R#	(\A\\8\\:\\"\\!\ɘߙ\\\FW:)Qh\v\0,$YRP KbD;\,\?ش9?\&\\3f<\n4H[\-pа\LxCF\\ؿVסPC0\A,\A\7(\\)&Tq$*(HT|פwN<g\\\"k۠ʭ帔ԍ}&`\T?404j\rǌ\'\\2\\%#w`d\bl8HF\fHf<^\R#A1\\}`HTHT|	\n\n02|an\\0`\\`\U\@70\Z\\rƽE\'`1%#ʪ\\i`)aS l@\id˂\>܀ \LXLh 1q\ZO\`dٮ2\Z5\>\0<\Z\c	f\\8Eef\\efY?\i\/:	\n\n,on7hHh\?\בh=U\\\\n>\0Ѩ!f><\\\hfb\\8K5qPA\$k4hf 2Z	Y\Z5\|\\bO\4jh\0\np6?\5\>\01\|\lf6/	t\0$*>SW\\0i\\\}#\\!	\#4PY\\Yҭu%feX-v*\?\n~KOx;7Y$I\ػ#Am\K8cʲ\\Fv鹉>\0\t\c{uѨbw`\\0g\4<\\\\A\U\M\$EK!\7P\B\a\$*8?XO\4j&GQ\\T݀\2`A1\c\IYY\\"+M{|X\n^<\Ϭ_&zo\\ɀǴr$\^\	5U\\ZM\Z\n\\/QlRIp\ׄ-\\rÏ\\LxĐ!Q\} U_I{7\\4X\ZY!Ar\T\Q\YD\yjE+Q\\ֆY\\S!P#es\jۤR\ 	\0d\)xpDIp,Ȯ$\\X`d\0W]\wN\}%\əCFCFsF\4j́\\EqSv\16\8Y`HyBB^\P\0\i\4hb$*(>-	\n\n>p\@\\\03F䬬\BMSѷ\s\ɓ`\9ICA1\\r\Z\Zi6,Z	f?Fa\\Z4\\M\Z3\\\;h&<`5AuLJRќp\0,\\0!xI\rZb̬b@Kp6?\5ȱ/\^%\Et\S\\wRɡ \Z\@	s,\[ŃA1\\'\\\Z5nYo\LxM{tEqhf \\r4j56A\ \	\nGCτ}\]\$\OșY^xHFa\$G	v\h\1x\"/a\H&\rR\I	\n\Lx^g\\>\00B\xDX4jnѠy͊dI\4hȃFCÓ3GU\M\V-\<\KMV.P-l,ۮz8Wh=\Z<69\\\p(:xe=Va\\CU$L&l4b\LA\Zh\04j	\",_%ef\ӗB)y`d\HTP\r:t[E<\n``d\HyIv\\}$I\	ÁѨyaǓMۦ\y8\0\Zt趋h)ƍ\r\ZH\-G_\p	8X	>0H\z\r\Z	\nUr\a1\FÏ$*8>F@\\\')&n\h\5uIK&\0XlBtb1R4[.`oXa~\\+6r\\,\"չ_R\\^)e\%\0z4\\q\\0\\v\T\ ANXI1?x׷C0\\r\Z2`A\E,R0Q)@@{:!Q\]\:-\O\FC0\5h\|П\&+	(+$*>FCA\>BG٧!Q\\z\0\vj+\\Gt\Cτ\!\L@ӧŵa\"$D\r\G5@4\m`\9\W57xD,\\u\\\nf#\rM\$bʦ\V@ \{i81͈>-Aפh&< 2wNцb\\Z\I\A~F\vi\\\\05&OZq\<=*n4jH\M\FhC\\G\HTqoBk۠ʭPK5Iv\\D\FA\r\Z Ѩ`\7\fLd8,\,\Cυ.\P\\\7@<\G	\;`$<\}xɉ\<h\1\`A\'\\O\	vŁrA\6Cτ\\0\r\bސޱ$((HTQ\\,\\"\\&1!\TR;6Qh\\UYbl!rI\"!l\sbXнXk~`hf\\01dz\1\U\K\)\rLP6mPđ6\\\d@`\͟<Ckmy$*)-%D+4jY;x0\	o)I?\HyI04\hO\\<X	(HyI\h\7-9Gt\c\O\\\ۋC0\	}$*>GE@\DY	o)wN\	fxOi\\%$*8+Z	\0@HA YB!FiɷT\\d\\Ԓ Ѩ \Zty/}DsE\Z|\\Dhm\\:\	\\?WdkZY!Q\\^G\Ѩ`+UsSv,4\&\\P\\"!G\\j٣\28\\Թy)V\+j\\\8\YY\\"Ì׷PF|׷A[G\\Z4@4\\m\FC\Y{\	\n2`a!\p˷ԗoj;\\rK4@\_O\LyA1\\n,ׯFU\0\n\_M\r\na1\t\	n\0ӧŴb:-\iص\O6)?KrՈHPQzK5\zOğh\1m#FA\,̞e\eu\0q1`\0DF\Y\\3;\\\\rh\\!Lb\KPBA5\e\")\ܿVǥ\gN\\0i\\\\ֶ\"	cYZ\\#B+L\\4u*n\9\z\\\9OA@#kpk\\\"q)kԄRŖ\3XS*`PD6\\\9ÂRj!(($\>>\E٢\+BFnetA\iL\k\\,R\l!@Į\)A\U͂F,^ AVs5\\\M\Z3yǌ&C \&D\z0ս:NnE\0ӧE[A׷\b\LxCb\CFnYI\Ff\\ކC\(\@a\?^8$(802p$*8ZR`t\k\\bz3\Z4\Z\<ieef\nO\Ka%@LEh\05ҍ\ZY 5s:\47\@\0\\n\D?Hif\S\\!cGP)h&_ \Z5!תMss&h\0[8oV\:\.[MHZd\n\Ӽ\\A@o\\0,zd\5n\b\Fy \(H&p2yH\\\\B\'\y(zЊBL-\\զ\\VLNŝ\Z<µ;#A\\j\,ъ&0\b9\\E<Kt3\@\n\n2z\FLA\HɓA1\Bhf#U\M\\A\wf\Z5/L\\r\ZOēD\Z4\ZB\=%Fa\;h$+\`\B\Ձ\г\r/\Z#v\k\}?z\\'\\`wNM\Z!QFc\\r\1X\\DoAl^E	\nNhțB6h3%54j\\0 \~*AJR\\\9+ņ3f\!Q=\!\Z	ymfYj\HQ\\T܂NZ\R	\".\\f@}A\B\\$M_/x\vOiG\\\`و\}.cm\0D\\VUU\"\\n*m\⵨\Շ\\`)#5\\̖GRAy(I)M\\.C(sh#\]\\6&@`\\Z$L(\@)Z\\X5(\4LnzdOM\\Z pR(z\b\\]Fa\(OA5\e`(\!t*A;\H\x}`i\"$C\$*(HTq`$<٪\ UW\\xMzGt\R\h\<f0ս>Oj:UI% \\r\#Y\r\Z\rǏ5\\eV\\\;\}`\\8K\%$\;\}b`HP|W5ef\nI\VVhz\0$8#\\\a/\"D$\\\m49IGQ\vH:-\pK \\\m\"/TXՁ-/Fbki%9(W$\0F\僎\(O@FX*HUS9\"jg-\\Z\rǄ}\"J~0\v(TɀnR(T2՜!*Dg@\61\\r6\8!xx?\6+>l\\0\Jc\\4؛	R\Ќ@.P	@QbK\:իAʹא\\iy&\ԋ\Xl4(>\\(MM$/FBji%\([\\%\\:K\@+wx\\\)$	 ;\,\uO-\Babu/\דA\\\Cϔ\bv@\\e\TW7$BlOd?\TW7#I4DI}b>\Z#A1\a\0zpǄLM\Z\Z5hfbK4CF$*8Xd?l\\?\i\\Z4\Z	4<dCIѨ%\0bG\EkRUfCe]\"\O\=p4,$rz\n\G\O\\p4\\n\i \X-H\\vY\`ݭq\^\P\0I0\\?\z$\\ZڄT\0H4<`1 P@![wQt\<	\n\0c\\'d\\ai	1ͭ\\r[+\@m\\\f(0	0K9\<źQK`eDR\\\\z5SI,Sӕ$ȡz5SI&E\NE4W\Vjt8#˂\S8\]}BB@@4\m\"Y{\KS	p\r;ZD93x\)XX7@<\E\0\\r?_5oOۅ\0<%\\2ӀѨ _Ï\6C\Nh16F\HTp\\\NpRY\\v+a\4Ѩ w\\\za.\|kv-RLE$!s\\Aτ4j	bG0T@	JH @&@@\00a(\=\"1\K\Z}&	a2Am IԭPXc\\\\f-@ܠ4DU4K4@2R\()}lFA\0Jp8z<@!D4\0D4ȱ@ PZ:-\xfX\\\Z61a`kٸ\Z@\S\lMd\#\\mY%,:EE\W`w9\\r\n\r\nN\l@F\K4\r:|[H\(O\r:|[XcQ\P\A\lC*\0 1Z\0~ iӢڭ\ZO\7t\,Ġ2oL\\\4j\N\m4Ěx\F݋\\X	8ĵ,`!\>\01\A\r\\\Xͯ\\H!ekZ-@\0f@d(T\ S\0{p\%uvKk$\#c=*ڲ\\\ޚ\RY\\\\Uٹ/`h4g&>hEg0\@h&<S]\PѨabС\"v&$hע\\d\ZȬ\ns;i!\Q\\ZD2ꦹ3jQ*/y\\acPŌ!A\D\%\\K\$().\pk@\u.M\Z:Q\\T܏B4S3\\f0L\l\))	\I\HTq^}q-\O\5\\eV#\L\B84p6\'\f\9K5I<_\h\\;Ft\O\0Ѩ!@o6\n2\,\5Oݺ\	\4Ôh=U\\\ܒbw\\HPPH\z@hKWډ\#Q٭*\12\\-\X i8,L\sJ8v\\۰\qj4χA\\;,ٲ-mnFD5\eeuT\ZK~`h#{r\P(\\tHh\\a\SDV\\t\\"8\0@2\"j\0O\>u\9\dE҇,`)4]R\\\0UQJJ\rJKF,VHoHPP!AG\HxFA\X7@<\E;u.}$I5C\S\BJ\0%<G`Jei\r=Q\\0dkj0\0n*^tW-\r`\0\0h,Ġ\0k۠ʭCFA1\4\\Z	\`d0R]\%\my&A\^\P\0n̟02pwNZp}!8 \r\Zjd\AG\0M{tUS\'=9\Lk\\\Dphf!P\\\J\0	b\\S\t\Ȑ\e\%\0H5BB!QI5\Z5X8\\'\\0J<\\0\"\"\0\0\"\Z,l<\0V\"(\0\\E\0>T\KvV\Vj\\-2F\/\֋_\\\IPK:X2(\!t*A\Z1rYG^\z\\nY5Q\"\]\h~:s%ր&(%01`\PFD2!t Y\\0YR\\(	L4\'̠\nʫOaWC\K\)\hoT\8HT 1Zd\r\\hf!@Iv\c\	o+$ޣBB\	)}EO\\%\aP|B֠\rR:\.Ds$x<uI\(\0T:`ZA\"߀4j	\0(>#Fk۠ʭ\h\0\\\\&qX\\DoA\ZH8E~<\\\$*8G\˷\`d^HTpS @\\\Z4DVVhz\h\\|,R^oE \\r\Z02|e\\X7@<\G\Z\\@Sk=mA\0\n26\E䀠7aM\\"6CA\ə\]aסm\"\y\\̷S\,A9w`\b\G:Ǌ.l\G25\\\r\\@o\(јX܎\Z\B\0\0BHyg9qLST\\\0R\L*2ޮ\Zt趫`#˂\S8ѠwUBzNj431z[I\J\m\\G2&0p`d\\"\ZIZJ\ߓ9IaĴ\I`I\\0P\\0Q \0l8\``k6\bvpQjޟ\'/q(\0$׷	?\ZtF\HP|+/q(\0yO\\\\0ӿl81Ӽ7P\\'\\$*>fCc\4(\L_)\FBB΁\\ݛ\\;\ïC,xfi\\Vf$E\'\\Oĉn\ߛVVh!zwXA\0u|c\0 \Mw=O:Az!.\\\w(\a\K&Oҭ\\\9t;\lkk(%\l\5/DOT~\ydg۷G\n\5(E\`<0Iq\%@\_%\0yD\yh)R\l&+\\k&\"J:@\/aRE\rcئ\vR\\(	L4^\V\\&G\\qO\\0\0\\+Ѩ\"\\-b|.\u	u>I\rm.@\`1\YB,\Z\"DO\Zn\ͪ\Ó7=8Iv\\D@FA\HC\`$<\0	I\>\0Ѩ#v\\'\\4q\ݙ?\'c\"\Z	\ZOj.k\Z5]ӿ\Z]\\	\z\:-\/,\\r\Z?\'=9Fa\\Z4\\\Nq$*)>\0}`h\Ѩ$}#w!QK/q(\0xؽ\pFc\;ie\^\r	\Z*i#tBũ\0cyQ\΍Ay\h\\\\0z[I*\h\Pl\	+a7dMm\\!_g4\'Bp7?\1ȱ\D\'wN\P\WAÒ<DR\P)e\\Z۪\4\\	W@̽إu\9\'jڐѠ!@BB\\\++4DP\\\j6$y/!xY\(\C\ 2^1\\C=h\BΌq\j\\ hbYx2\n\(꾀Aʊ43\\s0wZUW57`9>-̐7P\	>3\B	\\axDX3k۠ʭ\\\MѠbh\<\r\Z\\%\\2\H\M\Rh\0k0\zno)-?L\\\0^<\\\;hh\1VVhz\r\(Dd_Z.XȵA\2(\4L\n0\Rf\X\\rMvUą׷\Zt[Q¼҅mP$z5[\r5^Lj\\\9{24\nf\\\0Ā\K׋\e4JR\uɭdJ\0+)=&\\ik#\F#w\r\jw$K^^hl\Z4}:mOy\t8\\\Zn}!Q\\]Bb\0\\K/q(\0 %\\\DXlf\'@Sv\E\\$\nSRFQ\ZI*Xٚ5)?MHPp\>\01^hf 25\\eV\b~f\0\x\Z\n\r\ZuHѨ#wA1\> iӢ\-\\9\lk\\\D|Z	h\\TW7#C0\\Sb\Q\F^Xn*\n4jnCFv&<@\e{\\\0\\(z.V\cf\)8Y\=x\Z4{/V\ZhkS\R\\SIO4\\\<E\S2Ï`HVob\P\Z)ITb-\\1\=\\Vz\\6ɱ a6	\n\ni\_N)\Zt趫`#C0\3\\fKz?H\Z\Sza>\0\'\\ez4\0:pWXE\"2BbH-}\\\\"y\\,h\\\\\\0lI\\ދ^<G\|Pj;\\r\\E\K\3<U\0^>-Zu_4\'սRĐ430q\\	A,\F\\\80IVW/\4jY3\'\V\Rm0?Ѩ$$*8(E=p\\r̪;[\Ld \/2۵f\E\mce\`$<\)5d4z\섑C\\U6PDG\-\BD\0ez\"\r\\=Rk]\'Y09B-]ܔ1G,K(ںIk\[\ZYW(HPR]\h\YY\ÌZ\9G9˔4F\0¨DDD*D2\"\r\	\0\V\邞żPT63k\e	İ\B\}\f>-\\\\Ow`xNjA1\D	fKۨ\!\HTP\r:|[XH+ \k\4l\\r\Z\|ph&<ѨFC\z\;=\\"\r\Z?Ѩcxrfx\Z4\Z		\'E\DxK \\0\"\\qEJ\\O=RN/F\Z]T\^$\y\\M\%%\E\}.Z\F/ڏ5\ePEygT*C6k\H#v\n<;K\nvoV\$}>]^L^Sd%@RdL5\e`(\9Gt\\Z		`\\04h\"\G?jՈ\%C,5\0,PKI9p[\0N#+\"HTp$*86ב\HTq^׬d\w\>\0\\r:|[X/\\K4Ӵ4jh\<\0\Zt$*8E	\n$*802p$*8ؤ^\;G\	*\\^\r\0C0\nbuB^\h\ǀK\%a\"8urfy(2Al43Cq\\	\\LxG\	(\l\i\\\DF\\SJ\\̕t\\\%\ڢ\\t\l\jDݔ]\'j\\Ҭp*\в\T\L,<\\XSzՄf$,\0N\\n%\0& !$0#uD@\0%\0IL\'\\\9BB\\p^\Ul/L\4\\m\G\\'\\`dO\M\Z\\\&+4i \	\n\nפdҋpwNсs̚Qn,	\nNh`d!QG\0\phfa>\00wN\0fC \	Y{@\"+j\\!\ϸjdD\\b1F6v*΅\\7$h\|О/Vݘh&<`փȣ\ZǄQ52g\'mFC\15Ո䮋7=z5\,9n%`\XݻR\QA\\\0\7$\nگCF РOsm\\鐍VN\ڌe i\\\D0D|1\%}AWfA\`\0 \\0{\0Q1؈DDDDDT\FC\04\m`O\hfyp \r:|[X4j	zx^<\Z5F\fX\0>	0(\9^Grmq\\4jX7A,C\%%?7x3\\'\\?XO\\Z}`:-\$G<аߋwPCF\\\0BB\bTyr\%bI\\\\(%$GQ,\0 @\0\0\\=J\3G\\cu:c\0QԴUKǄu-\r\кCe:nP2\\Ω.\RmU8\F9s\EDQ\]\<v\rd\n?c\?Hz:3\0Q	fD	\@D$ 1\1!^M2Fphf 2uEqSrG\׷\Fc\j\lTŐ[\HJ\\'ưrvN1_!V\Zaz՘,4\r^F;88:}얔eCb\no	\Z=R\?\s\0͈@\`ܘJ$\	AMz XE@CF]Gh\1C0\.\po3\\n}x\Z54j	&\'t\YY\\>\00wN\\r:|[X:-\	&\"B\\"\\0\\r\1ѨC\\\%$ 4\m\"HP|iI-ٹ7\>\0Cީ)sڧAn\\o\4\0\Ao\n\Ä^`$<h&<#qQ	(\LxFRcy3V#}B\n\!EX6VԑoP@\o/aM\	]Ӵ*wUBzOiumR\\2\`#\PM;\=PHq\0D ` \\Z.kF\`I!QK\\'\]\\\\\"\g)Ϝ\+\T\\ι\ WZݶ/f?ƀ)X=Hqb%蓿\I:M\0!PS\=l2\nC7\,p#^0\2/\r`bBS pklW\\0\QVp3Gv\pzH.cx]RQo.\!,E\\KQyd\r\'qD0#iD9|4jOk\0BBiӢڭ\\"\0\\r<,\ƲFC\$*>\1\q?mZI>\00c.\po0\0w4j\\Ѩc2dO1\ZnÓs}\Ѩ$ʏ		fh\?e\%\0	\n\]\}$\pEТ\0\Z(\MF\Z\#>OM;X	(\\\wEBz8\\a!\\b\'\I\U\{\`$<NNct@4\\mVI{;ib	G\04\m\"	\\i\\4a\01\04hT\Z` \0	:CXVm\Z:%M\g\|\lbk3ԉLY4lA\\~ <\0!qZfi-g\\"l\P\Y \6Mɒݕ2GM\F{z<u\Ŧ\F,\#Ν\IЩ\l\UY%\|nC\0A\\\5&\3\^R@x\\\Z̋4\Lua\|ؠMCk\k\K!w&J$Y_y\5\KB\>\RH,}x,\0**m)\0\HTRD`d\0|\'\\\\Y{@́V\\?\'\\OğHTPѨ!aGF@\\r\Z43<\B}ѠbHTq\ٔWEI\&&a\wN\}xO\M\Z&C:E%\\\\0@hy\\\b&7H!/H\\8K\\LxFC\:/p8Q\Zh\\71S-\\GT\\)B\\\\P@\"\Z@Y&\Z		BAN[R$\6!AAa<\r\n\\\N\;@5y\\0MNH(\"\H5	\rJ\0h	c$j9\r:|[X\0\0\Z7\XKY䴒\H\\ \n\\D\ \N<\\0\8@>R~f\FD͘+_\2*o0H\EsBl\e󧤈\Zˇ>RtXUn\D7mqYėuV%\%fh\#\RH\$,\\\K8W!Sz~/f5v(\\T\r&[\Y) W\4@\\p,&P6Qh^\}`:-\	>\004j@k\߀\Zt趋hb\NC4?M3\\U\M\\Z5%\\4<\\\2\B \	Ѩy?X\Z4e\\u@Ѡy\Z5\rJlBt`\0Y!\C\nar]\i\0izڮfjA1\פu/\\\\j\wz\섒j6*,\8`$<E\D\Hۈ\X	(@\$2\&lY.\K\4hOiGTЁ༁@\\fG\rO\ɀ<*AZvDQ)S@5=͚\DX>X\\"\"sc(Y~\co\Ea\)g\n\5E\\\"5\z\`F\AK\HޟuL|=\\Vz\\PC\\r\0ӧŴ#D\\Z!@CF@PРBB/V1@JaH\\7`;bƣՆd$\s \y\3*\0\,CG|2\\\\\i`h\<++4D|,Z;\w\>-8s\\s/9f?q6\\Ѩ`\9\}af4KP\r:|[X$G\0fCڱ3XLef\nH\4	T8!\0H\L31\'\BӒr/L\	\Z\FA\;~-ǌ	8PXjvBHփȥ@QJ\rN\I>9^\~\\ڡN+@4X\\\H\\8FA\4Jpx~\rh<4{B2gbҟ9#\|,\d\r@j`\hT\R\oK:,$h7ԂΨ6u<\lˬ\*d-p\bΆ\b\\A\L\\nyX7@<\E,b\"ǌ	(\\8w\#`+\\oYd\I2\ \!\/p8Ï\\Lx\O\$*>j)fb\0I\0Ǆh&< \2`\2`A1\\\\8+\O\mX>S`w\\ZkIL\\h8\Z54j ;\0Cdh\N\0\fb&nBkjv\\3\1i#\g3\\\PHyFC\T\ZkvbH%;P \f0&~,25d4:=:g\'1ԉ\\\roYŘj\H\\FEפ\\\0~\Z\mO\L[)$\\iC\\	D\{S-O`}3Fp;Wi\\q\"ң\n\\AXs\Zk/V\ZL2\r\Z@\(A1\\Q\\T܂k\\\DQUsSr?\^\r-kX\;\nS^8\P\0*14j43bh\<\r\Z!QZr$B\\HT|\0ӧE[Ѡa.\L\Zh\<\r\ZC\	fϿĉn̟}a.\RO\\r\ZA1\\\\Zڭ\0f\n3\f<t4i\Z|9\f?\rD%1p\0h&<#-8%(U=D*\QFc\t 2\\j<\n]D)AK \kȣh&<#A1\3/݌ldE\n\8Mh~b젏&}\\o\RIc5A	\n\n<zޚ\\0ί\wUBz82;h&<A\430`$<\!!QK/q(\0#_\\E\=/`Ig+\t\Z5U\GH,\(@\0dddEW\ZY\"$CMnŪ0qX\\DoA`$<\HPA1\\'\\02q}.O#\ze@A5\\e\h&<#C0\\'\\^!QKÓ3\0ӧE[CBGu. [lL\Ef&Y\\n8^\B7\\++4\0@QqZ	4!\\0ӧŴ#\Ъm^\\ )\*\pJ\rN\I*E\\?p&W1\\B	R\68D{\ =YlE9J<$-^xX1fqk&E9Wy,`).Cl\h\|О E77f4(>!AA3Y?&-17L\PnYHc\	o)K\\0P}\00u.!\\\{,X\o\D	@~\GE)ԛ\)ϨGL\FcǁP\O@+}?\Ӽ8)\4	`\\\KBBGB\\HyM{tUpe巑%\ə\.\R\Q\>\01$*)f\#s\\Pqdf#B\c`	\n~$\\"\,x2sPt\\\\W0D*n^m umK\n~O^/\'\c\?X4\?H\7\0\\ZH\\\D\\pj|>r)ЫG\Qqf\\ئaxJ\E\ZUW57#\zeA1\9{24z4섑\{PV\#\\i6R\)B\\\\8Fj&CC0\c\HB^\P\0FіnRv\\'}\\\!PIq$G\'\IRcV\ZY\3~iq\֬Mm$\ȤĶ.E,$1/c\Hl\8W\K\'\>\`&F\ĄDJ21	&)<DG\;@4\\m\$*8\{@Ͽ\h&<a\'5\e`>\h&<`\\8I0@\n\Z\\3IiӢڭ!A&C!\\zX\\@o@)\r\1A`E5Z\0\nxZ]qBF,\V\f\\E\lŎA1\p\MפXVFi\\\\Z2\\X\;=:\\\k*\x,˱s;G.\"k\s!Ɋ\kȠ\2`N0\\$cQ\Q\\"$S@!AK5C\(OF\U\M\:-\4Ä\\\Nr<Z\"\\,MM,(^j\\\I\"\'\\02\ݒ2\@JQn\F\hm]h\\B\"K\\R|\"\\7cٹdc\\\\h\0޴\\l\&B\"\hLTѫ9\NM4\3r5V^\0\\9\\\9\q!!Q\}ѠyƍAIPGQ\\T\\LW\\Ѡx\HPp`dY\L8\Hm\BI\\O\6Dn\\\ړ\%\vǌA54D48\"0\R\\3-i٣\r[Ӥ概%(\\0} \8c\zGQ\\T܎\cQ\P@\\GRHyMRgyA\LxK\(\LxJ+rex̿n\`ց\\'\\\0K5Xu\r4stNa%AwEBzY\\\\LxŠ-abܴ\ܖ&M\\\ U[\LN\:\lef݄@$\\\r5zvm\댁\0QQB\ZD\\z-ba$e\s71\:\\"<\֢1\hN \n\\NZ\n l\N\X\tM\t6}/$	o)F^ndGĐ\03F\}2!\/l	\n*	& ,\%gx\0ӧŵA\#!\)&5s\:-\šp\\Y{@U4q\\o\n!\oQa	3V-IYG\V\n$ b\\Bp\[ӽ~S`xHHyz@4\m\"Hy\\5)Ba\	%KP\\h>\\\\D\Mc՗M(T2\\H\\8Fa\5r#%\$Q\$!n\ŚL\}Z\Ƌ\\\Z\zA5Y\\0	\x^uEqSrYB˞I\vhZ\rBEY@R\T%b«I	L\ fiY\af\Z\"za\'MnE)A\4P~\!PI9\f3ɀՕ\0^>Bk\\\DROP\\x\Z5{^/,	\na\\0\2^\r\"iڝ\HTP0|_ϿğT\r^w/\\\`HT|I\nGѨ#Ψ*nI1\Z5\%clPs6`1\Z	h\14jѨap	.6\\2,HEL\\\0Hɠ@ȃ\YY_\D7fO\\\FA\>t\!\\Z	]DN\!@p\@B0Q\\EK?r\\\\\KZ\"jM\K*\I\٪(^j\A3maގaoy?\\K\sc#A\\\%AGq.d+4	\h1^Ǔ3\1♧F(b\+4\&ќdk\\\Dq%\\\Zt趋h`Z7\`\h&<`\Lxy34nY\^\QmÓ3\\Q񄈓N\m=;xϿ\I\nCFC\\;WE \́sV+F`5\QV\\NQ\\"y#\)x\\%uo\"\rG&\0)?6vFI\\%\Fa\,Z	\r!,ޥ\Ri\e\q\\	fT\W7\\F\4!iO\wY1\8\-pБGK\\Z\K4MY6ׁL\l	\H\A\0P\S\\hm\4j	\\ \\h\\U\nFl\"\,@M\'m\}b\902|\\\Z\"Xzy\\ӴS(C\0F\\'u31!A6j\\ǃA1\t\Fvk\}x^7&g\\9\HPA1\\W\	H<ÄXEa\|3@(	Pľ^)\n]b	E`z-\\O\tz>a\02q^h&<xj\H\\G\\Z	\SZq&d\\&\r\ZX*bE\؀0,we\\'\Hy}6jk&̲\2\$TU+hRbC\01D`HČ\\4jϿ\^\R\"?޵;i>\0<\r\ZO\M\ZOğMÄwNdT\f\Z5N\my\\M\HTQc{ulL4$*>,t\\Z	3?@4jh\04h\Ѩxͪ\'\\3\̐!QI5sl\{)揦O1f3\B\]o0\02\"$P\0}G sS&<\ց\%-\F\\`aǛ!\\Z	HyI&E׷A1\wEBz:\LxFc\1)]bc#\W\\\T\Z\,\\ıbݎM@l\[MZ\;\1p9\0G19\0\b\"\L\\4E\0G\DyCF\\\8\O\4h\rǄzK?oth=U\\\܀J&A/`BB\HyŠUsSrHB\bL*v\r\1hf`h\ѠxȃF\\"\r\Z\1׷A[aǁ@FA\O\ۏ\n}xI\nhf&\YʫCPP\6\0@M!a@FT\EiJk\p-~oio!\L\\);f8Rk\\;^\P\0A5\e\"(փȥ\gDY{@	(HyJBu/:=!=\\!7pHN5\̚ŤȉE&S7Z\\YP}Bh*K+1P\ZŐD@	f\䆂w:P,$*802p\\F\2`YI$G\DHB\0IbL	?\}`h\\<\\ZFR`S\qc\p4j?\4j\r&<2dCC0\Fw\HTq^>\0}!Pm\"E#\XlZP,a4M\01Z\[\8,ORdh\3\H\un\tQpÏF\\LxKѨ%\Ez\\LxJ\rN\I	\nr6\\\(EMv{,d\ãY{K4F\U\M\\\Z2\\X\7]8Z3ETP\@YX8ȉHTQUsSrIL`\Z&޳G\Li\&5BB\W\\}b\\O\M\Z\'$Exf\G)>\0<I\nGdr%,&<\\"	\n\\[鄟\I\^\R\"Ï\>\00HTpwN\0r	B \r#4 \%Pk۠\-2-ѮX{W\r4g\\m\R꣺vÏ	Ǆ^\1\Th&<$\\Q\&>jh<P\S\\y\\M\f,y\QG!ʹ\N\\\Kwᑊgh:\\\	Ӽ\'\\`$<\>\00P^di\(`\ɻ؎\/NSZ\EoeY\o&f\)\Z\0WU\n\B\!zI\ܭi>\01$*8$*(VA\\M|\ߋ\Z\Z54jh\?!Q0P\HTP\\\\1Ek\\\+r`\Z\\#zab$*>GB\"D:<5l`!sש\k\P0X\$YV\Z4:=2If\A]\\%1ƆfrXYė4wN\\;\ԿXH>-פf\mGSZ\"׼\r\0ӧŵ \\w_-46\\yng\/ߩ!\\TK\\>-.\r\m\|oZbhcb[\	.\RcoО\rWƀ\nd4\@K \[\Xzn:\0ErG.+7bT$ڳXH\S2\\R#I܁iIg\"g\\ Ppa(P̉(ƙE\0at^ښLL+s<l%\)\n,ԄN3:ə{\cktF5\\eVI\>\0?P\\\G	<`$<\+ӿc\h\\\SvG\;BBBB\?\Q\0+\(OhfbHys\}\1B\0\0H\Z+\\\0@\0k۠\-p4$()\U]IeqR\\(\\\_׬\Z	\^jz5[IuEqSv\\\J\0D\%0\Z		>\0u-o$z\섐KA\9Ɔ9\\D՟\#A1\uEqSr@\\?\n)83pf\CQfi9Ht YEGVNp\l`\q,(yr\5\\Z\H\PPR\"8ͤqClf\r\\̖\r\r-U\\H[8ςc\fM\g$*8r7\\(\*z\Ĳ^@U1,Q\1t\ꉹ05\dr339\֤\\E24x҈\$Pִ2\$,\r\Z?\4jh\<^uEqSw$*)\'s\\9,\&\ef\Z4xɊ}!P\],on7-\m38f9o\\RDI4jFCA:3\W\0TW\h;\\"&>q\0\\ 88@n@F\\rc[=\Z\<сr\\.\`$<\\^>*Bh\bפN\\0\o	(\LxFC\92\o\E.\r$<\0W]hփȣJ\[P\\"W:͎KJM\\Ԋ\nKX5$((]w\\\>-A&\?޵Nb\Xt;CemRd^\-\.$\ZIQG@֗f+\l\MbVs5-5\-$6m@\(pBd@u0-C5XkY\\3w\HyI&)h\14j+\02qHTR}%t\\\}$Pp;= mCFPGS2$\0XvGBj\\,`! \$	\n*)6	!\\\\'(ќ*ˆb\0^gD\"\"+6\7;l0\9$j\\Z	\|z\A5\\e\\]\\_פ`$<Ψ*nGR\@+}4a0\Q\TW7#Ψ*nŠ\'>zF\CF\ 1p\Ζ8S\t\Q=}8@&/FY\݉a2&@2z5[\r%\\^!d\\PI8\Z<K#MB*\jF\eZCB\\r\n6\ޖ\Z]`=U[<D~\kp/vȶ\fHM\0\\\\1\\DܶҐBAi(ؘd&&\0\"U@*k\\\Dp`h=U\\\\\HTp\&X\x$:C\5 \.\R]\`\\0oq\ɛcAdn_פ^\UlA$\Z5`$< \uEqSv\rÌZϿ\	\h\<\\n,on7@vnn\\\\>-HBc{u\004jHy\\p7[3E\$.pHk\0#31\ܖ\#$*)Ba	8(x}\dẀ`$<\Za \R\#\(OI\Z\e\u.\0^ߧ#!\	\n\n@1g\=$\t<Scb^\K!\,\\\rCAk\)2(^j\BB\\zuXQJ%0\РF\mr-[\4ސ\r:|[H?H\I\n\nK\$((HPQ\\g\\9j/0`\\0s=\sLlpBb#\\~\B\714HCqZZsUrА\\\dd\\>\0<\'\\\\\J\0O\4j`VVhz\\7\|PfkHF\1\_\r\Z.\\0PM{|X \\_Lkt`HTpY\h\H[\\\(\0,b\ڂݿG靡@GSyNIcW3{BFaǋA1\\|Pk\\\Q\t_\'!\	\n\n\0W]h>-׷A1\`$<\\OiN\\, ~ł\=[\\\u6P\Z\-^\qG\\0\r4rf?\'\"3\4(>]@\\4(>\Uk\z\Z\iӢڭ\"\"e\\AפwN\Ԓ$(843Ѡ \Zt趫`#C0\;\0ѹ\"9ޭ\\0s\FO\n*ؒ\Z<\*R\"i`i/,\@4\"3҉brBGl`!\4<׷A[\'\\\F2#D\\pn!	\n}\O!P\LFCѨx++4\0@R\\\\\4h\rfZ8~wKz\\r:t[E\r:|[X!02P\,A-TCb\0o5Yr-	-(^\b\D:\\U׷A[E׷A[E	\nh&<#\"\\#,,^\(\\c\\'O.ܜRSh\LxK/p8!\,\6\\n7SN2XQF0z4\\\r:|[H.\\3|nW}R[svoK/p8!AG\.DG^\\\\Z	2;\bu6^\P\0\;qv\T\\\\Qt0m\"\rn\58\Q\~\$\j}hB\rP{g\\0\2[\R\p\\\ ,g\\I\>\0eE\\;=\+顣@F430\02BP\}#F\r\Zh\0{\k\\\D\^\P\ F%D\\'\0&y\(`2A\^\BBǄ`$<\ࡲ\zv\\02qwX	(@\	)RirX!AG\|PA1\iv-PE:~eB\\\Y\[O\ ]!b\i93Ӕ\FG\פ[\\qcS [~^id\ОQ4k0GX[r!AŠiӢڭA \L\$*8(/2Q\ElDT奃hⵧ 2UI@\~\\Z\V$^\q@z.\jfp\i?ɘ\ArGMT&A\r\ZI\N\m$*)>\0? \f\0e843zIM\pX\\DoA$*8I\nIpjn4jj\H\\h&<x\Z4\r\Z\Z54j\<P	^\\z3\	fmX.\DܽV\\^\P\0CFǄ`$<YcmF\W\	\zFC\0Q\t_\'A1\wEB~\0i\\\DԸ\\q\\0QFc\<|U\n\H-\\(eKA\U0,?OT\פ^\VRu\L4p\\xc\4jh\L\X\%\0Drf\0e(>-׷!QF\U\M\h\UsSrNh\0&d\G\0}\SKѤd$/V\"]tW5\0~\;3(\h\m9D4Z	h\1LdL!QBB\nOğ͡q\h\<l\\'\猇K\HTQs\\'H0H0H\U\Mػ\4j\m>\IEO4\4o\"*^51$cP\Ç9O\\"(\0f\'\\;~2\K,\i\\\D\r:|[H<2y׷@R\\ (\/\\4\C\T&(C\@J$Bu\<@\X\\ZH8G	\\接:L\\,\mФGN5c1e\%\0y\\M\&E*^j\Il\9iSoJ\"E=-$5@:Ś) \'bʫxDrz\}6nOZ/P\\X/F`JaQYGb{Qh.A\\[FA\*^5? 4h(\"L,?a\0q\p_<efyKΨ*n@4\\m\\}$Ok\0^?^k\h\<\\Z\Z5i\b\0}3!QG\HT|!u&\Wri\l`\r_̱(@G@s8I\'#b[^:?,\\&w\Zj!3tG\'Ld02Qs\\_פN\ Ǆ`$<\(OGR\D׷C)4$\"~w]DbD{=:\b\ϥ ΋\ک\t\44B\y\rY{@~\н\Z5`\;E\0\kgN \\r\Zz\nHX%\	C\\4\[J\P\BA\"\x@Y &Ni+	\̐T\n!,pd3#X(\.\n6\0\5 MP\4\n3\<B7fB\\C\w\$|O41BA\	d,\*S\\X#\4j	>\0zMD\w\W֪n#\"\RO!!AŁs\\9G\\'\\C0\\h\Ѩx;3C0\\'\\A\Z	L2BhGBE	)b\0FC\)o\Zr\A&\"b\g`\=\H\\}梤\\m\e\%\0J^sK9$\0\1oH\\]\[ \2hC0\GRa.\Qh<;\cQ\P\r:|[XT[\#_VH3@5Yʊ)y!F\\\Q_ɲʩ\\5(^504|\0\QㇽO\\"CB\(\QYv[1F\4nΑbl(q8\\{HT!с;HA^N3F\ZT\n\9e9^\1y.\$ j\\0-Vl	 \e\0+\m$#h\%.T\0I3|\Zd(\@j\	\{ԧ\Z.\\`x#\0d\F#\\.\K\\B\=$^\z蹰?6\'p@H+5(.\r\Z$B!]ӴwNА\HyCF \ׯ\$+\!P\HT|d>\00;\\0\\ >O\\3\\\0\\oG\ef\nO\\r_k\Z\>\p\ZD\@ \\"#\\&\0I \0D\0\\$-a\؛\\7\p$h&<%GQ\\Tܓ\40s70	\\\)ց\#Y?Hh\\\?I2.8R\0]W\\V\ĺ,\&\pV@hd˄Xkd-բ\Lh&<\'\\\PK4QI$oQ\\#\H\\#˞Y?Mf\u\\[ \P \n=e?\4ŲD\\0\\"1\H\rtv iDnz!)d\\\-\B\" \nKhޠ%\h\mq4)((qxZ\Phc\>\0\0\Zu_4\'\h\<dNhdh\\0hfxد	h\\\33\7_8=Yw׷\>\0\yMǄ½-\옫rĆ#	\"$,#Fb\0.YX\\@o@\\'}\\Tm\J\\l4\c\\!Ok\0F\O\s\\:-\\9$*>6^\P\0FC\:SBa\	#4go؏:	J\{n;3IEB\E\Z(	`(\\\5\*^51$cQ\p\	\)W!\yF`Da߈^1\\>\\O1\\\\\2\*q\x`AB&\(BJ{\WlpôJ\  \\F\n\0\\\n]\b\0PG\M؆\\qK/q(\0a!\\_	q\h\\r:t[U0B``d	\n-Ѩ%WPM{tUPѨ%CF\\Lxß+\n~O^$0fGP2P\0`I>d\lؑ<\\IL57#k\9&\{\\\N$hh\\\"8%>sh\(\cu:\Z\c\_T\LxKԸ\vK\b\-k\\"Ue\4Ybp\^@P\c\\(&PFJP6\uq\\-\0\7?\1\HTp`$<4\\&DFB5\\P,韍\/5`@\n&\'\0 r\@\Zo\\>\00i0\&TPѨ#A1\\r\Z$*>L	\n\nO\I\n\rǄzK/q(\0x02Qz\Zh\M{|H\Z54jE	\n$@\nU\M\`\7LR\"\dDi\K >ކ݅\{\\'LEIi\0\0FtdJ	*\\ZQ?k shoۨ\r\\0=CUWH#O\`pG\]\ \F2\c\4zFC\Y\Չ\Zh<0R\\J\0u\)#\\rPQ\~`i{;5\#o	\#S	(\bFc\\+S3U\59]d\"O1P4j\Z5f\\Ѩb\Lx\}`&\854j	xrfh\\8\Ѩx;\	\n$*>3\,Ġ\0A\'\\O\M\Z\Z5i& Ѩ!PCFC\r\dS%Qpj+\\UsSr\Z5H_\p׷A[A\0|I\n `\{H\	\n,B\HPp\'o\x\\d\\巒\z@P]׉b/<D\a*F%bH3\\ /\˫KI}\\S\\V\<7V$6ՊXNj$G?^\P\0G\R \nr-:Z\"\O\\"}#Er\\&zfM[\ٚ<NF\=,\\Z\yy8̶;\\0򺶖\Zq!6b%el^^o\Ih+l00u\Z~!?\'\	\\\r\\\\"\2A,A\r\\0a0NQ9wC0\?\=\n)P\rDz*qHHTRO\`d!\	A\ـ\%-)\Z\r\Z\Z5hfy02!QFC\-q \ٓrF\}\\9KI\HTQW\3@xAadv	F,\r;h	\pJ\s\\&H \DwK/q(\0$pJMNr)͢\\c[\\ZZ̥ј<\\kB\	\LxG\פ$*)u\0\'>\R%I\٪-[,!\kOe\PpA^\\0X=䌭\\\$*D;	`D\bsPh$\\'Ay.=\0)\06\rB\YzR/HdYr\(\\!\BT\r)V\\\.Pk%)@1B$ ,#\4h_\	\n!QŦ\\s1hfbHTpwN\}$\D\\pn2x~٫)`HyBBE	\n\\#z&ò9ɞDĐ\>\01\\ZO\4jϿ\	\n\2`4F\`9\Vd<V̬\"N\rD\rC%,D\\f\"\n=-&\Z[֙\lC0F݋TZoTe	у7]ް\|\ӑwUB~/\\O\\'\F^ԴM{|H40cQ\R\#^\R\"^\P\0JMn\I\0ӧŵ$At&85gKѦf$$< \Zt趫`\'&OZp;=\ZGV\\֡\l\S}R\}md%[D\s\t\\>SqH<%ѭP\h\)­\\+yD㬥\p_Dt<NL @G\N a/:$D	\n`d\HT|פ4jس\"O\9-\3x\r\Z\r\8I\X,W!Q3Ff>iI\\zno)-?\h\\\J\0	>\0<X\U}mU \0\\\Hb\"Y\x!w\7m715.$®!vf\,\7pdG\4p\Z\,Aiˢ<\#;q`d\0h&<#u/:	(`փȣ\Z\\!4.]\\0(\AȣA1\\xm		R?Bkf\iUvɹ\\zKՌPig\n\5Pe}8\'ZV\8J\Z5\iUvɹ=o0N\6\ ob%a\\\\tT\'@B\nŦi\\nMBT`210\\\\A\r\Z3\\r\Zk۠ʭt\0\bB!Q\\ޏ^]\b^\.\Qc{u\0?\h\04jXh\?DS\\\4If\0J^	0d Ȕ3=ӀH\s\0W\(X5\\/u+\)\r%pCX\1\v\\̔	 \\0@\z`\̐\0bB!Q\\r:|[XOk\0GR\]K`$<Z<|U\n\FC\fk>0U\\na1\׷K\֮\k_\ʚ\ZYʸ\rb\"\\"(&\(e)\-;=\"CL\y\TL\\B&O\(\\\\"(\\{\\r(2ܮ\J,C0\Dw\}y\+r2İ\2\"D\Z5\\'}\\\r\(HTq$*)k$*(HTw\'\牣PR\"DIL!UsSw&a\EB~$%5 \d \nb(R\n\d\n\7\tK\\'RֵA\Zkv-R\\jh\ZWzS\ruib\\ޏ.+=L\.K\\0\\Z	:C\1(%6	)\堣!\4ڀE\$+\Z?@~#qFT\Zj~@i#\\Z3`\LxMWR<\.DJ\rN\I	\n\n\Z4$()`\\0o\TY\	6sdyhSUP.B\\0C[%\\2\F7rXQCȦ@\=P\.\ͤ\0,\0běTh\\\\:,V&F`d\b\\n`d\0\\Ѡbh\Ѩ!PI?s\\|;\\04\\m\\D;\N\m_!QBBG\\nK\B2FNB\n1\0I\0w +j5]5R{,N`Z\i\0\n#\GEKe4	\nT&N0\\$x\\[\\]鳬\0\P^,ĠA1\\Z	>-\0ӧŵ#Z#U߿O\#\qEL]ޏ8\J\X#\Xjĵ8L\\\0r=Gt\rj<\n	o+G\|P}A5\\e\=;y\	.\Rȿ\\I`-H$P[tK\\q]eq\\\r\m\	\0\A*8d8t$h<\\NAKA\\\hHTP\GAaG	1	\n5A!Q>\0j\Y\CFg\\A$)1$D!QI<\\r\Z$G\}yد	v\b\b\\Q*6\b(1 |H\r\ᶧ- \M*C>\0Hu\,7GՑ#C0\\\}\(h\)I`\\0$((>-A7P\\n$4h\zÃ\'z=x԰Q/Fݘ4M{|H1)&5>*BhH=랉]UQ\\3$}5&h\0n3KHKM,O#.R\``6\FRA5\\e\K\P(3-,B0upJiHX\sol\,Fy\\7h	B&\0\6g\\\{\%\\\\灣P3`u6\ܭ\\;PFa\^\P\0I\'\TW7$L\r\Z!A@Q8\\FN r\\(\1\\/NJ\\aC-D\\B\m!AÜKP0N\l%\\!\Ba\g\\Ok\0zGR\Lx@4\m`	uM{|HvQ\-	P\\\Y=4Mg#Y,;a\]\\:gbmr٢f\\Qi\\\\N\m(\܏\\7Ѿx>c\4]N\Ԝ\\pE\ṙ$yB\l2q\IdЇJ\/\09\>\0Ѩ%t\}#F\HB\}*\\J\0\^	\F\\Fv&\09!Q\Zt趋h`+L30\\R\"_DL\/J@i\PU=,3,B\Z4NQyrL9,#nА&OZp	\n$(8n*\4j#_פq?|t^\P\0OAwRDثK	PMTH	`\VWj\rB\h/u&FBfi\\\a\̳n	o)I^\P\0CFA	\n;hưIP\5&\\P GpKz4\0\PJ\ۚ1izof-$0\b\\\\0\\$rH%\JO\\n\ߛ4jV/\Z\!PCF\Z!Q\O$*>R\	aGg\\\zͦe]H0\Z5wZ;\0\0\\ n/\0Y\'\0lPCKS2\\\0\\ꨟ\0iӢڭ/V1@Ja!A\lMnŪK\\&\?ؐ\\LxGȟIe\%\0K!\\Z	!T*E	(#\PMz4\\đA\Z/h\\ԨT\XE	\n\Z5U\Dz4\\ē\@\\r\.3bh+\\J\0HBpGH \nuOƎD\"a\<l\"M4jp\U4ؖ%pjK8_#\0P}\z\AE^ע	%o&5\-+Ahh\0\0\?CF9<\\\GB\\'\\02P\r:|[XOązI\\'\\I\'\\X^APA5\\eV^\UlӼI\n\nI\L	?\;^A\0W\\\\\ZWs-uXh\: yAU\\\]X3/`|Fpɡqӧŵ$^\0:CS	Bah$x	)\0@\@Yd\\\9\y \$@NUnk~-255d\$pWB\>@C(\nqK*k\H>-/`G^G@\Kb\R<	V\ǟ)r\\y\ӢKϴZ&j\\nA\044.!~މ9P\Z beXg58e\\P\\L\0$@+\|K\n=\0?\0I\za>\004j4<\\Z40BBGBI\	\h\Ѩ$\]ᘫjZW.B\"\0\Z\\\@7C!\-[4\\0hdYOny>F \ZrOi\h=U\\\\\\2|\r\Z;E׬X	(\D\׷Ψ*nG\\\m\/\c&H˦i[\-2  VL\\[\\Z|B4&HdbQ^i\nG(5i\㍝Q\HU\\h\M<\ZE\@\TZB\0\8\*E=L Z(^U0\\UA\r1F\\?!$x!\`\ LQNkM\T7\,0^\f\0^`.Iփ@v\	O8!a\0\0bӨ4(-9\HyO1!Q\\\J\0O\`dI\r\K0I>\0\\J\0	>\0}#C\ׯ\j؆A\n=\0B`1ݛ6O\$*(HTP\\0}!5\\eVG\\\r:t[Uc{ue\\\r\'=PH\DҊR\"\?EDӛ$~\\"\\\r,*\XR\Lؘ	8?\wN4j\F(HTQz\ \uyMY<\\\4j+D\\\ h%&I(Z\\Jz\)l2s	255d\$\\3\\kRZT\\\\\E``q36r@f;f\\rF\\:ٜIH-`DB\\!0\,o)4bT `yja1Njl\$l7eUeh!!`ҚԀT@ Ao\0\\\r$<hYl\mٰ޾%pf\EĐ\Z5\'Lyl\l\\\'\i\G\\4U\X\6}y\Z5y\\M\K\X>\	C\Z5M\Z:\m\H<V@\\Y\rY\B\"TÖKhpab6Wk۠\-\Zu_4\'}BB\h\<\׬Ӽ\ZRO\E\0ӧŵ`HyG\,Ġ\0!\C\T&p7\0%1Erъ\1\(r\k;ỤܶB:!T\h1\ь)w3EÄ\r\040\Pi	P\0^$`\0Q\'\b!\sF#E\0j\#fI?x@\n+ۨ\r\\:-\Nh!AK\׷\1\\\\\r\Z\Z57_8=XCF\\"$\0)\h\0w	\\ss0\&UK`#\B\\i)\yF\B\O(f% f\Iv	vhHyG\0ow\HyGt\aǓI!ÌK\ݛM,\4j\LxFE\0\QSa\_piv-R\\{r ,vXDkr@*@	^I&\)\?&\Ə$\0 K\L\ic	@\] \\n&\!\B\Zt趫`	\$\G	v\Zt\r\Z.\\4Ѩ\"\/Kq\`G\F^\P\0wN\Z\O2;EC\:;aY\\"\6D\\\rB\p\h\Z6uJ(\1\~\Ѡ%\ə \\0ӧŵ#d4<&\'\,` \0	!Q\r:|[X4jnGRHyFC\Y{@	(HyJZ5{\r\\h<\\bv\=Yq\\ATe[gqe\B</fq5œrC\2\\hE\JPE2\~f=\\"\n U,2(\\>\00$()>\0!Q$(8O\	\n?ICze\0^8X7@<\G5\Ѡ$\ik\\#PGߍ\Z4jI\^GzZQ]O@aԝ@4P[P\M>\l/*z]9A\^\96sbH+\\,	L4^\R\"cQ\R\\SGӣtM{|H0\{\@\n\M@h4^\'=9E\\e#I\ߨy\3KQ/Q+R@\޿		ٔMld$\9\0\Ѡb\>\00$*>0\"ݛ~+\}\;F\r\Z0p8\\"CB	\n&\"BGBR02RD=*\h	\0D\"ds\_6-Uk\\K(J\iӢڭ\r\LrX)HQ&^n\^\R\"k۠ʭ\"\\3\;G\&G\04\m`	ݙ?\'$\r\Z1}bHyK/q(\0#q?|t7P\O\ ]$^\\R\쒈h1\"EC\ P?\Z)> ۛx!\ڔ)3c2E[y1\0ިÇN\2OA@ξk۠ʭJ \2`43Ѩ$hf`\LxI0	n(4\r:|[X$C\\9ĐϿ\\\LxCF\r\K0I	o)CF\h\?-\`w	!AhfyƍCuqE\0\\\"KRf\\"Z\\ylXr\\% ÌZxӿ\e\\r\Z*6\Zo\Lx¥\\[\0}\'&ozpA\r\Z\\5^m2=\0jxi\\\\PMa1\	\nB4pc!\_^6MjB\AYf}869M\sA\0a\L\0RF}j\0 VMÄHh\zѨyE\ZUW57#dD\r\`i\\\<I\n>\0?I\Ѩ!P\0!Q\>\00Ӵ$*)>\0<E	\nv]\\\Gx\Z57t\	h\\\0|))\\"\.\\\7\0!\S#@\\nyY\Ձ$}\rÏ\0|\F\5pw4j\"\$\e$y\\M\&E(^504*8\PM	\n\n8\׷\t$xA}\\\'fS%\شPP\B`A`\'pCHTp$Y!Q\0}\'ѠyI:!AE\\FfEq,\'\\l>e򃙳:pi@*S[X 5\\ETd\-(b=`s2c#Q\\ŚE\ Pb.Jd	\r\Z^<	o)@4\\m\\\?\>\01h&<!PI\z4\\TW7cbRi-\\">*Bh\Zt4j\"ԁ%Ok]\"[׸b\\\Z*^5? 4^\QmVVhz\Hy@4\m`\W}3\|#\9}\\\@y C#@  C\U?B\BG\'\\O\\h\<\Z\Z5\r\Z4j	\"$@ӧE[A	\n,\'\\O\\r\ZHFPFa\\Z5z\D\Z5&G*X3\؈$JƘ\0)Ȭ|9BoG\{\!\Z̟\% \r\1Fa\YY\݁.rݦg\9K4\TW7af^N\߈\Zt\r\ZD7fo\\R\"αM2a\H\Lx\\s7z-xF\(\@ӧŵ#4n\\[\~Q\%\0\N\la!\D4(>\\nyoWA\\oX\\Z\E`F*\^\(!iI^C̐O\UHh\?	h\<d\.\|\n;!Q\zI\&\)>\0<M\Z}-ǌ	\nw@\\h\':@rY\00YMhh\bY(Uqlf\n,\\SFa\pd\Gh\1$(>!rG/a|X	8QzMa\ZD׷	:׷?\)єVzM{|X\nX\r\Z0R\\J\0	o)L\\p@9P\\j9\m	@\>\r b{J\\Fb,\0wv|rx$# \	HPq`$<\HTR}!!QBBG\}$K/q(\0#F\&BG}%7/x*\n̖L3Y\E\0@ɠ-M\Z>\r\6\0f(T\\\*i`\#\Y#\\\S[7a\NjNj\n\\\0/PwN\]}\r:t[E1$((%\0!\K[/p8&oZs!\\Ѩ#\ZL8FZp`\/\]es\O\ ]aѫ&%䃄\y\\ҒIJG4i	\"Y\%T$*85)PѨ!P\Ѡy\\\)\\ܷ\\HTQz^\'\\O\e]G@I\\4j\Z5\h\?>\0t\BG43p=54A:\d \0X\\Z0n`5\nePS$[\:PV=K\\O\r:t[U<	\Lx$(8\nI\n!\\/p8\HTQ\ELj<\nI\\\ѨxWQ	(x1(Hy@4\m\"	\\X) \\\Ժ #\XQ&\0	q\pX)\@z\\"\r\ZI\4hHTp^\Ul\I\nGc\/\ׄGt\\}`h\<Ġ\h\LC	h\0\'t\\1\\Z??\\m+W\\BE`\\>H\a*\\$jv\@Xr9~.̒\\SIvk۠\-i!\\Dhf`\LxGt\c\Y	\n\n40	\n40y\\M\&u/\\0pi1\\\J\0\'&oZr`u2/\E_<,gk0r(Hy\Yd\$2j\:@\j\\\^τ#ٮ\"ꇓ/hT\\\`dM\$*8LBy\"\)I\r\ZPCF\\'C\AYɆk;h\3ѯjs3.\nj2͸RDQ[[6E\'3\0y40a]{\9\bHK\VŨ\\(C\\K\'&L\\\\i<+1S\	8\,4aBb\0\qT\oB+\\'G\	9\x1^RF\W\	\׋\	(\9I\\"\r\Z!AA1\	\nk\\\Qru \ٛv\`d\\LxFC\D7fo\\k\\\DPM{|H\߲X7@<\EK!\\Z	>-+.#u5/Fݘ{T\3s\pE	NGf\n\@\h {\]\.\|g\\E$՗2\\jT\\al>\\J\0	>\014jx84D<\\\)IPI\8X\@Tۡ\'\\lzXeڅ\Z	lD\Ds\-P\\QL1\"<\hr3\0=\h\$+;d\\\AX29/@B\5\\H\68޲-G\*?3\\\@C x\0$1RG\\8M\\'š\ɀ\\ys\\\,*\Z<3,\\\E#)\\\\0zON\\0 \"LDפu<\k\@\k۠ʭ\r\K0A5\e\"(\/q(\0 \ZtUr5Sa\'\"²5Hv\GR\C\\\y\$e\0y1NDmD4|\h\%Ƭq&M3]Ӽ\r\Z\	\,Z\"B\\hf`\LxCF$)1I\$*83FdE\ =8KuD\\\2tϴ⟎!c+\Z\\\\f.z\(5\SN\\b\C!\7\ц\\[;VК\\"is\0H\'\oA,\\C,	\n\nj$\03t\\0\ו^MY\#\ \0@\}.\=־	\dJ(\;=׷A[EN?\ߊ\\\0/P4j\\<%\\K\l`!\ă7fO\\HT|_פ`$<\#\(O\D4jnCF PK\	ff\c\M\r:|[H4\hOA\zzGu0y\\M\#ɧY\\0Ǆa\D{T]xL\,h@j<9 \\Z\}i?Ѩy2P02p`$<\?^.\\o&9AWb\⹚n\\n\l\6\"=\\n\iI𤠴#\7e\ExAd\\xC{(*\nU@U\xM(f\\"\83\\a c@ލ\\n6=&,\\\0hI7g5h<\{Tg4NB8\bL\EQ\Fŕ,!I(&\(:-\\0]W\飺w&F\ϯ\\K\\F\\,4jHTp`d0Q\TW7afHF\&;\#A1\\QRiى`;UsSr43\r:|[X8\YiN\lh&<#`$<\\0]W\\V\\Jb\KpqM\0\$Z\0#@\01\0j\J2\\\Tf\" Af,RXF\`\F4j\DIGO\!l5V\\u?	v\\Ѩ$T!\*!\a&SS\"_T\)6&\&\"+!&.3\,K0\\,2\\\\\h\ASћ\Ob|#;\Z\\ڸ\\\oD*\\/0ZTu^\M4pro9#\\	\)8R\\$\rɰ\n1\\2\jjX$\$\&->z(ψ\.\J$g7\h\;=&&>S`\	n(._׬\HTQ\޽\~O\\f//N\\\O\ ]xLh&<!!AG,\ţ!\\Z	ƣ\\LxKvnV\4 n\L~Y0\\0[w1G%\\\\x0po\rD]\h\04j\DH\"2|\\pf\EHTP\>\00\\O\g\\O\^\R\"Cy	.\qi \-0Geے\YC~y)ڈ\Sr\B=?h3y5g\\Ej\P\mh}ϡ\(P\H/0궨\8\\\0o\eQ$u\=\D\W*\d顆{\`=Q\,?)2jAaTB\\\\\V\\٫\dNj02lĠBB\$3F\\.\\	o+G\\c\\r:|[H\\'\\;ib\F!\$Y{@,^\8a0T^\R\"+S\&6)-R\KGR+Ç9O\\"K/q(\0#!\8s2$x	\\sC+\3R\`,VtH~Sy\'\\H0H\"$>-\	f\gs/\\Ï\\"$C\\"uEqSrHBG\0cz\v\\- @&¯s\FTv(\\lAB\"]mi̷\'2Xg$jwb.\F\lY&\o\I`E\\\\"/^HO&b6~*\\,`\v\Z\n-\h3GoЋ\\=E$\\O@ggD\\Z7x4\\sp!QwN\z4jMǄx\\SȰ\ܝ\]Y{@I!QA5\e\"(Hy`$<\\Z\ya\Ok\0wUBzY\Չ u߿r\\4^԰Q\\0i\\\MS\SՄ}!+\\\\r\ wJ223&@QfLGK\\43<Z\f2\Q\Hy00%I\0\{94J%\\ȲPg`RJ+\lZd{\hy:ݛ9\ Sl&oLJ_y	ʩfB\Zv/ݏP$\HPne@l洰$.d0cY)\"v1؋\L\ *\"=\މ$Q@Hn\\ٽ*|$h\]\\9rׯC\O\N\md\9G\\r\ZK\^\V#2RHyŁs\e\%\0xe~PY!QGto?X\Fhց\#Ψ*nGQ\\Tܒ!\C\T&<p\HփȠw:f(U\7 B@X,xP<G7l\\HP|e\\FC\O>E\v.c.V\n\^L\	\n	o\n-!\\~Y/9!PGpp)\fIBa)I&5Ax\OiCF\P66#\\=&:n\\\"A~\@W\Z,7\")v\z҄6\\#hｓQ/WqX\ר\\ꥨ\\l\\T#{(\ \hk\\\i*.zn\">T\l\05n\؍sMCJv/V1@Ja!A\dX7@<\E7P\	vu߿D׷	o)ƅmP$wN\omxlĠ\zE\\`i\\\M{|H\Z5wD;\\M\\E\0r=F߶cO\ ]#A1\2EZ\bH+zB/\\\0\xظ!V8\"m=\\fh\0\z4s}s\I\ZA\uQ4j\x{Q\\T܄G̐ \BE\'\\_פBk۠ʭ\r\K0\\?@E\\":#pdaH\:؍%\rE\FB\0*\\0dU;\I|L\k^j\B,UsE\n;/i+l\H}-MӫU2\f|M%R\\"\-ْ<CN\(pVkA\0yG\[.\n\+P\$\9#R\S<5^nj\mE\	X$}\6\\,b# \\3\u2\%\\&CŠ	\n^\Ul$C\"DH|;\/M{|H^\P\0ƅ>#C0\kC0\\gz\\c\h\\Њ h6\{\\\Ma-P6\\0$().\eZ\y5f\\:35)s;\r0gߧj/͘4h\\B\-dHTs!!QH[\\'2~\\C\\W\Z49?\`D9[\ F&n<\\"\Vt\\͔֎|\j\0QlD\\\@]N9\\pY\ߚZ,\NX~\_\r\0\cܡ,\nl!4<I\nOlAN̳,\\	\'	\\Zo?\A\'-&\D\\H\0y\\y\Z,Au\\j\}\*rاE\,CP\h\\2h!AIE	\nE\ZUW57#	HTR\\J\0	>\0G\,\H4\m`Đ!Q\r:t[ED\Z5\>-ӴwA1\\\\D\CC0\O\áv:\\9p=\]6kT	͝OM\Shv`2$8Y\`\\\bP\0b0̀\n&\n=\n!\\"f2x\nSyD\"P(۝@Q7e`\a\fѨ!PE,Ġ\0E	\nO\\nDXQK9$ݙ7\'nZ\\ÌM\Z\&\"B\HTq$*)m\8Q\`\&A\\A\09\Hc\D\ҦF1\qKP*Z\r\bc붦b-\\0\\K\QTPT\A-\aJd(\\\ύ^x:\o&JJ{\0Ecn\\{8E5n\|\V#Ǡrf\\\\	\>\>&>\2(}\]o\P\-µX4H/GpOI6v:Mӿt\	\n/L\5\\e\K/p8ww`\^\R#f+h&<b\Lxo8r-dx2Q$<`\ާ\#C0\\r\Z=\ZC,р\`R\	\)	\hg \\& \"5R0 +0\0\Ӡ(\0,C|3gޅFFB\[\}xX Fw\'\HͶTbМ\\\Mg$*(;\!Qu2\"LS\	\n0po.\poOğe\7s\h\\"&ÁPCF\n\n\\'HX>y\\\\@e&\\n\r\MBML_\\ܜ\r\eAʷ\"R\2CYR\O\BȖ\",)5T}#AaR\'\HX )@\*\)6ϬǜN\Z LZq |\`?UБ`\\\B^CM\KF\0.\\U\\I,\r$n\r^bdmO\"2D\\ruN\\Z\rP\A\\,Gt\\>-CĐ\:-\j\H\\K/q(\0`!@FcǋVAϋ\\LxFC\-Ä`dA\Z		Zq\'NzBa)F7ѺhЗn[X:(\rAr\0\\\\"\\\@8\0GA$M]G#\'w\r\S V͹u&-MY(x\B=0QYY\#\\'\gj+3\0\z)lFt\\\Y\\\n7LB\0\Z\9d	\nO\([+/q(\0bh\3\EЧ\S\t\[\z40	P$G\\\$*>d§\rO^\"@VbpQ\&\HM\\$(?k OED\أڄ_E,\\y\\\(	\=dE,\K7\\+@\XP`\0\Z@Fu_⤄8\Z\To#0cԘ_tQDR\!!\\ \5 C\rLEY^\,K\L©`.koz\)\I9fX\j))\	v\\r\Z$Gvw\h\2 ˷\B\9F\\?HHypi\\\\0zCF@2Fep$&m\c\TᢜMjb5֮W!\cSou\0ġk\-Va\fX\\֣`\\"\\\'>Zc\\X:]AL0d\"!Ƞ\\$!\\\\\\2s@M\7`\0\h-)B[\\s1z\a\2>\\Lׯx$Itfi(\h7-\Y2\"B\HT|I\nI\nP\Ѩa>\0<M\Z\"塢\z\Ib7T\\j܍l\k\0g\-\FRbAL$,\\IȢ\\-\&h\L1xA	\\\S!p!W-@0\\B\I[\B9LA0`\\K\0\pY}EYKbnB6ۊB\r\)eb.KG3\\ZeEeaS\85=b,t\n6I`滽,\괅\%2\7_L\m\M457\x&\Kָ430w	!QԒ$*(\9z\7}\\O\$*>$G\\\\BBD\N\m^L2\Z		Ba\2`\ncR\G{g2\QLNS0dԞF\Z`yM$	nNdH˯\Ĉni6-\v\b/gI S!\\\RqK͆(\8;\2/Cy\"\`՚H\\k0B\2]/J>-Ms 1\\_\\\sH.4%C2Pv\\1M\3gfNc@(Z2hf9\C\!5>/4\7}\\\\F\0[\>\01y\Z5\r\Z2`q6\G&\\mѾ\4\\B\iPTJ\\2FY&\0s \nI_lQ\M\\"\\,)7@\c3t\S@O,\Cs\{n\\$ (3\@b\NKz%-\&K &\jLpR\0\Ib,\<\\\m\7J\ruH\\4z#$z\`1\]\\{ڿK;3B	r$)P\j\UV\mL1`d\\BA\Y{\ӴItej^\Y:5\e\"(\^C\,&<E/L\FY!,8\rH \>\F$\.Q\F-mn\W\;V\I\\X+!\#=`4\t7,2\4\0pI88<b\K%\QܵT\4|&D\BjE\-\H@V\;ZLO\\!Q\lm$y\\+4b\MIJnv1b\̐\0ƪ`g׷A[\n\ro\\r,Ġ#FCMKl \0HRY\\O\ʃDG5v]b+ztYp\&IAy;\L,Alb\\PsY.\Na0WC\<6\y%rf\\b/\\0 畸A\\Q\FjX\0%\fh@-\f&\x\"΄\Gl\AA\#ס\ȋC\K3H7sa}$L\D%\c3AcjvT*\Z\09\z\0I\Hybk\\\q`$<@G\HyG5DX^Fa\H\;L\kr\\"څf\0>mv@`T5	\\Hk`:ɾi\\(Eٝ)Oz(gazvwKa\uֹ7\'\0\F\n\I]l=יVOQռ\"(j\#\@qR\6>-1M&82KǓ3K9$\Ѩc\'Ѩ!P\06\"D<U\L`fb\3(!Zp\\կxb[ĬSB\SK1Zʨ-t\\fE+%\"\;G+9D\E.D[S}Z\B+U(|\n\r\\\nR\;a\ 2\I\֫dQL\#u	HyuC\D\\\\rN\L*\\0+aq\0\\{MC$VSR،bC\f;\TBDI\Z,$9}kfAjsؖUj\\Tp\33$\\"O$KLսLc\\\\3\\'\焻}\0!PCFZ#Z		ݙ?\'#\i\n$*8Y{\5s|ni\qp	\'\P\U\^q\z~°{%Th<Ǫ\H_رB\n\GuA\\p\tbs ?\"\]`\[Q\3T\\\RF1fY-$*(P\H\AGR=p\RK\0%\N=F~@4\m`А\>\01p\,\4uy,C\O=OѨ$k\\\DRO\y\\M\HTp$*)&B!Q\;\}`\ᑞ(A@R$ȓ{V\E\4G+\\&)T\\2\2Zt͈r\\A E\#\,ӲA\k@-jP?\\T^MH|P\^\\<o%T\u\O\3kE6\㘂%`=HVZ\D\F\\U\T5N9T4Mz&\\Wѧг	\\0≨hp\\ǛiV\\\rGnɵP\Q܌\mc&D.Tl\\0\\[W5 @\\Z&j\	(0z\Z+eBK\\3\i\$}Iv\f\\-ǌ_פ\+\1K5FC\Oğ\c\\n\\{F)aO\\\\'O.T@\\y1DM&\^\\\@8yk^~4\E\0T^d\\T6:\\#n\\X_q\naaS0&\\&aJ:\>L\U`\n\\`(\\0Z\\'\\r2٩\P1PT+6)U7\\)C_\ۺp\Pq2\>\0}c>\0\;BB\\_AP\bq\\Z15\\kGR&Gȉ0@\nB!A\]\\z\0\'t\!\%;6p;\LE8\rJ\\0[y\0MK%o%1zm\|$\C[hUɨsT\G0ڎ?x\Pl\V\0E\ȱ`(\s`MxV\sz&\n\I\0U\+GU\\0z1^!\P\'!\\ 6p\PǙ dl\\Z.k\0?RBN\r\af\H!W\C\i/#\\\`U<\r\6\{\\}!!Q\}!P\ѨbHT|	\n\n?H\\0ԉo+Š-cj v\݂8a\4\Ϩ\0]W\馢S@\982$n\N,g	+KNG*\Q@\? f\@Nv\ LYm^\(\/\3$\Z*\"6\Ш@@\)P\D\\!\Z\Er\0jb\\8E\\쭶VƂ\+NA\);aFF	\K`\h\<\"Mە\2YF\l\\c\\\"\\Z\sȐ8[~$	\n$G	\\O\3F\\3\\\2x\Y@{\0uw`Pf\'\n\0fl\i\Mf\n\\#MD\ADP\Qq\9w\n*,=\mp%0k+b\C\0\\fp}}I B\rO@-XcX*\'h(}\\\"MK2\\N\U\QLA*\D\΃dR#\06,Am4\N	TTxpo\V\\>j@#(\3d!c\4F\U\M\\t\%\\2!QA\nB\	н\ZՉ\\;il2sFY0S\v4*>\\\'\)Jw\n Js?Y\\Lvf\[\<Ѡl_\YEK GU~\lw삈:\D`H0;GhI	\"\0B\&h&<bh\\vD~u2v\f\\\R×lj\\\\\\84jh\Ѩ!P4jcC0\M\\%5ƍo$G\.\|g\\Oğ`\C\a\^\R\"\@C-\\i\\0@s)[^\zJ1XC|VI \\0Xf\(\\\\0\5E@;\\4\XC\ Y\\h\0:\ \d\\rfCUHeR\4\0Ye\ш[\\_b(Pm\X\\f!K5!\$\\Ae\\0GՆ\DȀd֤\llҦ3\E9\\$) D)\e&\84BDg\\\0o\ۚH܀#@\ZJ+C\'`UWq	84?\a7\r:|[X;\\3\\431`$<\X{\\/$\M\EbDaAg\rAU\Z&e\02G@=`\0\n\'\\\x+0\\#\\r@1<U\=YHyx<\fOI,\r\k%ъ\	j; 24Y-:@^o\2\{OFB7\lS!ǨԤ\*vT@ۅwՆ\\ה\i<\Y4r9~*\ZKQP\\7BŻ\g\\^@CFM\Z	\\\D\ű}QM;~kПpXE\v\0oCAխ\\r&\P߁=mĖ\ҭ<ѣ|X\Z%\\el\\kA\v\T\\fYE\3a\ <ԳK$\-\QG\'\)\"¥\"y\2q\6\\M\bv\1&_,z8D\\\8=OF$K@R)\\	m\0\"9\f\Zޑ\\16\Ty7je\4\DWmV\0i\\\}#v\\\TW7A\-Ǐ\K\PM	(\LxGȇ\,R%gdk`٩\0Y\r h\0(U\B\Z\SyFI\+$0IDo\\\@tbd)\\5f\E癜M7df\1\\9	kd\%\"mP2^Fd\Nx{d\Xp8vB$\=Y\"\\Q b{ c7sr@t_\j \n\ސE誴\rP(vPr\\C\T&H0M\ZI\	\n>\0}!!QG?\\\naB\n5b\C\kN|\EUM\Z4CF&G.2\KV5^\R#L\\\$D\aŹ\\b\Z]\hfH\$L(2\\X\\Cu~\M\\J1b6>\'#$bf(jZu}	\"7!8n\]\%\Yfz,h2F\0^\njh6*7,\D\\$\O!h-\0S\شYC=i\\h\\i\bSn\!\\\7\\ܒ\\S ~)W2Kk\\\\0+,\G\	(\\-F\*tL\\\	l\f\#9\\/p8v\\X7@<\Gz$*).\Q\;\\\;>\0]\Z5h\LxIoW\4j\Lx\\[\׼\r$\\\z\0\'#b[^\PNmY\r\'),E}\F=\nPI|A$%nGK hj^nK֛A|[\'&\ࠊY-g;\0-+5p\0\rɰPF6F;Չ\$\ƭGW  \Όi8;az5\\\\nBȋk\ZTT-\\Y\i\\ɩ`(ߵd\8Z~GI{\	+0B\}c.\R}!!QI/azr\#LzUay[\nYF-,9\eqZYF>oF34?$D$*8H?a8mD\R,*\"KU\<ޜ\\\/|\\rWsr(SѾENʀh\P\<$42Lh\'h\F&oW\0\\'+e\)@]\\\w\\WR[\IR1$4\\"q^PQJ\00x^Ċ`[۪P@1	z7}4\o\\\\tl)	QP#J\2\\\45-\\\"9[br(>]adar\0\C\*컒X*\)b\ju[\8)\`\\0/p8\xfx4pǏ\>\01^\Zt4j	l2s		(\D\׷A[4M\t6}`$<C!ۦ\R$\\\9\\F2kE5VQZd2\$H\!Fs{Ђ\oR\t^h\3[\=ͭL%\'\"m!qܑ.\b	T\rh\l<\hF\A\\0~>`~͑\Hw\'ty\\$Y\Ƶ,nMk\-3.e\$\[A~\d*z\h\0wN\3LM`^fC\W\'F	zxe\i!qZ\4z\b\*X2\\\\\nG̐\04=\n2i <ԅ\05pL\5UD\İK0\+Y+<:0)\\\ho\0*+4>)B䐃\\g\H$\%Vnhb`_j{\0\\\n\n_\%`⢂x\)8\I_Th\I\1@਒Y2\h7\M\؜`W\^J\HCAA\+lZp2\Z(܋_E\%\'.- d\\.h)<\Ӡ^usO%ȣ\\\ys\u2\\'\瀚\2`\0t\\]\0C\4jXu6YZÂ>E׷/?W8(HID	E~f\n2\%Z в \3\ٵ\"\ս\0Rm863A}N\\M\bd:Y#@/7\n\\\1\\\)^;@o\\>\"(:=26Ș{ZX6ش\\0\\j^\nwez,o5tE2{KEHmD8Q9d)\\ۓK\Ҟmx?Ѡx\Z5`0\\n\/\0SI52nF\m/\y8\M	I\rYM{tER^ i	4TGY<\:\Z??03\V``י<2&B\%\!P=u\"h\"}˂\S8\M{|X8\脞fk0]\4&L\\\\nۀQ\\\N6k\jH\v#NdtOd\\\"TRwئG\ڗJbtI+/\9F[TTR&\ZJ?ȃC\"vチ\Ї[tOYئ\%n\䇛\Y\Y\#I\rIGZ\%,Yz1\\\:\&\{D\"\"c\nſO$xg\\\QM\9BBͪQ7HI\<7\\'\'rX\b{3\n^\-i\g$C\;hHPp^ѠQ5\e`>R#7z=y`$<;\c%KѤ\u9\\,\&9PE131賖\Ţ&\GD\0+\S\~\t`\*܆\ A\\HR\Wb8\HD߬lٛA\"0K EpM	d\nZ	ȪpUN\'\d\X2	@J\#Lk#`+\0֜%\y!/7\\Z;(\\<+˥\h=bP\0MSI3&3<5\@M\"O̢\0p17LD\jX\\ 1`)#\0RKQkaցKQ9\0\\n=Ӥ*trC!\"vr\Oz`\Lc\٪\Z4\nvoV\$ݐ$C)@\\iN!)JF\r*\nJ\0Lk\%+Xh#\̘v+<9>\N\\#_VL2GQ\\T݁!QFC\oHTp܃\)B+#\0 ˎdMx&m\\\\"\"\\(\\C6-l\L\|%!,\+\0AB\լѽVHwpd\Zۯ\i\Cߤ``{RpZ\ZDUQ@\"Sh\IV\\`5p3V&=\0{ BY\[|7@Tl}k\\t\%C/%D7H@=gXh`l	3#T@\nTh\\8Ia&-I\h@&\=\0\\塍:񪤤\\ҟ\\;4\}#\L8\HyN\\*>\`HyIǄz\҅\\[G\\	BkV&p.!1y}1\^jp&b\\vI~Tn\a \"潃B_fޮ\r\\`)kc\MєɖD6KH[ItGlaKD]\o@\n=Z E7T \:\Д&\h 8걘\gK+_W\JKU\ZW1\\\4!\à\\\\]Ԯ$5D\b\_b1@\0Sl_\'HG3&\\2$\Z<\\Dr\Dd;\?Bn\n؂D92$Fl% ш*\IJ4 bPh됂\EG4zPIĆ=\Ye%`9-	\\F\\Aj\P\\\F1^\Zt趋hasP\ \\"\" \z(V=\\QQow\!o\/ez pg38!k\Ӵ$*>DG\\\84jO\M\ZY\Gհ\*!~r5V\`,.K-o%e\nj8nc2jA/40\GJe\zݞf \\D#8yi*(\rgAz\\[)\ףl8H,\B}+b\G.ya$Q#S\r~9,\PvHy\9Mfv\">2Q8E\\r\3\1[F\0QW\\\*\\FjM\i\6Lnf]~H\"?5P5עE\@\M\m\\mȰ\I`g\\_(90Z		\']\0t\\] \	Y\(>-פ$*(ނY\Չ&\YS]vC ~\gD\0d{-S$V:\,\r\'\",)H1d\Ǧ\<\\]\'ܦipE,\jE%\\_м9\b(o}؍=\\\4	H\0e\S2\*d\xCh-\0R\ \\J)%X`W\RhE7EШ%\\\Ú\kL|Ԗz( \boYGrf\4yA1\ !(\Z\n9\\\\6œHVm~hz\\nеmvhl\\\"L0\02\5s\o\"t5\r5I\R\\Z@@\D\&:\	e@`\FMy\T\D\0@F\ yW&lVq\tu\\i9/)F#\r\E@21\\'ؠ\0r\\IbYf\Ψ8\0Zu(n\q\\ܚ\!Y[T\\}\n6h`\͐@\\VF9\Z\I\)FДQs\>\0<cF\\Z++4\0@|J\rTGĹO$X >Y\ש3\A\\kb)i\\3\KP\,l\;\r\tZxJ\C?Q\t[fn}ŭ͌`y\\5v{[\Jid\Z\Y\Ze9jV\BJ越\ڟцwC	l΃Es\v#z4\,\083_B,řAe\٢\)5)0/S#@d\\ZE\t֓H\=C\\\"\Z\\\Z\-\0edt}\}&\\3f1h&<Iv\h\\:-\HTQz\TW7#\PMwN$*(>-*W\-\X\D\i`KnnkpK4\\.T\ёMHC%Ku\b\<\n)Q.,SQ\\\$\nO\\^b Qp=bCB\f\0\tjCp\5\@\D2P\"ĢޟNN\Â8_y~\n\y\0x\WD#A߱x ,`%\湚D#3c)F\ZW6ck\Ȑ9\\\@x@A\(\0zXPj\nGZ\Q\&3$0X?Fh+^(܌@\aBBDf\@d\07\h@(FFҶ솬} ,\\rqh\\0(ԦIdK\&_V:f\n[\38\И\"\0ߚM\QL4(;l\y\6rz5[\r\"S\c(a\0Ј\\@\2`0\m4l	\n$}rUy\eFG$\\#h,K\\&3t.A	\LvTZ6\r\0]\n6-ϜQGNỐVf/\0+4q\\	fCq:pz\M{tU|M\ZI}\"\nʯQ,Ɋ\_&\d\Kt\DI`f\\	,[(y0\{`%	/2\0\[S\K\\"\2\\Ȫ#l\ࡵ9\#<\\\	](p\\\(\,`\3k{\	)a1L\nd\I\\CUfnL9\0פcn$\\-D{V@$~	bEF=G\\n[(\M\'f02_\#9(\\\T!dMx,p*x\0IP#06T.enZ8\+I,\wЭ{iHHT|Ӽ\r\Z\HTqh&<`h\0N\\0^\P\0IA׷\Hy\$2~NIǄ`:]\\HbAa\nD\0SM!\BSrR1\0\Zc`3͟0\\K\*^H\\m΀HC{Ԛ\%EC1QF5piho\Y%KUHI+\9\Zd+\.ԎUzZAL\^i`Nif(H#\ =\\*?p\0~\zl1UBvdaNjNVP\jJ31l:T0\Zg\rI\nXj\\Z\Zd/b\B(\3\Z	1\Z)`cSE6\\-lyl	\nF \\0yq\3\\\L\b0\0Fa\S\ILXp\0	m=3B\r,\0X\0Ɋq19\T&\\e\%\0XzA\\\\eZb,]/g.\%\8Զ*~ՒH`E(9GTpDɒDCJ\.1GR\\8B2\\0h\ԁW\0ɟE!z+2$ܢ9\\n	2Y\O2z\c\	#\L%\$*)>\0<w+\ěK&Ny\\\\\0\\"M\26\\\0\"`\\\+M;hf֌\\nI椀.OTO\J\ي\ؖֲY\kz4$\Z+Ӈ1^\\S\r\\\Р\`}\&\'%gT4y\b\\;?\p(_p\_\\\24\i33j\\H\2lR(^K\\\\ټGhO\,KF-\CXֵshXSb3h`\\p\%t\DR}x4Z\3A1\	8Fbz4\\Ē»@@5ɨ@ҿRp-[lt÷̌V4ey 	_\r_\-\\\P\e\T 4#DrA$%l4\\\n4x|ʁPb%\j\NIvd\l\p\\\z\k;4hh\|0E\'[mC1VjZ\ı\\Yc\FI\T)A	Ճ(.\\\\9@\r2PR\\\6-x~r\=z\Da\MqEA\`\d nE*< @K \\\sr\F\\0=I@\X10Xu\a<\n\\\0HTs;\P\@\l\.k6\	\0\ro5fk*m\r\1NHh#[PH22\5L@0\'x\n\fa[N\05jfxE&hjKB\\ m`nfБI2@{3ԒO\\\tAp\neX\<\\\hw}d\Y\lT*\q\0GdF\\03j<5:m3&\nbMk\P4d6\r.+3z{(nR\w9)5P\2(Wr\"|\\)9#\TN\\0\0<7Q\C\\9b7\'\0`\b06t6f)C4pSaM8ͩ	ف\ě@\`֗,1q7sHl5\DNl&¨31A]-zX\'7<\\"\\,h*LCSO\`\+4܀T E9 l4F\0\?ZrMN\"L\!a2C52\}\".Gd	\M\0\ڦ$~\gta\YtL\bm@\ B\g\"1Z-fkP4Xg\,dȚ\	b\T$bǮxɯ*zŀt}\rp,!,ܥ\ak*j(@ \\0Vr\\\0@\0\X\\ii`VVԠF\\#{Ά\O`U\؀A\i;cZ\0+3ǈ2\H/>,e!N\\I@vS\}đ{G+ԖV\\\\(nS%<\\ KU~FTV4H\l\f2\-$P\@-~DQJ&-P`\ZHBL\q(hl,\\rPCl`vk-\(tRm\KEKX!\9\D[\@\0I\\\h\\\\^H\0\0\Q[ȕ,Y5<Z\\@@L-}D(LW\~\GLt\0z\uvܶn\@HB\02W\#d@ 55\Zص#Q\\\\0\\,\!\Z\	%\n\a\{$DjIha\ZXTY`yv\(*Ѫ8[P&\\\Zt@K\,{[Meo19:n@$S/1\j^b\r+D\Y\K4\\\k[\fMi09X֭\wEb\Q\\{\L\@ɳ{jI\$*?\/5L5D9pr\0zb\1	qOB]`)*\\0*\^H~\\aa.E4p\' w.dd1&9\-fLB\8|E?4R8\4\\k	2b\0\n\\E\VϑyU*A\\*\_CQ\9H\!^\\n]\{\L:Z*=,\0v(\T\k\9\'ޤ2p쨇qH\H\cEgf\b\ɑ_\Z2h;T\U`kU֦\\\؄\~Mj\SGp30\Lxšq,\\\bF!AG\i\!@F	NgK5Gp5\\[wJ\d!)$&ֶ`U\n	\DV\\Syh#:O\\8[\\G0@\rBG\n9VYt\GQ4E9Ea\\\"|%Z9\$Xv\R\\ZEl\ u\%GnhH\"\n\-ɲЁ<\\,J,K`@YLX.i\0TX^wԆ\"C\~&B\.\\{65s\8\0Qݛ%D0.aA/DɣwRHIF$X%\[T\~`mGI\\=\B`\S7EVC};\r\'jqF\\0\0\ūS?di5h)k\Ԥh-\0\QnQ$Y,\C\A\c@rVD^LR>\-Z\!^\\^P@ Bd\\\\n\f\HÐ{\!i\)\\no86$\/ME0qT\\)Sq72\ט=ڐD \vK?Y@\}Y~NJxkL\'\646\n(\EvA),\cd	29?`H\	fY@[.*\\bڏ:	\n\\0\WQ\}}\"vc|}@\\2z+-P^k\"!d&q\\*DE\\pjи\ZضHRyS<\jJCvc5\C&1[*lɰfh-u\H\8{\Z<\\\0b%*؆h^\ZXkYpxMzd҄Kg4XGWHp;-2[\\0kAW\\&5\0i>\\30632I+dYTY\\&+蛤z\Y\&0\f\Pn\`D~T\\\\'Y4\'	fhs|Fo\6U\rA=\0R\"Ap4+B!AFcǄ)v\x1\wN^\R\"\\O\u-ǄTq?|tǄH\/dzXPs jQK(J\<E\!\	.\r}2\@m!SDS\\ad\M`8P6V\\"YGF^4m\漅3\53;\<\z\FWǗj\"\-!\s\Z\԰ZM@\VI!Q\0\'\byͰg\)I\nsX \}[Է\0|V* U{#\OѠ괶\@͂\\0 \n\f+d\nC	D\0d\,ZfWIY\bB9C$x\I\7g5sV\JК=l\$\8\"ג`\\	}@F\֩\"t$p\뉅%w(<[$:|-LJB\05-?`WQe\Z\\K\b{ [zgh!\ȟI2\ܒ\E\2g\X\rZ(\S(&_u\\`JnZB(\PXl*\ÊD\E\Y\\:-\0P\P\r#\	%XF9\z\Z\ڐ\\\X_3RĠ)P\ݯRDnH!X	= 	/jL#LH\0\rb\L\,S\\G	N \\\FZ\\zF3)\(\\\L{9u\"UM\0eR\\\0UUNIИ.\ml&pm\As@0\ŊmF!@N\0~d\Dd+q3\vY4\\\\\UkIv\1I\`\0i&iF\?؀]j\͘Y{@Τ\@\mP\D\,Ġ\0/qAs\\F\n\(9\\0\\(\i\AyIfD.Aa\ 	\*rpZ\(P(oA\7[\\䣢0\0;xȒ-t\V	ܦXxz\X)(\"n\@zXx\\Q&WG\\B\J\")q/X=\\*\\D&Bs\)eN6ΰI	\NXd\\U\\Z\娡{2>\0(dW	]|8P\`\,+!(\\2D@\rK\W4|^CG\n\D*\&k$S(RB\Y\\Z\j/%3zJ3\d\\`g\he\5@\/\\CBh\Rֶ\%,B\"b;/bMT皲\!\&	f	>\0r\"\h\\Z\YN1r@\Z\\Z\Ǵ`*\Y|,ڔ1	bY)MAh9\\Vuj\t\kW\c\"7.\\\\:\r\h\%\Toq%\\$C$z-Y8Xdn(_l\\0Q\\P\z9#A]\n\M\`z~Q\\\Ӏ{}+mE3J\-Bjj\mM4\XJ`:Z7 @V*\gIb.&\p\"~`b\T\_sYh&_P\D\6u\&!\0s\\$`m[\\S\0w^il\\\&dъhĿH\\x1VA[^\H3vf܂k\\\D|Q5\e\">6^\P\0Fa\?X\Ǆ\r\Z\rǄPr8zP%\0\\J\0{TD\01P\0Kb<\,|\",DfjYn\Z\Z3\Y\nrl}D\\@rK|<ZL~$g=-\\Z0v?\d\2v\n\on\J6UM6\'ffj}bZ\"-M\D}\q\']\n\\VC*?\'C(\Ok3F$\0,\\%Yh)a\˨{\\Ibbi\M\vib\\'\p\CK\=SSE]\%:F\<ǟ\\!!\Q\R+v0Qn0F2@\\<D\$M\F+&3Wlj4\!b\;OKv\ZIv\LyC\J![Ē\\ n).\PШH[PV=LogO\\\r]/|ug\@ڦC-ǸsC\ߴs\\r,@L\'Z\0B\\*! 5\@PV\9eX\Dj	\$<\x#\r.ŪH|;\\Ѩ`\"[TȒON\\0\\\?޴CA1\\!~\O\i\`}Q\FR8\&\8\&\ZT/Q\\\-\"\n]\4PR<o\u5I\[R\\\LŊrR׺\1Jk挖z\I\\7(\p-\\r>\AoMQ\\ր	\sM>ԙ+W:;᪒@Kʣԁ*؛\Z0l`}_2%\`c\wΎ\RAĖ%/1\Q5\\e\G\\\L\\]|pp\\6rbiu\\\[5?D$\#V#\`\_?$aCAbl\rE-خ`ZQW\rmQ>d+@3v\TԔ\~\4a`j\\ 2`\\'jm\	u\S\\\zM6b(KedH#krK33Z\hg\!0\\\Bej\-h\aj;\'\\n!\([ k\0\\\\v_\t\0\0\Ե+d͐\a\`\\ij\\*@vG*j\\)\Q\uV@(8\'A!a\(x|\S\\U\02#:E#cu!py~@H^h\ja\sՏV\\.Cj*EnG#ߔ\|\xJIN\I\ZD\:Eݩ\x54bLQlВhÎM\GZf!Kr\_!\0\WA(AԀl|\ Q\T4\m`	b\r0I<Vj\g\v֧*nKWǲ\\J\0R`$*?Ԑ\(&,zEVʩ\T-TV5-ǥ/o\P\`:+\`,H\;WNGW\\=\E\(	vF0NF\Zݪl(\I!^k\*	5\HQRR\ZGAR\!	\\@P({o\u\"ٰS0mckGV\\\\&`(\GhY\`$<\>\0\;KÂ\"Fa\!p\\L\"Q[Đ?HcaCF\c\\YI׷\2;\Z\Yd\Z\0-!\Mo\a]T	_9F\rp=ErsY\nr\\Z lp#7Cp\\\S\\ڍ!,ޥ\c7ƹcŰ\n,L\	a \p)Mhi}\\\02]\LbQ\rd8\7\b7_\\qF\?Q\Z4L½hVhf	9ɼ=ha\0RԶ\"Ŵ}QԆ\r*\Rzf\\SO|\dk\\SF\'h~\Z\\>SuİP\ݭZ\g\%sm\$\"̦\ݲd\jA\\@s,py`8>\<\)@\n9~5D\\\4<zc\\\dPGq^ f#l_\rh\\\V\2\\N18K\BMUͶ&(z8\is\M\$:6\J+\\Р\\@ՅR\d־\*-w2\\\\B\" ԰<pk\\\DQD@(\0@I\Yf󷥃Ȫ\UU\nٙ*\6kj\0dh@_\zX(	OɩR5bd\\E(5k5<\/bS:3E\n\\j,U\\"\t4D,y\Mg4.ň\E.\nDEH\&fzHsR\Z$\\0\d\r\Z^8\b\0K\\ vvԔC\\\'\em\\Z֖lyJ\\S\F$pzrLarZ?X\Z5,\\\;A1\\\ݛO\t_\'<\kc\,Ġ\0\\\"\${m\4عƪ`R[f@\0^s\,H\2Hr38F\\]\eD Q \\\\\\(6d4[/\!8Y\\ZS@\BhҿMXQ&j臃!4y\'T)\8.<pdjf\t2?LN2#\)1Il&;8\\Za\.[B Kzb2dY\(8\*r-\	U2C\\{nd\\h\<\0l\zU\E}EI\n\9B\"	g))iBkV&0P$78\2`\6\\0S[7c\hߔ$*)ɞ]QI\ED5&cfE\nd8\[/\U\\j\ \njI\0بISmnޚ+v\BENS#m\y\zȏ&aX/DR!0`g<1\qYb\\%e\\\0\?d\\\BkT_\"|\0E,\\`.M\0ӧŵa2\0# Nq\H:\\+.X֫tiՒ0FG08g*Z\\`$<\0Cω!Q\r:|[X.J\ [`\\\pT\'H$@\|LMCidi%\(<#\r4zozL\ެri\ZI\1IѦ_[C,\0LE_ f\Y+\SbT\9\8\0ؐM\͏\ڙ>\\'-!ISM\0 y{3\hA9\\-ObQϧ\j\\\"ɩElZ	nd0p`dΨ*nCF\\Zh\\7B\HTP\r:|[X0>)\^շ\\"\\r2\\"\0ހi\\\1\]F\4&jRs<\0\"F`zP-ܚ,I{R`c)ڒ1YǖMIK.\S`g#Z\ia,uzp6?\5\\ڳ<07bុ؋+\'#Siik܇\\׷A[EW\ic\)jkfz\lc\\cH\"\99\"\nrH!=IWsC5\sVД\#\ɪ_jI\\6|\0r;\2PPźf\\\D:gBi\dǈ\0\0mh ј\Zz4hr*9֯>-A2j!R\n{I\n}e4#у#/4<\\SpT\<&W\\\';MH+Ƚ\\5%93\W\\\H\Z\\0m\k%U\M_`-vF\0\\h^+4\\w\"\gb[\\\0\\ZXPn\0=Q>R \+\u\Z,J\nD(9Q\"h\'\\\\wy\\MȬ\BL\CcbQ2l	\j\Z\^	8;x2|\\n4k\A8\ 4t\bDU\n,*\r$:\\lyo,K *?v +\Lȫ\fa\\1p56㖫-V\\8\{@Yҏ\Yz\Z$\̫ASi\a\"\C*L\ 	\\kP\<\d\\$\'t\201 /\E)CC\!G\fh@.j#c%eX	>DG\\\J\0HTSPü`*	qye\\0h9\Z+:j\0\'?X3Y\ĿTo\0]\\rKWl։,31%\\0\ܖBH#$\ւ2\\\szd\"\ejsPLl9\\d?U5;pMŊpZԻ±Dd\\\\09b;*L+Fmۘ\7\PѠ\' h\VHv\\':߄X\k5\0.堌\\;HDP*4jukf\I,?D#Ω\LR һ%&\\\\^<tc\_0}ؠD\5\\\Ť4n|=J\뒆چ[x{\Fw\}@\d#\\\)\b1)*b\\*`\n\vD\0U^\\)7|9Be\"\AY-f\kkI%1\\'\6)Yj(\\B\v)8	J\襂/l1\RvUQ\0>GKފ6-BPY\Y\\]\',\y\\"\\#x\\,\oY\Osx+Q+KU&F}1\\ &\\\	\5suQ4n|9JR7|CEthvR2S\Z,CW:OU\0\(Ms\\9Pˉ-=UPs a^\0OkjA`v[\"\"\\n\:M\ْL@\ÑQ1Ixj:5@U\\ACv\0ƔTr\\e	f\\Ie~MB\\>N\\\9\\\,pm^zM]|+Y#	\\7\'`\AS$\\\\r{!*\	\0by2Yʵb\$0\btBE5qd1e<{02\Ҁs\'C`\zI\Ȋ\E\Dr@l;$\Tk,ܬ/\ׅt\\eHS6c\0V˱I; N\A,&d~`$E\Z\\#0d\+68m赿͍\\K[L\G\-ܓ;`YreQBf0\@S`\rCb΍Qf\rOjr#k5̸1_R6H>E~\y4ME\\/Y\\ъڀ\_SA\\'3$D}qN\y4ӁWSg	bq\8Ov\B\\OU\Z!$j Hoс12\I=\0\\\Z\n\\HV9rD`#0\4#%reCGM8o\A\\0\\\\ra$\\Hv.DN7 o\ĉX,B+\\ҠɛNhA8%\/h\Ak&\urbX.lK\\A\ؚYݘ#\ \$P)k[βc\\Z\\()>\00sg@rf&j]x5\\Nj|\rr@Ş2\O\^}yϿ\y\&[\8\\\,\Npp\\i,,P C\\0՚M!\f(.T#D~\V(1!ޣ\\\	\0g_\ A4\\=U$s\I\0$\0\\Xɽ\7E?X\0cYy\\\RC\HdM\,\\'P\Zh\@BZK3JtZ:n\\\0`\n\<H\[U\@QB]hB\n\]$_\n$\(Oѡ^QY\.\i	DfbX[r%L\VCF}\r\K0\Ѩx?񄈳L/`JMn\Iפ\$j]\6.f\\}ATXL\+4j\\\B\U\YJ;\B\%f\!/\\D\M\\\Z\ʭѢV\"ϗu6\\(n\\A\@d6N\̖:^ݐ\f2\/vټQ 9[\QE\\',T\bN\B\\@L\j$A\\r%-\\N̠&C\'\N	e=Zb_\\He\\\(6$a~PS\K\uYȜ#_\\r/3\&M MC\"@I6\\\n\9ű)0b5\Z\a\V4#<ɩAO0]VoܖZ8s\0И3X\$0P@ID\d^ڙT~KG3Ne\T\nf$HVT\1`N\6ef Z3ЩJM;\0сr\6Hs(N],Rf$S2G\Z4`\%\0Ȼh@(^%\r_%tj{\n\'ӊIPn\͈\={\\":{񦱫ST\YfKX@\ZUW57&N0\\$\ ن0d\8,k\}\Ch\\\e7,ƨCm\\'$<,.HTYdJ\\PficsK̢\0ٲ\c4	jlIgP7,\\\#\ ط\]u\`	\\\Wܔi\n_&6\G3\\00%\	 	\`F۶&CqS\\'fh\puyA?Al\\\0Bhㅭhc\n\I?@\)()\\".WWw\N\[\"\\d\O\ -$0Oup\(7e\Eieu\\\',100,'Con bìm bịp f');
/*!40000 ALTER TABLE `merchant_store` ENABLE KEYS */;
UNLOCK TABLES;

--
-- Table structure for table `module_configuration`
--

DROP TABLE IF EXISTS `module_configuration`;
/*!40101 SET @saved_cs_client     = @@character_set_client */;
/*!50503 SET character_set_client = utf8mb4 */;
CREATE TABLE `module_configuration` (
  `MODULE_CONF_ID` bigint NOT NULL,
  `DATE_CREATED` datetime DEFAULT NULL,
  `DATE_MODIFIED` datetime DEFAULT NULL,
  `UPDT_ID` varchar(60) COLLATE utf8mb3_unicode_ci DEFAULT NULL,
  `CODE` varchar(255) COLLATE utf8mb3_unicode_ci NOT NULL,
  `DETAILS` longtext COLLATE utf8mb3_unicode_ci,
  `CONFIGURATION` varchar(4000) COLLATE utf8mb3_unicode_ci DEFAULT NULL,
  `CUSTOM_IND` bit(1) DEFAULT NULL,
  `IMAGE` varchar(255) COLLATE utf8mb3_unicode_ci DEFAULT NULL,
  `MODULE` varchar(255) COLLATE utf8mb3_unicode_ci DEFAULT NULL,
  `REGIONS` varchar(255) COLLATE utf8mb3_unicode_ci DEFAULT NULL,
  `TYPE` varchar(255) COLLATE utf8mb3_unicode_ci DEFAULT NULL,
  PRIMARY KEY (`MODULE_CONF_ID`),
  KEY `MODULE_CONFIGURATION_MODULE` (`MODULE`)
) ENGINE=InnoDB DEFAULT CHARSET=utf8mb3 COLLATE=utf8mb3_unicode_ci;
/*!40101 SET character_set_client = @saved_cs_client */;

--
-- Dumping data for table `module_configuration`
--

LOCK TABLES `module_configuration` WRITE;
/*!40000 ALTER TABLE `module_configuration` DISABLE KEYS */;
INSERT INTO `module_configuration` VALUES (1,'2023-05-17 03:35:39','2023-05-17 03:35:39',NULL,'usps',NULL,'[{\"scheme\":\"http\",\"host\":\"testing.shippingapis.com\",\"port\":\"80\",\"uri\":\"/ShippingAPI.dll\",\"env\":\"TEST\",\"config1\":null,\"config2\":null},{\"scheme\":\"http\",\"host\":\"production.shippingapis.com\",\"port\":\"80\",\"uri\":\"/ShippingAPI.dll\",\"env\":\"PROD\",\"config1\":null,\"config2\":null}]',_binary '\0','usps.jpg','SHIPPING','[\"US\"]',NULL),(2,'2023-05-17 03:35:39','2023-05-17 03:35:39',NULL,'canadapost',NULL,'[{\"scheme\":\"https\",\"host\":\"ct.soa-gw.canadapost.ca\",\"port\":\"443\",\"uri\":\"/rs/ship/price\",\"env\":\"TEST\",\"config1\":null,\"config2\":null},{\"scheme\":\"https\",\"host\":\"soa-gw.canadapost.ca\",\"port\":\"443\",\"uri\":\"/rs/ship/price\",\"env\":\"PROD\",\"config1\":null,\"config2\":null}]',_binary '\0','canadapost.jpg','SHIPPING','[\"CA\"]',NULL),(3,'2023-05-17 03:35:39','2023-05-17 03:35:39',NULL,'ups','{\"01\":\"UPS Next Day Air\",\"02\":\"UPS Second Day Air\",\"03\":\"UPS Ground\",\"07\":\"UPS Worldwide Express\",\"08\":\"UPS Worldwide Expedited\",\"11\":\"UPS Standard\",\"12\":\"UPS Three-Day Select\",\"13\":\"UPS Next Day Air Saver\",\"14\":\"UPS Next Day Air Early A.M.\",\"54\":\"UPS Worldwide Express Plus\",\"59\":\"UPS Second Day Air A.M.\",\"69\":\"UPS Saver\"}','[{\"scheme\":\"https\",\"host\":\"wwwcie.ups.com\",\"port\":\"443\",\"uri\":\"/ups.app/xml/Rate\",\"env\":\"TEST\",\"config1\":null,\"config2\":null},{\"scheme\":\"https\",\"host\":\"onlinetools.ups.com\",\"port\":\"443\",\"uri\":\"/xml/Rate\",\"env\":\"PROD\",\"config1\":null,\"config2\":null}]',_binary '\0','ups.jpg','SHIPPING','[\"US\",\"CA\",\"FR\",\"GB\"]',NULL),(4,'2023-05-17 03:35:39','2023-05-17 03:35:39',NULL,'weightBased',NULL,NULL,_binary '',NULL,'SHIPPING','[\"*\"]',NULL),(5,'2023-05-17 03:35:39','2023-05-17 03:35:39',NULL,'customQuotesRules',NULL,NULL,_binary '\0',NULL,'SHIPPING','[\"*\"]',NULL),(6,'2023-05-17 03:35:39','2023-05-17 03:35:39',NULL,'priceByDistance',NULL,NULL,_binary '\0',NULL,'SHIPPING','[\"*\"]',NULL),(7,'2023-05-17 03:35:39','2023-05-17 03:35:39',NULL,'storePickUp',NULL,NULL,_binary '\0',NULL,'SHIPPING','[\"*\"]',NULL),(8,'2023-05-17 03:35:39','2023-05-17 03:35:39',NULL,'moneyorder',NULL,NULL,_binary '\0','moneyorder.gif','PAYMENT','[\"*\"]','moneyorder'),(9,'2023-05-17 03:35:39','2023-05-17 03:35:39',NULL,'paypal-express-checkout',NULL,'[{\"scheme\":\"\",\"host\":\"\",\"port\":\"\",\"uri\":\"\",\"env\":\"TEST\",\"config1\":\"https://www.sandbox.paypal.com/cgi-bin/webscr?cmd=_express-checkout&token=\",\"config2\":null},{\"scheme\":\"\",\"host\":\"\",\"port\":\"\",\"uri\":\"\",\"env\":\"PROD\",\"config1\":\"https://www.paypal.com/cgi-bin/webscr?cmd=_express-checkout&token=\",\"config2\":null}]',_binary '\0','icon-paypal.png','PAYMENT','[\"*\"]','paypal'),(10,'2023-05-17 03:35:39','2023-05-17 03:35:39',NULL,'beanstream',NULL,'[{\"scheme\":\"https\",\"host\":\"www.beanstream.com\",\"port\":\"443\",\"uri\":\"/scripts/process_transaction.asp\",\"env\":\"TEST\",\"config1\":null,\"config2\":null},{\"scheme\":\"https\",\"host\":\"www.beanstream.com\",\"port\":\"443\",\"uri\":\"/scripts/process_transaction.asp\",\"env\":\"PROD\",\"config1\":null,\"config2\":null}]',_binary '\0','beanstream.gif','PAYMENT','[\"US\",\"CA\",\"GB\"]','creditcard'),(11,'2023-05-17 03:35:39','2023-05-17 03:35:39',NULL,'stripe',NULL,'[{\"scheme\":\"https\",\"host\":\"www.stripe.com\",\"port\":\"443\",\"uri\":\"/\",\"env\":\"TEST\",\"config1\":null,\"config2\":null},{\"scheme\":\"https\",\"host\":\"www.stripe.com\",\"port\":\"443\",\"uri\":\"/\",\"env\":\"PROD\",\"config1\":null,\"config2\":null}]',_binary '\0','stripe.png','PAYMENT','[\"US\",\"CA\",\"GB\",\"AU\",\"FI\",\"DK\",\"IE\",\"NO\",\"SE\",\"ES\",\"PT\"]','creditcard'),(12,'2023-05-17 03:35:39','2023-05-17 03:35:39',NULL,'stripe3',NULL,'[{\"scheme\":\"https\",\"host\":\"www.stripe.com\",\"port\":\"443\",\"uri\":\"/\",\"env\":\"TEST\",\"config1\":null,\"config2\":null},{\"scheme\":\"https\",\"host\":\"www.stripe.com\",\"port\":\"443\",\"uri\":\"/\",\"env\":\"PROD\",\"config1\":null,\"config2\":null}]',_binary '\0','stripe.png','PAYMENT','[\"US\",\"CA\",\"GB\",\"AU\",\"FI\",\"DK\",\"IE\",\"NO\",\"SE\",\"ES\",\"PT\"]','creditcard'),(13,'2023-05-17 03:35:39','2023-05-17 03:35:39',NULL,'braintree',NULL,'[{\"scheme\":\"https\",\"host\":\"NOTREQUIRED\",\"port\":\"NOTREQUIRED\",\"uri\":\"NOTREQUIRED\",\"env\":\"TEST\",\"config1\":null,\"config2\":null},{\"scheme\":\"https\",\"host\":\"NOTREQUIRED\",\"port\":\"NOTREQUIRED\",\"uri\":\"NOTREQUIRED\",\"env\":\"PROD\",\"config1\":null,\"config2\":null}]',_binary '\0','braintree.jpg','PAYMENT','[\"US\",\"CA\",\"GB\",\"AU\",\"FI\",\"DK\",\"IE\",\"NO\",\"SE\",\"AL\",\"AD\",\"AT\",\"BY\",\"BE\",\"BG\",\"HY\",\"CY\",\"CZ\",\"FR\",\"GR\",\"IS\",\"IE\",\"IM\",\"IT\",\"PL\",\"LU\",\"CH\",\"RS\",\"SG\",\"MY\",\"HK\",\"NZ\"]','creditcard');
/*!40000 ALTER TABLE `module_configuration` ENABLE KEYS */;
UNLOCK TABLES;

--
-- Table structure for table `optin`
--

DROP TABLE IF EXISTS `optin`;
/*!40101 SET @saved_cs_client     = @@character_set_client */;
/*!50503 SET character_set_client = utf8mb4 */;
CREATE TABLE `optin` (
  `OPTIN_ID` bigint NOT NULL,
  `CODE` varchar(255) COLLATE utf8mb3_unicode_ci NOT NULL,
  `DESCRIPTION` varchar(255) COLLATE utf8mb3_unicode_ci DEFAULT NULL,
  `END_DATE` datetime DEFAULT NULL,
  `TYPE` varchar(255) COLLATE utf8mb3_unicode_ci NOT NULL,
  `START_DATE` datetime DEFAULT NULL,
  `MERCHANT_ID` int DEFAULT NULL,
  PRIMARY KEY (`OPTIN_ID`),
  UNIQUE KEY `UKmanlx6siq6ddf14cud40k8gw6` (`MERCHANT_ID`,`CODE`),
  CONSTRAINT `FK37xvfo4the20avv7f1e1771fh` FOREIGN KEY (`MERCHANT_ID`) REFERENCES `merchant_store` (`MERCHANT_ID`)
) ENGINE=InnoDB DEFAULT CHARSET=utf8mb3 COLLATE=utf8mb3_unicode_ci;
/*!40101 SET character_set_client = @saved_cs_client */;

--
-- Dumping data for table `optin`
--

LOCK TABLES `optin` WRITE;
/*!40000 ALTER TABLE `optin` DISABLE KEYS */;
INSERT INTO `optin` VALUES (1,'NEWSLETTER',NULL,NULL,'NEWSLETTER',NULL,1);
/*!40000 ALTER TABLE `optin` ENABLE KEYS */;
UNLOCK TABLES;

--
-- Table structure for table `order_account`
--

DROP TABLE IF EXISTS `order_account`;
/*!40101 SET @saved_cs_client     = @@character_set_client */;
/*!50503 SET character_set_client = utf8mb4 */;
CREATE TABLE `order_account` (
  `ORDER_ACCOUNT_ID` bigint NOT NULL,
  `ORDER_ACCOUNT_BILL_DAY` int NOT NULL,
  `ORDER_ACCOUNT_END_DATE` date DEFAULT NULL,
  `ORDER_ACCOUNT_START_DATE` date NOT NULL,
  `ORDER_ID` bigint NOT NULL,
  PRIMARY KEY (`ORDER_ACCOUNT_ID`),
  KEY `FKi6l5isodh81m5hy8ua06hx73n` (`ORDER_ID`),
  CONSTRAINT `FKi6l5isodh81m5hy8ua06hx73n` FOREIGN KEY (`ORDER_ID`) REFERENCES `orders` (`ORDER_ID`)
) ENGINE=InnoDB DEFAULT CHARSET=utf8mb3 COLLATE=utf8mb3_unicode_ci;
/*!40101 SET character_set_client = @saved_cs_client */;

--
-- Dumping data for table `order_account`
--

LOCK TABLES `order_account` WRITE;
/*!40000 ALTER TABLE `order_account` DISABLE KEYS */;
/*!40000 ALTER TABLE `order_account` ENABLE KEYS */;
UNLOCK TABLES;

--
-- Table structure for table `order_account_product`
--

DROP TABLE IF EXISTS `order_account_product`;
/*!40101 SET @saved_cs_client     = @@character_set_client */;
/*!50503 SET character_set_client = utf8mb4 */;
CREATE TABLE `order_account_product` (
  `ORDER_ACCOUNT_PRODUCT_ID` bigint NOT NULL,
  `ORDER_ACCOUNT_PRODUCT_ACCNT_DT` date DEFAULT NULL,
  `ORDER_ACCOUNT_PRODUCT_END_DT` date DEFAULT NULL,
  `ORDER_ACCOUNT_PRODUCT_EOT` datetime DEFAULT NULL,
  `ORDER_ACCOUNT_PRODUCT_L_ST_DT` datetime DEFAULT NULL,
  `ORDER_ACCOUNT_PRODUCT_L_TRX_ST` int NOT NULL,
  `ORDER_ACCOUNT_PRODUCT_PM_FR_TY` int NOT NULL,
  `ORDER_ACCOUNT_PRODUCT_ST_DT` date NOT NULL,
  `ORDER_ACCOUNT_PRODUCT_STATUS` int NOT NULL,
  `ORDER_ACCOUNT_ID` bigint NOT NULL,
  `ORDER_PRODUCT_ID` bigint NOT NULL,
  PRIMARY KEY (`ORDER_ACCOUNT_PRODUCT_ID`),
  KEY `FK7oxc8ygov7vd2ajt185jhiwts` (`ORDER_ACCOUNT_ID`),
  KEY `FK5kiyyb8ekqi9bfowytww8atcx` (`ORDER_PRODUCT_ID`),
  CONSTRAINT `FK5kiyyb8ekqi9bfowytww8atcx` FOREIGN KEY (`ORDER_PRODUCT_ID`) REFERENCES `order_product` (`ORDER_PRODUCT_ID`),
  CONSTRAINT `FK7oxc8ygov7vd2ajt185jhiwts` FOREIGN KEY (`ORDER_ACCOUNT_ID`) REFERENCES `order_account` (`ORDER_ACCOUNT_ID`)
) ENGINE=InnoDB DEFAULT CHARSET=utf8mb3 COLLATE=utf8mb3_unicode_ci;
/*!40101 SET character_set_client = @saved_cs_client */;

--
-- Dumping data for table `order_account_product`
--

LOCK TABLES `order_account_product` WRITE;
/*!40000 ALTER TABLE `order_account_product` DISABLE KEYS */;
/*!40000 ALTER TABLE `order_account_product` ENABLE KEYS */;
UNLOCK TABLES;

--
-- Table structure for table `order_attribute`
--

DROP TABLE IF EXISTS `order_attribute`;
/*!40101 SET @saved_cs_client     = @@character_set_client */;
/*!50503 SET character_set_client = utf8mb4 */;
CREATE TABLE `order_attribute` (
  `ORDER_ATTRIBUTE_ID` bigint NOT NULL,
  `IDENTIFIER` varchar(255) COLLATE utf8mb3_unicode_ci NOT NULL,
  `VALUE` varchar(255) COLLATE utf8mb3_unicode_ci NOT NULL,
  `ORDER_ID` bigint NOT NULL,
  PRIMARY KEY (`ORDER_ATTRIBUTE_ID`),
  KEY `FK4nw5yrtgb4in6leve76bmdnua` (`ORDER_ID`),
  CONSTRAINT `FK4nw5yrtgb4in6leve76bmdnua` FOREIGN KEY (`ORDER_ID`) REFERENCES `orders` (`ORDER_ID`)
) ENGINE=InnoDB DEFAULT CHARSET=utf8mb3 COLLATE=utf8mb3_unicode_ci;
/*!40101 SET character_set_client = @saved_cs_client */;

--
-- Dumping data for table `order_attribute`
--

LOCK TABLES `order_attribute` WRITE;
/*!40000 ALTER TABLE `order_attribute` DISABLE KEYS */;
/*!40000 ALTER TABLE `order_attribute` ENABLE KEYS */;
UNLOCK TABLES;

--
-- Table structure for table `order_product`
--

DROP TABLE IF EXISTS `order_product`;
/*!40101 SET @saved_cs_client     = @@character_set_client */;
/*!50503 SET character_set_client = utf8mb4 */;
CREATE TABLE `order_product` (
  `ORDER_PRODUCT_ID` bigint NOT NULL,
  `ONETIME_CHARGE` decimal(19,2) NOT NULL,
  `PRODUCT_NAME` varchar(64) COLLATE utf8mb3_unicode_ci NOT NULL,
  `PRODUCT_QUANTITY` int DEFAULT NULL,
  `PRODUCT_SKU` varchar(255) COLLATE utf8mb3_unicode_ci DEFAULT NULL,
  `ORDER_ID` bigint NOT NULL,
  PRIMARY KEY (`ORDER_PRODUCT_ID`),
  KEY `FKf0sghmn59s14cxrjtrvkvi5yk` (`ORDER_ID`),
  CONSTRAINT `FKf0sghmn59s14cxrjtrvkvi5yk` FOREIGN KEY (`ORDER_ID`) REFERENCES `orders` (`ORDER_ID`)
) ENGINE=InnoDB DEFAULT CHARSET=utf8mb3 COLLATE=utf8mb3_unicode_ci;
/*!40101 SET character_set_client = @saved_cs_client */;

--
-- Dumping data for table `order_product`
--

LOCK TABLES `order_product` WRITE;
/*!40000 ALTER TABLE `order_product` DISABLE KEYS */;
/*!40000 ALTER TABLE `order_product` ENABLE KEYS */;
UNLOCK TABLES;

--
-- Table structure for table `order_product_attribute`
--

DROP TABLE IF EXISTS `order_product_attribute`;
/*!40101 SET @saved_cs_client     = @@character_set_client */;
/*!50503 SET character_set_client = utf8mb4 */;
CREATE TABLE `order_product_attribute` (
  `ORDER_PRODUCT_ATTRIBUTE_ID` bigint NOT NULL,
  `PRODUCT_ATTRIBUTE_IS_FREE` bit(1) NOT NULL,
  `PRODUCT_ATTRIBUTE_NAME` varchar(255) COLLATE utf8mb3_unicode_ci DEFAULT NULL,
  `PRODUCT_ATTRIBUTE_PRICE` decimal(15,4) NOT NULL,
  `PRODUCT_ATTRIBUTE_VAL_NAME` varchar(255) COLLATE utf8mb3_unicode_ci DEFAULT NULL,
  `PRODUCT_ATTRIBUTE_WEIGHT` decimal(15,4) DEFAULT NULL,
  `PRODUCT_OPTION_ID` bigint NOT NULL,
  `PRODUCT_OPTION_VALUE_ID` bigint NOT NULL,
  `ORDER_PRODUCT_ID` bigint NOT NULL,
  PRIMARY KEY (`ORDER_PRODUCT_ATTRIBUTE_ID`),
  KEY `FK7j86rvwaysbok1nuofrnmhmkx` (`ORDER_PRODUCT_ID`),
  CONSTRAINT `FK7j86rvwaysbok1nuofrnmhmkx` FOREIGN KEY (`ORDER_PRODUCT_ID`) REFERENCES `order_product` (`ORDER_PRODUCT_ID`)
) ENGINE=InnoDB DEFAULT CHARSET=utf8mb3 COLLATE=utf8mb3_unicode_ci;
/*!40101 SET character_set_client = @saved_cs_client */;

--
-- Dumping data for table `order_product_attribute`
--

LOCK TABLES `order_product_attribute` WRITE;
/*!40000 ALTER TABLE `order_product_attribute` DISABLE KEYS */;
/*!40000 ALTER TABLE `order_product_attribute` ENABLE KEYS */;
UNLOCK TABLES;

--
-- Table structure for table `order_product_download`
--

DROP TABLE IF EXISTS `order_product_download`;
/*!40101 SET @saved_cs_client     = @@character_set_client */;
/*!50503 SET character_set_client = utf8mb4 */;
CREATE TABLE `order_product_download` (
  `ORDER_PRODUCT_DOWNLOAD_ID` bigint NOT NULL,
  `DOWNLOAD_COUNT` int NOT NULL,
  `DOWNLOAD_MAXDAYS` int NOT NULL,
  `ORDER_PRODUCT_FILENAME` varchar(255) COLLATE utf8mb3_unicode_ci NOT NULL,
  `ORDER_PRODUCT_ID` bigint NOT NULL,
  PRIMARY KEY (`ORDER_PRODUCT_DOWNLOAD_ID`),
  KEY `FKstrda0eweharld63j8pxa2o2r` (`ORDER_PRODUCT_ID`),
  CONSTRAINT `FKstrda0eweharld63j8pxa2o2r` FOREIGN KEY (`ORDER_PRODUCT_ID`) REFERENCES `order_product` (`ORDER_PRODUCT_ID`)
) ENGINE=InnoDB DEFAULT CHARSET=utf8mb3 COLLATE=utf8mb3_unicode_ci;
/*!40101 SET character_set_client = @saved_cs_client */;

--
-- Dumping data for table `order_product_download`
--

LOCK TABLES `order_product_download` WRITE;
/*!40000 ALTER TABLE `order_product_download` DISABLE KEYS */;
/*!40000 ALTER TABLE `order_product_download` ENABLE KEYS */;
UNLOCK TABLES;

--
-- Table structure for table `order_product_price`
--

DROP TABLE IF EXISTS `order_product_price`;
/*!40101 SET @saved_cs_client     = @@character_set_client */;
/*!50503 SET character_set_client = utf8mb4 */;
CREATE TABLE `order_product_price` (
  `ORDER_PRODUCT_PRICE_ID` bigint NOT NULL,
  `DEFAULT_PRICE` bit(1) NOT NULL,
  `PRODUCT_PRICE` decimal(19,2) NOT NULL,
  `PRODUCT_PRICE_CODE` varchar(64) COLLATE utf8mb3_unicode_ci NOT NULL,
  `PRODUCT_PRICE_NAME` varchar(255) COLLATE utf8mb3_unicode_ci DEFAULT NULL,
  `PRODUCT_PRICE_SPECIAL` decimal(19,2) DEFAULT NULL,
  `PRD_PRICE_SPECIAL_END_DT` datetime DEFAULT NULL,
  `PRD_PRICE_SPECIAL_ST_DT` datetime DEFAULT NULL,
  `ORDER_PRODUCT_ID` bigint NOT NULL,
  PRIMARY KEY (`ORDER_PRODUCT_PRICE_ID`),
  KEY `FKnkukiqxrieonyulercgnh857s` (`ORDER_PRODUCT_ID`),
  CONSTRAINT `FKnkukiqxrieonyulercgnh857s` FOREIGN KEY (`ORDER_PRODUCT_ID`) REFERENCES `order_product` (`ORDER_PRODUCT_ID`)
) ENGINE=InnoDB DEFAULT CHARSET=utf8mb3 COLLATE=utf8mb3_unicode_ci;
/*!40101 SET character_set_client = @saved_cs_client */;

--
-- Dumping data for table `order_product_price`
--

LOCK TABLES `order_product_price` WRITE;
/*!40000 ALTER TABLE `order_product_price` DISABLE KEYS */;
/*!40000 ALTER TABLE `order_product_price` ENABLE KEYS */;
UNLOCK TABLES;

--
-- Table structure for table `order_status_history`
--

DROP TABLE IF EXISTS `order_status_history`;
/*!40101 SET @saved_cs_client     = @@character_set_client */;
/*!50503 SET character_set_client = utf8mb4 */;
CREATE TABLE `order_status_history` (
  `ORDER_STATUS_HISTORY_ID` bigint NOT NULL,
  `COMMENTS` longtext COLLATE utf8mb3_unicode_ci,
  `CUSTOMER_NOTIFIED` int DEFAULT NULL,
  `DATE_ADDED` datetime NOT NULL,
  `status` varchar(255) COLLATE utf8mb3_unicode_ci DEFAULT NULL,
  `ORDER_ID` bigint NOT NULL,
  PRIMARY KEY (`ORDER_STATUS_HISTORY_ID`),
  KEY `FKmhghgf1xy3o0npsp8xkj6wyvq` (`ORDER_ID`),
  CONSTRAINT `FKmhghgf1xy3o0npsp8xkj6wyvq` FOREIGN KEY (`ORDER_ID`) REFERENCES `orders` (`ORDER_ID`)
) ENGINE=InnoDB DEFAULT CHARSET=utf8mb3 COLLATE=utf8mb3_unicode_ci;
/*!40101 SET character_set_client = @saved_cs_client */;

--
-- Dumping data for table `order_status_history`
--

LOCK TABLES `order_status_history` WRITE;
/*!40000 ALTER TABLE `order_status_history` DISABLE KEYS */;
/*!40000 ALTER TABLE `order_status_history` ENABLE KEYS */;
UNLOCK TABLES;

--
-- Table structure for table `order_total`
--

DROP TABLE IF EXISTS `order_total`;
/*!40101 SET @saved_cs_client     = @@character_set_client */;
/*!50503 SET character_set_client = utf8mb4 */;
CREATE TABLE `order_total` (
  `ORDER_ACCOUNT_ID` bigint NOT NULL,
  `MODULE` varchar(60) COLLATE utf8mb3_unicode_ci DEFAULT NULL,
  `CODE` varchar(255) COLLATE utf8mb3_unicode_ci NOT NULL,
  `ORDER_TOTAL_TYPE` varchar(255) COLLATE utf8mb3_unicode_ci DEFAULT NULL,
  `ORDER_VALUE_TYPE` varchar(255) COLLATE utf8mb3_unicode_ci DEFAULT NULL,
  `SORT_ORDER` int NOT NULL,
  `TEXT` longtext COLLATE utf8mb3_unicode_ci,
  `TITLE` varchar(255) COLLATE utf8mb3_unicode_ci DEFAULT NULL,
  `VALUE` decimal(15,4) NOT NULL,
  `ORDER_ID` bigint NOT NULL,
  PRIMARY KEY (`ORDER_ACCOUNT_ID`),
  KEY `FK1tfvgk5smm80efdcc8uop4he3` (`ORDER_ID`),
  CONSTRAINT `FK1tfvgk5smm80efdcc8uop4he3` FOREIGN KEY (`ORDER_ID`) REFERENCES `orders` (`ORDER_ID`)
) ENGINE=InnoDB DEFAULT CHARSET=utf8mb3 COLLATE=utf8mb3_unicode_ci;
/*!40101 SET character_set_client = @saved_cs_client */;

--
-- Dumping data for table `order_total`
--

LOCK TABLES `order_total` WRITE;
/*!40000 ALTER TABLE `order_total` DISABLE KEYS */;
/*!40000 ALTER TABLE `order_total` ENABLE KEYS */;
UNLOCK TABLES;

--
-- Table structure for table `orders`
--

DROP TABLE IF EXISTS `orders`;
/*!40101 SET @saved_cs_client     = @@character_set_client */;
/*!50503 SET character_set_client = utf8mb4 */;
CREATE TABLE `orders` (
  `ORDER_ID` bigint NOT NULL,
  `BILLING_STREET_ADDRESS` varchar(256) COLLATE utf8mb3_unicode_ci DEFAULT NULL,
  `BILLING_CITY` varchar(100) COLLATE utf8mb3_unicode_ci DEFAULT NULL,
  `BILLING_COMPANY` varchar(100) COLLATE utf8mb3_unicode_ci DEFAULT NULL,
  `BILLING_FIRST_NAME` varchar(64) COLLATE utf8mb3_unicode_ci DEFAULT NULL,
  `BILLING_LAST_NAME` varchar(64) COLLATE utf8mb3_unicode_ci DEFAULT NULL,
  `LATITUDE` varchar(100) COLLATE utf8mb3_unicode_ci DEFAULT NULL,
  `LONGITUDE` varchar(100) COLLATE utf8mb3_unicode_ci DEFAULT NULL,
  `BILLING_POSTCODE` varchar(20) COLLATE utf8mb3_unicode_ci DEFAULT NULL,
  `BILLING_STATE` varchar(100) COLLATE utf8mb3_unicode_ci DEFAULT NULL,
  `BILLING_TELEPHONE` varchar(32) COLLATE utf8mb3_unicode_ci DEFAULT NULL,
  `CHANNEL` varchar(255) COLLATE utf8mb3_unicode_ci DEFAULT NULL,
  `CONFIRMED_ADDRESS` bit(1) DEFAULT NULL,
  `CARD_TYPE` varchar(255) COLLATE utf8mb3_unicode_ci DEFAULT NULL,
  `CC_CVV` varchar(255) COLLATE utf8mb3_unicode_ci DEFAULT NULL,
  `CC_EXPIRES` varchar(255) COLLATE utf8mb3_unicode_ci DEFAULT NULL,
  `CC_NUMBER` varchar(255) COLLATE utf8mb3_unicode_ci DEFAULT NULL,
  `CC_OWNER` varchar(255) COLLATE utf8mb3_unicode_ci DEFAULT NULL,
  `CURRENCY_VALUE` decimal(19,2) DEFAULT NULL,
  `CUSTOMER_AGREED` bit(1) DEFAULT NULL,
  `CUSTOMER_EMAIL_ADDRESS` varchar(50) COLLATE utf8mb3_unicode_ci NOT NULL,
  `CUSTOMER_ID` bigint DEFAULT NULL,
  `DATE_PURCHASED` date DEFAULT NULL,
  `DELIVERY_STREET_ADDRESS` varchar(256) COLLATE utf8mb3_unicode_ci DEFAULT NULL,
  `DELIVERY_CITY` varchar(100) COLLATE utf8mb3_unicode_ci DEFAULT NULL,
  `DELIVERY_COMPANY` varchar(100) COLLATE utf8mb3_unicode_ci DEFAULT NULL,
  `DELIVERY_FIRST_NAME` varchar(64) COLLATE utf8mb3_unicode_ci DEFAULT NULL,
  `DELIVERY_LAST_NAME` varchar(64) COLLATE utf8mb3_unicode_ci DEFAULT NULL,
  `DELIVERY_POSTCODE` varchar(20) COLLATE utf8mb3_unicode_ci DEFAULT NULL,
  `DELIVERY_STATE` varchar(100) COLLATE utf8mb3_unicode_ci DEFAULT NULL,
  `DELIVERY_TELEPHONE` varchar(32) COLLATE utf8mb3_unicode_ci DEFAULT NULL,
  `IP_ADDRESS` varchar(255) COLLATE utf8mb3_unicode_ci DEFAULT NULL,
  `LAST_MODIFIED` datetime DEFAULT NULL,
  `LOCALE` varchar(255) COLLATE utf8mb3_unicode_ci DEFAULT NULL,
  `ORDER_DATE_FINISHED` datetime DEFAULT NULL,
  `ORDER_TYPE` varchar(255) COLLATE utf8mb3_unicode_ci DEFAULT NULL,
  `PAYMENT_MODULE_CODE` varchar(255) COLLATE utf8mb3_unicode_ci DEFAULT NULL,
  `PAYMENT_TYPE` varchar(255) COLLATE utf8mb3_unicode_ci DEFAULT NULL,
  `SHIPPING_MODULE_CODE` varchar(255) COLLATE utf8mb3_unicode_ci DEFAULT NULL,
  `CART_CODE` varchar(255) COLLATE utf8mb3_unicode_ci DEFAULT NULL,
  `ORDER_STATUS` varchar(255) COLLATE utf8mb3_unicode_ci DEFAULT NULL,
  `ORDER_TOTAL` decimal(19,2) DEFAULT NULL,
  `BILLING_COUNTRY_ID` int DEFAULT NULL,
  `BILLING_ZONE_ID` bigint DEFAULT NULL,
  `CURRENCY_ID` bigint DEFAULT NULL,
  `DELIVERY_COUNTRY_ID` int DEFAULT NULL,
  `DELIVERY_ZONE_ID` bigint DEFAULT NULL,
  `MERCHANTID` int DEFAULT NULL,
  PRIMARY KEY (`ORDER_ID`),
  KEY `FKipesu5tupnriahutgle6xu9ed` (`BILLING_COUNTRY_ID`),
  KEY `FKit6ti99mv5uvuxqskhurv3y59` (`BILLING_ZONE_ID`),
  KEY `FKfusivmw6q3gjxnmp47n9s74qi` (`CURRENCY_ID`),
  KEY `FKnlx97vjyorunxglhy5bird06c` (`DELIVERY_COUNTRY_ID`),
  KEY `FKn9uvjl8105fsly4doo8rqnv5b` (`DELIVERY_ZONE_ID`),
  KEY `FKaodv5ffayq8x50q311o2y8m1` (`MERCHANTID`),
  CONSTRAINT `FKaodv5ffayq8x50q311o2y8m1` FOREIGN KEY (`MERCHANTID`) REFERENCES `merchant_store` (`MERCHANT_ID`),
  CONSTRAINT `FKfusivmw6q3gjxnmp47n9s74qi` FOREIGN KEY (`CURRENCY_ID`) REFERENCES `currency` (`CURRENCY_ID`),
  CONSTRAINT `FKipesu5tupnriahutgle6xu9ed` FOREIGN KEY (`BILLING_COUNTRY_ID`) REFERENCES `country` (`COUNTRY_ID`),
  CONSTRAINT `FKit6ti99mv5uvuxqskhurv3y59` FOREIGN KEY (`BILLING_ZONE_ID`) REFERENCES `zone` (`ZONE_ID`),
  CONSTRAINT `FKn9uvjl8105fsly4doo8rqnv5b` FOREIGN KEY (`DELIVERY_ZONE_ID`) REFERENCES `zone` (`ZONE_ID`),
  CONSTRAINT `FKnlx97vjyorunxglhy5bird06c` FOREIGN KEY (`DELIVERY_COUNTRY_ID`) REFERENCES `country` (`COUNTRY_ID`)
) ENGINE=InnoDB DEFAULT CHARSET=utf8mb3 COLLATE=utf8mb3_unicode_ci;
/*!40101 SET character_set_client = @saved_cs_client */;

--
-- Dumping data for table `orders`
--

LOCK TABLES `orders` WRITE;
/*!40000 ALTER TABLE `orders` DISABLE KEYS */;
/*!40000 ALTER TABLE `orders` ENABLE KEYS */;
UNLOCK TABLES;

--
-- Table structure for table `pay_cycle_description`
--

DROP TABLE IF EXISTS `pay_cycle_description`;
/*!40101 SET @saved_cs_client     = @@character_set_client */;
/*!50503 SET character_set_client = utf8mb4 */;
CREATE TABLE `pay_cycle_description` (
  `ID_PAY_CIRCLE` bigint NOT NULL AUTO_INCREMENT,
  `DATE_CREATED` datetime DEFAULT NULL,
  `DATE_MODIFIED` datetime DEFAULT NULL,
  `UPDT_ID` varchar(60) COLLATE utf8mb3_unicode_ci DEFAULT NULL,
  `code` varchar(255) COLLATE utf8mb3_unicode_ci DEFAULT NULL,
  `name` varchar(255) COLLATE utf8mb3_unicode_ci DEFAULT NULL,
  PRIMARY KEY (`ID_PAY_CIRCLE`),
  UNIQUE KEY `code_UNIQUE` (`code`)
) ENGINE=InnoDB AUTO_INCREMENT=12 DEFAULT CHARSET=utf8mb3 COLLATE=utf8mb3_unicode_ci;
/*!40101 SET character_set_client = @saved_cs_client */;

--
-- Dumping data for table `pay_cycle_description`
--

LOCK TABLES `pay_cycle_description` WRITE;
/*!40000 ALTER TABLE `pay_cycle_description` DISABLE KEYS */;
INSERT INTO `pay_cycle_description` VALUES (1,NULL,NULL,NULL,'day','Ngày'),(2,NULL,NULL,NULL,'week','Tuần'),(3,NULL,NULL,NULL,'month','Tháng'),(4,NULL,NULL,NULL,'hour','Giờ'),(11,NULL,NULL,NULL,'test3','Long chinh');
/*!40000 ALTER TABLE `pay_cycle_description` ENABLE KEYS */;
UNLOCK TABLES;

--
-- Table structure for table `permission`
--

DROP TABLE IF EXISTS `permission`;
/*!40101 SET @saved_cs_client     = @@character_set_client */;
/*!50503 SET character_set_client = utf8mb4 */;
CREATE TABLE `permission` (
  `PERMISSION_ID` int NOT NULL,
  `DATE_CREATED` datetime DEFAULT NULL,
  `DATE_MODIFIED` datetime DEFAULT NULL,
  `UPDT_ID` varchar(60) COLLATE utf8mb3_unicode_ci DEFAULT NULL,
  `PERMISSION_NAME` varchar(255) COLLATE utf8mb3_unicode_ci DEFAULT NULL,
  PRIMARY KEY (`PERMISSION_ID`),
  UNIQUE KEY `UK_ss26hgwetkj8ms5y5jn2co4j3` (`PERMISSION_NAME`)
) ENGINE=InnoDB DEFAULT CHARSET=utf8mb3 COLLATE=utf8mb3_unicode_ci;
/*!40101 SET character_set_client = @saved_cs_client */;

--
-- Dumping data for table `permission`
--

LOCK TABLES `permission` WRITE;
/*!40000 ALTER TABLE `permission` DISABLE KEYS */;
INSERT INTO `permission` VALUES (1,'2023-05-17 03:35:17','2023-05-17 03:35:17',NULL,'AUTH'),(2,'2023-05-17 03:35:17','2023-05-17 03:35:17',NULL,'SUPERADMIN'),(3,'2023-05-17 03:35:17','2023-05-17 03:35:17',NULL,'ADMIN'),(4,'2023-05-17 03:35:17','2023-05-17 03:35:17',NULL,'PRODUCTS'),(5,'2023-05-17 03:35:17','2023-05-17 03:35:17',NULL,'ORDER'),(6,'2023-05-17 03:35:17','2023-05-17 03:35:17',NULL,'CONTENT'),(7,'2023-05-17 03:35:17','2023-05-17 03:35:17',NULL,'STORE'),(8,'2023-05-17 03:35:17','2023-05-17 03:35:17',NULL,'TAX'),(9,'2023-05-17 03:35:17','2023-05-17 03:35:17',NULL,'PAYMENT'),(10,'2023-05-17 03:35:17','2023-05-17 03:35:17',NULL,'CUSTOMER'),(11,'2023-05-17 03:35:17','2023-05-17 03:35:17',NULL,'SHIPPING'),(12,'2023-05-17 03:35:17','2023-05-17 03:35:17',NULL,'AUTH_CUSTOMER');
/*!40000 ALTER TABLE `permission` ENABLE KEYS */;
UNLOCK TABLES;

--
-- Table structure for table `permission_group`
--

DROP TABLE IF EXISTS `permission_group`;
/*!40101 SET @saved_cs_client     = @@character_set_client */;
/*!50503 SET character_set_client = utf8mb4 */;
CREATE TABLE `permission_group` (
  `GROUP_ID` int NOT NULL,
  `PERMISSION_ID` int NOT NULL,
  PRIMARY KEY (`GROUP_ID`,`PERMISSION_ID`),
  KEY `FK77ly3khyuu40odly02d351s84` (`PERMISSION_ID`),
  CONSTRAINT `FK77ly3khyuu40odly02d351s84` FOREIGN KEY (`PERMISSION_ID`) REFERENCES `permission` (`PERMISSION_ID`),
  CONSTRAINT `FKr7ylutdgqp1nrlbhjwit6y17g` FOREIGN KEY (`GROUP_ID`) REFERENCES `sm_group` (`GROUP_ID`)
) ENGINE=InnoDB DEFAULT CHARSET=utf8mb3 COLLATE=utf8mb3_unicode_ci;
/*!40101 SET character_set_client = @saved_cs_client */;

--
-- Dumping data for table `permission_group`
--

LOCK TABLES `permission_group` WRITE;
/*!40000 ALTER TABLE `permission_group` DISABLE KEYS */;
INSERT INTO `permission_group` VALUES (1,1),(2,1),(3,1),(4,1),(5,1),(6,1),(7,1),(8,1),(1,2),(1,3),(2,3),(3,3),(1,4),(2,4),(3,4),(5,4),(1,5),(2,5),(3,5),(6,5),(1,6),(2,6),(3,6),(4,6),(7,6),(1,7),(2,7),(3,7),(4,7),(1,8),(2,8),(3,8),(4,8),(1,9),(2,9),(3,9),(4,9),(1,10),(2,10),(3,10),(4,10),(1,11),(2,11),(3,11),(4,11),(8,12);
/*!40000 ALTER TABLE `permission_group` ENABLE KEYS */;
UNLOCK TABLES;

--
-- Table structure for table `position_description`
--

DROP TABLE IF EXISTS `position_description`;
/*!40101 SET @saved_cs_client     = @@character_set_client */;
/*!50503 SET character_set_client = utf8mb4 */;
CREATE TABLE `position_description` (
  `ID_POSITION` bigint NOT NULL AUTO_INCREMENT,
  `DATE_CREATED` datetime DEFAULT NULL,
  `DATE_MODIFIED` datetime DEFAULT NULL,
  `UPDT_ID` varchar(60) COLLATE utf8mb3_unicode_ci DEFAULT NULL,
  `CODE` varchar(255) COLLATE utf8mb3_unicode_ci DEFAULT NULL,
  `NAME` varchar(255) COLLATE utf8mb3_unicode_ci DEFAULT NULL,
  PRIMARY KEY (`ID_POSITION`)
) ENGINE=InnoDB AUTO_INCREMENT=5 DEFAULT CHARSET=utf8mb3 COLLATE=utf8mb3_unicode_ci;
/*!40101 SET character_set_client = @saved_cs_client */;

--
-- Dumping data for table `position_description`
--

LOCK TABLES `position_description` WRITE;
/*!40000 ALTER TABLE `position_description` DISABLE KEYS */;
INSERT INTO `position_description` VALUES (1,NULL,NULL,NULL,'intern','Thực tập sinh'),(2,NULL,NULL,NULL,'associate','Nhân viên chính thức'),(3,NULL,NULL,NULL,'manager','Quản lý');
/*!40000 ALTER TABLE `position_description` ENABLE KEYS */;
UNLOCK TABLES;

--
-- Table structure for table `position_product_entry`
--

DROP TABLE IF EXISTS `position_product_entry`;
/*!40101 SET @saved_cs_client     = @@character_set_client */;
/*!50503 SET character_set_client = utf8mb4 */;
CREATE TABLE `position_product_entry` (
  `PRODUCT_ID` bigint NOT NULL,
  `ID_POSITION` bigint NOT NULL,
  PRIMARY KEY (`PRODUCT_ID`,`ID_POSITION`),
  KEY `FKfpunujjlpl9ov754r6kybwfqk` (`ID_POSITION`),
  CONSTRAINT `FK7uurt8rx3craoo3tmpnwu8a99` FOREIGN KEY (`PRODUCT_ID`) REFERENCES `product` (`PRODUCT_ID`),
  CONSTRAINT `FKfpunujjlpl9ov754r6kybwfqk` FOREIGN KEY (`ID_POSITION`) REFERENCES `position_description` (`ID_POSITION`)
) ENGINE=InnoDB DEFAULT CHARSET=utf8mb3 COLLATE=utf8mb3_unicode_ci;
/*!40101 SET character_set_client = @saved_cs_client */;

--
-- Dumping data for table `position_product_entry`
--

LOCK TABLES `position_product_entry` WRITE;
/*!40000 ALTER TABLE `position_product_entry` DISABLE KEYS */;
INSERT INTO `position_product_entry` VALUES (201,1),(251,1),(252,1),(253,1),(2,3),(100,3),(151,3),(200,3);
/*!40000 ALTER TABLE `position_product_entry` ENABLE KEYS */;
UNLOCK TABLES;

--
-- Table structure for table `product`
--

DROP TABLE IF EXISTS `product`;
/*!40101 SET @saved_cs_client     = @@character_set_client */;
/*!50503 SET character_set_client = utf8mb4 */;
CREATE TABLE `product` (
  `PRODUCT_ID` bigint NOT NULL,
  `DATE_CREATED` datetime DEFAULT NULL,
  `DATE_MODIFIED` datetime DEFAULT NULL,
  `UPDT_ID` varchar(60) COLLATE utf8mb3_unicode_ci DEFAULT NULL,
  `AVAILABLE` bit(1) DEFAULT NULL,
  `COND` int DEFAULT NULL,
  `DATE_AVAILABLE` datetime DEFAULT NULL,
  `DATE_EXPERIENCE` datetime DEFAULT NULL,
  `GENDER` varchar(255) COLLATE utf8mb3_unicode_ci DEFAULT NULL,
  `ID_PAY_CIRCL` varchar(255) COLLATE utf8mb3_unicode_ci DEFAULT NULL,
  `QUANTITY_ORDERED` int DEFAULT NULL,
  `REVIEW_AVG` decimal(19,2) DEFAULT NULL,
  `REVIEW_COUNT` int DEFAULT NULL,
  `REF_SKU` varchar(255) COLLATE utf8mb3_unicode_ci DEFAULT NULL,
  `SKU` varchar(255) COLLATE utf8mb3_unicode_ci DEFAULT NULL,
  `SORT_ORDER` int DEFAULT NULL,
  `ID_EXPERIENCE` bigint NOT NULL,
  `MANUFACTURER_ID` bigint DEFAULT NULL,
  `MERCHANT_ID` int NOT NULL,
  `CUSTOMER_ID` bigint DEFAULT NULL,
  `TAX_CLASS_ID` bigint DEFAULT NULL,
  `PRODUCT_TYPE_ID` bigint DEFAULT NULL,
  PRIMARY KEY (`PRODUCT_ID`),
  UNIQUE KEY `UKs8ofsn9pehdrstjg52j5qabxh` (`MERCHANT_ID`,`SKU`),
  KEY `FKaw7sv0umb1d7sb48ff7aosf16` (`ID_EXPERIENCE`),
  KEY `FKra5mmrdxn3ci86hod7q1u3vu9` (`MANUFACTURER_ID`),
  KEY `FKqtt5f0aht5h7ough5rbkkcb33` (`CUSTOMER_ID`),
  KEY `FKb8oqtc3j8sqo0t8xdrne7pg69` (`TAX_CLASS_ID`),
  KEY `FKeiirvj8eu40h103fth8es1mt0` (`PRODUCT_TYPE_ID`),
  CONSTRAINT `FKaw7sv0umb1d7sb48ff7aosf16` FOREIGN KEY (`ID_EXPERIENCE`) REFERENCES `experience_description` (`ID_EXPERIENCE`),
  CONSTRAINT `FKb8oqtc3j8sqo0t8xdrne7pg69` FOREIGN KEY (`TAX_CLASS_ID`) REFERENCES `tax_class` (`TAX_CLASS_ID`),
  CONSTRAINT `FKeiirvj8eu40h103fth8es1mt0` FOREIGN KEY (`PRODUCT_TYPE_ID`) REFERENCES `product_type` (`PRODUCT_TYPE_ID`),
  CONSTRAINT `FKhhoq1nd9e0i4m7rt8gkh7d67h` FOREIGN KEY (`MERCHANT_ID`) REFERENCES `merchant_store` (`MERCHANT_ID`),
  CONSTRAINT `FKqtt5f0aht5h7ough5rbkkcb33` FOREIGN KEY (`CUSTOMER_ID`) REFERENCES `customer` (`CUSTOMER_ID`),
  CONSTRAINT `FKra5mmrdxn3ci86hod7q1u3vu9` FOREIGN KEY (`MANUFACTURER_ID`) REFERENCES `manufacturer` (`MANUFACTURER_ID`)
) ENGINE=InnoDB DEFAULT CHARSET=utf8mb3 COLLATE=utf8mb3_unicode_ci;
/*!40101 SET character_set_client = @saved_cs_client */;

--
-- Dumping data for table `product`
--

LOCK TABLES `product` WRITE;
/*!40000 ALTER TABLE `product` DISABLE KEYS */;
INSERT INTO `product` VALUES (2,'2023-05-17 08:01:55','2023-05-17 08:04:35',NULL,_binary '',NULL,'2023-05-17 08:04:35','2023-05-22 00:00:00','M','month',NULL,NULL,NULL,'job2','job2',0,2,NULL,2,NULL,NULL,1),(100,'2023-05-17 09:13:36','2023-05-17 09:13:36',NULL,_binary '',NULL,'2023-05-17 09:13:36','2023-05-22 00:00:00','M','month',NULL,NULL,NULL,'job5','job5',0,2,NULL,2,NULL,NULL,1),(151,'2023-05-20 17:16:08','2023-05-20 17:16:08',NULL,_binary '',NULL,'2023-05-20 17:16:08','2023-05-22 00:00:00','M','month',NULL,NULL,NULL,'job9','job9',0,2,NULL,2,NULL,NULL,1),(200,'2023-06-17 16:58:27','2023-06-17 16:58:27',NULL,_binary '',NULL,'2023-06-17 16:58:14','2023-05-22 00:00:00','M','month',NULL,NULL,NULL,'thuc-tap-sinh-web-7a63b5e8-f7ef-4357-9fab-693c72ca68a9','thuc-tap-sinh-web-7a63b5e8-f7ef-4357-9fab-693c72ca68a9',0,2,NULL,2,NULL,NULL,1),(201,'2023-06-17 17:13:08','2023-06-17 17:13:08',NULL,_binary '',NULL,'2023-06-17 17:13:08','2023-05-22 00:00:00','M','month',NULL,NULL,NULL,'thuc-tap-sinh-web-7a63b5e8-dfdsdsf7ef-4357-9fab-693c72ca68a9','thuc-tap-sinh-web-7a63b5e8-dfdsdsf7ef-4357-9fab-693c72ca68a9',0,2,NULL,2,NULL,NULL,1),(251,'2023-06-18 20:58:52','2023-06-18 20:58:52',NULL,_binary '',NULL,'2023-06-18 20:58:52','2023-05-22 00:00:00','M','month',NULL,NULL,NULL,'thuc-tap-sinh-web-7a63sfsfasfb5e8-dfdsdsf7ef-4357-9fab-693c72ca68a9','thuc-tap-sinh-web-7a63sfsfasfb5e8-dfdsdsf7ef-4357-9fab-693c72ca68a9',0,2,NULL,2,NULL,NULL,1),(252,'2023-06-18 20:59:23','2023-06-18 20:59:23',NULL,_binary '',NULL,'2023-06-18 20:59:23','2023-05-22 00:00:00','M','month',NULL,NULL,NULL,'thuc-tap-sinh-web-7a63sfsfasfdsdsddsf7ef-4357-9fab-693c72ca68a9','thuc-tap-sinh-web-7a63sfsfasfdsdsddsf7ef-4357-9fab-693c72ca68a9',0,2,NULL,2,NULL,NULL,1),(253,'2023-06-18 20:59:44','2023-06-18 20:59:44',NULL,_binary '',NULL,'2023-06-18 20:59:44','2023-05-22 00:00:00','M','month',NULL,NULL,NULL,'thuc-tap-sinh-web-7a63sfsfacscsdcsfdsdsddsf7ef-4357-9fab-693c72ca68a9','thuc-tap-sinh-web-7a63sfsfacscsdcsfdsdsddsf7ef-4357-9fab-693c72ca68a9',0,2,NULL,2,NULL,NULL,1);
/*!40000 ALTER TABLE `product` ENABLE KEYS */;
UNLOCK TABLES;

--
-- Table structure for table `product_attribute`
--

DROP TABLE IF EXISTS `product_attribute`;
/*!40101 SET @saved_cs_client     = @@character_set_client */;
/*!50503 SET character_set_client = utf8mb4 */;
CREATE TABLE `product_attribute` (
  `PRODUCT_ATTRIBUTE_ID` bigint NOT NULL,
  `PRODUCT_ATTRIBUTE_DEFAULT` bit(1) DEFAULT NULL,
  `PRODUCT_ATTRIBUTE_DISCOUNTED` bit(1) DEFAULT NULL,
  `PRODUCT_ATTRIBUTE_FOR_DISP` bit(1) DEFAULT NULL,
  `PRODUCT_ATTRIBUTE_REQUIRED` bit(1) DEFAULT NULL,
  `PRODUCT_ATTRIBUTE_FREE` bit(1) DEFAULT NULL,
  `PRODUCT_ATRIBUTE_PRICE` decimal(19,2) DEFAULT NULL,
  `PRODUCT_ATTRIBUTE_WEIGHT` decimal(19,2) DEFAULT NULL,
  `PRODUCT_ATTRIBUTE_SORT_ORD` int DEFAULT NULL,
  `PRODUCT_ID` bigint NOT NULL,
  `OPTION_ID` bigint NOT NULL,
  `OPTION_VALUE_ID` bigint NOT NULL,
  PRIMARY KEY (`PRODUCT_ATTRIBUTE_ID`),
  UNIQUE KEY `UKo0c6cfxcfejwfa2877gfgpuco` (`OPTION_ID`,`OPTION_VALUE_ID`,`PRODUCT_ID`),
  KEY `IDX6h8m6ocg2jhu3bfieqa0dupb1` (`PRODUCT_ID`),
  KEY `FK3rleultg9fn2dxruefbb18d5t` (`OPTION_VALUE_ID`),
  CONSTRAINT `FK2st60u9twmvvaowwn88mt3lrx` FOREIGN KEY (`OPTION_ID`) REFERENCES `product_option` (`PRODUCT_OPTION_ID`),
  CONSTRAINT `FK3rleultg9fn2dxruefbb18d5t` FOREIGN KEY (`OPTION_VALUE_ID`) REFERENCES `product_option_value` (`PRODUCT_OPTION_VALUE_ID`),
  CONSTRAINT `FKml3nvemdjya159a7669qt1gjd` FOREIGN KEY (`PRODUCT_ID`) REFERENCES `product` (`PRODUCT_ID`)
) ENGINE=InnoDB DEFAULT CHARSET=utf8mb3 COLLATE=utf8mb3_unicode_ci;
/*!40101 SET character_set_client = @saved_cs_client */;

--
-- Dumping data for table `product_attribute`
--

LOCK TABLES `product_attribute` WRITE;
/*!40000 ALTER TABLE `product_attribute` DISABLE KEYS */;
/*!40000 ALTER TABLE `product_attribute` ENABLE KEYS */;
UNLOCK TABLES;

--
-- Table structure for table `product_availability`
--

DROP TABLE IF EXISTS `product_availability`;
/*!40101 SET @saved_cs_client     = @@character_set_client */;
/*!50503 SET character_set_client = utf8mb4 */;
CREATE TABLE `product_availability` (
  `PRODUCT_AVAIL_ID` bigint NOT NULL,
  `DATE_CREATED` datetime DEFAULT NULL,
  `DATE_MODIFIED` datetime DEFAULT NULL,
  `UPDT_ID` varchar(60) COLLATE utf8mb3_unicode_ci DEFAULT NULL,
  `AVAILABLE` bit(1) DEFAULT NULL,
  `HEIGHT` decimal(19,2) DEFAULT NULL,
  `LENGTH` decimal(19,2) DEFAULT NULL,
  `WEIGHT` decimal(19,2) DEFAULT NULL,
  `WIDTH` decimal(19,2) DEFAULT NULL,
  `OWNER` varchar(255) COLLATE utf8mb3_unicode_ci DEFAULT NULL,
  `DATE_AVAILABLE` date DEFAULT NULL,
  `FREE_SHIPPING` bit(1) DEFAULT NULL,
  `QUANTITY` int DEFAULT NULL,
  `QUANTITY_ORD_MAX` int DEFAULT NULL,
  `QUANTITY_ORD_MIN` int DEFAULT NULL,
  `STATUS` bit(1) DEFAULT NULL,
  `REGION` varchar(255) COLLATE utf8mb3_unicode_ci DEFAULT NULL,
  `REGION_VARIANT` varchar(255) COLLATE utf8mb3_unicode_ci DEFAULT NULL,
  `SKU` varchar(255) COLLATE utf8mb3_unicode_ci DEFAULT NULL,
  `MERCHANT_ID` int DEFAULT NULL,
  `PRODUCT_ID` bigint NOT NULL,
  `PRODUCT_VARIANT` bigint DEFAULT NULL,
  PRIMARY KEY (`PRODUCT_AVAIL_ID`),
  UNIQUE KEY `UKmiln9rmsc6ssih1v9vf23h1dc` (`MERCHANT_ID`,`PRODUCT_ID`,`REGION_VARIANT`),
  KEY `PRD_AVAIL_STORE_PRD_IDX` (`PRODUCT_ID`,`MERCHANT_ID`),
  KEY `PRD_AVAIL_PRD_IDX` (`PRODUCT_ID`),
  KEY `FKm9cb3uvgql005wcsqi906pjhg` (`PRODUCT_VARIANT`),
  CONSTRAINT `FK5sbh4dx25pmjcqx958hr9ys8h` FOREIGN KEY (`PRODUCT_ID`) REFERENCES `product` (`PRODUCT_ID`),
  CONSTRAINT `FKm9cb3uvgql005wcsqi906pjhg` FOREIGN KEY (`PRODUCT_VARIANT`) REFERENCES `product_variant` (`PRODUCT_VARIANT_ID`),
  CONSTRAINT `FKmjs1xqdsgji88j5uduj83bntl` FOREIGN KEY (`MERCHANT_ID`) REFERENCES `merchant_store` (`MERCHANT_ID`)
) ENGINE=InnoDB DEFAULT CHARSET=utf8mb3 COLLATE=utf8mb3_unicode_ci;
/*!40101 SET character_set_client = @saved_cs_client */;

--
-- Dumping data for table `product_availability`
--

LOCK TABLES `product_availability` WRITE;
/*!40000 ALTER TABLE `product_availability` DISABLE KEYS */;
INSERT INTO `product_availability` VALUES (2,NULL,NULL,NULL,_binary '',NULL,NULL,NULL,NULL,NULL,NULL,_binary '\0',1,1,1,_binary '','*',NULL,NULL,2,2,NULL),(100,NULL,NULL,NULL,_binary '',NULL,NULL,NULL,NULL,NULL,NULL,_binary '\0',1,1,1,_binary '','*',NULL,NULL,2,100,NULL),(151,NULL,NULL,NULL,_binary '',NULL,NULL,NULL,NULL,NULL,NULL,_binary '\0',1,1,1,_binary '','*',NULL,NULL,2,151,NULL),(200,NULL,NULL,NULL,_binary '',NULL,NULL,NULL,NULL,NULL,NULL,_binary '\0',1,1,1,_binary '','*',NULL,NULL,2,200,NULL),(201,NULL,NULL,NULL,_binary '',NULL,NULL,NULL,NULL,NULL,NULL,_binary '\0',1,1,1,_binary '','*',NULL,NULL,2,201,NULL),(251,NULL,NULL,NULL,_binary '',NULL,NULL,NULL,NULL,NULL,NULL,_binary '\0',1,1,1,_binary '','*',NULL,NULL,2,251,NULL),(252,NULL,NULL,NULL,_binary '',NULL,NULL,NULL,NULL,NULL,NULL,_binary '\0',1,1,1,_binary '','*',NULL,NULL,2,252,NULL),(253,NULL,NULL,NULL,_binary '',NULL,NULL,NULL,NULL,NULL,NULL,_binary '\0',1,1,1,_binary '','*',NULL,NULL,2,253,NULL);
/*!40000 ALTER TABLE `product_availability` ENABLE KEYS */;
UNLOCK TABLES;

--
-- Table structure for table `product_category`
--

DROP TABLE IF EXISTS `product_category`;
/*!40101 SET @saved_cs_client     = @@character_set_client */;
/*!50503 SET character_set_client = utf8mb4 */;
CREATE TABLE `product_category` (
  `PRODUCT_ID` bigint NOT NULL,
  `CATEGORY_ID` bigint NOT NULL,
  PRIMARY KEY (`PRODUCT_ID`,`CATEGORY_ID`),
  KEY `FK3xw1sbaa29r534jvedimdd7md` (`CATEGORY_ID`),
  CONSTRAINT `FK3xw1sbaa29r534jvedimdd7md` FOREIGN KEY (`CATEGORY_ID`) REFERENCES `category` (`CATEGORY_ID`),
  CONSTRAINT `FKa7245ly271mb0crlhxwhhppsq` FOREIGN KEY (`PRODUCT_ID`) REFERENCES `product` (`PRODUCT_ID`)
) ENGINE=InnoDB DEFAULT CHARSET=utf8mb3 COLLATE=utf8mb3_unicode_ci;
/*!40101 SET character_set_client = @saved_cs_client */;

--
-- Dumping data for table `product_category`
--

LOCK TABLES `product_category` WRITE;
/*!40000 ALTER TABLE `product_category` DISABLE KEYS */;
INSERT INTO `product_category` VALUES (2,50),(100,50),(151,50),(200,50),(201,50),(253,50),(251,51),(252,100);
/*!40000 ALTER TABLE `product_category` ENABLE KEYS */;
UNLOCK TABLES;

--
-- Table structure for table `product_description`
--

DROP TABLE IF EXISTS `product_description`;
/*!40101 SET @saved_cs_client     = @@character_set_client */;
/*!50503 SET character_set_client = utf8mb4 */;
CREATE TABLE `product_description` (
  `DESCRIPTION_ID` bigint NOT NULL,
  `DATE_CREATED` datetime DEFAULT NULL,
  `DATE_MODIFIED` datetime DEFAULT NULL,
  `UPDT_ID` varchar(60) COLLATE utf8mb3_unicode_ci DEFAULT NULL,
  `DESCRIPTION` longtext COLLATE utf8mb3_unicode_ci,
  `NAME` varchar(120) COLLATE utf8mb3_unicode_ci NOT NULL,
  `TITLE` varchar(100) COLLATE utf8mb3_unicode_ci DEFAULT NULL,
  `META_DESCRIPTION` varchar(255) COLLATE utf8mb3_unicode_ci DEFAULT NULL,
  `META_KEYWORDS` varchar(255) COLLATE utf8mb3_unicode_ci DEFAULT NULL,
  `META_TITLE` varchar(255) COLLATE utf8mb3_unicode_ci DEFAULT NULL,
  `DOWNLOAD_LNK` varchar(255) COLLATE utf8mb3_unicode_ci DEFAULT NULL,
  `PRODUCT_HIGHLIGHT` varchar(255) COLLATE utf8mb3_unicode_ci DEFAULT NULL,
  `SEF_URL` varchar(255) COLLATE utf8mb3_unicode_ci DEFAULT NULL,
  `LANGUAGE_ID` int NOT NULL,
  `PRODUCT_ID` bigint NOT NULL,
  PRIMARY KEY (`DESCRIPTION_ID`),
  UNIQUE KEY `UKq4dnkx5b776ayqas2h4rr2d8q` (`PRODUCT_ID`,`LANGUAGE_ID`),
  KEY `PRODUCT_DESCRIPTION_SEF_URL` (`SEF_URL`),
  KEY `FK6esjdaa6vu2t5vjin788a8og6` (`LANGUAGE_ID`),
  CONSTRAINT `FK6esjdaa6vu2t5vjin788a8og6` FOREIGN KEY (`LANGUAGE_ID`) REFERENCES `language` (`LANGUAGE_ID`),
  CONSTRAINT `FKm46yjcu59q79qrokgglwq2ove` FOREIGN KEY (`PRODUCT_ID`) REFERENCES `product` (`PRODUCT_ID`)
) ENGINE=InnoDB DEFAULT CHARSET=utf8mb3 COLLATE=utf8mb3_unicode_ci;
/*!40101 SET character_set_client = @saved_cs_client */;

--
-- Dumping data for table `product_description`
--

LOCK TABLES `product_description` WRITE;
/*!40000 ALTER TABLE `product_description` DISABLE KEYS */;
INSERT INTO `product_description` VALUES (2,'2023-05-17 08:01:55','2023-05-17 08:04:35',NULL,'Đã chỉnh nội dung','Đây là sản phẩm mới 1','Đây là sản phẩm mới 1','string','string',NULL,NULL,'string','string',4,2),(4,'2023-05-17 09:13:36','2023-05-17 09:13:36',NULL,'Caused by: org.springframework.dao.InvalidDataAccessApiUsageException: org.hibernate.hql.internal.ast.QuerySyntaxException: PositionDescription is not mapped [select distinct pd from PositionDescription as pd where pd.code=:code]; nested exception is java.lang.IllegalArgumentException: org.hibernate.hql.internal.ast.QuerySyntaxException: PositionDescription is not mapped [select distinct pd from PositionDescription as pd where pd.code=:code]','Con mẹ nó','Đây là sản phẩm mới 1','string','string',NULL,NULL,'string','string',4,100),(6,'2023-05-20 17:16:08','2023-05-20 17:16:08',NULL,'Caused by: org.springframework.dao.InvalidDataAccessApiUsageException: org.hibernate.hql.internal.ast.QuerySyntaxException: PositionDescription is not mapped [select distinct pd from PositionDescription as pd where pd.code=:code]; nested exception is java.lang.IllegalArgumentException: org.hibernate.hql.internal.ast.QuerySyntaxException: PositionDescription is not mapped [select distinct pd from PositionDescription as pd where pd.code=:code]','Nó là sản phẩm đặc biệt','Đây là sản phẩm mới 1','string','string',NULL,NULL,'string','string',4,151),(7,'2023-06-17 16:58:27','2023-06-17 16:58:27',NULL,'Caused by: org.springframework.dao.InvalidDataAccessApiUsageException: org.hibernate.hql.internal.ast.QuerySyntaxException: PositionDescription is not mapped [select distinct pd from PositionDescription as pd where pd.code=:code]; nested exception is java.lang.IllegalArgumentException: org.hibernate.hql.internal.ast.QuerySyntaxException: PositionDescription is not mapped [select distinct pd from PositionDescription as pd where pd.code=:code]','Đây là sản phẩm mới 1','Đây là sản phẩm mới 1','string','string',NULL,NULL,'string','string',4,200),(8,'2023-06-17 17:13:08','2023-06-17 17:13:08',NULL,'Caused by: org.springframework.dao.InvalidDataAccessApiUsageException: org.hibernate.hql.internal.ast.QuerySyntaxException: PositionDescription is not mapped [select distinct pd from PositionDescription as pd where pd.code=:code]; nested exception is java.lang.IllegalArgumentException: org.hibernate.hql.internal.ast.QuerySyntaxException: PositionDescription is not mapped [select distinct pd from PositionDescription as pd where pd.code=:code]','Đây là sản phẩm mới 1','Đây là sản phẩm mới 1','string','string',NULL,NULL,'string','string',4,201),(10,'2023-06-18 20:58:52','2023-06-18 20:58:52',NULL,'Caused by: org.springframework.dao.InvalidDataAccessApiUsageException: org.hibernate.hql.internal.ast.QuerySyntaxException: PositionDescription is not mapped [select distinct pd from PositionDescription as pd where pd.code=:code]; nested exception is java.lang.IllegalArgumentException: org.hibernate.hql.internal.ast.QuerySyntaxException: PositionDescription is not mapped [select distinct pd from PositionDescription as pd where pd.code=:code]','Đây là sản phẩm mới 1','Đây là sản phẩm mới 1','string','string',NULL,NULL,'string','string',4,251),(11,'2023-06-18 20:59:23','2023-06-18 20:59:23',NULL,'Caused by: org.springframework.dao.InvalidDataAccessApiUsageException: org.hibernate.hql.internal.ast.QuerySyntaxException: PositionDescription is not mapped [select distinct pd from PositionDescription as pd where pd.code=:code]; nested exception is java.lang.IllegalArgumentException: org.hibernate.hql.internal.ast.QuerySyntaxException: PositionDescription is not mapped [select distinct pd from PositionDescription as pd where pd.code=:code]','Đây là sản phẩm mới 1','Đây là sản phẩm mới 1','string','string',NULL,NULL,'string','string',4,252),(12,'2023-06-18 20:59:44','2023-06-18 20:59:44',NULL,'Caused by: org.springframework.dao.InvalidDataAccessApiUsageException: org.hibernate.hql.internal.ast.QuerySyntaxException: PositionDescription is not mapped [select distinct pd from PositionDescription as pd where pd.code=:code]; nested exception is java.lang.IllegalArgumentException: org.hibernate.hql.internal.ast.QuerySyntaxException: PositionDescription is not mapped [select distinct pd from PositionDescription as pd where pd.code=:code]','Đây là sản phẩm mới 1','Đây là sản phẩm mới 1','string','string',NULL,NULL,'string','string',4,253);
/*!40000 ALTER TABLE `product_description` ENABLE KEYS */;
UNLOCK TABLES;

--
-- Table structure for table `product_digital`
--

DROP TABLE IF EXISTS `product_digital`;
/*!40101 SET @saved_cs_client     = @@character_set_client */;
/*!50503 SET character_set_client = utf8mb4 */;
CREATE TABLE `product_digital` (
  `PRODUCT_DIGITAL_ID` bigint NOT NULL,
  `FILE_NAME` varchar(255) COLLATE utf8mb3_unicode_ci NOT NULL,
  `PRODUCT_ID` bigint NOT NULL,
  PRIMARY KEY (`PRODUCT_DIGITAL_ID`),
  UNIQUE KEY `UKjuk1qgkh9v5w7ghvb18krwo8v` (`PRODUCT_ID`,`FILE_NAME`),
  CONSTRAINT `FK47fmb5cg68pws7k26txyl1il6` FOREIGN KEY (`PRODUCT_ID`) REFERENCES `product` (`PRODUCT_ID`)
) ENGINE=InnoDB DEFAULT CHARSET=utf8mb3 COLLATE=utf8mb3_unicode_ci;
/*!40101 SET character_set_client = @saved_cs_client */;

--
-- Dumping data for table `product_digital`
--

LOCK TABLES `product_digital` WRITE;
/*!40000 ALTER TABLE `product_digital` DISABLE KEYS */;
/*!40000 ALTER TABLE `product_digital` ENABLE KEYS */;
UNLOCK TABLES;

--
-- Table structure for table `product_image`
--

DROP TABLE IF EXISTS `product_image`;
/*!40101 SET @saved_cs_client     = @@character_set_client */;
/*!50503 SET character_set_client = utf8mb4 */;
CREATE TABLE `product_image` (
  `PRODUCT_IMAGE_ID` bigint NOT NULL,
  `DEFAULT_IMAGE` bit(1) DEFAULT NULL,
  `IMAGE_CROP` bit(1) DEFAULT NULL,
  `IMAGE_TYPE` int DEFAULT NULL,
  `PRODUCT_IMAGE` varchar(255) COLLATE utf8mb3_unicode_ci DEFAULT NULL,
  `PRODUCT_IMAGE_URL` varchar(255) COLLATE utf8mb3_unicode_ci DEFAULT NULL,
  `SORT_ORDER` int DEFAULT NULL,
  `PRODUCT_ID` bigint NOT NULL,
  PRIMARY KEY (`PRODUCT_IMAGE_ID`),
  KEY `FKgab836d8rxqg8vv55nm02r65i` (`PRODUCT_ID`),
  CONSTRAINT `FKgab836d8rxqg8vv55nm02r65i` FOREIGN KEY (`PRODUCT_ID`) REFERENCES `product` (`PRODUCT_ID`)
) ENGINE=InnoDB DEFAULT CHARSET=utf8mb3 COLLATE=utf8mb3_unicode_ci;
/*!40101 SET character_set_client = @saved_cs_client */;

--
-- Dumping data for table `product_image`
--

LOCK TABLES `product_image` WRITE;
/*!40000 ALTER TABLE `product_image` DISABLE KEYS */;
/*!40000 ALTER TABLE `product_image` ENABLE KEYS */;
UNLOCK TABLES;

--
-- Table structure for table `product_image_description`
--

DROP TABLE IF EXISTS `product_image_description`;
/*!40101 SET @saved_cs_client     = @@character_set_client */;
/*!50503 SET character_set_client = utf8mb4 */;
CREATE TABLE `product_image_description` (
  `DESCRIPTION_ID` bigint NOT NULL,
  `DATE_CREATED` datetime DEFAULT NULL,
  `DATE_MODIFIED` datetime DEFAULT NULL,
  `UPDT_ID` varchar(60) COLLATE utf8mb3_unicode_ci DEFAULT NULL,
  `DESCRIPTION` longtext COLLATE utf8mb3_unicode_ci,
  `NAME` varchar(120) COLLATE utf8mb3_unicode_ci NOT NULL,
  `TITLE` varchar(100) COLLATE utf8mb3_unicode_ci DEFAULT NULL,
  `ALT_TAG` varchar(100) COLLATE utf8mb3_unicode_ci DEFAULT NULL,
  `LANGUAGE_ID` int NOT NULL,
  `PRODUCT_IMAGE_ID` bigint NOT NULL,
  PRIMARY KEY (`DESCRIPTION_ID`),
  UNIQUE KEY `UKn7yhdj6ccydgf201gibb882cd` (`PRODUCT_IMAGE_ID`,`LANGUAGE_ID`),
  KEY `FKlhdnpki4sf98wev0pcj2bvnih` (`LANGUAGE_ID`),
  CONSTRAINT `FK1dhldo18nj9l2y6qympgucynq` FOREIGN KEY (`PRODUCT_IMAGE_ID`) REFERENCES `product_image` (`PRODUCT_IMAGE_ID`),
  CONSTRAINT `FKlhdnpki4sf98wev0pcj2bvnih` FOREIGN KEY (`LANGUAGE_ID`) REFERENCES `language` (`LANGUAGE_ID`)
) ENGINE=InnoDB DEFAULT CHARSET=utf8mb3 COLLATE=utf8mb3_unicode_ci;
/*!40101 SET character_set_client = @saved_cs_client */;

--
-- Dumping data for table `product_image_description`
--

LOCK TABLES `product_image_description` WRITE;
/*!40000 ALTER TABLE `product_image_description` DISABLE KEYS */;
/*!40000 ALTER TABLE `product_image_description` ENABLE KEYS */;
UNLOCK TABLES;

--
-- Table structure for table `product_opt_set_opt_value`
--

DROP TABLE IF EXISTS `product_opt_set_opt_value`;
/*!40101 SET @saved_cs_client     = @@character_set_client */;
/*!50503 SET character_set_client = utf8mb4 */;
CREATE TABLE `product_opt_set_opt_value` (
  `ProductOptionSet_PRODUCT_OPTION_SET_ID` bigint NOT NULL,
  `values_PRODUCT_OPTION_VALUE_ID` bigint NOT NULL,
  KEY `FK9dwatblxwc64a5la3bb7qnwd8` (`values_PRODUCT_OPTION_VALUE_ID`),
  KEY `FK3u6iyag8x8w9tkt7sqcoibjq6` (`ProductOptionSet_PRODUCT_OPTION_SET_ID`),
  CONSTRAINT `FK3u6iyag8x8w9tkt7sqcoibjq6` FOREIGN KEY (`ProductOptionSet_PRODUCT_OPTION_SET_ID`) REFERENCES `product_option_set` (`PRODUCT_OPTION_SET_ID`),
  CONSTRAINT `FK9dwatblxwc64a5la3bb7qnwd8` FOREIGN KEY (`values_PRODUCT_OPTION_VALUE_ID`) REFERENCES `product_option_value` (`PRODUCT_OPTION_VALUE_ID`)
) ENGINE=InnoDB DEFAULT CHARSET=utf8mb3 COLLATE=utf8mb3_unicode_ci;
/*!40101 SET character_set_client = @saved_cs_client */;

--
-- Dumping data for table `product_opt_set_opt_value`
--

LOCK TABLES `product_opt_set_opt_value` WRITE;
/*!40000 ALTER TABLE `product_opt_set_opt_value` DISABLE KEYS */;
/*!40000 ALTER TABLE `product_opt_set_opt_value` ENABLE KEYS */;
UNLOCK TABLES;

--
-- Table structure for table `product_opt_set_prd_type`
--

DROP TABLE IF EXISTS `product_opt_set_prd_type`;
/*!40101 SET @saved_cs_client     = @@character_set_client */;
/*!50503 SET character_set_client = utf8mb4 */;
CREATE TABLE `product_opt_set_prd_type` (
  `ProductOptionSet_PRODUCT_OPTION_SET_ID` bigint NOT NULL,
  `productTypes_PRODUCT_TYPE_ID` bigint NOT NULL,
  PRIMARY KEY (`ProductOptionSet_PRODUCT_OPTION_SET_ID`,`productTypes_PRODUCT_TYPE_ID`),
  KEY `FKiem30u1enm0p25i7t53jganf4` (`productTypes_PRODUCT_TYPE_ID`),
  CONSTRAINT `FK4655h91s0eiinonako9n4h9ha` FOREIGN KEY (`ProductOptionSet_PRODUCT_OPTION_SET_ID`) REFERENCES `product_option_set` (`PRODUCT_OPTION_SET_ID`),
  CONSTRAINT `FKiem30u1enm0p25i7t53jganf4` FOREIGN KEY (`productTypes_PRODUCT_TYPE_ID`) REFERENCES `product_type` (`PRODUCT_TYPE_ID`)
) ENGINE=InnoDB DEFAULT CHARSET=utf8mb3 COLLATE=utf8mb3_unicode_ci;
/*!40101 SET character_set_client = @saved_cs_client */;

--
-- Dumping data for table `product_opt_set_prd_type`
--

LOCK TABLES `product_opt_set_prd_type` WRITE;
/*!40000 ALTER TABLE `product_opt_set_prd_type` DISABLE KEYS */;
/*!40000 ALTER TABLE `product_opt_set_prd_type` ENABLE KEYS */;
UNLOCK TABLES;

--
-- Table structure for table `product_option`
--

DROP TABLE IF EXISTS `product_option`;
/*!40101 SET @saved_cs_client     = @@character_set_client */;
/*!50503 SET character_set_client = utf8mb4 */;
CREATE TABLE `product_option` (
  `PRODUCT_OPTION_ID` bigint NOT NULL,
  `PRODUCT_OPTION_CODE` varchar(255) COLLATE utf8mb3_unicode_ci DEFAULT NULL,
  `PRODUCT_OPTION_SORT_ORD` int DEFAULT NULL,
  `PRODUCT_OPTION_TYPE` varchar(10) COLLATE utf8mb3_unicode_ci DEFAULT NULL,
  `PRODUCT_OPTION_READ` bit(1) DEFAULT NULL,
  `MERCHANT_ID` int NOT NULL,
  PRIMARY KEY (`PRODUCT_OPTION_ID`),
  UNIQUE KEY `UKhfcw5oi9ulljlog1b7ns1r9tu` (`MERCHANT_ID`,`PRODUCT_OPTION_CODE`),
  KEY `PRD_OPTION_CODE_IDX` (`PRODUCT_OPTION_CODE`),
  CONSTRAINT `FKp8cski5t5f5m4et4fw0uilcgu` FOREIGN KEY (`MERCHANT_ID`) REFERENCES `merchant_store` (`MERCHANT_ID`)
) ENGINE=InnoDB DEFAULT CHARSET=utf8mb3 COLLATE=utf8mb3_unicode_ci;
/*!40101 SET character_set_client = @saved_cs_client */;

--
-- Dumping data for table `product_option`
--

LOCK TABLES `product_option` WRITE;
/*!40000 ALTER TABLE `product_option` DISABLE KEYS */;
/*!40000 ALTER TABLE `product_option` ENABLE KEYS */;
UNLOCK TABLES;

--
-- Table structure for table `product_option_desc`
--

DROP TABLE IF EXISTS `product_option_desc`;
/*!40101 SET @saved_cs_client     = @@character_set_client */;
/*!50503 SET character_set_client = utf8mb4 */;
CREATE TABLE `product_option_desc` (
  `DESCRIPTION_ID` bigint NOT NULL,
  `DATE_CREATED` datetime DEFAULT NULL,
  `DATE_MODIFIED` datetime DEFAULT NULL,
  `UPDT_ID` varchar(60) COLLATE utf8mb3_unicode_ci DEFAULT NULL,
  `DESCRIPTION` longtext COLLATE utf8mb3_unicode_ci,
  `NAME` varchar(120) COLLATE utf8mb3_unicode_ci NOT NULL,
  `TITLE` varchar(100) COLLATE utf8mb3_unicode_ci DEFAULT NULL,
  `PRODUCT_OPTION_COMMENT` varchar(4000) COLLATE utf8mb3_unicode_ci DEFAULT NULL,
  `LANGUAGE_ID` int NOT NULL,
  `PRODUCT_OPTION_ID` bigint NOT NULL,
  PRIMARY KEY (`DESCRIPTION_ID`),
  UNIQUE KEY `UKmkcm8isyyyqbjd1yyb8mrpkuw` (`PRODUCT_OPTION_ID`,`LANGUAGE_ID`),
  KEY `FK8fiwk5o1gbn2r2u8529yaf9xt` (`LANGUAGE_ID`),
  CONSTRAINT `FK8fiwk5o1gbn2r2u8529yaf9xt` FOREIGN KEY (`LANGUAGE_ID`) REFERENCES `language` (`LANGUAGE_ID`),
  CONSTRAINT `FKgjqmfofile4hwv867irsnvuc0` FOREIGN KEY (`PRODUCT_OPTION_ID`) REFERENCES `product_option` (`PRODUCT_OPTION_ID`)
) ENGINE=InnoDB DEFAULT CHARSET=utf8mb3 COLLATE=utf8mb3_unicode_ci;
/*!40101 SET character_set_client = @saved_cs_client */;

--
-- Dumping data for table `product_option_desc`
--

LOCK TABLES `product_option_desc` WRITE;
/*!40000 ALTER TABLE `product_option_desc` DISABLE KEYS */;
/*!40000 ALTER TABLE `product_option_desc` ENABLE KEYS */;
UNLOCK TABLES;

--
-- Table structure for table `product_option_set`
--

DROP TABLE IF EXISTS `product_option_set`;
/*!40101 SET @saved_cs_client     = @@character_set_client */;
/*!50503 SET character_set_client = utf8mb4 */;
CREATE TABLE `product_option_set` (
  `PRODUCT_OPTION_SET_ID` bigint NOT NULL,
  `PRODUCT_OPTION_SET_CODE` varchar(255) COLLATE utf8mb3_unicode_ci DEFAULT NULL,
  `PRODUCT_OPTION_SET_DISP` bit(1) DEFAULT NULL,
  `PRODUCT_OPTION_ID` bigint NOT NULL,
  `MERCHANT_ID` int NOT NULL,
  PRIMARY KEY (`PRODUCT_OPTION_SET_ID`),
  UNIQUE KEY `UKk1qq8j685uj17bylgnkra1n5f` (`MERCHANT_ID`,`PRODUCT_OPTION_SET_CODE`),
  KEY `FK4njy17416fn86muojmtbav1d0` (`PRODUCT_OPTION_ID`),
  CONSTRAINT `FK4njy17416fn86muojmtbav1d0` FOREIGN KEY (`PRODUCT_OPTION_ID`) REFERENCES `product_option` (`PRODUCT_OPTION_ID`),
  CONSTRAINT `FK8d5vylmhvmckmframdehgwqau` FOREIGN KEY (`MERCHANT_ID`) REFERENCES `merchant_store` (`MERCHANT_ID`)
) ENGINE=InnoDB DEFAULT CHARSET=utf8mb3 COLLATE=utf8mb3_unicode_ci;
/*!40101 SET character_set_client = @saved_cs_client */;

--
-- Dumping data for table `product_option_set`
--

LOCK TABLES `product_option_set` WRITE;
/*!40000 ALTER TABLE `product_option_set` DISABLE KEYS */;
/*!40000 ALTER TABLE `product_option_set` ENABLE KEYS */;
UNLOCK TABLES;

--
-- Table structure for table `product_option_value`
--

DROP TABLE IF EXISTS `product_option_value`;
/*!40101 SET @saved_cs_client     = @@character_set_client */;
/*!50503 SET character_set_client = utf8mb4 */;
CREATE TABLE `product_option_value` (
  `PRODUCT_OPTION_VALUE_ID` bigint NOT NULL,
  `PRODUCT_OPTION_VAL_CODE` varchar(255) COLLATE utf8mb3_unicode_ci DEFAULT NULL,
  `PRODUCT_OPT_FOR_DISP` bit(1) DEFAULT NULL,
  `PRODUCT_OPT_VAL_IMAGE` varchar(255) COLLATE utf8mb3_unicode_ci DEFAULT NULL,
  `PRODUCT_OPT_VAL_SORT_ORD` int DEFAULT NULL,
  `MERCHANT_ID` int NOT NULL,
  PRIMARY KEY (`PRODUCT_OPTION_VALUE_ID`),
  UNIQUE KEY `UKixbpi4hxrhljh935c3xfvnvsh` (`MERCHANT_ID`,`PRODUCT_OPTION_VAL_CODE`),
  KEY `PRD_OPTION_VAL_CODE_IDX` (`PRODUCT_OPTION_VAL_CODE`),
  CONSTRAINT `FKnd3nw0mamlk8bkxo8ad5m85pq` FOREIGN KEY (`MERCHANT_ID`) REFERENCES `merchant_store` (`MERCHANT_ID`)
) ENGINE=InnoDB DEFAULT CHARSET=utf8mb3 COLLATE=utf8mb3_unicode_ci;
/*!40101 SET character_set_client = @saved_cs_client */;

--
-- Dumping data for table `product_option_value`
--

LOCK TABLES `product_option_value` WRITE;
/*!40000 ALTER TABLE `product_option_value` DISABLE KEYS */;
/*!40000 ALTER TABLE `product_option_value` ENABLE KEYS */;
UNLOCK TABLES;

--
-- Table structure for table `product_option_value_description`
--

DROP TABLE IF EXISTS `product_option_value_description`;
/*!40101 SET @saved_cs_client     = @@character_set_client */;
/*!50503 SET character_set_client = utf8mb4 */;
CREATE TABLE `product_option_value_description` (
  `DESCRIPTION_ID` bigint NOT NULL,
  `DATE_CREATED` datetime DEFAULT NULL,
  `DATE_MODIFIED` datetime DEFAULT NULL,
  `UPDT_ID` varchar(60) COLLATE utf8mb3_unicode_ci DEFAULT NULL,
  `DESCRIPTION` longtext COLLATE utf8mb3_unicode_ci,
  `NAME` varchar(120) COLLATE utf8mb3_unicode_ci NOT NULL,
  `TITLE` varchar(100) COLLATE utf8mb3_unicode_ci DEFAULT NULL,
  `LANGUAGE_ID` int NOT NULL,
  `PRODUCT_OPTION_VALUE_ID` bigint DEFAULT NULL,
  PRIMARY KEY (`DESCRIPTION_ID`),
  UNIQUE KEY `UKasgc60ot1wy0uho96n0j8429p` (`PRODUCT_OPTION_VALUE_ID`,`LANGUAGE_ID`),
  KEY `FK19mnby7atlt85exlypxdxhacx` (`LANGUAGE_ID`),
  CONSTRAINT `FK19mnby7atlt85exlypxdxhacx` FOREIGN KEY (`LANGUAGE_ID`) REFERENCES `language` (`LANGUAGE_ID`),
  CONSTRAINT `FKqttc6b79yp2s1hyrhg4thag6s` FOREIGN KEY (`PRODUCT_OPTION_VALUE_ID`) REFERENCES `product_option_value` (`PRODUCT_OPTION_VALUE_ID`)
) ENGINE=InnoDB DEFAULT CHARSET=utf8mb3 COLLATE=utf8mb3_unicode_ci;
/*!40101 SET character_set_client = @saved_cs_client */;

--
-- Dumping data for table `product_option_value_description`
--

LOCK TABLES `product_option_value_description` WRITE;
/*!40000 ALTER TABLE `product_option_value_description` DISABLE KEYS */;
/*!40000 ALTER TABLE `product_option_value_description` ENABLE KEYS */;
UNLOCK TABLES;

--
-- Table structure for table `product_price`
--

DROP TABLE IF EXISTS `product_price`;
/*!40101 SET @saved_cs_client     = @@character_set_client */;
/*!50503 SET character_set_client = utf8mb4 */;
CREATE TABLE `product_price` (
  `PRODUCT_PRICE_ID` bigint NOT NULL,
  `PRODUCT_PRICE_CODE` varchar(255) COLLATE utf8mb3_unicode_ci NOT NULL,
  `DEFAULT_PRICE` bit(1) DEFAULT NULL,
  `PRODUCT_IDENTIFIER_ID` bigint DEFAULT NULL,
  `PRODUCT_PRICE_AMOUNT` decimal(19,2) DEFAULT NULL,
  `PRODUCT_PRICE_SPECIAL_AMOUNT` decimal(19,2) DEFAULT NULL,
  `PRODUCT_PRICE_SPECIAL_END_DATE` date DEFAULT NULL,
  `PRODUCT_PRICE_SPECIAL_ST_DATE` date DEFAULT NULL,
  `PRODUCT_PRICE_TYPE` varchar(20) COLLATE utf8mb3_unicode_ci DEFAULT NULL,
  `PRODUCT_AVAIL_ID` bigint NOT NULL,
  PRIMARY KEY (`PRODUCT_PRICE_ID`),
  KEY `FK1dic7jnnk1qikgvwcrf4dw12r` (`PRODUCT_AVAIL_ID`),
  CONSTRAINT `FK1dic7jnnk1qikgvwcrf4dw12r` FOREIGN KEY (`PRODUCT_AVAIL_ID`) REFERENCES `product_availability` (`PRODUCT_AVAIL_ID`)
) ENGINE=InnoDB DEFAULT CHARSET=utf8mb3 COLLATE=utf8mb3_unicode_ci;
/*!40101 SET character_set_client = @saved_cs_client */;

--
-- Dumping data for table `product_price`
--

LOCK TABLES `product_price` WRITE;
/*!40000 ALTER TABLE `product_price` DISABLE KEYS */;
INSERT INTO `product_price` VALUES (2,'base',_binary '',NULL,50000000.00,NULL,NULL,NULL,'ONE_TIME',2),(100,'base',_binary '',NULL,50000000.00,NULL,NULL,NULL,'ONE_TIME',100),(151,'base',_binary '',NULL,50000000.00,NULL,NULL,NULL,'ONE_TIME',151),(200,'base',_binary '',NULL,50000000.00,NULL,NULL,NULL,'ONE_TIME',200),(201,'base',_binary '',NULL,50000000.00,NULL,NULL,NULL,'ONE_TIME',201),(251,'base',_binary '',NULL,50000000.00,NULL,NULL,NULL,'ONE_TIME',251),(252,'base',_binary '',NULL,50000000.00,NULL,NULL,NULL,'ONE_TIME',252),(253,'base',_binary '',NULL,50000000.00,NULL,NULL,NULL,'ONE_TIME',253);
/*!40000 ALTER TABLE `product_price` ENABLE KEYS */;
UNLOCK TABLES;

--
-- Table structure for table `product_price_description`
--

DROP TABLE IF EXISTS `product_price_description`;
/*!40101 SET @saved_cs_client     = @@character_set_client */;
/*!50503 SET character_set_client = utf8mb4 */;
CREATE TABLE `product_price_description` (
  `DESCRIPTION_ID` bigint NOT NULL,
  `DATE_CREATED` datetime DEFAULT NULL,
  `DATE_MODIFIED` datetime DEFAULT NULL,
  `UPDT_ID` varchar(60) COLLATE utf8mb3_unicode_ci DEFAULT NULL,
  `DESCRIPTION` longtext COLLATE utf8mb3_unicode_ci,
  `NAME` varchar(120) COLLATE utf8mb3_unicode_ci NOT NULL,
  `TITLE` varchar(100) COLLATE utf8mb3_unicode_ci DEFAULT NULL,
  `PRICE_APPENDER` varchar(255) COLLATE utf8mb3_unicode_ci DEFAULT NULL,
  `LANGUAGE_ID` int NOT NULL,
  `PRODUCT_PRICE_ID` bigint NOT NULL,
  PRIMARY KEY (`DESCRIPTION_ID`),
  UNIQUE KEY `UKfrsw8d41sxxogvxxoyd8nwaxu` (`PRODUCT_PRICE_ID`,`LANGUAGE_ID`),
  KEY `FK7bmbrjr8ar5icwdpt8myj6gei` (`LANGUAGE_ID`),
  CONSTRAINT `FK7bmbrjr8ar5icwdpt8myj6gei` FOREIGN KEY (`LANGUAGE_ID`) REFERENCES `language` (`LANGUAGE_ID`),
  CONSTRAINT `FKbwxw861ipjsct606j3dagdjsf` FOREIGN KEY (`PRODUCT_PRICE_ID`) REFERENCES `product_price` (`PRODUCT_PRICE_ID`)
) ENGINE=InnoDB DEFAULT CHARSET=utf8mb3 COLLATE=utf8mb3_unicode_ci;
/*!40101 SET character_set_client = @saved_cs_client */;

--
-- Dumping data for table `product_price_description`
--

LOCK TABLES `product_price_description` WRITE;
/*!40000 ALTER TABLE `product_price_description` DISABLE KEYS */;
INSERT INTO `product_price_description` VALUES (2,'2023-05-17 08:01:55','2023-05-17 08:01:55',NULL,NULL,'DEFAULT',NULL,NULL,4,2),(4,'2023-05-17 09:13:36','2023-05-17 09:13:36',NULL,NULL,'DEFAULT',NULL,NULL,4,100),(6,'2023-05-20 17:16:08','2023-05-20 17:16:08',NULL,NULL,'DEFAULT',NULL,NULL,4,151),(7,'2023-06-17 16:58:27','2023-06-17 16:58:27',NULL,NULL,'DEFAULT',NULL,NULL,4,200),(8,'2023-06-17 17:13:08','2023-06-17 17:13:08',NULL,NULL,'DEFAULT',NULL,NULL,4,201),(10,'2023-06-18 20:58:52','2023-06-18 20:58:52',NULL,NULL,'DEFAULT',NULL,NULL,4,251),(11,'2023-06-18 20:59:23','2023-06-18 20:59:23',NULL,NULL,'DEFAULT',NULL,NULL,4,252),(12,'2023-06-18 20:59:44','2023-06-18 20:59:44',NULL,NULL,'DEFAULT',NULL,NULL,4,253);
/*!40000 ALTER TABLE `product_price_description` ENABLE KEYS */;
UNLOCK TABLES;

--
-- Table structure for table `product_relationship`
--

DROP TABLE IF EXISTS `product_relationship`;
/*!40101 SET @saved_cs_client     = @@character_set_client */;
/*!50503 SET character_set_client = utf8mb4 */;
CREATE TABLE `product_relationship` (
  `PRODUCT_RELATIONSHIP_ID` bigint NOT NULL,
  `ACTIVE` bit(1) DEFAULT NULL,
  `CODE` varchar(255) COLLATE utf8mb3_unicode_ci DEFAULT NULL,
  `PRODUCT_ID` bigint DEFAULT NULL,
  `RELATED_PRODUCT_ID` bigint DEFAULT NULL,
  PRIMARY KEY (`PRODUCT_RELATIONSHIP_ID`),
  KEY `FKso3cvinykac5wdwu1tjgfotor` (`PRODUCT_ID`),
  KEY `FKfskwtawyt85g9h6761fa69ya5` (`RELATED_PRODUCT_ID`),
  CONSTRAINT `FKfskwtawyt85g9h6761fa69ya5` FOREIGN KEY (`RELATED_PRODUCT_ID`) REFERENCES `product` (`PRODUCT_ID`),
  CONSTRAINT `FKso3cvinykac5wdwu1tjgfotor` FOREIGN KEY (`PRODUCT_ID`) REFERENCES `product` (`PRODUCT_ID`)
) ENGINE=InnoDB DEFAULT CHARSET=utf8mb3 COLLATE=utf8mb3_unicode_ci;
/*!40101 SET character_set_client = @saved_cs_client */;

--
-- Dumping data for table `product_relationship`
--

LOCK TABLES `product_relationship` WRITE;
/*!40000 ALTER TABLE `product_relationship` DISABLE KEYS */;
/*!40000 ALTER TABLE `product_relationship` ENABLE KEYS */;
UNLOCK TABLES;

--
-- Table structure for table `product_review`
--

DROP TABLE IF EXISTS `product_review`;
/*!40101 SET @saved_cs_client     = @@character_set_client */;
/*!50503 SET character_set_client = utf8mb4 */;
CREATE TABLE `product_review` (
  `PRODUCT_REVIEW_ID` bigint NOT NULL,
  `DATE_CREATED` datetime DEFAULT NULL,
  `DATE_MODIFIED` datetime DEFAULT NULL,
  `UPDT_ID` varchar(60) COLLATE utf8mb3_unicode_ci DEFAULT NULL,
  `REVIEW_DATE` datetime DEFAULT NULL,
  `REVIEWS_RATING` double DEFAULT NULL,
  `REVIEWS_READ` bigint DEFAULT NULL,
  `STATUS` int DEFAULT NULL,
  `CUSTOMERS_ID` bigint DEFAULT NULL,
  `PRODUCT_ID` bigint DEFAULT NULL,
  PRIMARY KEY (`PRODUCT_REVIEW_ID`),
  UNIQUE KEY `UK9ew5idgdbk8a77534hbnhd4yb` (`CUSTOMERS_ID`,`PRODUCT_ID`),
  KEY `FKbfi8de7kxultg1vevq6jc1hn7` (`PRODUCT_ID`),
  CONSTRAINT `FK7tm0jrt0hiugo3ep49t3subou` FOREIGN KEY (`CUSTOMERS_ID`) REFERENCES `customer` (`CUSTOMER_ID`),
  CONSTRAINT `FKbfi8de7kxultg1vevq6jc1hn7` FOREIGN KEY (`PRODUCT_ID`) REFERENCES `product` (`PRODUCT_ID`)
) ENGINE=InnoDB DEFAULT CHARSET=utf8mb3 COLLATE=utf8mb3_unicode_ci;
/*!40101 SET character_set_client = @saved_cs_client */;

--
-- Dumping data for table `product_review`
--

LOCK TABLES `product_review` WRITE;
/*!40000 ALTER TABLE `product_review` DISABLE KEYS */;
/*!40000 ALTER TABLE `product_review` ENABLE KEYS */;
UNLOCK TABLES;

--
-- Table structure for table `product_review_description`
--

DROP TABLE IF EXISTS `product_review_description`;
/*!40101 SET @saved_cs_client     = @@character_set_client */;
/*!50503 SET character_set_client = utf8mb4 */;
CREATE TABLE `product_review_description` (
  `DESCRIPTION_ID` bigint NOT NULL,
  `DATE_CREATED` datetime DEFAULT NULL,
  `DATE_MODIFIED` datetime DEFAULT NULL,
  `UPDT_ID` varchar(60) COLLATE utf8mb3_unicode_ci DEFAULT NULL,
  `DESCRIPTION` longtext COLLATE utf8mb3_unicode_ci,
  `NAME` varchar(120) COLLATE utf8mb3_unicode_ci NOT NULL,
  `TITLE` varchar(100) COLLATE utf8mb3_unicode_ci DEFAULT NULL,
  `LANGUAGE_ID` int NOT NULL,
  `PRODUCT_REVIEW_ID` bigint DEFAULT NULL,
  PRIMARY KEY (`DESCRIPTION_ID`),
  UNIQUE KEY `UKqno5wjdtcj8pm3ykkkh7t4rxj` (`PRODUCT_REVIEW_ID`,`LANGUAGE_ID`),
  KEY `FK7byc5jsf5bm4lk674ac44e50m` (`LANGUAGE_ID`),
  CONSTRAINT `FK7byc5jsf5bm4lk674ac44e50m` FOREIGN KEY (`LANGUAGE_ID`) REFERENCES `language` (`LANGUAGE_ID`),
  CONSTRAINT `FKmjivhigdcxmytndlpjuhf4o25` FOREIGN KEY (`PRODUCT_REVIEW_ID`) REFERENCES `product_review` (`PRODUCT_REVIEW_ID`)
) ENGINE=InnoDB DEFAULT CHARSET=utf8mb3 COLLATE=utf8mb3_unicode_ci;
/*!40101 SET character_set_client = @saved_cs_client */;

--
-- Dumping data for table `product_review_description`
--

LOCK TABLES `product_review_description` WRITE;
/*!40000 ALTER TABLE `product_review_description` DISABLE KEYS */;
/*!40000 ALTER TABLE `product_review_description` ENABLE KEYS */;
UNLOCK TABLES;

--
-- Table structure for table `product_type`
--

DROP TABLE IF EXISTS `product_type`;
/*!40101 SET @saved_cs_client     = @@character_set_client */;
/*!50503 SET character_set_client = utf8mb4 */;
CREATE TABLE `product_type` (
  `PRODUCT_TYPE_ID` bigint NOT NULL AUTO_INCREMENT,
  `PRD_TYPE_ADD_TO_CART` bit(1) DEFAULT NULL,
  `DATE_CREATED` datetime DEFAULT NULL,
  `DATE_MODIFIED` datetime DEFAULT NULL,
  `UPDT_ID` varchar(60) COLLATE utf8mb3_unicode_ci DEFAULT NULL,
  `PRD_TYPE_CODE` varchar(255) COLLATE utf8mb3_unicode_ci DEFAULT NULL,
  `PRD_TYPE_VISIBLE` bit(1) DEFAULT NULL,
  `MERCHANT_ID` int DEFAULT NULL,
  `NAME` varchar(255) COLLATE utf8mb3_unicode_ci DEFAULT NULL,
  PRIMARY KEY (`PRODUCT_TYPE_ID`),
  UNIQUE KEY `PRD_TYPE_CODE_UNIQUE` (`PRD_TYPE_CODE`),
  KEY `FKswkvtaq4om2di6x8cd4m22ofn` (`MERCHANT_ID`),
  CONSTRAINT `FKswkvtaq4om2di6x8cd4m22ofn` FOREIGN KEY (`MERCHANT_ID`) REFERENCES `merchant_store` (`MERCHANT_ID`)
) ENGINE=InnoDB AUTO_INCREMENT=202 DEFAULT CHARSET=utf8mb3 COLLATE=utf8mb3_unicode_ci;
/*!40101 SET character_set_client = @saved_cs_client */;

--
-- Dumping data for table `product_type`
--

LOCK TABLES `product_type` WRITE;
/*!40000 ALTER TABLE `product_type` DISABLE KEYS */;
INSERT INTO `product_type` VALUES (1,NULL,'2023-05-17 03:35:39','2023-05-17 03:35:39',NULL,'GENERAL',NULL,NULL,'dfefds'),(200,NULL,'2023-05-25 22:03:05','2023-05-25 22:03:05',NULL,'buonban',NULL,NULL,'Buôn bán');
/*!40000 ALTER TABLE `product_type` ENABLE KEYS */;
UNLOCK TABLES;

--
-- Table structure for table `product_type_description`
--

DROP TABLE IF EXISTS `product_type_description`;
/*!40101 SET @saved_cs_client     = @@character_set_client */;
/*!50503 SET character_set_client = utf8mb4 */;
CREATE TABLE `product_type_description` (
  `DESCRIPTION_ID` bigint NOT NULL,
  `DATE_CREATED` datetime DEFAULT NULL,
  `DATE_MODIFIED` datetime DEFAULT NULL,
  `UPDT_ID` varchar(60) COLLATE utf8mb3_unicode_ci DEFAULT NULL,
  `DESCRIPTION` longtext COLLATE utf8mb3_unicode_ci,
  `NAME` varchar(120) COLLATE utf8mb3_unicode_ci NOT NULL,
  `TITLE` varchar(100) COLLATE utf8mb3_unicode_ci DEFAULT NULL,
  `LANGUAGE_ID` int DEFAULT NULL,
  `PRODUCT_TYPE_ID` bigint NOT NULL,
  PRIMARY KEY (`DESCRIPTION_ID`),
  UNIQUE KEY `UKbnra4lwqjkju4yh04824sw6be` (`PRODUCT_TYPE_ID`,`LANGUAGE_ID`),
  KEY `FK81q74whco5y9fd51aa330hlc0` (`LANGUAGE_ID`),
  CONSTRAINT `FK81q74whco5y9fd51aa330hlc0` FOREIGN KEY (`LANGUAGE_ID`) REFERENCES `language` (`LANGUAGE_ID`),
  CONSTRAINT `FKpwc89ulk7c9asbp2nfy2t4x2j` FOREIGN KEY (`PRODUCT_TYPE_ID`) REFERENCES `product_type` (`PRODUCT_TYPE_ID`)
) ENGINE=InnoDB DEFAULT CHARSET=utf8mb3 COLLATE=utf8mb3_unicode_ci;
/*!40101 SET character_set_client = @saved_cs_client */;

--
-- Dumping data for table `product_type_description`
--

LOCK TABLES `product_type_description` WRITE;
/*!40000 ALTER TABLE `product_type_description` DISABLE KEYS */;
/*!40000 ALTER TABLE `product_type_description` ENABLE KEYS */;
UNLOCK TABLES;

--
-- Table structure for table `product_var_image`
--

DROP TABLE IF EXISTS `product_var_image`;
/*!40101 SET @saved_cs_client     = @@character_set_client */;
/*!50503 SET character_set_client = utf8mb4 */;
CREATE TABLE `product_var_image` (
  `PRODUCT_VAR_IMAGE_ID` bigint NOT NULL,
  `DEFAULT_IMAGE` bit(1) DEFAULT NULL,
  `PRODUCT_IMAGE` varchar(255) COLLATE utf8mb3_unicode_ci DEFAULT NULL,
  `PRODUCT_VARIANT_GROUP_ID` bigint NOT NULL,
  PRIMARY KEY (`PRODUCT_VAR_IMAGE_ID`),
  KEY `FKa691h70ypyp8liquow7qrg81h` (`PRODUCT_VARIANT_GROUP_ID`),
  CONSTRAINT `FKa691h70ypyp8liquow7qrg81h` FOREIGN KEY (`PRODUCT_VARIANT_GROUP_ID`) REFERENCES `product_variant_group` (`PRODUCT_VARIANT_GROUP_ID`)
) ENGINE=InnoDB DEFAULT CHARSET=utf8mb3 COLLATE=utf8mb3_unicode_ci;
/*!40101 SET character_set_client = @saved_cs_client */;

--
-- Dumping data for table `product_var_image`
--

LOCK TABLES `product_var_image` WRITE;
/*!40000 ALTER TABLE `product_var_image` DISABLE KEYS */;
/*!40000 ALTER TABLE `product_var_image` ENABLE KEYS */;
UNLOCK TABLES;

--
-- Table structure for table `product_var_image_description`
--

DROP TABLE IF EXISTS `product_var_image_description`;
/*!40101 SET @saved_cs_client     = @@character_set_client */;
/*!50503 SET character_set_client = utf8mb4 */;
CREATE TABLE `product_var_image_description` (
  `DESCRIPTION_ID` bigint NOT NULL,
  `DATE_CREATED` datetime DEFAULT NULL,
  `DATE_MODIFIED` datetime DEFAULT NULL,
  `UPDT_ID` varchar(60) COLLATE utf8mb3_unicode_ci DEFAULT NULL,
  `DESCRIPTION` longtext COLLATE utf8mb3_unicode_ci,
  `NAME` varchar(120) COLLATE utf8mb3_unicode_ci NOT NULL,
  `TITLE` varchar(100) COLLATE utf8mb3_unicode_ci DEFAULT NULL,
  `ALT_TAG` varchar(100) COLLATE utf8mb3_unicode_ci DEFAULT NULL,
  `LANGUAGE_ID` int NOT NULL,
  `PRODUCT_ID` bigint NOT NULL,
  `PRODUCT_VAR_IMAGE_ID` bigint NOT NULL,
  PRIMARY KEY (`DESCRIPTION_ID`),
  UNIQUE KEY `UKimi0kpikvll5gf63n36x3yrwt` (`PRODUCT_VAR_IMAGE_ID`,`LANGUAGE_ID`),
  KEY `FKinpkcxbxyg8yni5ftcvjlt1sp` (`LANGUAGE_ID`),
  KEY `FKibpkivbdn6wqe92gb40l5hffl` (`PRODUCT_ID`),
  CONSTRAINT `FKibpkivbdn6wqe92gb40l5hffl` FOREIGN KEY (`PRODUCT_ID`) REFERENCES `product` (`PRODUCT_ID`),
  CONSTRAINT `FKinpkcxbxyg8yni5ftcvjlt1sp` FOREIGN KEY (`LANGUAGE_ID`) REFERENCES `language` (`LANGUAGE_ID`),
  CONSTRAINT `FKo6dx44u06sx0mlvq15oy2wlnj` FOREIGN KEY (`PRODUCT_VAR_IMAGE_ID`) REFERENCES `product_var_image` (`PRODUCT_VAR_IMAGE_ID`)
) ENGINE=InnoDB DEFAULT CHARSET=utf8mb3 COLLATE=utf8mb3_unicode_ci;
/*!40101 SET character_set_client = @saved_cs_client */;

--
-- Dumping data for table `product_var_image_description`
--

LOCK TABLES `product_var_image_description` WRITE;
/*!40000 ALTER TABLE `product_var_image_description` DISABLE KEYS */;
/*!40000 ALTER TABLE `product_var_image_description` ENABLE KEYS */;
UNLOCK TABLES;

--
-- Table structure for table `product_variant`
--

DROP TABLE IF EXISTS `product_variant`;
/*!40101 SET @saved_cs_client     = @@character_set_client */;
/*!50503 SET character_set_client = utf8mb4 */;
CREATE TABLE `product_variant` (
  `PRODUCT_VARIANT_ID` bigint NOT NULL,
  `DATE_CREATED` datetime DEFAULT NULL,
  `DATE_MODIFIED` datetime DEFAULT NULL,
  `UPDT_ID` varchar(60) COLLATE utf8mb3_unicode_ci DEFAULT NULL,
  `AVAILABLE` bit(1) DEFAULT NULL,
  `CODE` varchar(255) COLLATE utf8mb3_unicode_ci DEFAULT NULL,
  `DATE_AVAILABLE` datetime DEFAULT NULL,
  `DEFAULT_SELECTION` bit(1) DEFAULT NULL,
  `SKU` varchar(255) COLLATE utf8mb3_unicode_ci DEFAULT NULL,
  `SORT_ORDER` int DEFAULT NULL,
  `PRODUCT_ID` bigint NOT NULL,
  `PRODUCT_VARIANT_GROUP_ID` bigint DEFAULT NULL,
  `PRODUCT_VARIATION_ID` bigint DEFAULT NULL,
  `PRODUCT_VARIATION_VALUE_ID` bigint DEFAULT NULL,
  PRIMARY KEY (`PRODUCT_VARIANT_ID`),
  UNIQUE KEY `UKlhuo20v01wa867oa7bjqagv72` (`PRODUCT_ID`,`SKU`),
  KEY `IDX9ngqm1gg8oivkujmhee4wt0ox` (`PRODUCT_ID`),
  KEY `FKs1gvb7qb19cuowmhrhuwo7lcv` (`PRODUCT_VARIANT_GROUP_ID`),
  KEY `FK8nqskhly5tfk07g0padic9am9` (`PRODUCT_VARIATION_ID`),
  KEY `FKsa5ijtdrt6dge0op121ox56a0` (`PRODUCT_VARIATION_VALUE_ID`),
  CONSTRAINT `FK88qb5xufd31481gt7epc8scau` FOREIGN KEY (`PRODUCT_ID`) REFERENCES `product` (`PRODUCT_ID`),
  CONSTRAINT `FK8nqskhly5tfk07g0padic9am9` FOREIGN KEY (`PRODUCT_VARIATION_ID`) REFERENCES `product_variation` (`PRODUCT_VARIATION_ID`),
  CONSTRAINT `FKs1gvb7qb19cuowmhrhuwo7lcv` FOREIGN KEY (`PRODUCT_VARIANT_GROUP_ID`) REFERENCES `product_variant_group` (`PRODUCT_VARIANT_GROUP_ID`),
  CONSTRAINT `FKsa5ijtdrt6dge0op121ox56a0` FOREIGN KEY (`PRODUCT_VARIATION_VALUE_ID`) REFERENCES `product_variation` (`PRODUCT_VARIATION_ID`)
) ENGINE=InnoDB DEFAULT CHARSET=utf8mb3 COLLATE=utf8mb3_unicode_ci;
/*!40101 SET character_set_client = @saved_cs_client */;

--
-- Dumping data for table `product_variant`
--

LOCK TABLES `product_variant` WRITE;
/*!40000 ALTER TABLE `product_variant` DISABLE KEYS */;
/*!40000 ALTER TABLE `product_variant` ENABLE KEYS */;
UNLOCK TABLES;

--
-- Table structure for table `product_variant_group`
--

DROP TABLE IF EXISTS `product_variant_group`;
/*!40101 SET @saved_cs_client     = @@character_set_client */;
/*!50503 SET character_set_client = utf8mb4 */;
CREATE TABLE `product_variant_group` (
  `PRODUCT_VARIANT_GROUP_ID` bigint NOT NULL,
  `MERCHANT_ID` int NOT NULL,
  PRIMARY KEY (`PRODUCT_VARIANT_GROUP_ID`),
  KEY `FKqkn1or09hw4s03b8n1kdwhcsr` (`MERCHANT_ID`),
  CONSTRAINT `FKqkn1or09hw4s03b8n1kdwhcsr` FOREIGN KEY (`MERCHANT_ID`) REFERENCES `merchant_store` (`MERCHANT_ID`)
) ENGINE=InnoDB DEFAULT CHARSET=utf8mb3 COLLATE=utf8mb3_unicode_ci;
/*!40101 SET character_set_client = @saved_cs_client */;

--
-- Dumping data for table `product_variant_group`
--

LOCK TABLES `product_variant_group` WRITE;
/*!40000 ALTER TABLE `product_variant_group` DISABLE KEYS */;
/*!40000 ALTER TABLE `product_variant_group` ENABLE KEYS */;
UNLOCK TABLES;

--
-- Table structure for table `product_variation`
--

DROP TABLE IF EXISTS `product_variation`;
/*!40101 SET @saved_cs_client     = @@character_set_client */;
/*!50503 SET character_set_client = utf8mb4 */;
CREATE TABLE `product_variation` (
  `PRODUCT_VARIATION_ID` bigint NOT NULL,
  `DATE_CREATED` datetime DEFAULT NULL,
  `DATE_MODIFIED` datetime DEFAULT NULL,
  `UPDT_ID` varchar(60) COLLATE utf8mb3_unicode_ci DEFAULT NULL,
  `CODE` varchar(100) COLLATE utf8mb3_unicode_ci NOT NULL,
  `SORT_ORDER` int DEFAULT NULL,
  `VARIANT_DEFAULT` bit(1) DEFAULT NULL,
  `MERCHANT_ID` int NOT NULL,
  `PRODUCT_OPTION_ID` bigint NOT NULL,
  `OPTION_VALUE_ID` bigint NOT NULL,
  PRIMARY KEY (`PRODUCT_VARIATION_ID`),
  UNIQUE KEY `UKi8sa74fv4io0sigmgvqxypp0d` (`MERCHANT_ID`,`PRODUCT_OPTION_ID`,`OPTION_VALUE_ID`),
  KEY `FK5jr2rc6t2p27nwdo5eqwa7658` (`PRODUCT_OPTION_ID`),
  KEY `FKy6gamyvrpds502pdcqq4voyg` (`OPTION_VALUE_ID`),
  CONSTRAINT `FK5jr2rc6t2p27nwdo5eqwa7658` FOREIGN KEY (`PRODUCT_OPTION_ID`) REFERENCES `product_option` (`PRODUCT_OPTION_ID`),
  CONSTRAINT `FKqlm3c2178neue84l5kx51ovoq` FOREIGN KEY (`MERCHANT_ID`) REFERENCES `merchant_store` (`MERCHANT_ID`),
  CONSTRAINT `FKy6gamyvrpds502pdcqq4voyg` FOREIGN KEY (`OPTION_VALUE_ID`) REFERENCES `product_option_value` (`PRODUCT_OPTION_VALUE_ID`)
) ENGINE=InnoDB DEFAULT CHARSET=utf8mb3 COLLATE=utf8mb3_unicode_ci;
/*!40101 SET character_set_client = @saved_cs_client */;

--
-- Dumping data for table `product_variation`
--

LOCK TABLES `product_variation` WRITE;
/*!40000 ALTER TABLE `product_variation` DISABLE KEYS */;
/*!40000 ALTER TABLE `product_variation` ENABLE KEYS */;
UNLOCK TABLES;

--
-- Table structure for table `profile`
--

DROP TABLE IF EXISTS `profile`;
/*!40101 SET @saved_cs_client     = @@character_set_client */;
/*!50503 SET character_set_client = utf8mb4 */;
CREATE TABLE `profile` (
  `ID` bigint NOT NULL AUTO_INCREMENT,
  `AVATAR` longblob,
  `goal` text COLLATE utf8mb3_unicode_ci,
  `introduce` text COLLATE utf8mb3_unicode_ci,
  `YEAR_OF_BIRTH` varchar(255) COLLATE utf8mb3_unicode_ci DEFAULT NULL,
  `PRODUCT_TYPE_ID` bigint DEFAULT NULL,
  `ID_FORM_WORK` bigint DEFAULT NULL,
  `CUSTOMER_ID` bigint NOT NULL,
  `ENGLISH_LEVEL_ID` bigint NOT NULL,
  `EXPERIENCE_ID` bigint DEFAULT NULL,
  `PAY_CYCLE_ID` bigint DEFAULT NULL,
  PRIMARY KEY (`ID`),
  UNIQUE KEY `UK_s7lmtmwhag7mmonvrtf0u09jr` (`CUSTOMER_ID`),
  KEY `FKtnfmgixikk2kthg3cjb3qbrr7` (`PRODUCT_TYPE_ID`),
  KEY `FK77h1pcx2raxmhol2kctl9hl7q` (`ID_FORM_WORK`),
  KEY `FKgliiak8ymnujw4kfho0okk7yy` (`ENGLISH_LEVEL_ID`),
  KEY `FKjihm3u22rdmjfworlmov6o3v0` (`EXPERIENCE_ID`),
  KEY `FK27f2w23bw1ii9yuujrf3dvs4t` (`PAY_CYCLE_ID`),
  CONSTRAINT `FK27f2w23bw1ii9yuujrf3dvs4t` FOREIGN KEY (`PAY_CYCLE_ID`) REFERENCES `pay_cycle_description` (`ID_PAY_CIRCLE`),
  CONSTRAINT `FK77h1pcx2raxmhol2kctl9hl7q` FOREIGN KEY (`ID_FORM_WORK`) REFERENCES `category` (`CATEGORY_ID`),
  CONSTRAINT `FKcwb067710din9s7q7d7l8qm3t` FOREIGN KEY (`CUSTOMER_ID`) REFERENCES `customer` (`CUSTOMER_ID`),
  CONSTRAINT `FKgliiak8ymnujw4kfho0okk7yy` FOREIGN KEY (`ENGLISH_LEVEL_ID`) REFERENCES `english_level` (`ID`),
  CONSTRAINT `FKjihm3u22rdmjfworlmov6o3v0` FOREIGN KEY (`EXPERIENCE_ID`) REFERENCES `experience_description` (`ID_EXPERIENCE`),
  CONSTRAINT `FKtnfmgixikk2kthg3cjb3qbrr7` FOREIGN KEY (`PRODUCT_TYPE_ID`) REFERENCES `product_type` (`PRODUCT_TYPE_ID`)
) ENGINE=InnoDB AUTO_INCREMENT=13 DEFAULT CHARSET=utf8mb3 COLLATE=utf8mb3_unicode_ci;
/*!40101 SET character_set_client = @saved_cs_client */;

--
-- Dumping data for table `profile`
--

LOCK TABLES `profile` WRITE;
/*!40000 ALTER TABLE `profile` DISABLE KEYS */;
INSERT INTO `profile` VALUES (12,_binary '\\\0JFIF\0\0\0\0\0\0\\06Photoshop 3.0\08BIM\0\0\0\0\0g\0d3PVv6m8K5ylZ4agS6yV\0\\0C\0				\n	\n\n  1$$1,5+(+5,N=77=NZLHLZnbbn\\0C				\n	\n\n  1$$1,5+(+5,N=77=NZLHLZnbbn\\0bL\"\0\\0\0\0\0\0\0\0\0\0\0\0\0\0\0\0\\0\0\0\0\0\0\0\0\0\0\0\0\0\0\\0\0\0\0\\'\0Cwx\yNkt\\\@פ(p\Zg睧3\Mg;\E6\-GK\w9{J\ZO\]NDٜ\39\zXKLCluy-zt\rQ\Ywx\\\՗=\|\8\POn\_a\!g\9\;\Œ\\Z\\r&F}V\0JR<K/L\\>_\tԼ\+/\*14Թk\޼*2\惫掵Zg2\пCL\\\:\\\Wq\n}\qrSW1OJ\\ZJ-A(ð\A\su\q\\\8-4F\{8˯\=8|k_#\z\lSxmBK\\gL0\.\\s\Z]\Uip,ю\'G#Z\T\^΃l58O\;]3\q\N\z9})\_\rzPfh罘N\"IZ\7_/~\ʿ\\#W\DDBl\*\&~^\@\f]ۗKm\\ǕBn\\\r7ލ&<nsZO8vTjz\^\NPRN=L\w\HP^-\m1X޾\,ט\>K<\rc\¾V_iźHv년\d*\3v\(l\\1%Fe\(\CC:nc\\[\\z:9k\{Ƶ7)\\]\rz8vֆŜǼ\#i!ώt:\i\ӵ&N$\/^Fx)\ʳ0\'I\(\\g^.\Z\\N\\FҎJ-(Be	fW$\\'^c@\\\UN\V(\P\U=,\']ˤ\H\ez\>\'`bd\\Hw\\\&$\;	:\4zՁ\L\`\q-`	II;;&S{\䵎;#\Z\rWɻ1!$\\\\A$V(J.\/vL\;Ď\NLvgĀY\3 A$\A.{Q\uJM\'5\'J[\'Lfvh#:Q\\r{z1Vcndh\;i\:gb@	ف$F\QN\\ZҖ4.п\\@\\g\P84\\fOJ\wY\/S\1j\%) wc\gH$\2AN{\\|قxzh\\0>\r]$IJ1qzfŘί0\\8ud\Iԡ h$\;\j\wk-\2\WQ?>%\tJ[L$6\^\6XkOZ\\DϮ\\Lg`q!\\\@z>l\\\Z\}2M\t\\;Qg\\ܿ\o:\[Z\,R\\L\gI3 d\;2FiI/	\\yv\M\n\	nfחۼr\Z\)\\;Q\Zv\Wi\\oYj6QC!;$Ɂ\"`vvg!Hi\M~\\\\nbawy|Su9\㭻A[b]jSeF\N\\H\\\ZI!L4(D́\&aٕ\{\\'7T	K\yq`&wG[k\\vvΝ;AV\V&4\Z\"ɰ\i$KLd:N&pBq\~z^\v\6\\\#!\ӱ\`YZX/I*YW*\QXgEs\j!M\WV\nI#05\;B\QY\\nK\\@8\Dh~\\\\Ϭ\	OƎ\"ΡH\Y\0&\\Ͽ0\Hb`2\D\Θ$\ry+[uL\X\S\\\$Uo\n,ϕE2\\nP\ةmqȈuqUEj!^v@]\\/ĸL			3+W\0Vuz*cD\\.\Iyr8$\.tJBEC4Lʭf\ܦ\\-&\MFp\'(\L\\\\;Xz\&}$&\;ܑʳ`B`!,,\6EI\	\f-[0\\$,gB\],Q\r#@$42\d9\Z\Z\&{p}o#\f\Nش\\QIr\Zyw&pzj6dl{D%\"\7K2՛\\(\$5\E<Ӧo%\\VY\)ag#b\={\\fN\sU\7ѲBY\nBѻF\-\\rWeL\8k5\tA	wSk\ݰE\һF\=Gw\f\ʣ\0\rm!GQ\Z$\'!v7K#I5\\, \Ȃh\L\Ӣ\ym7>\D\Ng>\OCL XSN\dИ\(2,L\ޞ\\Rk\\	\\n-4\y 	F\q3\;<\IW2Y9R\\GvK.rX}\nƒoVg\n6jm&,\ϕ\P\XV\m\ũRv6r0\Yz\vsi\ӡ\Ui3&\rElsT,G.2p*vkoL\JzĞ왏\Ej\j\\\21$\Ń{gs\ZiSIfs\\ltx}M\)!֯5Z\\\.XgJ.aH\#2s1kZ\W&uU*ۭ@֙\rF̐l\8\\\4oSg2\M\3q\7V6BA-Gx8jK^\=\rV\2j[e\Z\'m$ab\}8EԂV\\0^F(\\%f4-*0\Z\ʵL\\xW\\\y}%K\\{;KϿRm83cK\0cF)\k3\Z4 Q\'\K\tݓQf(\0r\<\K\\#*2\Q\\%Q Alm;O(@-r@l(\nvin騖\ƃDn6uH/@\\\\U׮GZMj62>{S\"\w0	siSV^\qQ+hp\W\\i\{\}2\3\\=JgIi]/-|kR\\\Z1q\ZkUU\NML\V\R\0\\6f4UN\I\*+Q(\\q\":	&F\\n\\\իy\V\\\ه\r9\{X\XF]^<-\"dUt\6t#cd\.|)\&Շ,\$y\\m+M2e:Z2\'q\z\"aN\g\$\r\]1&a!6F3DB\JKH4H\0D.\s2j\,Ť\eL\@.\0\1LtdLL\'I)1HI&&HI\rCI!3$\\\0.\0\0\0\0\0\0 !102\"3A#5@$4BP\\0\0NypX\,\n;K{t̑#\ӛ\s\\\\\>\\W4qly\lV	5\oSuin\'\\/\ɞl\0o)57-q@^˜ևz\*!\u밋zsm\\\%`>g\ɠ	%bGw\;˳Xi{rԚ\\'\\n\3q6)\\9\)+ܘ\\/Ou\5k8ϕ\f\<Ǳp\;Ԑ9P=ۍ\\\\F9\Zcm+0\M\W\\\\TI.Dk\NbHL\ux\efX$f\v\/#\\\\\r\YsK#\\k%\a\n&X֦F\||5\\\<lz/\`k\\Nɞ_`fb\\C\L\`i`gxlR2\<c\&\'bZ`[T\r\\>%\\?b\\\r#i-X<͓lޢ\vXg͚V凟\L\\eB\ԍ\A\ad\\,o\r4F\\<3\"\\t#\τw\L>;\n\׽]\rg<l\2d_xf\֍\\͔n3\_\H9\\MEe(h	I\\\'3[w-u$\~zhY\_BU½#ng͈\\\~\G\6\\MVBE?N[8k/8\(ݥ+qHi.\rOJ\\0~`\z\"8\L\\}\Ÿ\\#\L\c=f\LS\nRnc\Yo\\apOo\6\37B\\\R\\rB*۲C\iR4\bz)ܦt\!썱\\\^w7I\1ϔbo\\\Ml͹0ick8)$\>\@5B\7k\\X\ \NI3\~\fe\jYݔS1>!\џ[m&xp\ܦVLngU\\\ \/ȧZL48xuZ\\eLhs=\\\T8:2*\ZJhU(\\\aC\:A\R-\{Օ\![ꙙ<\094Zhh&<\Ƚ\\͟6A\Nj\n9\uemwo.;\6@\]\\\[mw\n\sc\-Wq\\L+8-ЬK+Q\fol\\s\]\Zj9\\r7;\\PQJ;e6MIOCWY^WI\x]v\m^\\n\\\Ci/p\\)C#\G\+\SP5ww~)Oz}\&Kpem\|{\MMG(ŗ\\"\yEHE;\Ѕ3Qywv<Gw\Szo[$1\(\;,\Q\\=\Lۂ4گOyqQQȦ}\\Pќ\0\>b\(\/\GH\VӨ\Q\\q74\\tvLj)\rF\"fU$\*3akU,	S\ɽ\\\9\Z#D۬\CB\\\\}ɞUcnegs\q憃\7\D7M\bGn4o=gX\\`\\v#\ZoC\(Ѵo2d]%\+WMˤWMtںmY\ZhMi\lZʗY{+Oh\Jgtp9\C\\_4H/Qܳ˷\rn.e\h\(΂DS\\1sdQ\t9\.ۗƉ\Zs֧\\BI\8\\]oFy4ksu6VC\6Ά\mX\a\\\;H{r\\7sP+Q\oKԋuƗq\:Sx\T&\\\Z\[Ɨ\'yaN^+2̙ȢuƢl53%;\\ri9>zDltI>4y\\/yR=NNW\i4\T~:J<giR-EIuI\?/6^\ \\\\\Z\Jˣ|\ŕZ\ \\\I\\h\0-X{t\:a|*lۘV\Z^\Ƃ\?\0\M\'_\nfNu\ \C㤧\\KafUq\\O\L)+-#y)\љmVxO-XgY\N\'c\n\r\\\#\jI\iӈ\\Z塼ic\P,\E~Dn4M\L7\R*\o#CO\ea\\X?\SS\\*yV\\V+}7+\nIv~;\D}\#I6e\JuG5r\f-\\0Ӄ\D(\N}\oU\}L毠[-[&SQ\gU\j嵾iËG\*?=r7V4>\(QB\\\w6J2\fj)\6[\\"Nֱ\\H\`:1~tڶF\|-(\VԽ#\9:\\.tFpͺv^𳫋H\@\V\o=,\\'\')8ѕeVVQ\Z\\7`|\j\F4;(;++++&\r\rxV*\\YYYY3YYY;jY@UO\d(5ϘR\\\ɭeYVUYY6\ntܦuj;{PTE\nx\r\t!\"ʬ\-\\\\\\0Ef\\`+d\\]t/C	L[Tڗ|fE\0\"ʬiV\ed欫un\\r\X\n\5t\ZL\"\ezZ\)$\2\d%·dZBV[4\cWUY^8Gt\Y~Ds/yY\0\#\Mˤ\\\0)\0\0\0\0\0\0\0\0 10A!Q@a2\"3Bq\\0?\ H7?ME)UϤ\\zC@\>a+e\Sʢ=-.\\eI=&b\n(`\ZC(\l\\6!%ΥBE4\uĭ!dty+\DS\!1\&jn&R-VЄP\nE(\ޕa\aҞڪR68\Dn\9s\6ĻwǦ?iV\waQiv8UUh\\Ǵ\\\\n\\IMȁ\w\0BFE\NC\\0 <\rȀ\3ƈvB	\Rh&\l\r\\\nX`\|^#\90\b\r\\o \ \B0\X\vxNx\N\\KMNf8\nO\\0(\0\0\0\0\0\0\0\01 A!0a\"2QBq\\0?Ul`g\0D\"Y;Cʮ7iO\\7\,\٫\\\\"]\\\|&딪jZ9\`\0G\\n.\h\Xȩ\4o\yD\Px*M\\:0\\$pI!p\)mLSN>}K]HLUc.AWJN(\˸c\\0\.ijy^E\<?m4\\Zy\y\迷ԇk\|ѣ\\(\\|i\\>\$r}NP#O\D\T\GO\\D}L~\\vt63h+\c༐!\SQ^\BgL\c\}\rf\qr\dI\\\5?7\#Ƚ\t\\(\n.n7#q\'U\\\ު\={t=v9nਨ+\ZpkF\Ƴ넰X5\\xȑ\\.\\\!\.\\VU\"\"X|\">\U\eUG\%\4tBVU%\ʢĕUz\ZʤE\V\\\%ENT\beE\TYu\TUc:\'\!\Y#;UY\!eV\\XE\\\Xr䈗.\\W\r\\.&\'\/\r\\LzZ\\06\0\0\0\0\0\0\0 !10q@AQ2Pa\"BRrbcs\\\\0\0?M\!CN ݌e)\qAR?\$~L>\\\\v.\\".Jz\\Cq\r1$\F:@\-ٰ2660n\L.`3\q\t\0ܘ\\|\\$bwVp]\\\\]\a>\uNi~b\(\<~6\r\,\\\x7c6u\wv\'n2?\rbB\Ю\+\)\6D&7\#:\l\<\\\\[\ZM2N\>b$_d=\g7*f\\\\?la\"^#\˨`t[9˭si.\'rh9J~4\{4\\M͛\	:fi|Cg\~\Hxf\I٧aēn\f9V+\2K\0\9]qτ\U\0\,Cڸpc\n\5Th\\>5q\m\\InДHk\\F_Ƀ\/;pZ\5$\#\\`+͗\Ӣ\3hZ63y-@i)\}E\n=Zdt_L6\\x&\_NVi\\\\\#.$U7\C[\N]\e!i ɩ72N!9	\@\r2\\hp\4m\0j\5YK\4\I-=\.Ljm	V\)\\04xxJ7\\cd$m\ӷE\J/OX3T\[\~\h-\j<@^HI53\\7|HK\4-\Qsj3:CL\Eu\S\a[ۑ5\n@-\NaOҲA\Jo\"\g\;/>L,\\O+l\Jߝ;!\g0W\\iv4=貥e\\\<\\gn\@\"\^TA\\}\r:\uX!o@\\ES\A\\-v\\\wr\YYh\\aN-\Ѥ.{\n\B.tT\C\\r=OXh4<\Ǔ>-_,En\;Bt\!Ț\guX\%X\mF`m\\1\ڳ[v蘝\"5Cxm\ھcI\@\\Q\\'z\.ƣ=\15\rYTbENޜ\H\TTcS\\Zit~*0\5*]\Nڗm\j\v\o;]Kwsޓo\\"by\:۴\\=\R<\\nEf0yX\\Eй^eb91bJ;e\\\z|\(\+z\R\\\)ѷ\\ƕ#8\+\\~%\j\VR/9Wy\\\0(\0\0\0\0\0\0!1 AQaq0\@\\\0\0?![MT<=շ\\A\+#\n?\^L\B^\|nk\\h<\	-+$f\\k`{fĈ<4T#M=\t&zh(V\>\G\):=	Rr*#g\%Q\B \\Ue\F\'\Eti}ŗfr㌨\G\(ƙ\@\G\P9x([moHq\\\%b\lGI\ֳ\_oL\\\\"g\\\\l\"O t\r3 \p߲\n\uF\Cx T\\\9~\G%)\\@\̋blkK\\\KIy-\L\QE((]P\b8k/\" *?R\\$\\X\\$G\dl\Ic͹\\\}\!ء՟d\p2\n\"\"\\\Igl)mK{&)\n\\E\y/9,HO$jx<ԍP\2#7,o\"Yy-%,0Vo\00\8\\#\+(Ԓ\/I\2\'\aiylHgi̲(|DQ\>`\\hā(\H|:>\6SmJ\63H\؛V=F\ɟbJb\\\nn[B\o`_ɱY\)Xch2QE\J?%CO!vµ8\dݘ!6@\ZK\'t@\a#\\\:\r\98X@\r8\GPV[\n*(#Ej&\zoAS\	R2JM)9!E$ˠGc1sn	q%CR\\1c\0dd\\<aҬ\&\}\<P\\\"^@BG\"|\κLl2\/5q\0z\fP\\d@EB=e),`6\ja.\0\\\}\[d킃 kŲFh\\0\BA\\0\R1\"9\\4\v\ZYF\H[h\f5`\SU\0\/C\0ah-\~?lNnD̔\aF\;H\aK!7 \*d>\FRN\Dh.NHEH\0\"\a\\r\h\\G\Z,+\\8%vΘ i\$\c\\R\\y\"$\%\r\\t!@Icn\\Já$Zƨ(LQh\B](\yE\yT-Є^lHœ_Q\'\<N c\5d\0gv\\\`鈪?X.\wb!a3DCΦ*^VP\ఫ\mؗ?̼\D\rY\\\\*\\al򎜄\\hur\$\\!|D/\JCHؖ\')Lp-aa<\)J\\SO1%\Qy>)r \GRBm\=Z\((\:\0جP\\rA!\nE?\ZQ,?ɦ@X\\\BD/\h=\اȋ\Z9SeUB%H3F*$\@ISSLb\I4T\'O;|\\\n91ᎅ6\EŰ>=žP\0\\4$A\݉C,\\s|)\\ro\'\\"\\<<3\#CABd\Z\ylhI7&;\ZM\Q#\\!rxB\k6\"A\-8K0\Dh\\Z\'JRZ65í(R8\n^R\fM\\\ak\0Rk90\Z!ǅ	:\raw\N\\X]5\\\\i\:\P:x\_iQG?\r\rC\_\m8\E67xRYd\\\yOD(d;\Z\'y}T\1\\n	\"\k	Oؕ\$\yhh4\4p-B8-\yG\0HU\z\\\:C\G\}$z\0\e\A\&i\\\"x6^\\	(e;< \'\e\\ZThK*\h4\\\()5^\0$*BP-YD\oYtH\	\RhIPDY+b\\"xQ\fT\\$$\ZbƿKF\n*\\te{\ZCoCN,\!<K>b\0\\bqxMQ|Sx HBRFJ(ň,Pv.@ĄN\ԡ\\r\nD%\"C%V+c\Z2\n#\(\\CGB\bx7\=BeFQE\\a\n\ρ\7\1\K_3X-`bxz\I,,*`!G\yr:C?f4\F\\yOU\~\x,(9@l\nи1\Nd#bJ 2B\Ę\\>Gv#TB8\\XEᡤ43\P2\\rUYz\nƟpqV\Ĺw\'/\a@n(cV(#,	1a\@\\a%a\\4L^ЧL)\\\\_\D\cDT\\'\nxp=\r0!e\q&a\#O>1	\\LDEC\Zq(,,h2\ɍF\Z\ܘ!ϒ\rC\X=\\,B\\\MG\!&LnS`i}\za\F=,HXc\@J$$h\0T\1 o\\\m\MyǱWbG\jÌ^\\y\\ZIyH$v\׍\nVx8D0\d=U\xOiFXKf\	\r(/$\\\\\3\La,jD9 \ZKf2Xc\rCf\'r5\\7D	 F\HcآFF$1\j9Qh\(bi|!\\MOAe%\"X$Pǜ=ãXx!aK/LT%\yp\1r:ctR1B\'?-`-pSBo#ƁeԈ,\}{#;Ј\!\nmLCЄ\Ic\$6\Z\n؝DN!lB͔BCv\ęb\tA@\#Ƌ\Z\1CD%2$ptL_1\{$@GC\d-\BX\B\rLb\9M&a%\=WǠV\Z7\f\C^PfX:D7w0X1Bv\02lox:g\\\`\<\XJ1 X\ \\\\#\CP@\B\SA\_cP1%,\'©D\"\n\r6&rM\8\n{bЦD\"F\"HmF-a\\@<oxv謻A(F`\a1,B5a\bu\\$!F\rA\8\@\\rv),@\ Xc^bpt\k2m\\?X^U	Eb8F!ϡ:1\\\n72!ȿ\\>XpJHE\\Gw\\$J\')\\8\:!\rH\\,¿\\0\0\0\0\0\0\\0Gm\U \\\Ly p4TFAk?Q\;}\B>\k8]x%\"up\rl\@\jIǒbeCZT^1hEa\dp\2\GMH\~\=0$l\h@1rS1D\\\+ Y\\k\ϷH$P\w\F\0U\'k\0\]A2_\\"%DM\Ƽ㮁̡\n7v\\\:{T\Se.\Ξ\\!	\T\w\ǎ_F\\1|p:\\\?AJ,3\\rHөLX<0\\}A\\SMOP\V˥,C\lnwO\\E1- LQO\\H|4^7Jw\B6\(E=\,\/us\0/2=1D&V\>}#P\\0YTem\H\$x^\\b0QUm7\i_Rp6\BU&L\\i^\\\2\m+;I\\\\\N=@\<0ucE7֌\\nB&\IVP\\ӛdn\ub`2dkUz%J\mMiWW{uNT6\\7ނ3\G\;n \0\/MW2fH@@G}\0z\rI\\X#\\"n@P21j\r \\\\0\0\0\0\0\0\0\0\0\0\0!1 0A@Q\\0?!\,DKc\6eOm\"SdI \~F`\|a\'9\\٤\X\Ĥ5K\"Ec+JPR\ \R\AAڄ2RD?%y\rKNb@\B*L\\]E\-\nF\#rXD`B]apQXacDD؄\:PV	:E\n~0CunX\L\nh`˂K1^d\e\5\bQ\ɊE\0û0o\\mXypgU&^lMD[Èj=u	\]{T\\\P\{\c<\0\-G\ø\C\0 \\N?9T\\D\\S~\rj3\\a߂\$ILS\+\=ũ\\B,|8\]M2\+g>.Or\#\\w,a\{{À߆h\\ʆX\ˋ.T\\\\\Rq\\80\\Gnc0\\\aN\S׬o+F^9\eʁJ8\b\%dn%E!R\<K-lS)6F\ETYm\Z\0\\\0 \0\0\0\0\0\0\0\0\0!1 0A@Qa\\0?̨7Q?aRae\nDEv\r\\6\a\E\ $Z\\&\~\\ʙfreHo`rd\u\n-Ba\w\Z2l\ba\]K\n4\\+vU1Twh`\x0Sl\\@\"Qn\V9\Uݜ#c)c*ԡL\T\Լ4\\06	\\\j<\0\Pkx{/R0a!tpdpYa6j^Kw\\oHCZ9~f0V\CᇗO\HujC\¦{S\Ψ\޸]@Cő\"\o\\\Z@@9X005\\en_ȋM\'nsَn*\"\'vKŨmQ\\\\pM\S`YL\"\\Z\vE%%e1k\go\;4[0M\\\Dw\@nl}v\ \@=\x \~\	PreH5\Kuy\'992l#7\C2\"\\\\\\q\7\\\\\%Q+Xl9\_!?0.9\Y9׏AMqǅ\	\S\r\m\7#\pvTEd\NCI\~9d$1d;\\nElT\<ŗT	r\\d	YLt\\\\0,uef\ˆ.)1\\0\'\0\0\0\0\0!1AQaq \\\\0\0?x\i\]e߮x&%\擦@>X\ՀC\\o5l\\\B٥7ɢ\fa\\c\0÷\\!u\Jm03\\fuk\\wG\nMNq%	C<\Ma`\\/r\<s\,Ud4;8\;>X\'\\:5p\uak<eܙm\\	\w\\c\\A\\"B}\ /r;\Q\\\Ha\[\fV\h\\Jx΀3w\\\&\\\0\\\\Y5\ux\"EbHWZ[g_k@\\!=ߛ<q\b\:\{\\!)}\\o\`?q<ݯ\f\o=\\ay\>\Yl͐\ɓ1}7l\\\\sa\|zǡhz]׹4s\I\`fKF\\\\j=?꿻\\062|QbGdbye8m\W\\g\\[Bn\\c[s(\9\\V\\"c\\idװ\9Ѡف9\\e.\\.nr>\\\EGrT?d{eSqO\=\w؄v\;:@OG.mf_ p~kd-4\n?`\E\~S,zw{n¡\BA\\y$Yx<\\˞䱕\\n5}{u¬ը\IF>++}\d\\Lx\\FOm\\J&\\c\l+\;ʥ\I%b;}<\.T\c\{\0\\_\\!	#\s\\-UR\n\\:\r\\y\'u6=۟.\\Z0d\w>#-)\\\Z\nO.\OL1,>6GJ/\\b\n\ve\ZnN\[;_j\僌\\\\\\zWLۗox.\D蹌xD\X<D|~T0\\[]\pٶ}\\\#gØ\l\ر\'i3@,7Ap\&|f|;ë%〶\\yINWP\Wl\ٷ^.W}8\&\|\N\O<Q˴{\ڽ\\.=:\\>L\K\<|\$(EN\	w\Y9(ːA%1\6{f#eՏE\#\"*:\ːm6wN]A\\n7=	\(s|x#\ۆ\g+mz\\Gv\:~	YĒ;r6\\x\1\8\\O\S?n>\_6Ns!\\c\T)}ʃ\,FD/2Ip?#A=7G	F{c\Ə&\\鸆w\a.(\'\\\ri\3\=9\̅\\\M\"\9n\\ϵ\x\\Q*&*\\\\r\0.7/\Pi\v\뫟fiůY\K*x\\-i\Aߦ9d|U\oqLpk\reǴW9\f\?r\\\\\|b\93$e̖8;1A4\\0rďo?$3\ܤ\#\b_;\$C\\[\iD{\3\.\#\'67/+\/=\\g1.B\H<幻ww/2\6\m\\ߗE\0\\mAe\%l\oQ%ܞe-|\?\(}Y\s\+R\'\'7{\!0|\˒&\c\z{\\MY\B\YgH\؍\ka]peŧ}=\+v!lr\\"\0\dC#[\\0 vs\6,0.[ԩBHĲ \(MScDɁ7!8י\lyy\4\'cP\%4I\\l&N\lK\:_lXӏ\9tޕ=J\\ \-\\x?\$ Z\\\9\\r%NQ\z8\\wM>\\\\G\\\U\\`zc\\0Y)B\r\C\"k0VLf0v-\\x\J6\N\\s\b\tn\N5?\m\\'Q9\\`\e\\\v#\Cc؜\\GŻ_IxE3`)\{fٖYL֢h?|^x`\\v]as?oؑW\	꥾#㙃\\"9l\;]\?3zz\\.\rǓ[\m2\\\Z\wo\Ǚ\=O\ANv\?sBA͛o,Im\x\pcm\7\šKz6Ѝ:iֳ[\\\p\9C\0\g{\-\\\-e-\'5O|;!m\7+m.\\\&\$Jy\)g t^-\5leI\\\\ۼә-l\2L%ᾄȃv~ٌ\Y\\ˡ\\`H$Eې1\Y\q\gw\ql\7y\k\C\)<F\\r\9\͓\|Hu\62۸\{\'\G\0\\fe;,\Ҝt)x˺q\J%\f8s\Z2x1\1\z\\}\\\\!?\gm/Dΰ\5\S\"T:a-\y$j\SD3u;-i6ދ%/F\\\52\mսdjOdRe\ۣ\9\<,\j\=\,G\\\3\-\g\\!F\\\M\'\AQXOMx=\"\0Dxь<`<w/\r9\B##ceݹl\D@+DQވ\\n[\j񽧞hc\x:w\\^>W?1\Z\t	vK|^嬈m\3$\\7+\':pH\\" \'cڷܟ,\\m>b]zc\t0\\fIƘG\2V\\ٷk:\3\ph߲i\r\r:\:v?;(a\ɴ[\\\'g=\|/C\)lG-u\˅\c7\Ȇ6^\\ֱ+b\I\F\\jݫv}P{<l\'\\\Z!ٖ\ql2\Ţl\6g\x\>c3Kp\\rc6ɞ010^|\>=\!.\0de\vn얹\\:8\x\\\;un\\xg\&6\\27q\\zK,]\\\4l}[[7\7=<\\\˗\Xn2:v\XɆ9A\C\/#g1ꚈG\\x;\rp\[0`\#Mw\\\902Nc-B\\ŜT\`b\ \\Ȟ\\,r\\asa]\\\r\q\_\j7Ӽ,K\\\\\K q񟷦ZK\`=Xk\\\Cҡfl\\r\[a\\N>1$\v\Ft&\|X\2I-Fi>\rm\|K\جH0ز\\2qp\˄R\_*)+\ܸoh&tt`3\`|r\'u$/\\\\\Ė\\1m\vڟ\'\a\+\'q^89\7cy\v\\\F\`%y1#<\7\\<Xyۜϸb>aM]ۀ\\+_M;܂v\qd\$r\ 6M\\N\\\\7\nd\s~\\\\\T\\:bn8A\;\0k`,qӀ\~-\ZM8\k}\Jco3\`\%흝~\\CHN`\\\Q\L\rYjs\^wp[sf\IEoU\\\0w0wD2\{>{ĭLOd\3\e9\L\:\[.d?Pv\{Yv|(1\6\v\\Z\|v\l\\K\OI`ݓccabfv\܏S[*\\\qeU\q\\q$S ~!?f\	{%i, kLݜ7C-ss\F\%\\ƶ= x\}\f3\Ӝ6и.\oM\n\3)4\I\S;\Fɼd\͸fF\\A&\ߗq\/^\\$\r#;cy\N\_S{ \D	\8t=\|	\0J\\\\\K\\\Ay|oC<:;\r\\N&\Fv\i~vnL\r*\\\j6i!\'\\	\<6\,\XZO?CP`m\\\~a:^\0smHNqegNw\t䳻rg]qv\0\\xKU[\\\t[?\'gIJXgl\\n\]\4p&<Z+\	ĬO\\>[2\\\L\`q}\}~\\eg\z\:ߢ\w\-w)#1>\$\\0\\\\ř	\\\\c\\\0k\\\rƞy&DK\\\{\f7\{\'y!3\i*.\vvrF\߃&\\\T\ǣژ?l^\gEf-\\=\qV\nbǢ,.l\Z|9\0\ R!7\1Ϙ6a	\\\	$b\\r[xD;e\\e\6\\"S=\W7\R׮\\\^	,y-%\\l:?L\\\bPxE g۠n\ 巴\Ğ\Z}ی\\:l\\\\r\2̍\\	\\0p:Ͻ>H\'67x/yy5%\"Ca\\pBnu\\\υ)e\\\{=Whlm}k^)Xe\\q\^=o\rʡpF$\\Zu\0\gs\bE\y3\\鍫66\\Hp\vd\r}>\$	\\BW]<\ݹIdƇ\\\)5\L\\6hws	\i \\\\-|\r1`-Cd:~\w\\b\խ\DBɍ|B<=\p=M̤>ͬ-%\sbY m\\\\\лk\4/Ą`\\\n\'\o<\f\W0ʹ\\\\\v\\\s\g\($lg@\\\[\M݄1t1۱}&B\&\xG\	H\˗пG0\jY`I\hq\nH\1\[\\(6e<\\c˶	\\\Os<1߸\\<av\O[s\Z_X}Y\\"Ή\dO䘑Ζ\'7[H\ \f0s\\ckx\\P6`}ʹ1\]ћ<nLlss\|\SB\\\Ϩ\%92}\\.{sr@DB|	\\\	bs\\0ǈ\v\0\l\\v\m\yXy2l&9\"S\\01\-\\\ \\O:#\_(E32ct\><gx\\{\\3:7G1>2\ld7vwkn!\'ٱqNl{Gp\ \\6\3\+̗-SO1\pӺ\\׍}qσ;4r̠,4]+,\"I;.m\H \X\G#\083;q1&!u쑈3\	\n\oĬ!-\Z!\\\1\>.|=c\\\\8\'8\OQ\v\K\\\nP~e$\\ŀ\\Zt\t<f|\pj\\\z`Bkkkk$\.	yd\\\\\\Uس8\zr\CKJ,&{Ÿvi,a\\rݔ|\{*?l9\[mZ\pD\\_V\-\v\͹g)\'Oܣ\` \\M\\/HلUNJD\\r\ ꎔ\ЁٗWK6}D=2X\37y#,@\hWVX[m,\[\\\q{KǩD1ꃝ\r!yG9Ĕ	\\l,x̘\gLd\>\\CG>0gaa\\\dH%\\:\c\_Ft\z%\c\6\\h\\\o?Hs3\rۖ-{\'[ٲ,0{<D!\g\\\hӉ\\>_\\\\L.Y2\o\,,\e\YI\zR8>\'<\\?w]nf\e\\h)\±7s[~I⁲sqk\n\_5\	p+\PZ;׃\#[f&oHm!q \;\'\Z7\2K72m\'m\I	f\w\\\c\nda͌\rӖtæYc($`l>\{\/\\b\z`]+=b	\\D)2Z\&sfY\ [<LǅO\N\\y\3t?:L\'=O\','Tôi sẽ đi ăn cướpf','Tôi muốn kiếm 30 triệu mỗi ngàyf',NULL,200,50,451,2,1,1);
/*!40000 ALTER TABLE `profile` ENABLE KEYS */;
UNLOCK TABLES;

--
-- Table structure for table `profile_area_work_entry`
--

DROP TABLE IF EXISTS `profile_area_work_entry`;
/*!40101 SET @saved_cs_client     = @@character_set_client */;
/*!50503 SET character_set_client = utf8mb4 */;
CREATE TABLE `profile_area_work_entry` (
  `profiles_ID` bigint NOT NULL,
  `districts_ID_DISTRICT` bigint NOT NULL,
  PRIMARY KEY (`profiles_ID`,`districts_ID_DISTRICT`),
  KEY `FK3v6ldsl08xijn96emt5tnc7yc` (`districts_ID_DISTRICT`),
  CONSTRAINT `FK3v6ldsl08xijn96emt5tnc7yc` FOREIGN KEY (`districts_ID_DISTRICT`) REFERENCES `district_description` (`ID_DISTRICT`),
  CONSTRAINT `FK7w183yqv73nf0tb7jvuj6eqjq` FOREIGN KEY (`profiles_ID`) REFERENCES `profile` (`ID`)
) ENGINE=InnoDB DEFAULT CHARSET=utf8mb3 COLLATE=utf8mb3_unicode_ci;
/*!40101 SET character_set_client = @saved_cs_client */;

--
-- Dumping data for table `profile_area_work_entry`
--

LOCK TABLES `profile_area_work_entry` WRITE;
/*!40000 ALTER TABLE `profile_area_work_entry` DISABLE KEYS */;
INSERT INTO `profile_area_work_entry` VALUES (12,1);
/*!40000 ALTER TABLE `profile_area_work_entry` ENABLE KEYS */;
UNLOCK TABLES;

--
-- Table structure for table `profile_skill_entry`
--

DROP TABLE IF EXISTS `profile_skill_entry`;
/*!40101 SET @saved_cs_client     = @@character_set_client */;
/*!50503 SET character_set_client = utf8mb4 */;
CREATE TABLE `profile_skill_entry` (
  `id` varchar(255) COLLATE utf8mb3_unicode_ci NOT NULL,
  `description` text COLLATE utf8mb3_unicode_ci,
  `RATE` double DEFAULT NULL,
  `PROFILE_ID` bigint NOT NULL,
  `SKILL_ID` bigint NOT NULL,
  KEY `FKoiaxdcih0a5s8d4l2o3nffmrd` (`PROFILE_ID`),
  KEY `FKrrecw8a6c2grk3v5b45bua56c` (`SKILL_ID`),
  CONSTRAINT `FKoiaxdcih0a5s8d4l2o3nffmrd` FOREIGN KEY (`PROFILE_ID`) REFERENCES `profile` (`ID`),
  CONSTRAINT `FKrrecw8a6c2grk3v5b45bua56c` FOREIGN KEY (`SKILL_ID`) REFERENCES `skill_description` (`ID_SKILL`)
) ENGINE=InnoDB DEFAULT CHARSET=utf8mb3 COLLATE=utf8mb3_unicode_ci;
/*!40101 SET character_set_client = @saved_cs_client */;

--
-- Dumping data for table `profile_skill_entry`
--

LOCK TABLES `profile_skill_entry` WRITE;
/*!40000 ALTER TABLE `profile_skill_entry` DISABLE KEYS */;
INSERT INTO `profile_skill_entry` VALUES ('7d1aa115-6f20-4829-8fd2-bd809514721d','Khong co cap nhat',0,12,1),('337b0a24-f409-4589-8d97-92ea2dcd0c78','Khong co cap nhat',0,12,2);
/*!40000 ALTER TABLE `profile_skill_entry` ENABLE KEYS */;
UNLOCK TABLES;

--
-- Table structure for table `province_description`
--

DROP TABLE IF EXISTS `province_description`;
/*!40101 SET @saved_cs_client     = @@character_set_client */;
/*!50503 SET character_set_client = utf8mb4 */;
CREATE TABLE `province_description` (
  `ID_PROVINCE` bigint NOT NULL AUTO_INCREMENT,
  `DATE_CREATED` datetime DEFAULT NULL,
  `DATE_MODIFIED` datetime DEFAULT NULL,
  `UPDT_ID` varchar(60) COLLATE utf8mb3_unicode_ci DEFAULT NULL,
  `NAME` varchar(255) COLLATE utf8mb3_unicode_ci DEFAULT NULL,
  PRIMARY KEY (`ID_PROVINCE`)
) ENGINE=InnoDB AUTO_INCREMENT=2 DEFAULT CHARSET=utf8mb3 COLLATE=utf8mb3_unicode_ci;
/*!40101 SET character_set_client = @saved_cs_client */;

--
-- Dumping data for table `province_description`
--

LOCK TABLES `province_description` WRITE;
/*!40000 ALTER TABLE `province_description` DISABLE KEYS */;
INSERT INTO `province_description` VALUES (1,'2023-05-15 22:06:30','2023-05-15 22:06:30',NULL,'TP. Hồ Chí Minh');
/*!40000 ALTER TABLE `province_description` ENABLE KEYS */;
UNLOCK TABLES;

--
-- Table structure for table `recruitment`
--

DROP TABLE IF EXISTS `recruitment`;
/*!40101 SET @saved_cs_client     = @@character_set_client */;
/*!50503 SET character_set_client = utf8mb4 */;
CREATE TABLE `recruitment` (
  `id` varchar(255) COLLATE utf8mb3_unicode_ci NOT NULL,
  `APPLY_DATE` datetime NOT NULL,
  `STATUS` int NOT NULL,
  `ALUMNUS_ID` bigint NOT NULL,
  `JOB_ID` bigint NOT NULL,
  PRIMARY KEY (`id`),
  KEY `FK9yi05ca40ukgkso2dvt90xqws` (`ALUMNUS_ID`),
  KEY `FK7alyoryxpc2q5y1p44e9pg8wl` (`JOB_ID`),
  CONSTRAINT `FK7alyoryxpc2q5y1p44e9pg8wl` FOREIGN KEY (`JOB_ID`) REFERENCES `product` (`PRODUCT_ID`),
  CONSTRAINT `FK9yi05ca40ukgkso2dvt90xqws` FOREIGN KEY (`ALUMNUS_ID`) REFERENCES `customer` (`CUSTOMER_ID`)
) ENGINE=InnoDB DEFAULT CHARSET=utf8mb3 COLLATE=utf8mb3_unicode_ci;
/*!40101 SET character_set_client = @saved_cs_client */;

--
-- Dumping data for table `recruitment`
--

LOCK TABLES `recruitment` WRITE;
/*!40000 ALTER TABLE `recruitment` DISABLE KEYS */;
INSERT INTO `recruitment` VALUES ('876ea070-6dad-468a-90b9-23dff1440d6b','2023-07-19 07:58:42',0,451,2);
/*!40000 ALTER TABLE `recruitment` ENABLE KEYS */;
UNLOCK TABLES;

--
-- Table structure for table `shiping_origin`
--

DROP TABLE IF EXISTS `shiping_origin`;
/*!40101 SET @saved_cs_client     = @@character_set_client */;
/*!50503 SET character_set_client = utf8mb4 */;
CREATE TABLE `shiping_origin` (
  `SHIP_ORIGIN_ID` bigint NOT NULL,
  `ACTIVE` bit(1) DEFAULT NULL,
  `STREET_ADDRESS` varchar(256) COLLATE utf8mb3_unicode_ci DEFAULT NULL,
  `CITY` varchar(100) COLLATE utf8mb3_unicode_ci DEFAULT NULL,
  `POSTCODE` varchar(20) COLLATE utf8mb3_unicode_ci DEFAULT NULL,
  `STATE` varchar(100) COLLATE utf8mb3_unicode_ci DEFAULT NULL,
  `COUNTRY_ID` int DEFAULT NULL,
  `MERCHANT_ID` int NOT NULL,
  `ZONE_ID` bigint DEFAULT NULL,
  PRIMARY KEY (`SHIP_ORIGIN_ID`),
  KEY `FKpqig59usqvs9h0dw4lm8rv7yy` (`COUNTRY_ID`),
  KEY `FKp0dbwsv3sdsp57ex7j5k9b0oq` (`MERCHANT_ID`),
  KEY `FK6k73f1n18kr7mqp708aiwq047` (`ZONE_ID`),
  CONSTRAINT `FK6k73f1n18kr7mqp708aiwq047` FOREIGN KEY (`ZONE_ID`) REFERENCES `zone` (`ZONE_ID`),
  CONSTRAINT `FKp0dbwsv3sdsp57ex7j5k9b0oq` FOREIGN KEY (`MERCHANT_ID`) REFERENCES `merchant_store` (`MERCHANT_ID`),
  CONSTRAINT `FKpqig59usqvs9h0dw4lm8rv7yy` FOREIGN KEY (`COUNTRY_ID`) REFERENCES `country` (`COUNTRY_ID`)
) ENGINE=InnoDB DEFAULT CHARSET=utf8mb3 COLLATE=utf8mb3_unicode_ci;
/*!40101 SET character_set_client = @saved_cs_client */;

--
-- Dumping data for table `shiping_origin`
--

LOCK TABLES `shiping_origin` WRITE;
/*!40000 ALTER TABLE `shiping_origin` DISABLE KEYS */;
/*!40000 ALTER TABLE `shiping_origin` ENABLE KEYS */;
UNLOCK TABLES;

--
-- Table structure for table `shipping_quote`
--

DROP TABLE IF EXISTS `shipping_quote`;
/*!40101 SET @saved_cs_client     = @@character_set_client */;
/*!50503 SET character_set_client = utf8mb4 */;
CREATE TABLE `shipping_quote` (
  `SHIPPING_QUOTE_ID` bigint NOT NULL,
  `CART_ID` bigint DEFAULT NULL,
  `CUSTOMER_ID` bigint DEFAULT NULL,
  `DELIVERY_STREET_ADDRESS` varchar(256) COLLATE utf8mb3_unicode_ci DEFAULT NULL,
  `DELIVERY_CITY` varchar(100) COLLATE utf8mb3_unicode_ci DEFAULT NULL,
  `DELIVERY_COMPANY` varchar(100) COLLATE utf8mb3_unicode_ci DEFAULT NULL,
  `DELIVERY_FIRST_NAME` varchar(64) COLLATE utf8mb3_unicode_ci DEFAULT NULL,
  `DELIVERY_LAST_NAME` varchar(64) COLLATE utf8mb3_unicode_ci DEFAULT NULL,
  `DELIVERY_POSTCODE` varchar(20) COLLATE utf8mb3_unicode_ci DEFAULT NULL,
  `DELIVERY_STATE` varchar(100) COLLATE utf8mb3_unicode_ci DEFAULT NULL,
  `DELIVERY_TELEPHONE` varchar(32) COLLATE utf8mb3_unicode_ci DEFAULT NULL,
  `SHIPPING_NUMBER_DAYS` int DEFAULT NULL,
  `FREE_SHIPPING` bit(1) DEFAULT NULL,
  `QUOTE_HANDLING` decimal(19,2) DEFAULT NULL,
  `IP_ADDRESS` varchar(255) COLLATE utf8mb3_unicode_ci DEFAULT NULL,
  `MODULE` varchar(255) COLLATE utf8mb3_unicode_ci NOT NULL,
  `OPTION_CODE` varchar(255) COLLATE utf8mb3_unicode_ci DEFAULT NULL,
  `OPTION_DELIVERY_DATE` datetime DEFAULT NULL,
  `OPTION_NAME` varchar(255) COLLATE utf8mb3_unicode_ci DEFAULT NULL,
  `OPTION_SHIPPING_DATE` datetime DEFAULT NULL,
  `ORDER_ID` bigint DEFAULT NULL,
  `QUOTE_PRICE` decimal(19,2) DEFAULT NULL,
  `QUOTE_DATE` datetime DEFAULT NULL,
  `DELIVERY_COUNTRY_ID` int DEFAULT NULL,
  `DELIVERY_ZONE_ID` bigint DEFAULT NULL,
  PRIMARY KEY (`SHIPPING_QUOTE_ID`),
  KEY `FK9vb7tbjl8ivygdiqw883fewx7` (`DELIVERY_COUNTRY_ID`),
  KEY `FKiioesp0vl6x4om1jeajj4uy1t` (`DELIVERY_ZONE_ID`),
  CONSTRAINT `FK9vb7tbjl8ivygdiqw883fewx7` FOREIGN KEY (`DELIVERY_COUNTRY_ID`) REFERENCES `country` (`COUNTRY_ID`),
  CONSTRAINT `FKiioesp0vl6x4om1jeajj4uy1t` FOREIGN KEY (`DELIVERY_ZONE_ID`) REFERENCES `zone` (`ZONE_ID`)
) ENGINE=InnoDB DEFAULT CHARSET=utf8mb3 COLLATE=utf8mb3_unicode_ci;
/*!40101 SET character_set_client = @saved_cs_client */;

--
-- Dumping data for table `shipping_quote`
--

LOCK TABLES `shipping_quote` WRITE;
/*!40000 ALTER TABLE `shipping_quote` DISABLE KEYS */;
/*!40000 ALTER TABLE `shipping_quote` ENABLE KEYS */;
UNLOCK TABLES;

--
-- Table structure for table `shopping_cart`
--

DROP TABLE IF EXISTS `shopping_cart`;
/*!40101 SET @saved_cs_client     = @@character_set_client */;
/*!50503 SET character_set_client = utf8mb4 */;
CREATE TABLE `shopping_cart` (
  `SHP_CART_ID` bigint NOT NULL,
  `DATE_CREATED` datetime DEFAULT NULL,
  `DATE_MODIFIED` datetime DEFAULT NULL,
  `UPDT_ID` varchar(60) COLLATE utf8mb3_unicode_ci DEFAULT NULL,
  `CUSTOMER_ID` bigint DEFAULT NULL,
  `IP_ADDRESS` varchar(255) COLLATE utf8mb3_unicode_ci DEFAULT NULL,
  `ORDER_ID` bigint DEFAULT NULL,
  `PROMO_ADDED` datetime DEFAULT NULL,
  `PROMO_CODE` varchar(255) COLLATE utf8mb3_unicode_ci DEFAULT NULL,
  `SHP_CART_CODE` varchar(255) COLLATE utf8mb3_unicode_ci NOT NULL,
  `MERCHANT_ID` int NOT NULL,
  PRIMARY KEY (`SHP_CART_ID`),
  UNIQUE KEY `UK_8ld8p40fwrjobi7t3n95pna35` (`SHP_CART_CODE`),
  KEY `SHP_CART_CODE_IDX` (`SHP_CART_CODE`),
  KEY `SHP_CART_CUSTOMER_IDX` (`CUSTOMER_ID`),
  KEY `FKqvghr5rmjefe3lw9mcolk30a0` (`MERCHANT_ID`),
  CONSTRAINT `FKqvghr5rmjefe3lw9mcolk30a0` FOREIGN KEY (`MERCHANT_ID`) REFERENCES `merchant_store` (`MERCHANT_ID`)
) ENGINE=InnoDB DEFAULT CHARSET=utf8mb3 COLLATE=utf8mb3_unicode_ci;
/*!40101 SET character_set_client = @saved_cs_client */;

--
-- Dumping data for table `shopping_cart`
--

LOCK TABLES `shopping_cart` WRITE;
/*!40000 ALTER TABLE `shopping_cart` DISABLE KEYS */;
/*!40000 ALTER TABLE `shopping_cart` ENABLE KEYS */;
UNLOCK TABLES;

--
-- Table structure for table `shopping_cart_attr_item`
--

DROP TABLE IF EXISTS `shopping_cart_attr_item`;
/*!40101 SET @saved_cs_client     = @@character_set_client */;
/*!50503 SET character_set_client = utf8mb4 */;
CREATE TABLE `shopping_cart_attr_item` (
  `SHP_CART_ATTR_ITEM_ID` bigint NOT NULL,
  `DATE_CREATED` datetime DEFAULT NULL,
  `DATE_MODIFIED` datetime DEFAULT NULL,
  `UPDT_ID` varchar(60) COLLATE utf8mb3_unicode_ci DEFAULT NULL,
  `PRODUCT_ATTR_ID` bigint NOT NULL,
  `SHP_CART_ITEM_ID` bigint NOT NULL,
  PRIMARY KEY (`SHP_CART_ATTR_ITEM_ID`),
  KEY `FKp42tpa623hyo9ww69v0ohb3er` (`SHP_CART_ITEM_ID`),
  CONSTRAINT `FKp42tpa623hyo9ww69v0ohb3er` FOREIGN KEY (`SHP_CART_ITEM_ID`) REFERENCES `shopping_cart_item` (`SHP_CART_ITEM_ID`)
) ENGINE=InnoDB DEFAULT CHARSET=utf8mb3 COLLATE=utf8mb3_unicode_ci;
/*!40101 SET character_set_client = @saved_cs_client */;

--
-- Dumping data for table `shopping_cart_attr_item`
--

LOCK TABLES `shopping_cart_attr_item` WRITE;
/*!40000 ALTER TABLE `shopping_cart_attr_item` DISABLE KEYS */;
/*!40000 ALTER TABLE `shopping_cart_attr_item` ENABLE KEYS */;
UNLOCK TABLES;

--
-- Table structure for table `shopping_cart_item`
--

DROP TABLE IF EXISTS `shopping_cart_item`;
/*!40101 SET @saved_cs_client     = @@character_set_client */;
/*!50503 SET character_set_client = utf8mb4 */;
CREATE TABLE `shopping_cart_item` (
  `SHP_CART_ITEM_ID` bigint NOT NULL,
  `DATE_CREATED` datetime DEFAULT NULL,
  `DATE_MODIFIED` datetime DEFAULT NULL,
  `UPDT_ID` varchar(60) COLLATE utf8mb3_unicode_ci DEFAULT NULL,
  `PRODUCT_ID` bigint NOT NULL,
  `QUANTITY` int DEFAULT NULL,
  `SKU` varchar(255) COLLATE utf8mb3_unicode_ci DEFAULT NULL,
  `PRODUCT_VARIANT` bigint DEFAULT NULL,
  `SHP_CART_ID` bigint NOT NULL,
  PRIMARY KEY (`SHP_CART_ITEM_ID`),
  KEY `FK2gbimdwe9uysd5xadnfl0xq83` (`SHP_CART_ID`),
  CONSTRAINT `FK2gbimdwe9uysd5xadnfl0xq83` FOREIGN KEY (`SHP_CART_ID`) REFERENCES `shopping_cart` (`SHP_CART_ID`)
) ENGINE=InnoDB DEFAULT CHARSET=utf8mb3 COLLATE=utf8mb3_unicode_ci;
/*!40101 SET character_set_client = @saved_cs_client */;

--
-- Dumping data for table `shopping_cart_item`
--

LOCK TABLES `shopping_cart_item` WRITE;
/*!40000 ALTER TABLE `shopping_cart_item` DISABLE KEYS */;
/*!40000 ALTER TABLE `shopping_cart_item` ENABLE KEYS */;
UNLOCK TABLES;

--
-- Table structure for table `skill_description`
--

DROP TABLE IF EXISTS `skill_description`;
/*!40101 SET @saved_cs_client     = @@character_set_client */;
/*!50503 SET character_set_client = utf8mb4 */;
CREATE TABLE `skill_description` (
  `ID_SKILL` bigint NOT NULL AUTO_INCREMENT,
  `DATE_CREATED` datetime DEFAULT NULL,
  `DATE_MODIFIED` datetime DEFAULT NULL,
  `UPDT_ID` varchar(60) COLLATE utf8mb3_unicode_ci DEFAULT NULL,
  `CODE` varchar(255) COLLATE utf8mb3_unicode_ci DEFAULT NULL,
  `NAME` varchar(255) COLLATE utf8mb3_unicode_ci DEFAULT NULL,
  `id` varchar(255) COLLATE utf8mb3_unicode_ci NOT NULL,
  `CODE_FILTER` varchar(255) COLLATE utf8mb3_unicode_ci NOT NULL,
  `DESCRIPTION` varchar(255) COLLATE utf8mb3_unicode_ci NOT NULL,
  PRIMARY KEY (`ID_SKILL`),
  UNIQUE KEY `UK_i94csmwi59928m39lgoos5odf` (`CODE`)
) ENGINE=InnoDB AUTO_INCREMENT=149 DEFAULT CHARSET=utf8mb3 COLLATE=utf8mb3_unicode_ci;
/*!40101 SET character_set_client = @saved_cs_client */;

--
-- Dumping data for table `skill_description`
--

LOCK TABLES `skill_description` WRITE;
/*!40000 ALTER TABLE `skill_description` DISABLE KEYS */;
INSERT INTO `skill_description` VALUES (1,NULL,NULL,NULL,'java','Java','','',''),(2,NULL,NULL,NULL,'dev','Developer','','',''),(3,NULL,NULL,NULL,'negotiation_skill','Đàm phán','','',''),(4,NULL,NULL,NULL,'programming_skill','Lập trình','','',''),(5,NULL,NULL,NULL,'problem_solving_skill','Giải quyết vấn đề','','',''),(6,NULL,NULL,NULL,'sales_skill','Bán hàng','','',''),(7,NULL,NULL,NULL,'leadership_skill','Lãnh đạo','','',''),(8,NULL,NULL,NULL,'project_management_skill','Quản lý dự án','','',''),(9,NULL,NULL,NULL,'accounting_software_skill','Sử dụng phần mềm kế toán','','',''),(10,NULL,NULL,NULL,'financial_management_skill','Quản lý tài chính','','',''),(11,NULL,NULL,NULL,'teamwork_skill','Làm việc nhóm','','',''),(12,NULL,NULL,NULL,'repair_skill','Sửa chữa','','',''),(13,NULL,NULL,NULL,'installation_skill','Lắp đặt','','',''),(14,NULL,NULL,NULL,'maintenance_skill','Bảo trì','','',''),(15,NULL,NULL,NULL,'marketing_skill','Tiếp thị','','',''),(16,NULL,NULL,NULL,'advertising_skill','Quảng cáo','','',''),(17,NULL,NULL,NULL,'customer_service_skill','Dịch vụ khách hàng','','',''),(18,NULL,NULL,NULL,'data_analysis_skill','Phân tích dữ liệu','','',''),(19,NULL,NULL,NULL,'problem_id_skillentification_skill','Xác định vấn đề','','',''),(20,NULL,NULL,NULL,'time_management_skill','Quản lý thời gian','','',''),(21,NULL,NULL,NULL,'creativity_skill','Sáng tạo','','',''),(22,NULL,NULL,NULL,'critical_thinking_skill','Tư duy phản biện','','',''),(23,NULL,NULL,NULL,'decision_making_skill','Ra quyết định','','',''),(24,NULL,NULL,NULL,'emotional_intelligence_skill','Trí tuệ cảm xúc','','',''),(25,NULL,NULL,NULL,'adaptability_skill','Sự thích nghi','','',''),(27,NULL,NULL,NULL,'team_management_skill','Quản lý nhóm','','',''),(28,NULL,NULL,NULL,'research_skill','Nghiên cứu','','',''),(29,NULL,NULL,NULL,'problem-solving_skill','Giải quyết vấn đề','','',''),(30,NULL,NULL,NULL,'communication_skill','Giao tiếp','','',''),(34,NULL,NULL,NULL,'design_skill','Thiết kế','','',''),(35,NULL,NULL,NULL,'firearms_skill','Hỏa giáp','','',''),(36,NULL,NULL,NULL,'crisis_response_skill','Biện pháp ứng phó','','',''),(37,NULL,NULL,NULL,'survey_skill','Khảo sát','','',''),(38,NULL,NULL,NULL,'data_skill','Dữ liệu','','',''),(39,NULL,NULL,NULL,'statistics_skill','Thống kê','','',''),(40,NULL,NULL,NULL,'positioning_skill','Định vị','','',''),(41,NULL,NULL,NULL,'interaction_skill','Tương tác','','',''),(43,NULL,NULL,NULL,'analysis_skill','Phân tích','','',''),(44,NULL,NULL,NULL,'forecasting_skill','Dự báo','','',''),(45,NULL,NULL,NULL,'data_collection_skill','Thu thập','','',''),(46,NULL,NULL,NULL,'solid_skillity_skill','Solid_skillity','','',''),(47,NULL,NULL,NULL,'ethereum_skill','Ethereum','','',''),(48,NULL,NULL,NULL,'hyperledger_fabric_skill','Hyperledger Fabric','','',''),(49,NULL,NULL,NULL,'smart_contract_skill','Smart Contract','','',''),(50,NULL,NULL,NULL,'adobe_creative_suite_skill','Adobe Creative Suite','','',''),(51,NULL,NULL,NULL,'sketch_skill','Sketch','','',''),(52,NULL,NULL,NULL,'wireframing_skill','Wireframing','','',''),(53,NULL,NULL,NULL,'prototyping_skill','Prototyping','','',''),(54,NULL,NULL,NULL,'testing_methodologies_skill','Testing methodologies','','',''),(55,NULL,NULL,NULL,'test_automation_skill','Test automation','','',''),(56,NULL,NULL,NULL,'bug_tracking_skill','Bug tracking','','',''),(57,NULL,NULL,NULL,'selenium_skill','Selenium','','',''),(58,NULL,NULL,NULL,'java_skill','Java','','',''),(59,NULL,NULL,NULL,'swift_skill','Swift','','',''),(60,NULL,NULL,NULL,'react_native_skill','React Native','','',''),(61,NULL,NULL,NULL,'kotlin_skill','Kotlin','','',''),(63,NULL,NULL,NULL,'agile_skill','Agile','','',''),(64,NULL,NULL,NULL,'scrum_skill','Scrum','','',''),(65,NULL,NULL,NULL,'kanban_skill','Kanban','','',''),(66,NULL,NULL,NULL,'docker_skill','Docker','','',''),(67,NULL,NULL,NULL,'kubernetes_skill','Kubernetes','','',''),(68,NULL,NULL,NULL,'aws_skill','Amazon Web Services (AWS)','','',''),(69,NULL,NULL,NULL,'azure_skill','Microsoft Azure','','',''),(70,NULL,NULL,NULL,'google_cloud_skill','Google Cloud','','',''),(71,NULL,NULL,NULL,'devops_skill','DevOps','','',''),(72,NULL,NULL,NULL,'continuous_integration_skill','Continuous Integration','','',''),(73,NULL,NULL,NULL,'continuous_deployment_skill','Continuous Deployment','','',''),(74,NULL,NULL,NULL,'git_skill','Git','','',''),(75,NULL,NULL,NULL,'github_skill','GitHub','','',''),(76,NULL,NULL,NULL,'bitbucket_skill','Bitbucket','','',''),(77,NULL,NULL,NULL,'jira_skill','Jira','','',''),(78,NULL,NULL,NULL,'confluence_skill','Confluence','','',''),(79,NULL,NULL,NULL,'ansible_skill','Ansible','','',''),(80,NULL,NULL,NULL,'terraform_skill','Terraform','','',''),(81,NULL,NULL,NULL,'python_skill','Python','','',''),(83,NULL,NULL,NULL,'javascript_skill','JavaScript','','',''),(84,NULL,NULL,NULL,'csharp_skill','C#','','',''),(85,NULL,NULL,NULL,'php_skill','PHP','','',''),(86,NULL,NULL,NULL,'ruby_skill','Ruby','','',''),(87,NULL,NULL,NULL,'go_skill','Go','','',''),(89,NULL,NULL,NULL,'typescript_skill','TypeScript','','',''),(90,NULL,NULL,NULL,'html_skill','HTML','','',''),(91,NULL,NULL,NULL,'css_skill','CSS','','',''),(92,NULL,NULL,NULL,'ky_nang_hon_nhan','Hôn nhân','','',''),(93,NULL,NULL,NULL,'ky_nang_gia_dinh','Gia đình','','',''),(94,NULL,NULL,NULL,'ky_nang_chi_phi','Chi phí','','',''),(95,NULL,NULL,NULL,'ky_nang_ky_thuat','Kỹ thuật','','',''),(111,NULL,NULL,NULL,'ky_nang_thong_tin','Thông tin','','',''),(112,NULL,NULL,NULL,'ky_nang_du_toan','Dự toán','','',''),(113,NULL,NULL,NULL,'ky_nang_tu_van_suc_khoe','Tư vấn sức khỏe','','',''),(114,NULL,NULL,NULL,'ky_nang_suc_khoe','Sức khỏe','','',''),(115,NULL,NULL,NULL,'ky_nang_dinh_duong','Dinh dưỡng','','',''),(116,NULL,NULL,NULL,'ky_nang_lao_dong','Lao động','','',''),(117,NULL,NULL,NULL,'ky_nang_an_toan','An toàn','','',''),(118,NULL,NULL,NULL,'ky_nang_cham_soc_da','Chăm sóc da','','',''),(119,NULL,NULL,NULL,'ky_nang_trang_diem','Trang điểm','','',''),(120,NULL,NULL,NULL,'ky_nang_phuc_hoi_da','Phục hồi da','','',''),(121,NULL,NULL,NULL,'ky_nang_trang_bi','Trang bị','','',''),(122,NULL,NULL,NULL,'ky_nang_bep','Bếp','','',''),(123,NULL,NULL,NULL,'ky_nang_pha_che','Pha chế','','',''),(124,NULL,NULL,NULL,'ky_nang_pha_che_ruou','Pha chế rượu','','',''),(125,NULL,NULL,NULL,'ky_nang_pha_che_cafe','Pha chế cà phê','','',''),(126,NULL,NULL,NULL,'ky_nang_pha_che_nuoc_uong','Pha chế nước uống','','',''),(127,NULL,NULL,NULL,'ky_nang_tu_van_du_hoc','Tư vấn du học','','',''),(128,NULL,NULL,NULL,'ky_nang_lam_moi_ho_so','Làm mới hồ sơ','','',''),(129,NULL,NULL,NULL,'ky_nang_lam_viec_tu_xa','Làm việc từ xa','','',''),(130,NULL,NULL,NULL,'ky_nang_soan_thao','Soạn thảo','','',''),(131,NULL,NULL,NULL,'ky_nang_nghien_cuu','Nghiên cứu','','',''),(132,NULL,NULL,NULL,'ky_nang_phat_trien_du_an','Phát triển dự án','','',''),(133,NULL,NULL,NULL,'ky_nang_tu_van_tu_thien','Tư vấn từ thiện','','',''),(134,NULL,NULL,NULL,'ky_nang_thuc_pham','Thực phẩm','','',''),(135,NULL,NULL,NULL,'ky_nang_nong_nghiep','Nông nghiệp','','',''),(136,NULL,NULL,NULL,'ky_nang_thiet_ke','Thiết kế','','',''),(137,NULL,NULL,NULL,'ky_nang_dien','Điện','','',''),(138,NULL,NULL,NULL,'ky_nang_dien_tu','Điện tử','','',''),(139,NULL,NULL,NULL,'ky_nang_nuoi_trong','Nuôi trồng','','',''),(140,NULL,NULL,NULL,'ky_nang_quan_tri_ban_hang','Quản trị bán hàng','','',''),(141,NULL,NULL,NULL,'ky_nang_mua_ban','Mua bán','','',''),(142,NULL,NULL,NULL,'ky_nang_giao_tiep','Giao tiếp','','',''),(143,NULL,NULL,NULL,'ky_nang_giao_duc','Giáo dục','','',''),(144,NULL,NULL,NULL,'ky_nang_hoc','Học','','',''),(145,NULL,NULL,NULL,'ky_nang_cong_nghe','Công nghệ','','',''),(147,NULL,NULL,NULL,'presentation_skill','Thuyết trình','','','');
/*!40000 ALTER TABLE `skill_description` ENABLE KEYS */;
UNLOCK TABLES;

--
-- Table structure for table `skill_product_entry`
--

DROP TABLE IF EXISTS `skill_product_entry`;
/*!40101 SET @saved_cs_client     = @@character_set_client */;
/*!50503 SET character_set_client = utf8mb4 */;
CREATE TABLE `skill_product_entry` (
  `PRODUCT_ID` bigint NOT NULL,
  `ID_SKILL` bigint NOT NULL,
  PRIMARY KEY (`PRODUCT_ID`,`ID_SKILL`),
  KEY `FK8uktye5cf566dtqqe8h94lec8` (`ID_SKILL`),
  CONSTRAINT `FK1p3ij2xpyrlqvvhqgrxt01ncv` FOREIGN KEY (`PRODUCT_ID`) REFERENCES `product` (`PRODUCT_ID`),
  CONSTRAINT `FK8uktye5cf566dtqqe8h94lec8` FOREIGN KEY (`ID_SKILL`) REFERENCES `skill_description` (`ID_SKILL`)
) ENGINE=InnoDB DEFAULT CHARSET=utf8mb3 COLLATE=utf8mb3_unicode_ci;
/*!40101 SET character_set_client = @saved_cs_client */;

--
-- Dumping data for table `skill_product_entry`
--

LOCK TABLES `skill_product_entry` WRITE;
/*!40000 ALTER TABLE `skill_product_entry` DISABLE KEYS */;
INSERT INTO `skill_product_entry` VALUES (2,1),(100,1),(151,1),(200,1),(201,1),(251,1),(252,1),(253,1),(100,2),(151,2),(200,2),(201,2),(251,2),(252,2),(253,2);
/*!40000 ALTER TABLE `skill_product_entry` ENABLE KEYS */;
UNLOCK TABLES;

--
-- Table structure for table `sm_group`
--

DROP TABLE IF EXISTS `sm_group`;
/*!40101 SET @saved_cs_client     = @@character_set_client */;
/*!50503 SET character_set_client = utf8mb4 */;
CREATE TABLE `sm_group` (
  `GROUP_ID` int NOT NULL,
  `DATE_CREATED` datetime DEFAULT NULL,
  `DATE_MODIFIED` datetime DEFAULT NULL,
  `UPDT_ID` varchar(60) COLLATE utf8mb3_unicode_ci DEFAULT NULL,
  `GROUP_NAME` varchar(255) COLLATE utf8mb3_unicode_ci DEFAULT NULL,
  `GROUP_TYPE` varchar(255) COLLATE utf8mb3_unicode_ci DEFAULT NULL,
  PRIMARY KEY (`GROUP_ID`),
  UNIQUE KEY `UK_t83rjsoml3o785oj37lpqpyko` (`GROUP_NAME`),
  KEY `SM_GROUP_GROUP_TYPE` (`GROUP_TYPE`)
) ENGINE=InnoDB DEFAULT CHARSET=utf8mb3 COLLATE=utf8mb3_unicode_ci;
/*!40101 SET character_set_client = @saved_cs_client */;

--
-- Dumping data for table `sm_group`
--

LOCK TABLES `sm_group` WRITE;
/*!40000 ALTER TABLE `sm_group` DISABLE KEYS */;
INSERT INTO `sm_group` VALUES (1,'2023-05-17 03:35:17','2023-05-17 03:35:17',NULL,'SUPERADMIN','ADMIN'),(2,'2023-05-17 03:35:17','2023-05-17 03:35:17',NULL,'ADMIN','ADMIN'),(3,'2023-05-17 03:35:17','2023-05-17 03:35:17',NULL,'ADMIN_RETAILER','ADMIN'),(4,'2023-05-17 03:35:17','2023-05-17 03:35:17',NULL,'ADMIN_STORE','ADMIN'),(5,'2023-05-17 03:35:17','2023-05-17 03:35:17',NULL,'ADMIN_CATALOGUE','ADMIN'),(6,'2023-05-17 03:35:17','2023-05-17 03:35:17',NULL,'ADMIN_ORDER','ADMIN'),(7,'2023-05-17 03:35:17','2023-05-17 03:35:17',NULL,'ADMIN_CONTENT','ADMIN'),(8,'2023-05-17 03:35:17','2023-05-17 03:35:17',NULL,'CUSTOMER','CUSTOMER');
/*!40000 ALTER TABLE `sm_group` ENABLE KEYS */;
UNLOCK TABLES;

--
-- Table structure for table `sm_sequencer`
--

DROP TABLE IF EXISTS `sm_sequencer`;
/*!40101 SET @saved_cs_client     = @@character_set_client */;
/*!50503 SET character_set_client = utf8mb4 */;
CREATE TABLE `sm_sequencer` (
  `SEQ_NAME` varchar(255) COLLATE utf8mb3_unicode_ci NOT NULL,
  `SEQ_COUNT` bigint DEFAULT NULL,
  PRIMARY KEY (`SEQ_NAME`)
) ENGINE=InnoDB DEFAULT CHARSET=utf8mb3 COLLATE=utf8mb3_unicode_ci;
/*!40101 SET character_set_client = @saved_cs_client */;

--
-- Dumping data for table `sm_sequencer`
--

LOCK TABLES `sm_sequencer` WRITE;
/*!40000 ALTER TABLE `sm_sequencer` DISABLE KEYS */;
INSERT INTO `sm_sequencer` VALUES ('CATEGORY_SEQ_NEXT_VAL',2),('country_description_seq',712),('COUNTRY_SEQ_NEXT_VAL',5),('CURRENCY_SEQ_NEXT_VAL',4),('CUSTOMER_SEQ_NEXT_VAL',11),('GROUP_SEQ_NEXT_VAL',1),('LANG_SEQ_NEXT_VAL',1),('MANUFACT_SEQ_NEXT_VAL',1),('manufacturer_description_seq',2),('MERCH_CONF_SEQ_NEXT_VAL',1),('MOD_CONF_SEQ_NEXT_VAL',1),('OPTIN_SEQ_NEXT_VAL',1),('PERMISSION_SEQ_NEXT_VAL',1),('PRD_TYPE_SEQ_NEXT_VAL',5),('PRODUCT_AVAIL_SEQ_NEXT_VAL',6),('product_description_seq',13),('product_price_description_seq',13),('PRODUCT_PRICE_SEQ_NEXT_VAL',6),('PRODUCT_SEQ_NEXT_VAL',6),('product_type_description_seq',3),('STORE_SEQ_NEXT_VAL',1),('TX_CLASS_SEQ_NEXT_VAL',1),('USER_SEQ_NEXT_VAL',1),('zone_description_seq',652),('ZONE_SEQ_NEXT_VAL',5);
/*!40000 ALTER TABLE `sm_sequencer` ENABLE KEYS */;
UNLOCK TABLES;

--
-- Table structure for table `sm_transaction`
--

DROP TABLE IF EXISTS `sm_transaction`;
/*!40101 SET @saved_cs_client     = @@character_set_client */;
/*!50503 SET character_set_client = utf8mb4 */;
CREATE TABLE `sm_transaction` (
  `TRANSACTION_ID` bigint NOT NULL,
  `AMOUNT` decimal(19,2) DEFAULT NULL,
  `DATE_CREATED` datetime DEFAULT NULL,
  `DATE_MODIFIED` datetime DEFAULT NULL,
  `UPDT_ID` varchar(60) COLLATE utf8mb3_unicode_ci DEFAULT NULL,
  `DETAILS` longtext COLLATE utf8mb3_unicode_ci,
  `PAYMENT_TYPE` varchar(255) COLLATE utf8mb3_unicode_ci DEFAULT NULL,
  `TRANSACTION_DATE` datetime DEFAULT NULL,
  `TRANSACTION_TYPE` varchar(255) COLLATE utf8mb3_unicode_ci DEFAULT NULL,
  `ORDER_ID` bigint DEFAULT NULL,
  PRIMARY KEY (`TRANSACTION_ID`),
  KEY `FK7j0s1gqh2tue1fyh5nyj5kwkp` (`ORDER_ID`),
  CONSTRAINT `FK7j0s1gqh2tue1fyh5nyj5kwkp` FOREIGN KEY (`ORDER_ID`) REFERENCES `orders` (`ORDER_ID`)
) ENGINE=InnoDB DEFAULT CHARSET=utf8mb3 COLLATE=utf8mb3_unicode_ci;
/*!40101 SET character_set_client = @saved_cs_client */;

--
-- Dumping data for table `sm_transaction`
--

LOCK TABLES `sm_transaction` WRITE;
/*!40000 ALTER TABLE `sm_transaction` DISABLE KEYS */;
/*!40000 ALTER TABLE `sm_transaction` ENABLE KEYS */;
UNLOCK TABLES;

--
-- Table structure for table `social_contact`
--

DROP TABLE IF EXISTS `social_contact`;
/*!40101 SET @saved_cs_client     = @@character_set_client */;
/*!50503 SET character_set_client = utf8mb4 */;
CREATE TABLE `social_contact` (
  `id` varchar(255) COLLATE utf8mb3_unicode_ci NOT NULL,
  `LINK` varchar(255) COLLATE utf8mb3_unicode_ci NOT NULL,
  `NAME_SOCIAL` varchar(255) COLLATE utf8mb3_unicode_ci NOT NULL,
  `CV_ID` varchar(255) COLLATE utf8mb3_unicode_ci DEFAULT NULL,
  PRIMARY KEY (`id`),
  KEY `FKd2gregk4wegv3xbh70kcs6isk` (`CV_ID`),
  CONSTRAINT `FKd2gregk4wegv3xbh70kcs6isk` FOREIGN KEY (`CV_ID`) REFERENCES `cv` (`id`)
) ENGINE=InnoDB DEFAULT CHARSET=utf8mb3 COLLATE=utf8mb3_unicode_ci;
/*!40101 SET character_set_client = @saved_cs_client */;

--
-- Dumping data for table `social_contact`
--

LOCK TABLES `social_contact` WRITE;
/*!40000 ALTER TABLE `social_contact` DISABLE KEYS */;
INSERT INTO `social_contact` VALUES ('60628d52-eab1-410d-a803-a083997b62e9','www.fb.cojjjm','Facebook','92772af3-4e29-4fd2-a6e5-dd4a1c4cc14e');
/*!40000 ALTER TABLE `social_contact` ENABLE KEYS */;
UNLOCK TABLES;

--
-- Table structure for table `system_configuration`
--

DROP TABLE IF EXISTS `system_configuration`;
/*!40101 SET @saved_cs_client     = @@character_set_client */;
/*!50503 SET character_set_client = utf8mb4 */;
CREATE TABLE `system_configuration` (
  `SYSTEM_CONFIG_ID` bigint NOT NULL,
  `DATE_CREATED` datetime DEFAULT NULL,
  `DATE_MODIFIED` datetime DEFAULT NULL,
  `UPDT_ID` varchar(60) COLLATE utf8mb3_unicode_ci DEFAULT NULL,
  `CONFIG_KEY` varchar(255) COLLATE utf8mb3_unicode_ci DEFAULT NULL,
  `VALUE` varchar(255) COLLATE utf8mb3_unicode_ci DEFAULT NULL,
  PRIMARY KEY (`SYSTEM_CONFIG_ID`)
) ENGINE=InnoDB DEFAULT CHARSET=utf8mb3 COLLATE=utf8mb3_unicode_ci;
/*!40101 SET character_set_client = @saved_cs_client */;

--
-- Dumping data for table `system_configuration`
--

LOCK TABLES `system_configuration` WRITE;
/*!40000 ALTER TABLE `system_configuration` DISABLE KEYS */;
/*!40000 ALTER TABLE `system_configuration` ENABLE KEYS */;
UNLOCK TABLES;

--
-- Table structure for table `system_notification`
--

DROP TABLE IF EXISTS `system_notification`;
/*!40101 SET @saved_cs_client     = @@character_set_client */;
/*!50503 SET character_set_client = utf8mb4 */;
CREATE TABLE `system_notification` (
  `SYSTEM_NOTIF_ID` bigint NOT NULL,
  `DATE_CREATED` datetime DEFAULT NULL,
  `DATE_MODIFIED` datetime DEFAULT NULL,
  `UPDT_ID` varchar(60) COLLATE utf8mb3_unicode_ci DEFAULT NULL,
  `END_DATE` date DEFAULT NULL,
  `CONFIG_KEY` varchar(255) COLLATE utf8mb3_unicode_ci DEFAULT NULL,
  `START_DATE` date DEFAULT NULL,
  `VALUE` varchar(255) COLLATE utf8mb3_unicode_ci DEFAULT NULL,
  `MERCHANT_ID` int DEFAULT NULL,
  `USER_ID` bigint DEFAULT NULL,
  PRIMARY KEY (`SYSTEM_NOTIF_ID`),
  UNIQUE KEY `UKnpdnlc390vgr2mhepib1mtrmr` (`MERCHANT_ID`,`CONFIG_KEY`),
  KEY `FK3dykr9pm9ln1uektuw18blb6m` (`USER_ID`),
  CONSTRAINT `FK3dykr9pm9ln1uektuw18blb6m` FOREIGN KEY (`USER_ID`) REFERENCES `users` (`USER_ID`),
  CONSTRAINT `FKs6qk7l06e0s6m9n04momedgt7` FOREIGN KEY (`MERCHANT_ID`) REFERENCES `merchant_store` (`MERCHANT_ID`)
) ENGINE=InnoDB DEFAULT CHARSET=utf8mb3 COLLATE=utf8mb3_unicode_ci;
/*!40101 SET character_set_client = @saved_cs_client */;

--
-- Dumping data for table `system_notification`
--

LOCK TABLES `system_notification` WRITE;
/*!40000 ALTER TABLE `system_notification` DISABLE KEYS */;
/*!40000 ALTER TABLE `system_notification` ENABLE KEYS */;
UNLOCK TABLES;

--
-- Table structure for table `tax_class`
--

DROP TABLE IF EXISTS `tax_class`;
/*!40101 SET @saved_cs_client     = @@character_set_client */;
/*!50503 SET character_set_client = utf8mb4 */;
CREATE TABLE `tax_class` (
  `TAX_CLASS_ID` bigint NOT NULL,
  `TAX_CLASS_CODE` varchar(10) COLLATE utf8mb3_unicode_ci NOT NULL,
  `TAX_CLASS_TITLE` varchar(32) COLLATE utf8mb3_unicode_ci NOT NULL,
  `MERCHANT_ID` int DEFAULT NULL,
  PRIMARY KEY (`TAX_CLASS_ID`),
  UNIQUE KEY `UKa4q5q57a8oeh2ojeo8dhr935k` (`MERCHANT_ID`,`TAX_CLASS_CODE`),
  KEY `TAX_CLASS_CODE_IDX` (`TAX_CLASS_CODE`),
  CONSTRAINT `FK82i8puujghcv7fc82qwsgjg8w` FOREIGN KEY (`MERCHANT_ID`) REFERENCES `merchant_store` (`MERCHANT_ID`)
) ENGINE=InnoDB DEFAULT CHARSET=utf8mb3 COLLATE=utf8mb3_unicode_ci;
/*!40101 SET character_set_client = @saved_cs_client */;

--
-- Dumping data for table `tax_class`
--

LOCK TABLES `tax_class` WRITE;
/*!40000 ALTER TABLE `tax_class` DISABLE KEYS */;
INSERT INTO `tax_class` VALUES (1,'DEFAULT','DEFAULT',1);
/*!40000 ALTER TABLE `tax_class` ENABLE KEYS */;
UNLOCK TABLES;

--
-- Table structure for table `tax_rate`
--

DROP TABLE IF EXISTS `tax_rate`;
/*!40101 SET @saved_cs_client     = @@character_set_client */;
/*!50503 SET character_set_client = utf8mb4 */;
CREATE TABLE `tax_rate` (
  `TAX_RATE_ID` bigint NOT NULL,
  `DATE_CREATED` datetime DEFAULT NULL,
  `DATE_MODIFIED` datetime DEFAULT NULL,
  `UPDT_ID` varchar(60) COLLATE utf8mb3_unicode_ci DEFAULT NULL,
  `TAX_CODE` varchar(255) COLLATE utf8mb3_unicode_ci DEFAULT NULL,
  `PIGGYBACK` bit(1) DEFAULT NULL,
  `STORE_STATE_PROV` varchar(100) COLLATE utf8mb3_unicode_ci DEFAULT NULL,
  `TAX_PRIORITY` int DEFAULT NULL,
  `TAX_RATE` decimal(7,4) NOT NULL,
  `COUNTRY_ID` int NOT NULL,
  `MERCHANT_ID` int NOT NULL,
  `PARENT_ID` bigint DEFAULT NULL,
  `TAX_CLASS_ID` bigint NOT NULL,
  `ZONE_ID` bigint DEFAULT NULL,
  PRIMARY KEY (`TAX_RATE_ID`),
  UNIQUE KEY `UK8gh6l9n0xq03b91sglp62oelu` (`TAX_CODE`,`MERCHANT_ID`),
  KEY `FK6wm34jcwoembe1qsmle2wtwnv` (`COUNTRY_ID`),
  KEY `FKfwp6yka2qps9jna473e6c6yc1` (`MERCHANT_ID`),
  KEY `FKt8isen27i3ioa0tw3bl8qlvdh` (`PARENT_ID`),
  KEY `FK7bpa9pbl1gnj5y3xbgs3wc0eg` (`TAX_CLASS_ID`),
  KEY `FKm9snpf6o1nb4j1t80nas8d1ix` (`ZONE_ID`),
  CONSTRAINT `FK6wm34jcwoembe1qsmle2wtwnv` FOREIGN KEY (`COUNTRY_ID`) REFERENCES `country` (`COUNTRY_ID`),
  CONSTRAINT `FK7bpa9pbl1gnj5y3xbgs3wc0eg` FOREIGN KEY (`TAX_CLASS_ID`) REFERENCES `tax_class` (`TAX_CLASS_ID`),
  CONSTRAINT `FKfwp6yka2qps9jna473e6c6yc1` FOREIGN KEY (`MERCHANT_ID`) REFERENCES `merchant_store` (`MERCHANT_ID`),
  CONSTRAINT `FKm9snpf6o1nb4j1t80nas8d1ix` FOREIGN KEY (`ZONE_ID`) REFERENCES `zone` (`ZONE_ID`),
  CONSTRAINT `FKt8isen27i3ioa0tw3bl8qlvdh` FOREIGN KEY (`PARENT_ID`) REFERENCES `tax_rate` (`TAX_RATE_ID`)
) ENGINE=InnoDB DEFAULT CHARSET=utf8mb3 COLLATE=utf8mb3_unicode_ci;
/*!40101 SET character_set_client = @saved_cs_client */;

--
-- Dumping data for table `tax_rate`
--

LOCK TABLES `tax_rate` WRITE;
/*!40000 ALTER TABLE `tax_rate` DISABLE KEYS */;
/*!40000 ALTER TABLE `tax_rate` ENABLE KEYS */;
UNLOCK TABLES;

--
-- Table structure for table `tax_rate_description`
--

DROP TABLE IF EXISTS `tax_rate_description`;
/*!40101 SET @saved_cs_client     = @@character_set_client */;
/*!50503 SET character_set_client = utf8mb4 */;
CREATE TABLE `tax_rate_description` (
  `DESCRIPTION_ID` bigint NOT NULL,
  `DATE_CREATED` datetime DEFAULT NULL,
  `DATE_MODIFIED` datetime DEFAULT NULL,
  `UPDT_ID` varchar(60) COLLATE utf8mb3_unicode_ci DEFAULT NULL,
  `DESCRIPTION` longtext COLLATE utf8mb3_unicode_ci,
  `NAME` varchar(120) COLLATE utf8mb3_unicode_ci NOT NULL,
  `TITLE` varchar(100) COLLATE utf8mb3_unicode_ci DEFAULT NULL,
  `LANGUAGE_ID` int NOT NULL,
  `TAX_RATE_ID` bigint DEFAULT NULL,
  PRIMARY KEY (`DESCRIPTION_ID`),
  UNIQUE KEY `UKt3xg8pl88yacdxg49nb46effg` (`TAX_RATE_ID`,`LANGUAGE_ID`),
  KEY `FKsicb2ydx42o04pvlnxw2mlx0w` (`LANGUAGE_ID`),
  CONSTRAINT `FK65c2lqslk5kx25dpkem2r0vxq` FOREIGN KEY (`TAX_RATE_ID`) REFERENCES `tax_rate` (`TAX_RATE_ID`),
  CONSTRAINT `FKsicb2ydx42o04pvlnxw2mlx0w` FOREIGN KEY (`LANGUAGE_ID`) REFERENCES `language` (`LANGUAGE_ID`)
) ENGINE=InnoDB DEFAULT CHARSET=utf8mb3 COLLATE=utf8mb3_unicode_ci;
/*!40101 SET character_set_client = @saved_cs_client */;

--
-- Dumping data for table `tax_rate_description`
--

LOCK TABLES `tax_rate_description` WRITE;
/*!40000 ALTER TABLE `tax_rate_description` DISABLE KEYS */;
/*!40000 ALTER TABLE `tax_rate_description` ENABLE KEYS */;
UNLOCK TABLES;

--
-- Table structure for table `user_group`
--

DROP TABLE IF EXISTS `user_group`;
/*!40101 SET @saved_cs_client     = @@character_set_client */;
/*!50503 SET character_set_client = utf8mb4 */;
CREATE TABLE `user_group` (
  `USER_ID` bigint NOT NULL,
  `GROUP_ID` int NOT NULL,
  KEY `FK75kainrhn4kh8j3sw2xbe7v61` (`GROUP_ID`),
  KEY `FK9op4wv63nonsby8y9myjhtho` (`USER_ID`),
  CONSTRAINT `FK75kainrhn4kh8j3sw2xbe7v61` FOREIGN KEY (`GROUP_ID`) REFERENCES `sm_group` (`GROUP_ID`),
  CONSTRAINT `FK9op4wv63nonsby8y9myjhtho` FOREIGN KEY (`USER_ID`) REFERENCES `users` (`USER_ID`)
) ENGINE=InnoDB DEFAULT CHARSET=utf8mb3 COLLATE=utf8mb3_unicode_ci;
/*!40101 SET character_set_client = @saved_cs_client */;

--
-- Dumping data for table `user_group`
--

LOCK TABLES `user_group` WRITE;
/*!40000 ALTER TABLE `user_group` DISABLE KEYS */;
INSERT INTO `user_group` VALUES (1,1),(1,2),(2,2);
/*!40000 ALTER TABLE `user_group` ENABLE KEYS */;
UNLOCK TABLES;

--
-- Table structure for table `userconnection`
--

DROP TABLE IF EXISTS `userconnection`;
/*!40101 SET @saved_cs_client     = @@character_set_client */;
/*!50503 SET character_set_client = utf8mb4 */;
CREATE TABLE `userconnection` (
  `providerId` varchar(255) COLLATE utf8mb3_unicode_ci NOT NULL,
  `providerUserId` varchar(255) COLLATE utf8mb3_unicode_ci NOT NULL,
  `userId` varchar(255) COLLATE utf8mb3_unicode_ci NOT NULL,
  `accessToken` varchar(255) COLLATE utf8mb3_unicode_ci DEFAULT NULL,
  `displayName` varchar(255) COLLATE utf8mb3_unicode_ci DEFAULT NULL,
  `expireTime` bigint DEFAULT NULL,
  `imageUrl` varchar(255) COLLATE utf8mb3_unicode_ci DEFAULT NULL,
  `profileUrl` varchar(255) COLLATE utf8mb3_unicode_ci DEFAULT NULL,
  `refreshToken` varchar(255) COLLATE utf8mb3_unicode_ci DEFAULT NULL,
  `secret` varchar(255) COLLATE utf8mb3_unicode_ci DEFAULT NULL,
  `userRank` int NOT NULL,
  PRIMARY KEY (`providerId`,`providerUserId`,`userId`)
) ENGINE=InnoDB DEFAULT CHARSET=utf8mb3 COLLATE=utf8mb3_unicode_ci;
/*!40101 SET character_set_client = @saved_cs_client */;

--
-- Dumping data for table `userconnection`
--

LOCK TABLES `userconnection` WRITE;
/*!40000 ALTER TABLE `userconnection` DISABLE KEYS */;
/*!40000 ALTER TABLE `userconnection` ENABLE KEYS */;
UNLOCK TABLES;

--
-- Table structure for table `users`
--

DROP TABLE IF EXISTS `users`;
/*!40101 SET @saved_cs_client     = @@character_set_client */;
/*!50503 SET character_set_client = utf8mb4 */;
CREATE TABLE `users` (
  `USER_ID` bigint NOT NULL,
  `ACTIVE` bit(1) DEFAULT NULL,
  `ADMIN_EMAIL` varchar(255) COLLATE utf8mb3_unicode_ci DEFAULT NULL,
  `ADMIN_NAME` varchar(100) COLLATE utf8mb3_unicode_ci DEFAULT NULL,
  `ADMIN_PASSWORD` varchar(60) COLLATE utf8mb3_unicode_ci DEFAULT NULL,
  `ADMIN_A1` varchar(255) COLLATE utf8mb3_unicode_ci DEFAULT NULL,
  `ADMIN_A2` varchar(255) COLLATE utf8mb3_unicode_ci DEFAULT NULL,
  `ADMIN_A3` varchar(255) COLLATE utf8mb3_unicode_ci DEFAULT NULL,
  `DATE_CREATED` datetime DEFAULT NULL,
  `DATE_MODIFIED` datetime DEFAULT NULL,
  `UPDT_ID` varchar(60) COLLATE utf8mb3_unicode_ci DEFAULT NULL,
  `RESET_CREDENTIALS_REQ` varchar(256) COLLATE utf8mb3_unicode_ci DEFAULT NULL,
  `RESET_CREDENTIALS_EXP` date DEFAULT NULL,
  `ADMIN_FIRST_NAME` varchar(255) COLLATE utf8mb3_unicode_ci DEFAULT NULL,
  `LAST_ACCESS` datetime DEFAULT NULL,
  `ADMIN_LAST_NAME` varchar(255) COLLATE utf8mb3_unicode_ci DEFAULT NULL,
  `LOGIN_ACCESS` datetime DEFAULT NULL,
  `ADMIN_Q1` varchar(255) COLLATE utf8mb3_unicode_ci DEFAULT NULL,
  `ADMIN_Q2` varchar(255) COLLATE utf8mb3_unicode_ci DEFAULT NULL,
  `ADMIN_Q3` varchar(255) COLLATE utf8mb3_unicode_ci DEFAULT NULL,
  `LANGUAGE_ID` int DEFAULT NULL,
  `MERCHANT_ID` int NOT NULL,
  PRIMARY KEY (`USER_ID`),
  UNIQUE KEY `UK7cwrowcnjlfxpxpdd1op9ymab` (`MERCHANT_ID`,`ADMIN_NAME`),
  KEY `USR_NAME_IDX` (`ADMIN_NAME`),
  KEY `FK4yb3ho4yxvcjniqg09opbm7ja` (`LANGUAGE_ID`),
  CONSTRAINT `FK4yb3ho4yxvcjniqg09opbm7ja` FOREIGN KEY (`LANGUAGE_ID`) REFERENCES `language` (`LANGUAGE_ID`),
  CONSTRAINT `FKtpio656e5t0cja7kx7p79rkh6` FOREIGN KEY (`MERCHANT_ID`) REFERENCES `merchant_store` (`MERCHANT_ID`)
) ENGINE=InnoDB DEFAULT CHARSET=utf8mb3 COLLATE=utf8mb3_unicode_ci;
/*!40101 SET character_set_client = @saved_cs_client */;

--
-- Dumping data for table `users`
--

LOCK TABLES `users` WRITE;
/*!40000 ALTER TABLE `users` DISABLE KEYS */;
INSERT INTO `users` VALUES (1,_binary '','admin@shopizer.com','admin@shopizer.com','$2a$10$1FaAgh0FzYgE4ki59tmnuOZeFHRQK6JYYBOtYDDAhGya2WXJakG76',NULL,NULL,NULL,'2023-05-17 03:35:40','2023-05-17 03:35:40',NULL,NULL,NULL,'Administrator',NULL,'User',NULL,NULL,NULL,NULL,NULL,1),(2,_binary '','ndlong@gmail.com','ndlong@gmail.com','$2a$10$u4fUZQIuS4hT8HdFbvFd9.cr7SgvhHGgQ/VY1HMKXu8WdhfkeK5CW',NULL,NULL,NULL,'2023-05-17 03:38:05','2023-05-17 03:38:05',NULL,NULL,NULL,'David',NULL,'Minh Man',NULL,NULL,NULL,NULL,NULL,2);
/*!40000 ALTER TABLE `users` ENABLE KEYS */;
UNLOCK TABLES;

--
-- Table structure for table `ward_description`
--

DROP TABLE IF EXISTS `ward_description`;
/*!40101 SET @saved_cs_client     = @@character_set_client */;
/*!50503 SET character_set_client = utf8mb4 */;
CREATE TABLE `ward_description` (
  `ID_WARD` bigint NOT NULL AUTO_INCREMENT,
  `DATE_CREATED` datetime DEFAULT NULL,
  `DATE_MODIFIED` datetime DEFAULT NULL,
  `UPDT_ID` varchar(60) COLLATE utf8mb3_unicode_ci DEFAULT NULL,
  `NAME` varchar(255) COLLATE utf8mb3_unicode_ci DEFAULT NULL,
  `ID_DISTRICT` bigint DEFAULT NULL,
  PRIMARY KEY (`ID_WARD`),
  KEY `FKe5umb9jby0vp8cdsyqvdbl8ae` (`ID_DISTRICT`),
  CONSTRAINT `FKe5umb9jby0vp8cdsyqvdbl8ae` FOREIGN KEY (`ID_DISTRICT`) REFERENCES `district_description` (`ID_DISTRICT`)
) ENGINE=InnoDB AUTO_INCREMENT=354 DEFAULT CHARSET=utf8mb3 COLLATE=utf8mb3_unicode_ci;
/*!40101 SET character_set_client = @saved_cs_client */;

--
-- Dumping data for table `ward_description`
--

LOCK TABLES `ward_description` WRITE;
/*!40000 ALTER TABLE `ward_description` DISABLE KEYS */;
INSERT INTO `ward_description` VALUES (1,'2023-05-15 22:15:56','2023-05-15 22:15:56',NULL,'Bến Nghé',1),(2,'2023-05-15 22:17:21','2023-05-15 22:17:21',NULL,'Bến Nghé',1),(3,'2023-05-15 22:17:21','2023-05-15 22:17:21',NULL,'Bến Thành',1),(4,'2023-05-15 22:17:21','2023-05-15 22:17:21',NULL,'Cầu Kho',1),(5,'2023-05-15 22:17:21','2023-05-15 22:17:21',NULL,'Cầu Ông Lãnh',1),(6,'2023-05-15 22:17:21','2023-05-15 22:17:21',NULL,'Cô Giang',1),(7,'2023-05-15 22:17:21','2023-05-15 22:17:21',NULL,'Đa Kao',1),(8,'2023-05-15 22:17:21','2023-05-15 22:17:21',NULL,'Nguyễn Cư Trinh',1),(9,'2023-05-15 22:17:21','2023-05-15 22:17:21',NULL,'Nguyễn Thái Bình',1),(10,'2023-05-15 22:17:21','2023-05-15 22:17:21',NULL,'Phạm Ngũ Lão',1),(11,'2023-05-15 22:17:21','2023-05-15 22:17:21',NULL,'Tân Định',1),(12,'2023-05-15 22:17:21','2023-05-15 22:17:21',NULL,'Đakao',1),(13,'2023-05-15 22:19:48','2023-05-15 22:19:48',NULL,'An Khánh',2),(14,'2023-05-15 22:19:48','2023-05-15 22:19:48',NULL,'An Lợi Đông',2),(15,'2023-05-15 22:19:48','2023-05-15 22:19:48',NULL,'An Phú',2),(16,'2023-05-15 22:19:48','2023-05-15 22:19:48',NULL,'Bình An',2),(17,'2023-05-15 22:19:48','2023-05-15 22:19:48',NULL,'Bình Khánh',2),(18,'2023-05-15 22:19:48','2023-05-15 22:19:48',NULL,'Bình Trưng Đông',2),(19,'2023-05-15 22:19:48','2023-05-15 22:19:48',NULL,'Bình Trưng Tây',2),(20,'2023-05-15 22:19:48','2023-05-15 22:19:48',NULL,'Cát Lái',2),(21,'2023-05-15 22:19:48','2023-05-15 22:19:48',NULL,'Thạnh Mỹ Lợi',2),(22,'2023-05-15 22:19:48','2023-05-15 22:19:48',NULL,'Thảo Điền',2),(23,'2023-05-15 22:21:30','2023-05-15 22:21:30',NULL,'1',3),(24,'2023-05-15 22:21:30','2023-05-15 22:21:30',NULL,'2',3),(25,'2023-05-15 22:21:30','2023-05-15 22:21:30',NULL,'3',3),(26,'2023-05-15 22:21:30','2023-05-15 22:21:30',NULL,'4',3),(27,'2023-05-15 22:21:30','2023-05-15 22:21:30',NULL,'5',3),(28,'2023-05-15 22:21:30','2023-05-15 22:21:30',NULL,'6',3),(29,'2023-05-15 22:21:30','2023-05-15 22:21:30',NULL,'7',3),(30,'2023-05-15 22:21:30','2023-05-15 22:21:30',NULL,'8',3),(31,'2023-05-15 22:21:30','2023-05-15 22:21:30',NULL,'9',3),(32,'2023-05-15 22:21:30','2023-05-15 22:21:30',NULL,'10',3),(33,'2023-05-15 22:21:30','2023-05-15 22:21:30',NULL,'11',3),(34,'2023-05-15 22:21:30','2023-05-15 22:21:30',NULL,'12',3),(35,'2023-05-15 22:21:30','2023-05-15 22:21:30',NULL,'13',3),(36,'2023-05-15 22:21:30','2023-05-15 22:21:30',NULL,'14',3),(37,'2023-05-15 22:21:30','2023-05-15 22:21:30',NULL,'15',3),(38,'2023-05-15 22:28:04','2023-05-15 22:28:04',NULL,'1',4),(39,'2023-05-15 22:28:04','2023-05-15 22:28:04',NULL,'2',4),(40,'2023-05-15 22:28:04','2023-05-15 22:28:04',NULL,'3',4),(41,'2023-05-15 22:28:04','2023-05-15 22:28:04',NULL,'4',4),(42,'2023-05-15 22:28:04','2023-05-15 22:28:04',NULL,'5',4),(43,'2023-05-15 22:28:04','2023-05-15 22:28:04',NULL,'6',4),(44,'2023-05-15 22:28:04','2023-05-15 22:28:04',NULL,'7',4),(45,'2023-05-15 22:28:04','2023-05-15 22:28:04',NULL,'8',4),(46,'2023-05-15 22:28:04','2023-05-15 22:28:04',NULL,'9',4),(47,'2023-05-15 22:28:04','2023-05-15 22:28:04',NULL,'10',4),(48,'2023-05-15 22:28:04','2023-05-15 22:28:04',NULL,'11',4),(49,'2023-05-15 22:28:04','2023-05-15 22:28:04',NULL,'12',4),(50,'2023-05-15 22:28:04','2023-05-15 22:28:04',NULL,'13',4),(51,'2023-05-15 22:28:04','2023-05-15 22:28:04',NULL,'14',4),(52,'2023-05-15 22:28:04','2023-05-15 22:28:04',NULL,'15',4),(53,'2023-05-15 22:28:04','2023-05-15 22:28:04',NULL,'16',4),(54,'2023-05-15 22:29:13','2023-05-15 22:29:13',NULL,'1',5),(55,'2023-05-15 22:29:13','2023-05-15 22:29:13',NULL,'2',5),(56,'2023-05-15 22:29:13','2023-05-15 22:29:13',NULL,'3',5),(57,'2023-05-15 22:29:13','2023-05-15 22:29:13',NULL,'4',5),(58,'2023-05-15 22:29:13','2023-05-15 22:29:13',NULL,'5',5),(59,'2023-05-15 22:29:13','2023-05-15 22:29:13',NULL,'6',5),(60,'2023-05-15 22:29:13','2023-05-15 22:29:13',NULL,'7',5),(61,'2023-05-15 22:29:13','2023-05-15 22:29:13',NULL,'8',5),(62,'2023-05-15 22:29:13','2023-05-15 22:29:13',NULL,'9',5),(63,'2023-05-15 22:29:13','2023-05-15 22:29:13',NULL,'10',5),(64,'2023-05-15 22:29:13','2023-05-15 22:29:13',NULL,'11',5),(65,'2023-05-15 22:29:13','2023-05-15 22:29:13',NULL,'12',5),(66,'2023-05-15 22:29:13','2023-05-15 22:29:13',NULL,'13',5),(67,'2023-05-15 22:29:13','2023-05-15 22:29:13',NULL,'14',5),(68,'2023-05-15 22:29:13','2023-05-15 22:29:13',NULL,'15',5),(69,'2023-05-15 22:29:13','2023-05-15 22:29:13',NULL,'16',5),(70,'2023-05-15 22:30:18','2023-05-15 22:30:18',NULL,'1',6),(71,'2023-05-15 22:30:18','2023-05-15 22:30:18',NULL,'2',6),(72,'2023-05-15 22:30:18','2023-05-15 22:30:18',NULL,'3',6),(73,'2023-05-15 22:30:18','2023-05-15 22:30:18',NULL,'4',6),(74,'2023-05-15 22:30:18','2023-05-15 22:30:18',NULL,'5',6),(75,'2023-05-15 22:30:18','2023-05-15 22:30:18',NULL,'6',6),(76,'2023-05-15 22:30:18','2023-05-15 22:30:18',NULL,'7',6),(77,'2023-05-15 22:30:18','2023-05-15 22:30:18',NULL,'8',6),(78,'2023-05-15 22:30:18','2023-05-15 22:30:18',NULL,'9',6),(79,'2023-05-15 22:30:18','2023-05-15 22:30:18',NULL,'10',6),(80,'2023-05-15 22:30:18','2023-05-15 22:30:18',NULL,'11',6),(81,'2023-05-15 22:30:18','2023-05-15 22:30:18',NULL,'12',6),(82,'2023-05-15 22:30:18','2023-05-15 22:30:18',NULL,'13',6),(83,'2023-05-15 22:30:18','2023-05-15 22:30:18',NULL,'14',6),(84,'2023-05-15 22:30:18','2023-05-15 22:30:18',NULL,'15',6),(85,'2023-05-15 22:30:18','2023-05-15 22:30:18',NULL,'16',6),(86,'2023-05-15 22:32:00','2023-05-15 22:32:00',NULL,'Bình Thuận',7),(87,'2023-05-15 22:32:00','2023-05-15 22:32:00',NULL,'Phú Mỹ',7),(88,'2023-05-15 22:32:00','2023-05-15 22:32:00',NULL,'Phú Thuận',7),(89,'2023-05-15 22:32:00','2023-05-15 22:32:00',NULL,'Tân Hưng',7),(90,'2023-05-15 22:32:00','2023-05-15 22:32:00',NULL,'Tân Kiểng',7),(91,'2023-05-15 22:32:00','2023-05-15 22:32:00',NULL,'Tân Phong',7),(92,'2023-05-15 22:32:00','2023-05-15 22:32:00',NULL,'Tân Phú',7),(93,'2023-05-15 22:32:00','2023-05-15 22:32:00',NULL,'Tân Quy',7),(94,'2023-05-15 22:32:00','2023-05-15 22:32:00',NULL,'Tân Thuận Đông',7),(95,'2023-05-15 22:32:00','2023-05-15 22:32:00',NULL,'Tân Thuận Tây',7),(96,'2023-05-15 22:33:50','2023-05-15 22:33:50',NULL,'1',8),(97,'2023-05-15 22:33:50','2023-05-15 22:33:50',NULL,'2',8),(98,'2023-05-15 22:33:50','2023-05-15 22:33:50',NULL,'3',8),(99,'2023-05-15 22:33:50','2023-05-15 22:33:50',NULL,'4',8),(100,'2023-05-15 22:33:50','2023-05-15 22:33:50',NULL,'5',8),(101,'2023-05-15 22:33:50','2023-05-15 22:33:50',NULL,'6',8),(102,'2023-05-15 22:33:50','2023-05-15 22:33:50',NULL,'7',8),(103,'2023-05-15 22:33:50','2023-05-15 22:33:50',NULL,'8',8),(104,'2023-05-15 22:33:50','2023-05-15 22:33:50',NULL,'9',8),(105,'2023-05-15 22:33:50','2023-05-15 22:33:50',NULL,'10',8),(106,'2023-05-15 22:33:50','2023-05-15 22:33:50',NULL,'11',8),(107,'2023-05-15 22:33:50','2023-05-15 22:33:50',NULL,'12',8),(108,'2023-05-15 22:33:50','2023-05-15 22:33:50',NULL,'13',8),(109,'2023-05-15 22:33:50','2023-05-15 22:33:50',NULL,'14',8),(110,'2023-05-15 22:33:50','2023-05-15 22:33:50',NULL,'15',8),(111,'2023-05-15 22:33:50','2023-05-15 22:33:50',NULL,'16',8),(112,'2023-05-15 22:33:50','2023-05-15 22:33:50',NULL,'Bình Đức',8),(113,'2023-05-15 22:33:50','2023-05-15 22:33:50',NULL,'Bình Hưng Hòa',8),(114,'2023-05-15 22:33:50','2023-05-15 22:33:50',NULL,'Bình Hưng Hòa A',8),(115,'2023-05-15 22:33:50','2023-05-15 22:33:50',NULL,'Bình Hưng Hòa B',8),(116,'2023-05-15 22:36:03','2023-05-15 22:36:03',NULL,'Hiệp Phú',9),(117,'2023-05-15 22:36:03','2023-05-15 22:36:03',NULL,'Long Bình',9),(118,'2023-05-15 22:36:03','2023-05-15 22:36:03',NULL,'Long Phước',9),(119,'2023-05-15 22:36:03','2023-05-15 22:36:03',NULL,'Long Thạnh Mỹ',9),(120,'2023-05-15 22:36:03','2023-05-15 22:36:03',NULL,'Long Trường',9),(121,'2023-05-15 22:36:03','2023-05-15 22:36:03',NULL,'Phú Hữu',9),(122,'2023-05-15 22:36:03','2023-05-15 22:36:03',NULL,'Phước Bình',9),(123,'2023-05-15 22:36:03','2023-05-15 22:36:03',NULL,'Phước Long A',9),(124,'2023-05-15 22:36:03','2023-05-15 22:36:03',NULL,'Phước Long B',9),(125,'2023-05-15 22:36:03','2023-05-15 22:36:03',NULL,'Tăng Nhơn Phú A',9),(126,'2023-05-15 22:36:03','2023-05-15 22:36:03',NULL,'Tăng Nhơn Phú B',9),(127,'2023-05-15 22:36:03','2023-05-15 22:36:03',NULL,'Trường Thạnh',9),(128,'2023-05-15 22:37:18','2023-05-15 22:37:18',NULL,'1',10),(129,'2023-05-15 22:37:18','2023-05-15 22:37:18',NULL,'2',10),(130,'2023-05-15 22:37:18','2023-05-15 22:37:18',NULL,'3',10),(131,'2023-05-15 22:37:18','2023-05-15 22:37:18',NULL,'4',10),(132,'2023-05-15 22:37:18','2023-05-15 22:37:18',NULL,'5',10),(133,'2023-05-15 22:37:18','2023-05-15 22:37:18',NULL,'6',10),(134,'2023-05-15 22:37:18','2023-05-15 22:37:18',NULL,'7',10),(135,'2023-05-15 22:37:18','2023-05-15 22:37:18',NULL,'8',10),(136,'2023-05-15 22:37:18','2023-05-15 22:37:18',NULL,'9',10),(137,'2023-05-15 22:37:18','2023-05-15 22:37:18',NULL,'10',10),(138,'2023-05-15 22:37:18','2023-05-15 22:37:18',NULL,'11',10),(139,'2023-05-15 22:37:18','2023-05-15 22:37:18',NULL,'12',10),(140,'2023-05-15 22:37:18','2023-05-15 22:37:18',NULL,'13',10),(141,'2023-05-15 22:37:18','2023-05-15 22:37:18',NULL,'14',10),(142,'2023-05-15 22:37:18','2023-05-15 22:37:18',NULL,'15',10),(143,'2023-05-15 22:38:00','2023-05-15 22:38:00',NULL,'1',11),(144,'2023-05-15 22:38:00','2023-05-15 22:38:00',NULL,'2',11),(145,'2023-05-15 22:38:00','2023-05-15 22:38:00',NULL,'3',11),(146,'2023-05-15 22:38:00','2023-05-15 22:38:00',NULL,'4',11),(147,'2023-05-15 22:38:00','2023-05-15 22:38:00',NULL,'5',11),(148,'2023-05-15 22:38:00','2023-05-15 22:38:00',NULL,'6',11),(149,'2023-05-15 22:38:00','2023-05-15 22:38:00',NULL,'7',11),(150,'2023-05-15 22:38:00','2023-05-15 22:38:00',NULL,'8',11),(151,'2023-05-15 22:38:00','2023-05-15 22:38:00',NULL,'9',11),(152,'2023-05-15 22:38:00','2023-05-15 22:38:00',NULL,'10',11),(153,'2023-05-15 22:38:00','2023-05-15 22:38:00',NULL,'11',11),(154,'2023-05-15 22:38:00','2023-05-15 22:38:00',NULL,'12',11),(155,'2023-05-15 22:38:00','2023-05-15 22:38:00',NULL,'13',11),(156,'2023-05-15 22:38:00','2023-05-15 22:38:00',NULL,'14',11),(157,'2023-05-15 22:38:00','2023-05-15 22:38:00',NULL,'15',11),(158,'2023-05-15 22:38:00','2023-05-15 22:38:00',NULL,'16',11),(159,'2023-05-15 22:39:52','2023-05-15 22:39:52',NULL,'Thạnh Xuân',12),(160,'2023-05-15 22:39:52','2023-05-15 22:39:52',NULL,'Thạnh Lộc',12),(161,'2023-05-15 22:39:52','2023-05-15 22:39:52',NULL,'Hiệp Thành',12),(162,'2023-05-15 22:39:52','2023-05-15 22:39:52',NULL,'Thới An',12),(163,'2023-05-15 22:39:52','2023-05-15 22:39:52',NULL,'Tân Chánh Hiệp',12),(164,'2023-05-15 22:39:52','2023-05-15 22:39:52',NULL,'An Phú Đông',12),(165,'2023-05-15 22:39:52','2023-05-15 22:39:52',NULL,'Tân Thới Hiệp',12),(166,'2023-05-15 22:39:52','2023-05-15 22:39:52',NULL,'Trung Mỹ Tây',12),(167,'2023-05-15 22:39:52','2023-05-15 22:39:52',NULL,'Tân Hưng Thuận',12),(168,'2023-05-15 22:39:52','2023-05-15 22:39:52',NULL,'Đông Hưng Thuận',12),(169,'2023-05-15 22:39:52','2023-05-15 22:39:52',NULL,'Tân Thới Nhất',11),(170,'2023-05-15 22:43:52','2023-05-15 22:43:52',NULL,'1',13),(171,'2023-05-15 22:43:52','2023-05-15 22:43:52',NULL,'2',13),(172,'2023-05-15 22:43:52','2023-05-15 22:43:52',NULL,'3',13),(173,'2023-05-15 22:43:52','2023-05-15 22:43:52',NULL,'4',13),(174,'2023-05-15 22:43:52','2023-05-15 22:43:52',NULL,'5',13),(175,'2023-05-15 22:43:52','2023-05-15 22:43:52',NULL,'6',13),(176,'2023-05-15 22:43:52','2023-05-15 22:43:52',NULL,'7',13),(177,'2023-05-15 22:43:52','2023-05-15 22:43:52',NULL,'8',13),(178,'2023-05-15 22:43:52','2023-05-15 22:43:52',NULL,'9',13),(179,'2023-05-15 22:43:52','2023-05-15 22:43:52',NULL,'10',13),(180,'2023-05-15 22:43:52','2023-05-15 22:43:52',NULL,'11',13),(181,'2023-05-15 22:43:52','2023-05-15 22:43:52',NULL,'12',13),(182,'2023-05-15 22:43:52','2023-05-15 22:43:52',NULL,'13',13),(183,'2023-05-15 22:43:52','2023-05-15 22:43:52',NULL,'14',13),(184,'2023-05-15 22:43:52','2023-05-15 22:43:52',NULL,'15',13),(185,'2023-05-15 22:43:52','2023-05-15 22:43:52',NULL,'16',13),(186,'2023-05-15 22:43:52','2023-05-15 22:43:52',NULL,'17',13),(187,'2023-05-15 22:43:52','2023-05-15 22:43:52',NULL,'18',13),(188,'2023-05-15 22:43:52','2023-05-15 22:43:52',NULL,'19',13),(189,'2023-05-15 22:43:52','2023-05-15 22:43:52',NULL,'20',13),(190,'2023-05-15 22:43:52','2023-05-15 22:43:52',NULL,'21',13),(191,'2023-05-15 22:43:52','2023-05-15 22:43:52',NULL,'22',13),(192,'2023-05-15 22:43:52','2023-05-15 22:43:52',NULL,'23',13),(193,'2023-05-15 22:43:52','2023-05-15 22:43:52',NULL,'24',13),(194,'2023-05-15 22:43:52','2023-05-15 22:43:52',NULL,'25',13),(195,'2023-05-15 22:43:52','2023-05-15 22:43:52',NULL,'26',13),(196,'2023-05-15 22:43:52','2023-05-15 22:43:52',NULL,'27',13),(197,'2023-05-15 22:43:52','2023-05-15 22:43:52',NULL,'28',13),(198,'2023-05-15 22:43:52','2023-05-15 22:43:52',NULL,'29',13),(199,'2023-05-15 22:43:52','2023-05-15 22:43:52',NULL,'30',13),(200,'2023-05-15 22:43:52','2023-05-15 22:43:52',NULL,'31',13),(201,'2023-05-15 22:43:52','2023-05-15 22:43:52',NULL,'32',13),(202,'2023-05-15 22:45:45','2023-05-15 22:45:45',NULL,'1',14),(203,'2023-05-15 22:45:45','2023-05-15 22:45:45',NULL,'2',14),(204,'2023-05-15 22:45:45','2023-05-15 22:45:45',NULL,'3',14),(205,'2023-05-15 22:45:45','2023-05-15 22:45:45',NULL,'4',14),(206,'2023-05-15 22:45:45','2023-05-15 22:45:45',NULL,'5',14),(207,'2023-05-15 22:45:45','2023-05-15 22:45:45',NULL,'6',14),(208,'2023-05-15 22:45:45','2023-05-15 22:45:45',NULL,'7',14),(209,'2023-05-15 22:45:45','2023-05-15 22:45:45',NULL,'8',14),(210,'2023-05-15 22:45:45','2023-05-15 22:45:45',NULL,'9',14),(211,'2023-05-15 22:45:45','2023-05-15 22:45:45',NULL,'10',14),(212,'2023-05-15 22:45:45','2023-05-15 22:45:45',NULL,'11',14),(213,'2023-05-15 22:45:45','2023-05-15 22:45:45',NULL,'12',14),(214,'2023-05-15 22:45:45','2023-05-15 22:45:45',NULL,'13',14),(215,'2023-05-15 22:45:45','2023-05-15 22:45:45',NULL,'14',14),(216,'2023-05-15 22:45:45','2023-05-15 22:45:45',NULL,'15',14),(217,'2023-05-15 22:45:45','2023-05-15 22:45:45',NULL,'16',14),(218,'2023-05-15 22:45:45','2023-05-15 22:45:45',NULL,'17',14),(219,'2023-05-15 22:45:45','2023-05-15 22:45:45',NULL,'18',14),(220,'2023-05-15 22:45:45','2023-05-15 22:45:45',NULL,'19',14),(221,'2023-05-15 22:45:45','2023-05-15 22:45:45',NULL,'20',14),(222,'2023-05-15 22:47:37','2023-05-15 22:47:37',NULL,'1',15),(223,'2023-05-15 22:47:37','2023-05-15 22:47:37',NULL,'2',15),(224,'2023-05-15 22:47:37','2023-05-15 22:47:37',NULL,'3',15),(225,'2023-05-15 22:47:37','2023-05-15 22:47:37',NULL,'4',15),(226,'2023-05-15 22:47:37','2023-05-15 22:47:37',NULL,'5',15),(227,'2023-05-15 22:47:37','2023-05-15 22:47:37',NULL,'6',15),(228,'2023-05-15 22:47:37','2023-05-15 22:47:37',NULL,'7',15),(229,'2023-05-15 22:47:37','2023-05-15 22:47:37',NULL,'8',15),(230,'2023-05-15 22:47:37','2023-05-15 22:47:37',NULL,'9',15),(231,'2023-05-15 22:47:37','2023-05-15 22:47:37',NULL,'10',15),(232,'2023-05-15 22:47:37','2023-05-15 22:47:37',NULL,'11',15),(233,'2023-05-15 22:47:37','2023-05-15 22:47:37',NULL,'12',15),(234,'2023-05-15 22:47:37','2023-05-15 22:47:37',NULL,'13',15),(235,'2023-05-15 22:47:37','2023-05-15 22:47:37',NULL,'14',15),(236,'2023-05-15 22:47:37','2023-05-15 22:47:37',NULL,'15',15),(237,'2023-05-15 22:47:37','2023-05-15 22:47:37',NULL,'Thạnh Mỹ Lợi',15),(238,'2023-05-15 22:47:37','2023-05-15 22:47:37',NULL,'17',15),(239,'2023-05-15 22:49:18','2023-05-15 22:49:18',NULL,'1',16),(240,'2023-05-15 22:49:18','2023-05-15 22:49:18',NULL,'2',16),(241,'2023-05-15 22:49:18','2023-05-15 22:49:18',NULL,'3',16),(242,'2023-05-15 22:49:18','2023-05-15 22:49:18',NULL,'4',16),(243,'2023-05-15 22:49:18','2023-05-15 22:49:18',NULL,'5',16),(244,'2023-05-15 22:49:18','2023-05-15 22:49:18',NULL,'6',16),(245,'2023-05-15 22:49:18','2023-05-15 22:49:18',NULL,'7',16),(246,'2023-05-15 22:49:18','2023-05-15 22:49:18',NULL,'8',16),(247,'2023-05-15 22:49:18','2023-05-15 22:49:18',NULL,'9',16),(248,'2023-05-15 22:49:18','2023-05-15 22:49:18',NULL,'10',16),(249,'2023-05-15 22:49:18','2023-05-15 22:49:18',NULL,'11',16),(250,'2023-05-15 22:49:18','2023-05-15 22:49:18',NULL,'12',16),(251,'2023-05-15 22:49:18','2023-05-15 22:49:18',NULL,'13',16),(252,'2023-05-15 22:49:18','2023-05-15 22:49:18',NULL,'14',16),(253,'2023-05-15 22:49:18','2023-05-15 22:49:18',NULL,'15',16),(254,'2023-05-15 22:49:18','2023-05-15 22:49:18',NULL,'Tân Thành',16),(255,'2023-05-15 22:49:18','2023-05-15 22:49:18',NULL,'Tân Sơn Nhì',16),(256,'2023-05-15 22:49:18','2023-05-15 22:49:18',NULL,'Tân Quý',16),(257,'2023-05-15 22:49:18','2023-05-15 22:49:18',NULL,'Tân Thới Hoà',16),(258,'2023-05-15 22:51:56','2023-05-15 22:51:56',NULL,'Tân Sơn Nhì',17),(259,'2023-05-15 22:51:56','2023-05-15 22:51:56',NULL,'Tây Thạnh',17),(260,'2023-05-15 22:51:56','2023-05-15 22:51:56',NULL,'Sơn Kỳ',17),(261,'2023-05-15 22:51:56','2023-05-15 22:51:56',NULL,'Tân Qúy',17),(262,'2023-05-15 22:51:56','2023-05-15 22:51:56',NULL,'Tân Thành',17),(263,'2023-05-15 22:51:56','2023-05-15 22:51:56',NULL,'Phú Thọ Hòa',17),(264,'2023-05-15 22:51:56','2023-05-15 22:51:56',NULL,'Phú Thạnh',17),(265,'2023-05-15 22:51:56','2023-05-15 22:51:56',NULL,'Phú Trung',17),(266,'2023-05-15 22:51:56','2023-05-15 22:51:56',NULL,'Hoà Thạnh',17),(267,'2023-05-15 22:51:56','2023-05-15 22:51:56',NULL,'Hiệp Tân',17),(268,'2023-05-15 22:51:56','2023-05-15 22:51:56',NULL,'Tân Thới Hoà',17),(269,'2023-05-15 22:51:56','2023-05-15 22:51:56',NULL,'Bình Hưng Hòa',17),(270,'2023-05-15 22:51:56','2023-05-15 22:51:56',NULL,'Bình Hưng Hoà A',17),(271,'2023-05-15 22:51:56','2023-05-15 22:51:56',NULL,'Bình Hưng Hoà B',17),(272,'2023-05-15 22:54:38','2023-05-15 22:54:38',NULL,'Linh Xuân',18),(273,'2023-05-15 22:54:38','2023-05-15 22:54:38',NULL,'Bình Chiểu',18),(274,'2023-05-15 22:54:38','2023-05-15 22:54:38',NULL,'Linh Trung',18),(275,'2023-05-15 22:54:38','2023-05-15 22:54:38',NULL,'Tam Bình',18),(276,'2023-05-15 22:54:38','2023-05-15 22:54:38',NULL,'Tam Phú',18),(277,'2023-05-15 22:54:38','2023-05-15 22:54:38',NULL,'Hiệp Bình Phước',18),(278,'2023-05-15 22:54:38','2023-05-15 22:54:38',NULL,'Hiệp Bình Chánh',18),(279,'2023-05-15 22:54:38','2023-05-15 22:54:38',NULL,'Linh Chiểu',18),(280,'2023-05-15 22:54:38','2023-05-15 22:54:38',NULL,'Linh Tây',18),(281,'2023-05-15 22:54:38','2023-05-15 22:54:38',NULL,'Linh Đông',18),(282,'2023-05-15 22:54:38','2023-05-15 22:54:38',NULL,'Bình Thọ',18),(283,'2023-05-15 22:54:38','2023-05-15 22:54:38',NULL,'Trường Thọ',18),(284,'2023-05-15 22:54:38','2023-05-15 22:54:38',NULL,'Long Bình',18),(285,'2023-05-15 22:54:38','2023-05-15 22:54:38',NULL,'Long Thạnh Mỹ',18),(286,'2023-05-15 22:57:12','2023-05-15 22:57:12',NULL,'Bình Hưng Hòa',19),(287,'2023-05-15 22:57:12','2023-05-15 22:57:12',NULL,'Bình Hưng Hoà A',19),(288,'2023-05-15 22:57:12','2023-05-15 22:57:12',NULL,'Bình Hưng Hoà B',19),(289,'2023-05-15 22:57:12','2023-05-15 22:57:12',NULL,'Bình Trị Đông',19),(290,'2023-05-15 22:57:12','2023-05-15 22:57:12',NULL,'Bình Trị Đông A',19),(291,'2023-05-15 22:57:12','2023-05-15 22:57:12',NULL,'Bình Trị Đông B',19),(292,'2023-05-15 22:57:12','2023-05-15 22:57:12',NULL,'Tân Tạo',19),(293,'2023-05-15 22:57:12','2023-05-15 22:57:12',NULL,'Tân Tạo A',19),(294,'2023-05-15 22:57:12','2023-05-15 22:57:12',NULL,'An Lạc',19),(295,'2023-05-15 22:57:12','2023-05-15 22:57:12',NULL,'An Lạc A',19),(296,'2023-05-15 22:57:12','2023-05-15 22:57:12',NULL,'Tân Thuận Đông',19),(297,'2023-05-15 23:01:36','2023-05-15 23:01:36',NULL,'Thị trấn Củ Chi',20),(298,'2023-05-15 23:01:36','2023-05-15 23:01:36',NULL,'An Nhơn Tây',20),(299,'2023-05-15 23:01:36','2023-05-15 23:01:36',NULL,'An Phú',20),(300,'2023-05-15 23:01:36','2023-05-15 23:01:36',NULL,'Bình Mỹ',20),(301,'2023-05-15 23:01:36','2023-05-15 23:01:36',NULL,'Hòa Phú',20),(302,'2023-05-15 23:01:36','2023-05-15 23:01:36',NULL,'Nhuận Đức',20),(303,'2023-05-15 23:01:36','2023-05-15 23:01:36',NULL,'Phạm Văn Cội',20),(304,'2023-05-15 23:01:36','2023-05-15 23:01:36',NULL,'Phú Hòa Đông',20),(305,'2023-05-15 23:01:36','2023-05-15 23:01:36',NULL,'Phú Mỹ Hưng',20),(306,'2023-05-15 23:01:36','2023-05-15 23:01:36',NULL,'Phước Hiệp',20),(307,'2023-05-15 23:01:36','2023-05-15 23:01:36',NULL,'Phước Thạnh',20),(308,'2023-05-15 23:01:36','2023-05-15 23:01:36',NULL,'Tân An Hội',20),(309,'2023-05-15 23:01:36','2023-05-15 23:01:36',NULL,'Tân Phú Trung',20),(310,'2023-05-15 23:01:36','2023-05-15 23:01:36',NULL,'Tân Thạnh Đông',20),(311,'2023-05-15 23:01:36','2023-05-15 23:01:36',NULL,'Tân Thạnh Tây',20),(312,'2023-05-15 23:01:37','2023-05-15 23:01:37',NULL,'Tân Thông Hội',20),(313,'2023-05-15 23:01:37','2023-05-15 23:01:37',NULL,'Trung An',20),(314,'2023-05-15 23:01:37','2023-05-15 23:01:37',NULL,'Trung Lập Hạ',20),(315,'2023-05-15 23:01:37','2023-05-15 23:01:37',NULL,'Trung Lập Thượng',20),(316,'2023-05-15 23:01:37','2023-05-15 23:01:37',NULL,'Trường Thạnh',20),(317,'2023-05-15 23:01:37','2023-05-15 23:01:37',NULL,'Xá Xuân 1',20),(318,'2023-05-15 23:01:37','2023-05-15 23:01:37',NULL,'Xá Xuân 2',20),(319,'2023-05-15 23:03:37','2023-05-15 23:03:37',NULL,'Thị trấn Hóc Môn',21),(320,'2023-05-15 23:03:37','2023-05-15 23:03:37',NULL,'Bà Điểm',21),(321,'2023-05-15 23:03:37','2023-05-15 23:03:37',NULL,'Đông Thạnh',21),(322,'2023-05-15 23:03:37','2023-05-15 23:03:37',NULL,'Tân Hiệp',21),(323,'2023-05-15 23:03:37','2023-05-15 23:03:37',NULL,'Tân Thới Nhì',21),(324,'2023-05-15 23:03:38','2023-05-15 23:03:38',NULL,'Tân Xuân',21),(325,'2023-05-15 23:03:38','2023-05-15 23:03:38',NULL,'Thới Tam Thôn',21),(326,'2023-05-15 23:03:38','2023-05-15 23:03:38',NULL,'Trung Chánh',21),(327,'2023-05-15 23:03:38','2023-05-15 23:03:38',NULL,'Xuân Thới Đông',21),(328,'2023-05-15 23:03:38','2023-05-15 23:03:38',NULL,'Xuân Thới Sơn',21),(329,'2023-05-15 23:05:14','2023-05-15 23:05:14',NULL,'Thị trấn Nhà Bè',22),(330,'2023-05-15 23:05:14','2023-05-15 23:05:14',NULL,'Phước Kiển',22),(331,'2023-05-15 23:05:14','2023-05-15 23:05:14',NULL,'Phước Lộc',22),(332,'2023-05-15 23:05:14','2023-05-15 23:05:14',NULL,'Nhơn Đức',22),(333,'2023-05-15 23:05:14','2023-05-15 23:05:14',NULL,'Phú Xuân',22),(334,'2023-05-15 23:05:14','2023-05-15 23:05:14',NULL,'Long Thới',22),(335,'2023-05-15 23:05:14','2023-05-15 23:05:14',NULL,'Hiệp Phước',22),(336,'2023-05-15 23:07:53','2023-05-15 23:07:53',NULL,'Thị trấn Cần Thạnh',23),(337,'2023-05-15 23:07:53','2023-05-15 23:07:53',NULL,'An Thới Đông',23),(338,'2023-05-15 23:07:53','2023-05-15 23:07:53',NULL,'Bình Khánh',23),(339,'2023-05-15 23:07:53','2023-05-15 23:07:53',NULL,'Long Hòa',23),(340,'2023-05-15 23:07:53','2023-05-15 23:07:53',NULL,'Lý Nhơn',23),(341,'2023-05-15 23:07:53','2023-05-15 23:07:53',NULL,'Tam Thôn Hiệp',23),(342,'2023-05-15 23:07:53','2023-05-15 23:07:53',NULL,'Thạnh An',23),(343,'2023-05-15 23:07:53','2023-05-15 23:07:53',NULL,'Thạnh Lộc',23),(344,'2023-05-15 23:07:53','2023-05-15 23:07:53',NULL,'Thạnh Mỹ',23),(345,'2023-05-15 23:07:53','2023-05-15 23:07:53',NULL,'Thới Đông',23),(346,'2023-05-15 23:07:53','2023-05-15 23:07:53',NULL,'An Thới Tây',23),(347,'2023-05-15 23:07:53','2023-05-15 23:07:53',NULL,'Cần Thạnh',23),(348,'2023-05-15 23:07:53','2023-05-15 23:07:53',NULL,'Lộc An',23),(349,'2023-05-15 23:07:53','2023-05-15 23:07:53',NULL,'Tam Thôn Hội',23),(350,'2023-05-15 23:07:53','2023-05-15 23:07:53',NULL,'Thạnh Phú',23),(351,'2023-05-15 23:07:53','2023-05-15 23:07:53',NULL,'Thới Hải',23),(352,'2023-05-15 23:07:53','2023-05-15 23:07:53',NULL,'Thới Thuận',23),(353,'2023-05-15 23:07:53','2023-05-15 23:07:53',NULL,'Vĩnh Bình',23);
/*!40000 ALTER TABLE `ward_description` ENABLE KEYS */;
UNLOCK TABLES;

--
-- Table structure for table `work_experience`
--

DROP TABLE IF EXISTS `work_experience`;
/*!40101 SET @saved_cs_client     = @@character_set_client */;
/*!50503 SET character_set_client = utf8mb4 */;
CREATE TABLE `work_experience` (
  `id` varchar(255) COLLATE utf8mb3_unicode_ci NOT NULL,
  `COMPANY_NAME` varchar(255) COLLATE utf8mb3_unicode_ci NOT NULL,
  `DESCRIPTION` text COLLATE utf8mb3_unicode_ci NOT NULL,
  `END_DATE` datetime DEFAULT NULL,
  `START_DATE` datetime NOT NULL,
  `TITILE_POSITION` varchar(255) COLLATE utf8mb3_unicode_ci NOT NULL,
  `CV_ID` varchar(255) COLLATE utf8mb3_unicode_ci DEFAULT NULL,
  PRIMARY KEY (`id`),
  KEY `FKoiik09uxujmq3oo9ipj401328` (`CV_ID`),
  CONSTRAINT `FKoiik09uxujmq3oo9ipj401328` FOREIGN KEY (`CV_ID`) REFERENCES `cv` (`id`)
) ENGINE=InnoDB DEFAULT CHARSET=utf8mb3 COLLATE=utf8mb3_unicode_ci;
/*!40101 SET character_set_client = @saved_cs_client */;

--
-- Dumping data for table `work_experience`
--

LOCK TABLES `work_experience` WRITE;
/*!40000 ALTER TABLE `work_experience` DISABLE KEYS */;
INSERT INTO `work_experience` VALUES ('6f795a0d-4506-4dd7-9f72-fb27e0eb7f95','Công ty TNHH MỘT MÌNH TAOf','Làm một ngày thì bị đuổfi','2023-01-02 00:00:00','2018-09-09 00:00:00','Giam đốc công nghệf da update','92772af3-4e29-4fd2-a6e5-dd4a1c4cc14e'),('c00707b4-3467-49b4-8ba0-86dc0519fcd4','Công ty TNHH MỘT MÌNH TAOf','Làm một ngày thì bị đuổfi','2023-01-02 00:00:00','2018-09-09 00:00:00','Giam đốc công nghệf da update','92772af3-4e29-4fd2-a6e5-dd4a1c4cc14e');
/*!40000 ALTER TABLE `work_experience` ENABLE KEYS */;
UNLOCK TABLES;

--
-- Table structure for table `zone`
--

DROP TABLE IF EXISTS `zone`;
/*!40101 SET @saved_cs_client     = @@character_set_client */;
/*!50503 SET character_set_client = utf8mb4 */;
CREATE TABLE `zone` (
  `ZONE_ID` bigint NOT NULL,
  `ZONE_CODE` varchar(255) COLLATE utf8mb3_unicode_ci NOT NULL,
  `COUNTRY_ID` int NOT NULL,
  PRIMARY KEY (`ZONE_ID`),
  UNIQUE KEY `UK_4tq3p5w8k4h4easyf5t3n1jdr` (`ZONE_CODE`),
  KEY `FKhn2c1w3e1twhjg7tiwv7vuk67` (`COUNTRY_ID`),
  CONSTRAINT `FKhn2c1w3e1twhjg7tiwv7vuk67` FOREIGN KEY (`COUNTRY_ID`) REFERENCES `country` (`COUNTRY_ID`)
) ENGINE=InnoDB DEFAULT CHARSET=utf8mb3 COLLATE=utf8mb3_unicode_ci;
/*!40101 SET character_set_client = @saved_cs_client */;

--
-- Dumping data for table `zone`
--

LOCK TABLES `zone` WRITE;
/*!40000 ALTER TABLE `zone` DISABLE KEYS */;
INSERT INTO `zone` VALUES (1,'Guipuzcoa',197),(2,'HI',224),(3,'PR',224),(4,'Zamora',197),(5,'Vizcaya',197),(6,'OTR',166),(7,'Albacete',197),(8,'Lleida',197),(9,'QC',37),(10,'NRW',78),(11,'IA',224),(12,'ID',224),(13,'YT',37),(14,'Leon',197),(15,'ACorua',197),(16,'Castellon',197),(17,'LasPalmas',197),(18,'Pontevedra',197),(19,'AA',224),(20,'Teruel',197),(21,'AB',37),(22,'AC',224),(23,'IL',224),(24,'AE',224),(25,'AF',224),(26,'IN',224),(27,'AG',204),(28,'A Corua',197),(29,'AI',204),(30,'AK',224),(31,'Caceres',197),(32,'Segovia',197),(33,'AL',224),(34,'AM',224),(35,'ZG',204),(36,'Malaga',197),(37,'CEN',166),(38,'ZH',204),(39,'LaRioja',197),(40,'AP',224),(41,'Melilla',197),(42,'AR',224),(43,'AS',224),(44,'NSW',13),(45,'Madrid',197),(46,'RI',224),(47,'AZ',224),(48,'Ceuta',197),(49,'BC',37),(50,'Huelva',197),(51,'BE',204),(52,'Huesca',197),(53,'ARCH',204),(54,'BL',204),(55,'JU',204),(56,'Asturias',197),(57,'SA',13),(58,'SB',14),(59,'TIAT',14),(60,'SC',224),(61,'THE',78),(62,'SD',224),(63,'BS',204),(64,'Cordoba',197),(65,'Tarragona',197),(66,'Valladolid',197),(67,'SG',204),(68,'SH',204),(69,'WAAU',13),(70,'SK',37),(71,'NDS',78),(72,'SO',204),(73,'CA',224),(74,'NTAU',13),(75,'ST',14),(76,'KN',14),(77,'Jaen',197),(78,'ASU',166),(79,'CiudadReal',197),(80,'SZ',204),(81,'Alava',197),(82,'KS',224),(83,'CO',224),(84,'KY',224),(85,'BER',78),(86,'CT',224),(87,'ACT',13),(88,'TG',204),(89,'LA',224),(90,'HAM',78),(91,'TI',204),(92,'Lugo',197),(93,'NECH',204),(94,'TN',224),(95,'Toledo',197),(96,'DC',224),(97,'Palencia',197),(98,'DE',224),(99,'TX',224),(100,'TAS',13),(101,'QLD',13),(102,'LU',204),(103,'Burgos',197),(104,'Cadiz',197),(105,'SantaCruzdeTenerife',197),(106,'MA',224),(107,'MB',37),(108,'MD',224),(109,'Girona',197),(110,'ME',224),(111,'Alicante',197),(112,'Guadalajara',197),(113,'Cantabria',197),(114,'MH',224),(115,'MI',224),(116,'UR',204),(117,'UT',224),(118,'MN',224),(119,'MO',224),(120,'MP',224),(121,'Barcelona',197),(122,'MS',224),(123,'MT',224),(124,'Badajoz',197),(125,'MEC',78),(126,'VA',224),(127,'VB',14),(128,'Cuenca',197),(129,'WIAT',14),(130,'VD',204),(131,'Sevilla',197),(132,'VI',224),(133,'Zaragoza',197),(134,'NB',37),(135,'SAC',78),(136,'NC',224),(137,'ND',224),(138,'NE',224),(139,'NF',37),(140,'NH',224),(141,'NJ',224),(142,'VS',204),(143,'VT',224),(144,'NM',224),(145,'NO',14),(146,'SAS',78),(147,'NS',37),(148,'SAR',78),(149,'FL',224),(150,'NT',37),(151,'FM',224),(152,'NU',37),(153,'NV',224),(154,'NW',204),(155,'WA',224),(156,'NY',224),(157,'Granada',197),(158,'Soria',197),(159,'FR',204),(160,'RHE',78),(161,'Ourense',197),(162,'WI',224),(163,'OH',224),(164,'GA',224),(165,'Murcia',197),(166,'OK',224),(167,'GE',204),(168,'WV',224),(169,'ON',37),(170,'OO',14),(171,'WY',224),(172,'BLAT',14),(173,'Avila',197),(174,'OR',224),(175,'Salamanca',197),(176,'GL',204),(177,'Baleares',197),(178,'OW',204),(179,'GR',204),(180,'GU',224),(181,'PA',224),(182,'VIC',13),(183,'BRE',78),(184,'PE',37),(185,'BRG',78),(186,'HES',78),(187,'Almeria',197),(188,'BAW',78),(189,'BAY',78),(190,'Navarra',197),(191,'Valencia',197),(192,'SCN',78),(193,'AndhraPradesh',97),(194,'ArunachalPradesh',97),(195,'Assam',97),(196,'Bihar',97),(197,'Chhattisgarh',97),(198,'Goa',97),(199,'Gujarat',97),(200,'Haryana',97),(201,'HimachalPradesh',97),(202,'Jharkhand',97),(203,'Karnataka',97),(204,'Kerala',97),(205,'MadhyaPradesh',97),(206,'Maharashtra',97),(207,'Manipur',97),(208,'Meghalaya',97),(209,'Mizoram',97),(210,'Nagaland',97),(211,'Odisha',97),(212,'Punjab',97),(213,'Rajasthan',97),(214,'Sikkim',97),(215,'TamilNadu',97),(216,'Telangana',97),(217,'Tripura',97),(218,'Uttarakhand',97),(219,'WestBengal',97);
/*!40000 ALTER TABLE `zone` ENABLE KEYS */;
UNLOCK TABLES;

--
-- Table structure for table `zone_description`
--

DROP TABLE IF EXISTS `zone_description`;
/*!40101 SET @saved_cs_client     = @@character_set_client */;
/*!50503 SET character_set_client = utf8mb4 */;
CREATE TABLE `zone_description` (
  `DESCRIPTION_ID` bigint NOT NULL,
  `DATE_CREATED` datetime DEFAULT NULL,
  `DATE_MODIFIED` datetime DEFAULT NULL,
  `UPDT_ID` varchar(60) COLLATE utf8mb3_unicode_ci DEFAULT NULL,
  `DESCRIPTION` longtext COLLATE utf8mb3_unicode_ci,
  `NAME` varchar(120) COLLATE utf8mb3_unicode_ci NOT NULL,
  `TITLE` varchar(100) COLLATE utf8mb3_unicode_ci DEFAULT NULL,
  `LANGUAGE_ID` int NOT NULL,
  `ZONE_ID` bigint NOT NULL,
  PRIMARY KEY (`DESCRIPTION_ID`),
  UNIQUE KEY `UKm64laxgrv9fxm6io232ap4su9` (`ZONE_ID`,`LANGUAGE_ID`),
  KEY `FK69ybu7r3bgpcq65c77ji1udh3` (`LANGUAGE_ID`),
  CONSTRAINT `FK69ybu7r3bgpcq65c77ji1udh3` FOREIGN KEY (`LANGUAGE_ID`) REFERENCES `language` (`LANGUAGE_ID`),
  CONSTRAINT `FKpv4elin6w3b03756obqvk447f` FOREIGN KEY (`ZONE_ID`) REFERENCES `zone` (`ZONE_ID`)
) ENGINE=InnoDB DEFAULT CHARSET=utf8mb3 COLLATE=utf8mb3_unicode_ci;
/*!40101 SET character_set_client = @saved_cs_client */;

--
-- Dumping data for table `zone_description`
--

LOCK TABLES `zone_description` WRITE;
/*!40000 ALTER TABLE `zone_description` DISABLE KEYS */;
INSERT INTO `zone_description` VALUES (1,'2023-05-17 03:35:28','2023-05-17 03:35:28',NULL,NULL,'Guipuzcoa',NULL,1,1),(2,'2023-05-17 03:35:28','2023-05-17 03:35:28',NULL,NULL,'Guipuzcoa',NULL,2,1),(3,'2023-05-17 03:35:28','2023-05-17 03:35:28',NULL,NULL,'Guipuzcoa',NULL,3,1),(4,'2023-05-17 03:35:28','2023-05-17 03:35:28',NULL,NULL,'Hawaii',NULL,1,2),(5,'2023-05-17 03:35:28','2023-05-17 03:35:28',NULL,NULL,'Hawaii',NULL,2,2),(6,'2023-05-17 03:35:28','2023-05-17 03:35:28',NULL,NULL,'Hawaii',NULL,3,2),(7,'2023-05-17 03:35:28','2023-05-17 03:35:28',NULL,NULL,'Puerto Rico',NULL,1,3),(8,'2023-05-17 03:35:28','2023-05-17 03:35:28',NULL,NULL,'Puerto Rico',NULL,2,3),(9,'2023-05-17 03:35:28','2023-05-17 03:35:28',NULL,NULL,'Puerto Rico',NULL,3,3),(10,'2023-05-17 03:35:28','2023-05-17 03:35:28',NULL,NULL,'Zamora',NULL,1,4),(11,'2023-05-17 03:35:28','2023-05-17 03:35:28',NULL,NULL,'Zamora',NULL,2,4),(12,'2023-05-17 03:35:28','2023-05-17 03:35:28',NULL,NULL,'Zamora',NULL,3,4),(13,'2023-05-17 03:35:28','2023-05-17 03:35:28',NULL,NULL,'Vizcaya',NULL,1,5),(14,'2023-05-17 03:35:28','2023-05-17 03:35:28',NULL,NULL,'Vizcaya',NULL,2,5),(15,'2023-05-17 03:35:28','2023-05-17 03:35:28',NULL,NULL,'Vizcaya',NULL,3,5),(16,'2023-05-17 03:35:28','2023-05-17 03:35:28',NULL,NULL,'Other',NULL,1,6),(17,'2023-05-17 03:35:28','2023-05-17 03:35:28',NULL,NULL,'Otro',NULL,3,6),(18,'2023-05-17 03:35:28','2023-05-17 03:35:28',NULL,NULL,'Albacete',NULL,1,7),(19,'2023-05-17 03:35:28','2023-05-17 03:35:28',NULL,NULL,'Albacete',NULL,2,7),(20,'2023-05-17 03:35:28','2023-05-17 03:35:28',NULL,NULL,'Albacete',NULL,3,7),(21,'2023-05-17 03:35:28','2023-05-17 03:35:28',NULL,NULL,'Lleida',NULL,1,8),(22,'2023-05-17 03:35:28','2023-05-17 03:35:28',NULL,NULL,'Lleida',NULL,2,8),(23,'2023-05-17 03:35:28','2023-05-17 03:35:28',NULL,NULL,'Lleida',NULL,3,8),(24,'2023-05-17 03:35:28','2023-05-17 03:35:28',NULL,NULL,'Quebec',NULL,1,9),(25,'2023-05-17 03:35:28','2023-05-17 03:35:28',NULL,NULL,'Québec',NULL,2,9),(26,'2023-05-17 03:35:28','2023-05-17 03:35:28',NULL,NULL,'Quebec',NULL,3,9),(27,'2023-05-17 03:35:28','2023-05-17 03:35:28',NULL,NULL,'Nordrhein-Westfalen',NULL,1,10),(28,'2023-05-17 03:35:28','2023-05-17 03:35:28',NULL,NULL,'Nordrhein-Westfalen',NULL,2,10),(29,'2023-05-17 03:35:28','2023-05-17 03:35:28',NULL,NULL,'Nordrhein-Westfalen',NULL,3,10),(30,'2023-05-17 03:35:28','2023-05-17 03:35:28',NULL,NULL,'Iowa',NULL,1,11),(31,'2023-05-17 03:35:28','2023-05-17 03:35:28',NULL,NULL,'Iowa',NULL,2,11),(32,'2023-05-17 03:35:28','2023-05-17 03:35:28',NULL,NULL,'Iowa',NULL,3,11),(33,'2023-05-17 03:35:28','2023-05-17 03:35:28',NULL,NULL,'Idaho',NULL,1,12),(34,'2023-05-17 03:35:28','2023-05-17 03:35:28',NULL,NULL,'Idaho',NULL,2,12),(35,'2023-05-17 03:35:28','2023-05-17 03:35:28',NULL,NULL,'Idaho',NULL,3,12),(36,'2023-05-17 03:35:28','2023-05-17 03:35:28',NULL,NULL,'Yukon Territory',NULL,1,13),(37,'2023-05-17 03:35:28','2023-05-17 03:35:28',NULL,NULL,'Yukon',NULL,2,13),(38,'2023-05-17 03:35:28','2023-05-17 03:35:28',NULL,NULL,'Yukon Territory',NULL,3,13),(39,'2023-05-17 03:35:28','2023-05-17 03:35:28',NULL,NULL,'Leon',NULL,1,14),(40,'2023-05-17 03:35:28','2023-05-17 03:35:28',NULL,NULL,'Leon',NULL,2,14),(41,'2023-05-17 03:35:28','2023-05-17 03:35:28',NULL,NULL,'Leon',NULL,3,14),(42,'2023-05-17 03:35:28','2023-05-17 03:35:28',NULL,NULL,'A Corua',NULL,1,15),(43,'2023-05-17 03:35:28','2023-05-17 03:35:28',NULL,NULL,'A Corua',NULL,3,15),(44,'2023-05-17 03:35:28','2023-05-17 03:35:28',NULL,NULL,'Castellon',NULL,1,16),(45,'2023-05-17 03:35:28','2023-05-17 03:35:28',NULL,NULL,'Castellon',NULL,2,16),(46,'2023-05-17 03:35:28','2023-05-17 03:35:28',NULL,NULL,'Castellon',NULL,3,16),(47,'2023-05-17 03:35:28','2023-05-17 03:35:28',NULL,NULL,'Las Palmas',NULL,1,17),(48,'2023-05-17 03:35:28','2023-05-17 03:35:28',NULL,NULL,'Las Palmas',NULL,2,17),(49,'2023-05-17 03:35:28','2023-05-17 03:35:28',NULL,NULL,'Las Palmas',NULL,3,17),(50,'2023-05-17 03:35:29','2023-05-17 03:35:29',NULL,NULL,'Pontevedra',NULL,1,18),(51,'2023-05-17 03:35:29','2023-05-17 03:35:29',NULL,NULL,'Pontevedra',NULL,2,18),(52,'2023-05-17 03:35:29','2023-05-17 03:35:29',NULL,NULL,'Pontevedra',NULL,3,18),(53,'2023-05-17 03:35:29','2023-05-17 03:35:29',NULL,NULL,'Armed Forces Americas',NULL,1,19),(54,'2023-05-17 03:35:29','2023-05-17 03:35:29',NULL,NULL,'Armed Forces Americas',NULL,2,19),(55,'2023-05-17 03:35:29','2023-05-17 03:35:29',NULL,NULL,'Armed Forces Americas',NULL,3,19),(56,'2023-05-17 03:35:29','2023-05-17 03:35:29',NULL,NULL,'Teruel',NULL,1,20),(57,'2023-05-17 03:35:29','2023-05-17 03:35:29',NULL,NULL,'Teruel',NULL,2,20),(58,'2023-05-17 03:35:29','2023-05-17 03:35:29',NULL,NULL,'Teruel',NULL,3,20),(59,'2023-05-17 03:35:29','2023-05-17 03:35:29',NULL,NULL,'Alberta',NULL,1,21),(60,'2023-05-17 03:35:29','2023-05-17 03:35:29',NULL,NULL,'Alberta',NULL,2,21),(61,'2023-05-17 03:35:29','2023-05-17 03:35:29',NULL,NULL,'Alberta',NULL,3,21),(62,'2023-05-17 03:35:29','2023-05-17 03:35:29',NULL,NULL,'Armed Forces Canada',NULL,1,22),(63,'2023-05-17 03:35:29','2023-05-17 03:35:29',NULL,NULL,'Armed Forces Canada',NULL,2,22),(64,'2023-05-17 03:35:29','2023-05-17 03:35:29',NULL,NULL,'Armed Forces Canada',NULL,3,22),(65,'2023-05-17 03:35:29','2023-05-17 03:35:29',NULL,NULL,'Illinois',NULL,1,23),(66,'2023-05-17 03:35:29','2023-05-17 03:35:29',NULL,NULL,'Illinois',NULL,2,23),(67,'2023-05-17 03:35:29','2023-05-17 03:35:29',NULL,NULL,'Illinois',NULL,3,23),(68,'2023-05-17 03:35:29','2023-05-17 03:35:29',NULL,NULL,'Armed Forces Europe',NULL,1,24),(69,'2023-05-17 03:35:29','2023-05-17 03:35:29',NULL,NULL,'Armed Forces Europe',NULL,2,24),(70,'2023-05-17 03:35:29','2023-05-17 03:35:29',NULL,NULL,'Armed Forces Europe',NULL,3,24),(71,'2023-05-17 03:35:29','2023-05-17 03:35:29',NULL,NULL,'Armed Forces Africa',NULL,1,25),(72,'2023-05-17 03:35:29','2023-05-17 03:35:29',NULL,NULL,'Armed Forces Africa',NULL,2,25),(73,'2023-05-17 03:35:29','2023-05-17 03:35:29',NULL,NULL,'Armed Forces Africa',NULL,3,25),(74,'2023-05-17 03:35:29','2023-05-17 03:35:29',NULL,NULL,'Indiana',NULL,1,26),(75,'2023-05-17 03:35:29','2023-05-17 03:35:29',NULL,NULL,'Indiana',NULL,2,26),(76,'2023-05-17 03:35:29','2023-05-17 03:35:29',NULL,NULL,'Indiana',NULL,3,26),(77,'2023-05-17 03:35:29','2023-05-17 03:35:29',NULL,NULL,'Aargau',NULL,1,27),(78,'2023-05-17 03:35:29','2023-05-17 03:35:29',NULL,NULL,'Aargau',NULL,2,27),(79,'2023-05-17 03:35:29','2023-05-17 03:35:29',NULL,NULL,'Aargau',NULL,3,27),(80,'2023-05-17 03:35:29','2023-05-17 03:35:29',NULL,NULL,'A Corua',NULL,2,28),(81,'2023-05-17 03:35:30','2023-05-17 03:35:30',NULL,NULL,'Appenzell Innerrhoden',NULL,1,29),(82,'2023-05-17 03:35:30','2023-05-17 03:35:30',NULL,NULL,'Appenzell Innerrhoden',NULL,2,29),(83,'2023-05-17 03:35:30','2023-05-17 03:35:30',NULL,NULL,'Appenzell Innerrhoden',NULL,3,29),(84,'2023-05-17 03:35:30','2023-05-17 03:35:30',NULL,NULL,'Alaska',NULL,1,30),(85,'2023-05-17 03:35:30','2023-05-17 03:35:30',NULL,NULL,'Alaska',NULL,2,30),(86,'2023-05-17 03:35:30','2023-05-17 03:35:30',NULL,NULL,'Alaska',NULL,3,30),(87,'2023-05-17 03:35:30','2023-05-17 03:35:30',NULL,NULL,'Caceres',NULL,1,31),(88,'2023-05-17 03:35:30','2023-05-17 03:35:30',NULL,NULL,'Caceres',NULL,2,31),(89,'2023-05-17 03:35:30','2023-05-17 03:35:30',NULL,NULL,'Caceres',NULL,3,31),(90,'2023-05-17 03:35:30','2023-05-17 03:35:30',NULL,NULL,'Segovia',NULL,1,32),(91,'2023-05-17 03:35:30','2023-05-17 03:35:30',NULL,NULL,'Segovia',NULL,2,32),(92,'2023-05-17 03:35:30','2023-05-17 03:35:30',NULL,NULL,'Segovia',NULL,3,32),(93,'2023-05-17 03:35:30','2023-05-17 03:35:30',NULL,NULL,'Alabama',NULL,1,33),(94,'2023-05-17 03:35:30','2023-05-17 03:35:30',NULL,NULL,'Alabama',NULL,2,33),(95,'2023-05-17 03:35:30','2023-05-17 03:35:30',NULL,NULL,'Alabama',NULL,3,33),(96,'2023-05-17 03:35:30','2023-05-17 03:35:30',NULL,NULL,'Armed Forces Middle East',NULL,1,34),(97,'2023-05-17 03:35:30','2023-05-17 03:35:30',NULL,NULL,'Armed Forces Middle East',NULL,2,34),(98,'2023-05-17 03:35:30','2023-05-17 03:35:30',NULL,NULL,'Armed Forces Middle East',NULL,3,34),(99,'2023-05-17 03:35:30','2023-05-17 03:35:30',NULL,NULL,'Zug',NULL,1,35),(100,'2023-05-17 03:35:30','2023-05-17 03:35:30',NULL,NULL,'Zug',NULL,2,35),(101,'2023-05-17 03:35:30','2023-05-17 03:35:30',NULL,NULL,'Zug',NULL,3,35),(102,'2023-05-17 03:35:30','2023-05-17 03:35:30',NULL,NULL,'Malaga',NULL,1,36),(103,'2023-05-17 03:35:30','2023-05-17 03:35:30',NULL,NULL,'Malaga',NULL,2,36),(104,'2023-05-17 03:35:30','2023-05-17 03:35:30',NULL,NULL,'Malaga',NULL,3,36),(105,'2023-05-17 03:35:30','2023-05-17 03:35:30',NULL,NULL,'Central',NULL,1,37),(106,'2023-05-17 03:35:30','2023-05-17 03:35:30',NULL,NULL,'Central',NULL,3,37),(107,'2023-05-17 03:35:30','2023-05-17 03:35:30',NULL,NULL,'Zrich',NULL,1,38),(108,'2023-05-17 03:35:30','2023-05-17 03:35:30',NULL,NULL,'Zrich',NULL,2,38),(109,'2023-05-17 03:35:30','2023-05-17 03:35:30',NULL,NULL,'Zrich',NULL,3,38),(110,'2023-05-17 03:35:30','2023-05-17 03:35:30',NULL,NULL,'La Rioja',NULL,1,39),(111,'2023-05-17 03:35:30','2023-05-17 03:35:30',NULL,NULL,'La Rioja',NULL,2,39),(112,'2023-05-17 03:35:30','2023-05-17 03:35:30',NULL,NULL,'La Rioja',NULL,3,39),(113,'2023-05-17 03:35:30','2023-05-17 03:35:30',NULL,NULL,'Armed Forces Pacific',NULL,1,40),(114,'2023-05-17 03:35:30','2023-05-17 03:35:30',NULL,NULL,'Armed Forces Pacific',NULL,2,40),(115,'2023-05-17 03:35:30','2023-05-17 03:35:30',NULL,NULL,'Armed Forces Pacific',NULL,3,40),(116,'2023-05-17 03:35:30','2023-05-17 03:35:30',NULL,NULL,'Melilla',NULL,1,41),(117,'2023-05-17 03:35:30','2023-05-17 03:35:30',NULL,NULL,'Melilla',NULL,2,41),(118,'2023-05-17 03:35:30','2023-05-17 03:35:30',NULL,NULL,'Melilla',NULL,3,41),(119,'2023-05-17 03:35:30','2023-05-17 03:35:30',NULL,NULL,'Arkansas',NULL,1,42),(120,'2023-05-17 03:35:30','2023-05-17 03:35:30',NULL,NULL,'Arkansas',NULL,2,42),(121,'2023-05-17 03:35:30','2023-05-17 03:35:30',NULL,NULL,'Arkansas',NULL,3,42),(122,'2023-05-17 03:35:31','2023-05-17 03:35:31',NULL,NULL,'American Samoa',NULL,1,43),(123,'2023-05-17 03:35:31','2023-05-17 03:35:31',NULL,NULL,'American Samoa',NULL,2,43),(124,'2023-05-17 03:35:31','2023-05-17 03:35:31',NULL,NULL,'American Samoa',NULL,3,43),(125,'2023-05-17 03:35:31','2023-05-17 03:35:31',NULL,NULL,'New South Wales',NULL,1,44),(126,'2023-05-17 03:35:31','2023-05-17 03:35:31',NULL,NULL,'Nouvelle-Galles du Sud',NULL,2,44),(127,'2023-05-17 03:35:31','2023-05-17 03:35:31',NULL,NULL,'New South Wales',NULL,3,44),(128,'2023-05-17 03:35:31','2023-05-17 03:35:31',NULL,NULL,'Madrid',NULL,1,45),(129,'2023-05-17 03:35:31','2023-05-17 03:35:31',NULL,NULL,'Madrid',NULL,2,45),(130,'2023-05-17 03:35:31','2023-05-17 03:35:31',NULL,NULL,'Madrid',NULL,3,45),(131,'2023-05-17 03:35:31','2023-05-17 03:35:31',NULL,NULL,'Rhode Island',NULL,1,46),(132,'2023-05-17 03:35:31','2023-05-17 03:35:31',NULL,NULL,'Rhode Island',NULL,2,46),(133,'2023-05-17 03:35:31','2023-05-17 03:35:31',NULL,NULL,'Rhode Island',NULL,3,46),(134,'2023-05-17 03:35:31','2023-05-17 03:35:31',NULL,NULL,'Arizona',NULL,1,47),(135,'2023-05-17 03:35:31','2023-05-17 03:35:31',NULL,NULL,'Arizona',NULL,2,47),(136,'2023-05-17 03:35:31','2023-05-17 03:35:31',NULL,NULL,'Arizona',NULL,3,47),(137,'2023-05-17 03:35:31','2023-05-17 03:35:31',NULL,NULL,'Ceuta',NULL,1,48),(138,'2023-05-17 03:35:31','2023-05-17 03:35:31',NULL,NULL,'Ceuta',NULL,2,48),(139,'2023-05-17 03:35:31','2023-05-17 03:35:31',NULL,NULL,'Ceuta',NULL,3,48),(140,'2023-05-17 03:35:31','2023-05-17 03:35:31',NULL,NULL,'British Columbia',NULL,1,49),(141,'2023-05-17 03:35:31','2023-05-17 03:35:31',NULL,NULL,'Colombie Britanique',NULL,2,49),(142,'2023-05-17 03:35:31','2023-05-17 03:35:31',NULL,NULL,'British Columbia',NULL,3,49),(143,'2023-05-17 03:35:31','2023-05-17 03:35:31',NULL,NULL,'Huelva',NULL,1,50),(144,'2023-05-17 03:35:31','2023-05-17 03:35:31',NULL,NULL,'Huelva',NULL,2,50),(145,'2023-05-17 03:35:31','2023-05-17 03:35:31',NULL,NULL,'Huelva',NULL,3,50),(146,'2023-05-17 03:35:31','2023-05-17 03:35:31',NULL,NULL,'Bern',NULL,1,51),(147,'2023-05-17 03:35:31','2023-05-17 03:35:31',NULL,NULL,'Bern',NULL,2,51),(148,'2023-05-17 03:35:31','2023-05-17 03:35:31',NULL,NULL,'Bern',NULL,3,51),(149,'2023-05-17 03:35:31','2023-05-17 03:35:31',NULL,NULL,'Huesca',NULL,1,52),(150,'2023-05-17 03:35:31','2023-05-17 03:35:31',NULL,NULL,'Huesca',NULL,2,52),(151,'2023-05-17 03:35:31','2023-05-17 03:35:31',NULL,NULL,'Huesca',NULL,3,52),(152,'2023-05-17 03:35:31','2023-05-17 03:35:31',NULL,NULL,'Appenzell Ausserrhoden',NULL,1,53),(153,'2023-05-17 03:35:31','2023-05-17 03:35:31',NULL,NULL,'Appenzell Ausserrhoden',NULL,2,53),(154,'2023-05-17 03:35:31','2023-05-17 03:35:31',NULL,NULL,'Appenzell Ausserrhoden',NULL,3,53),(155,'2023-05-17 03:35:31','2023-05-17 03:35:31',NULL,NULL,'Basel-Landschaft',NULL,1,54),(156,'2023-05-17 03:35:31','2023-05-17 03:35:31',NULL,NULL,'Basel-Landschaft',NULL,2,54),(157,'2023-05-17 03:35:31','2023-05-17 03:35:31',NULL,NULL,'Basel-Landschaft',NULL,3,54),(158,'2023-05-17 03:35:31','2023-05-17 03:35:31',NULL,NULL,'Jura',NULL,1,55),(159,'2023-05-17 03:35:31','2023-05-17 03:35:31',NULL,NULL,'Jura',NULL,2,55),(160,'2023-05-17 03:35:31','2023-05-17 03:35:31',NULL,NULL,'Jura',NULL,3,55),(161,'2023-05-17 03:35:31','2023-05-17 03:35:31',NULL,NULL,'Asturias',NULL,1,56),(162,'2023-05-17 03:35:31','2023-05-17 03:35:31',NULL,NULL,'Asturias',NULL,2,56),(163,'2023-05-17 03:35:31','2023-05-17 03:35:31',NULL,NULL,'Asturias',NULL,3,56),(164,'2023-05-17 03:35:31','2023-05-17 03:35:31',NULL,NULL,'South Australia',NULL,1,57),(165,'2023-05-17 03:35:31','2023-05-17 03:35:31',NULL,NULL,'Australie-Mridionale',NULL,2,57),(166,'2023-05-17 03:35:31','2023-05-17 03:35:31',NULL,NULL,'South Australia',NULL,3,57),(167,'2023-05-17 03:35:31','2023-05-17 03:35:31',NULL,NULL,'Salzburg',NULL,1,58),(168,'2023-05-17 03:35:31','2023-05-17 03:35:31',NULL,NULL,'Salzburg',NULL,2,58),(169,'2023-05-17 03:35:31','2023-05-17 03:35:31',NULL,NULL,'Salzburg',NULL,3,58),(170,'2023-05-17 03:35:31','2023-05-17 03:35:31',NULL,NULL,'Tirol',NULL,1,59),(171,'2023-05-17 03:35:31','2023-05-17 03:35:31',NULL,NULL,'Tirol',NULL,2,59),(172,'2023-05-17 03:35:31','2023-05-17 03:35:31',NULL,NULL,'Tirol',NULL,3,59),(173,'2023-05-17 03:35:31','2023-05-17 03:35:31',NULL,NULL,'South Carolina',NULL,1,60),(174,'2023-05-17 03:35:31','2023-05-17 03:35:31',NULL,NULL,'Caroline du Sud',NULL,2,60),(175,'2023-05-17 03:35:31','2023-05-17 03:35:31',NULL,NULL,'South Carolina',NULL,3,60),(176,'2023-05-17 03:35:31','2023-05-17 03:35:31',NULL,NULL,'Thringen',NULL,1,61),(177,'2023-05-17 03:35:31','2023-05-17 03:35:31',NULL,NULL,'Thringen',NULL,2,61),(178,'2023-05-17 03:35:31','2023-05-17 03:35:31',NULL,NULL,'Thringen',NULL,3,61),(179,'2023-05-17 03:35:31','2023-05-17 03:35:31',NULL,NULL,'South Dakota',NULL,1,62),(180,'2023-05-17 03:35:31','2023-05-17 03:35:31',NULL,NULL,'Dakota du Sud',NULL,2,62),(181,'2023-05-17 03:35:31','2023-05-17 03:35:31',NULL,NULL,'South Dakota',NULL,3,62),(182,'2023-05-17 03:35:31','2023-05-17 03:35:31',NULL,NULL,'Basel-Stadt',NULL,1,63),(183,'2023-05-17 03:35:31','2023-05-17 03:35:31',NULL,NULL,'Basel-Stadt',NULL,2,63),(184,'2023-05-17 03:35:31','2023-05-17 03:35:31',NULL,NULL,'Basel-Stadt',NULL,3,63),(185,'2023-05-17 03:35:31','2023-05-17 03:35:31',NULL,NULL,'Cordoba',NULL,1,64),(186,'2023-05-17 03:35:31','2023-05-17 03:35:31',NULL,NULL,'Cordoba',NULL,2,64),(187,'2023-05-17 03:35:31','2023-05-17 03:35:31',NULL,NULL,'Cordoba',NULL,3,64),(188,'2023-05-17 03:35:31','2023-05-17 03:35:31',NULL,NULL,'Tarragona',NULL,1,65),(189,'2023-05-17 03:35:31','2023-05-17 03:35:31',NULL,NULL,'Tarragona',NULL,2,65),(190,'2023-05-17 03:35:31','2023-05-17 03:35:31',NULL,NULL,'Tarragona',NULL,3,65),(191,'2023-05-17 03:35:31','2023-05-17 03:35:31',NULL,NULL,'Valladolid',NULL,1,66),(192,'2023-05-17 03:35:31','2023-05-17 03:35:31',NULL,NULL,'Valladolid',NULL,2,66),(193,'2023-05-17 03:35:32','2023-05-17 03:35:32',NULL,NULL,'Valladolid',NULL,3,66),(194,'2023-05-17 03:35:32','2023-05-17 03:35:32',NULL,NULL,'St. Gallen',NULL,1,67),(195,'2023-05-17 03:35:32','2023-05-17 03:35:32',NULL,NULL,'St. Gallen',NULL,2,67),(196,'2023-05-17 03:35:32','2023-05-17 03:35:32',NULL,NULL,'St. Gallen',NULL,3,67),(197,'2023-05-17 03:35:32','2023-05-17 03:35:32',NULL,NULL,'Schaffhausen',NULL,1,68),(198,'2023-05-17 03:35:32','2023-05-17 03:35:32',NULL,NULL,'Schaffhausen',NULL,2,68),(199,'2023-05-17 03:35:32','2023-05-17 03:35:32',NULL,NULL,'Schaffhausen',NULL,3,68),(200,'2023-05-17 03:35:32','2023-05-17 03:35:32',NULL,NULL,'Western Australia',NULL,1,69),(201,'2023-05-17 03:35:32','2023-05-17 03:35:32',NULL,NULL,'Australie-Occidentale',NULL,2,69),(202,'2023-05-17 03:35:32','2023-05-17 03:35:32',NULL,NULL,'Western Australia',NULL,3,69),(203,'2023-05-17 03:35:32','2023-05-17 03:35:32',NULL,NULL,'Saskatchewan',NULL,1,70),(204,'2023-05-17 03:35:32','2023-05-17 03:35:32',NULL,NULL,'Saskatchewan',NULL,2,70),(205,'2023-05-17 03:35:32','2023-05-17 03:35:32',NULL,NULL,'Saskatchewan',NULL,3,70),(206,'2023-05-17 03:35:32','2023-05-17 03:35:32',NULL,NULL,'Niedersachsen',NULL,1,71),(207,'2023-05-17 03:35:32','2023-05-17 03:35:32',NULL,NULL,'Niedersachsen',NULL,2,71),(208,'2023-05-17 03:35:32','2023-05-17 03:35:32',NULL,NULL,'Niedersachsen',NULL,3,71),(209,'2023-05-17 03:35:32','2023-05-17 03:35:32',NULL,NULL,'Solothurn',NULL,1,72),(210,'2023-05-17 03:35:32','2023-05-17 03:35:32',NULL,NULL,'Solothurn',NULL,2,72),(211,'2023-05-17 03:35:32','2023-05-17 03:35:32',NULL,NULL,'Solothurn',NULL,3,72),(212,'2023-05-17 03:35:32','2023-05-17 03:35:32',NULL,NULL,'California',NULL,1,73),(213,'2023-05-17 03:35:32','2023-05-17 03:35:32',NULL,NULL,'Californie',NULL,2,73),(214,'2023-05-17 03:35:32','2023-05-17 03:35:32',NULL,NULL,'California',NULL,3,73),(215,'2023-05-17 03:35:32','2023-05-17 03:35:32',NULL,NULL,'Northern Territory',NULL,1,74),(216,'2023-05-17 03:35:32','2023-05-17 03:35:32',NULL,NULL,'Territoire du Nord',NULL,2,74),(217,'2023-05-17 03:35:32','2023-05-17 03:35:32',NULL,NULL,'Northern Territory',NULL,3,74),(218,'2023-05-17 03:35:32','2023-05-17 03:35:32',NULL,NULL,'Steiermark',NULL,1,75),(219,'2023-05-17 03:35:32','2023-05-17 03:35:32',NULL,NULL,'Steiermark',NULL,2,75),(220,'2023-05-17 03:35:32','2023-05-17 03:35:32',NULL,NULL,'Steiermark',NULL,3,75),(221,'2023-05-17 03:35:32','2023-05-17 03:35:32',NULL,NULL,'Katen',NULL,1,76),(222,'2023-05-17 03:35:32','2023-05-17 03:35:32',NULL,NULL,'Karten',NULL,2,76),(223,'2023-05-17 03:35:32','2023-05-17 03:35:32',NULL,NULL,'Katen',NULL,3,76),(224,'2023-05-17 03:35:32','2023-05-17 03:35:32',NULL,NULL,'Jaen',NULL,1,77),(225,'2023-05-17 03:35:32','2023-05-17 03:35:32',NULL,NULL,'Jaen',NULL,2,77),(226,'2023-05-17 03:35:32','2023-05-17 03:35:32',NULL,NULL,'Jaen',NULL,3,77),(227,'2023-05-17 03:35:32','2023-05-17 03:35:32',NULL,NULL,'Asuncion',NULL,1,78),(228,'2023-05-17 03:35:32','2023-05-17 03:35:32',NULL,NULL,'Asunción',NULL,3,78),(229,'2023-05-17 03:35:32','2023-05-17 03:35:32',NULL,NULL,'Ciudad Real',NULL,1,79),(230,'2023-05-17 03:35:32','2023-05-17 03:35:32',NULL,NULL,'Ciudad Real',NULL,2,79),(231,'2023-05-17 03:35:32','2023-05-17 03:35:32',NULL,NULL,'Ciudad Real',NULL,3,79),(232,'2023-05-17 03:35:32','2023-05-17 03:35:32',NULL,NULL,'Schwyz',NULL,1,80),(233,'2023-05-17 03:35:32','2023-05-17 03:35:32',NULL,NULL,'Schwyz',NULL,2,80),(234,'2023-05-17 03:35:32','2023-05-17 03:35:32',NULL,NULL,'Schwyz',NULL,3,80),(235,'2023-05-17 03:35:32','2023-05-17 03:35:32',NULL,NULL,'Alava',NULL,1,81),(236,'2023-05-17 03:35:32','2023-05-17 03:35:32',NULL,NULL,'Alava',NULL,2,81),(237,'2023-05-17 03:35:32','2023-05-17 03:35:32',NULL,NULL,'Alava',NULL,3,81),(238,'2023-05-17 03:35:32','2023-05-17 03:35:32',NULL,NULL,'Kansas',NULL,1,82),(239,'2023-05-17 03:35:32','2023-05-17 03:35:32',NULL,NULL,'Kansas',NULL,2,82),(240,'2023-05-17 03:35:32','2023-05-17 03:35:32',NULL,NULL,'Kansas',NULL,3,82),(241,'2023-05-17 03:35:32','2023-05-17 03:35:32',NULL,NULL,'Colorado',NULL,1,83),(242,'2023-05-17 03:35:32','2023-05-17 03:35:32',NULL,NULL,'Colorado',NULL,2,83),(243,'2023-05-17 03:35:32','2023-05-17 03:35:32',NULL,NULL,'Colorado',NULL,3,83),(244,'2023-05-17 03:35:32','2023-05-17 03:35:32',NULL,NULL,'Kentucky',NULL,1,84),(245,'2023-05-17 03:35:32','2023-05-17 03:35:32',NULL,NULL,'Kentucky',NULL,2,84),(246,'2023-05-17 03:35:32','2023-05-17 03:35:32',NULL,NULL,'Kentucky',NULL,3,84),(247,'2023-05-17 03:35:32','2023-05-17 03:35:32',NULL,NULL,'Berlin',NULL,1,85),(248,'2023-05-17 03:35:32','2023-05-17 03:35:32',NULL,NULL,'Berlin',NULL,2,85),(249,'2023-05-17 03:35:32','2023-05-17 03:35:32',NULL,NULL,'Berlin',NULL,3,85),(250,'2023-05-17 03:35:32','2023-05-17 03:35:32',NULL,NULL,'Connecticut',NULL,1,86),(251,'2023-05-17 03:35:32','2023-05-17 03:35:32',NULL,NULL,'Connecticut',NULL,2,86),(252,'2023-05-17 03:35:32','2023-05-17 03:35:32',NULL,NULL,'Connecticut',NULL,3,86),(253,'2023-05-17 03:35:32','2023-05-17 03:35:32',NULL,NULL,'Australian Capital Territory',NULL,1,87),(254,'2023-05-17 03:35:32','2023-05-17 03:35:32',NULL,NULL,'Territoire de la capitale australienne',NULL,2,87),(255,'2023-05-17 03:35:33','2023-05-17 03:35:33',NULL,NULL,'Australian Capital Territory',NULL,3,87),(256,'2023-05-17 03:35:33','2023-05-17 03:35:33',NULL,NULL,'Thurgau',NULL,1,88),(257,'2023-05-17 03:35:33','2023-05-17 03:35:33',NULL,NULL,'Thurgau',NULL,2,88),(258,'2023-05-17 03:35:33','2023-05-17 03:35:33',NULL,NULL,'Thurgau',NULL,3,88),(259,'2023-05-17 03:35:33','2023-05-17 03:35:33',NULL,NULL,'Louisiana',NULL,1,89),(260,'2023-05-17 03:35:33','2023-05-17 03:35:33',NULL,NULL,'Louisiane',NULL,2,89),(261,'2023-05-17 03:35:33','2023-05-17 03:35:33',NULL,NULL,'Louisiana',NULL,3,89),(262,'2023-05-17 03:35:33','2023-05-17 03:35:33',NULL,NULL,'Hamburg',NULL,1,90),(263,'2023-05-17 03:35:33','2023-05-17 03:35:33',NULL,NULL,'Hamburg',NULL,2,90),(264,'2023-05-17 03:35:33','2023-05-17 03:35:33',NULL,NULL,'Hamburg',NULL,3,90),(265,'2023-05-17 03:35:33','2023-05-17 03:35:33',NULL,NULL,'Tessin',NULL,1,91),(266,'2023-05-17 03:35:33','2023-05-17 03:35:33',NULL,NULL,'Tessin',NULL,2,91),(267,'2023-05-17 03:35:33','2023-05-17 03:35:33',NULL,NULL,'Tessin',NULL,3,91),(268,'2023-05-17 03:35:33','2023-05-17 03:35:33',NULL,NULL,'Lugo',NULL,1,92),(269,'2023-05-17 03:35:33','2023-05-17 03:35:33',NULL,NULL,'Lugo',NULL,2,92),(270,'2023-05-17 03:35:33','2023-05-17 03:35:33',NULL,NULL,'Lugo',NULL,3,92),(271,'2023-05-17 03:35:33','2023-05-17 03:35:33',NULL,NULL,'Neuenburg',NULL,1,93),(272,'2023-05-17 03:35:33','2023-05-17 03:35:33',NULL,NULL,'Neuenburg',NULL,2,93),(273,'2023-05-17 03:35:33','2023-05-17 03:35:33',NULL,NULL,'Neuenburg',NULL,3,93),(274,'2023-05-17 03:35:33','2023-05-17 03:35:33',NULL,NULL,'Tennessee',NULL,1,94),(275,'2023-05-17 03:35:33','2023-05-17 03:35:33',NULL,NULL,'Tennessee',NULL,2,94),(276,'2023-05-17 03:35:33','2023-05-17 03:35:33',NULL,NULL,'Tennessee',NULL,3,94),(277,'2023-05-17 03:35:33','2023-05-17 03:35:33',NULL,NULL,'Toledo',NULL,1,95),(278,'2023-05-17 03:35:33','2023-05-17 03:35:33',NULL,NULL,'Toledo',NULL,2,95),(279,'2023-05-17 03:35:33','2023-05-17 03:35:33',NULL,NULL,'Toledo',NULL,3,95),(280,'2023-05-17 03:35:33','2023-05-17 03:35:33',NULL,NULL,'District of Columbia',NULL,1,96),(281,'2023-05-17 03:35:33','2023-05-17 03:35:33',NULL,NULL,'District de Columbia',NULL,2,96),(282,'2023-05-17 03:35:33','2023-05-17 03:35:33',NULL,NULL,'District of Columbia',NULL,3,96),(283,'2023-05-17 03:35:33','2023-05-17 03:35:33',NULL,NULL,'Palencia',NULL,1,97),(284,'2023-05-17 03:35:33','2023-05-17 03:35:33',NULL,NULL,'Palencia',NULL,2,97),(285,'2023-05-17 03:35:33','2023-05-17 03:35:33',NULL,NULL,'Palencia',NULL,3,97),(286,'2023-05-17 03:35:33','2023-05-17 03:35:33',NULL,NULL,'Delaware',NULL,1,98),(287,'2023-05-17 03:35:33','2023-05-17 03:35:33',NULL,NULL,'Delaware',NULL,2,98),(288,'2023-05-17 03:35:33','2023-05-17 03:35:33',NULL,NULL,'Delaware',NULL,3,98),(289,'2023-05-17 03:35:33','2023-05-17 03:35:33',NULL,NULL,'Texas',NULL,1,99),(290,'2023-05-17 03:35:33','2023-05-17 03:35:33',NULL,NULL,'Texas',NULL,2,99),(291,'2023-05-17 03:35:33','2023-05-17 03:35:33',NULL,NULL,'Texas',NULL,3,99),(292,'2023-05-17 03:35:33','2023-05-17 03:35:33',NULL,NULL,'Tasmania',NULL,1,100),(293,'2023-05-17 03:35:33','2023-05-17 03:35:33',NULL,NULL,'Tasmanie',NULL,2,100),(294,'2023-05-17 03:35:33','2023-05-17 03:35:33',NULL,NULL,'Tasmania',NULL,3,100),(295,'2023-05-17 03:35:33','2023-05-17 03:35:33',NULL,NULL,'Queensland',NULL,1,101),(296,'2023-05-17 03:35:33','2023-05-17 03:35:33',NULL,NULL,'Queensland',NULL,2,101),(297,'2023-05-17 03:35:33','2023-05-17 03:35:33',NULL,NULL,'Queensland',NULL,3,101),(298,'2023-05-17 03:35:33','2023-05-17 03:35:33',NULL,NULL,'Luzern',NULL,1,102),(299,'2023-05-17 03:35:33','2023-05-17 03:35:33',NULL,NULL,'Luzern',NULL,2,102),(300,'2023-05-17 03:35:33','2023-05-17 03:35:33',NULL,NULL,'Luzern',NULL,3,102),(301,'2023-05-17 03:35:33','2023-05-17 03:35:33',NULL,NULL,'Burgos',NULL,1,103),(302,'2023-05-17 03:35:33','2023-05-17 03:35:33',NULL,NULL,'Burgos',NULL,2,103),(303,'2023-05-17 03:35:33','2023-05-17 03:35:33',NULL,NULL,'Burgos',NULL,3,103),(304,'2023-05-17 03:35:33','2023-05-17 03:35:33',NULL,NULL,'Cadiz',NULL,1,104),(305,'2023-05-17 03:35:33','2023-05-17 03:35:33',NULL,NULL,'Cadiz',NULL,2,104),(306,'2023-05-17 03:35:33','2023-05-17 03:35:33',NULL,NULL,'Cadiz',NULL,3,104),(307,'2023-05-17 03:35:33','2023-05-17 03:35:33',NULL,NULL,'Santa Cruz de Tenerife',NULL,1,105),(308,'2023-05-17 03:35:33','2023-05-17 03:35:33',NULL,NULL,'Santa Cruz de Tenerife',NULL,2,105),(309,'2023-05-17 03:35:33','2023-05-17 03:35:33',NULL,NULL,'Santa Cruz de Tenerife',NULL,3,105),(310,'2023-05-17 03:35:33','2023-05-17 03:35:33',NULL,NULL,'Massachusetts',NULL,1,106),(311,'2023-05-17 03:35:33','2023-05-17 03:35:33',NULL,NULL,'Massachusetts',NULL,2,106),(312,'2023-05-17 03:35:33','2023-05-17 03:35:33',NULL,NULL,'Massachusetts',NULL,3,106),(313,'2023-05-17 03:35:33','2023-05-17 03:35:33',NULL,NULL,'Manitoba',NULL,1,107),(314,'2023-05-17 03:35:33','2023-05-17 03:35:33',NULL,NULL,'Manitoba',NULL,2,107),(315,'2023-05-17 03:35:33','2023-05-17 03:35:33',NULL,NULL,'Manitoba',NULL,3,107),(316,'2023-05-17 03:35:33','2023-05-17 03:35:33',NULL,NULL,'Maryland',NULL,1,108),(317,'2023-05-17 03:35:33','2023-05-17 03:35:33',NULL,NULL,'Maryland',NULL,2,108),(318,'2023-05-17 03:35:33','2023-05-17 03:35:33',NULL,NULL,'Maryland',NULL,3,108),(319,'2023-05-17 03:35:33','2023-05-17 03:35:33',NULL,NULL,'Girona',NULL,1,109),(320,'2023-05-17 03:35:33','2023-05-17 03:35:33',NULL,NULL,'Girona',NULL,2,109),(321,'2023-05-17 03:35:34','2023-05-17 03:35:34',NULL,NULL,'Girona',NULL,3,109),(322,'2023-05-17 03:35:34','2023-05-17 03:35:34',NULL,NULL,'Maine',NULL,1,110),(323,'2023-05-17 03:35:34','2023-05-17 03:35:34',NULL,NULL,'Maine',NULL,2,110),(324,'2023-05-17 03:35:34','2023-05-17 03:35:34',NULL,NULL,'Maine',NULL,3,110),(325,'2023-05-17 03:35:34','2023-05-17 03:35:34',NULL,NULL,'Alicante',NULL,1,111),(326,'2023-05-17 03:35:34','2023-05-17 03:35:34',NULL,NULL,'Alicante',NULL,2,111),(327,'2023-05-17 03:35:34','2023-05-17 03:35:34',NULL,NULL,'Alicante',NULL,3,111),(328,'2023-05-17 03:35:34','2023-05-17 03:35:34',NULL,NULL,'Guadalajara',NULL,1,112),(329,'2023-05-17 03:35:34','2023-05-17 03:35:34',NULL,NULL,'Guadalajara',NULL,2,112),(330,'2023-05-17 03:35:34','2023-05-17 03:35:34',NULL,NULL,'Guadalajara',NULL,3,112),(331,'2023-05-17 03:35:34','2023-05-17 03:35:34',NULL,NULL,'Cantabria',NULL,1,113),(332,'2023-05-17 03:35:34','2023-05-17 03:35:34',NULL,NULL,'Cantabria',NULL,2,113),(333,'2023-05-17 03:35:34','2023-05-17 03:35:34',NULL,NULL,'Cantabria',NULL,3,113),(334,'2023-05-17 03:35:34','2023-05-17 03:35:34',NULL,NULL,'Marshall Islands',NULL,1,114),(335,'2023-05-17 03:35:34','2023-05-17 03:35:34',NULL,NULL,'Marshall Islands',NULL,2,114),(336,'2023-05-17 03:35:34','2023-05-17 03:35:34',NULL,NULL,'Marshall Islands',NULL,3,114),(337,'2023-05-17 03:35:34','2023-05-17 03:35:34',NULL,NULL,'Michigan',NULL,1,115),(338,'2023-05-17 03:35:34','2023-05-17 03:35:34',NULL,NULL,'Michigan',NULL,2,115),(339,'2023-05-17 03:35:34','2023-05-17 03:35:34',NULL,NULL,'Michigan',NULL,3,115),(340,'2023-05-17 03:35:34','2023-05-17 03:35:34',NULL,NULL,'Uri',NULL,1,116),(341,'2023-05-17 03:35:34','2023-05-17 03:35:34',NULL,NULL,'Uri',NULL,2,116),(342,'2023-05-17 03:35:34','2023-05-17 03:35:34',NULL,NULL,'Uri',NULL,3,116),(343,'2023-05-17 03:35:34','2023-05-17 03:35:34',NULL,NULL,'Utah',NULL,1,117),(344,'2023-05-17 03:35:34','2023-05-17 03:35:34',NULL,NULL,'Utah',NULL,2,117),(345,'2023-05-17 03:35:34','2023-05-17 03:35:34',NULL,NULL,'Utah',NULL,3,117),(346,'2023-05-17 03:35:34','2023-05-17 03:35:34',NULL,NULL,'Minnesota',NULL,1,118),(347,'2023-05-17 03:35:34','2023-05-17 03:35:34',NULL,NULL,'Minnesota',NULL,2,118),(348,'2023-05-17 03:35:34','2023-05-17 03:35:34',NULL,NULL,'Minnesota',NULL,3,118),(349,'2023-05-17 03:35:34','2023-05-17 03:35:34',NULL,NULL,'Missouri',NULL,1,119),(350,'2023-05-17 03:35:34','2023-05-17 03:35:34',NULL,NULL,'Missouri',NULL,2,119),(351,'2023-05-17 03:35:34','2023-05-17 03:35:34',NULL,NULL,'Missouri',NULL,3,119),(352,'2023-05-17 03:35:34','2023-05-17 03:35:34',NULL,NULL,'Northern Mariana Islands',NULL,1,120),(353,'2023-05-17 03:35:34','2023-05-17 03:35:34',NULL,NULL,'Northern Mariana Islands',NULL,2,120),(354,'2023-05-17 03:35:34','2023-05-17 03:35:34',NULL,NULL,'Northern Mariana Islands',NULL,3,120),(355,'2023-05-17 03:35:34','2023-05-17 03:35:34',NULL,NULL,'Barcelona',NULL,1,121),(356,'2023-05-17 03:35:34','2023-05-17 03:35:34',NULL,NULL,'Barcelona',NULL,2,121),(357,'2023-05-17 03:35:34','2023-05-17 03:35:34',NULL,NULL,'Barcelona',NULL,3,121),(358,'2023-05-17 03:35:34','2023-05-17 03:35:34',NULL,NULL,'Mississippi',NULL,1,122),(359,'2023-05-17 03:35:34','2023-05-17 03:35:34',NULL,NULL,'Mississippi',NULL,2,122),(360,'2023-05-17 03:35:34','2023-05-17 03:35:34',NULL,NULL,'Mississippi',NULL,3,122),(361,'2023-05-17 03:35:34','2023-05-17 03:35:34',NULL,NULL,'Montana',NULL,1,123),(362,'2023-05-17 03:35:34','2023-05-17 03:35:34',NULL,NULL,'Montana',NULL,2,123),(363,'2023-05-17 03:35:34','2023-05-17 03:35:34',NULL,NULL,'Montana',NULL,3,123),(364,'2023-05-17 03:35:34','2023-05-17 03:35:34',NULL,NULL,'Badajoz',NULL,1,124),(365,'2023-05-17 03:35:34','2023-05-17 03:35:34',NULL,NULL,'Badajoz',NULL,2,124),(366,'2023-05-17 03:35:34','2023-05-17 03:35:34',NULL,NULL,'Badajoz',NULL,3,124),(367,'2023-05-17 03:35:34','2023-05-17 03:35:34',NULL,NULL,'Mecklenburg-Vorpommern',NULL,1,125),(368,'2023-05-17 03:35:34','2023-05-17 03:35:34',NULL,NULL,'Mecklenburg-Vorpommern',NULL,2,125),(369,'2023-05-17 03:35:34','2023-05-17 03:35:34',NULL,NULL,'Mecklenburg-Vorpommern',NULL,3,125),(370,'2023-05-17 03:35:34','2023-05-17 03:35:34',NULL,NULL,'Virginia',NULL,1,126),(371,'2023-05-17 03:35:34','2023-05-17 03:35:34',NULL,NULL,'Virginie',NULL,2,126),(372,'2023-05-17 03:35:34','2023-05-17 03:35:34',NULL,NULL,'Virginia',NULL,3,126),(373,'2023-05-17 03:35:34','2023-05-17 03:35:34',NULL,NULL,'Voralberg',NULL,1,127),(374,'2023-05-17 03:35:34','2023-05-17 03:35:34',NULL,NULL,'Voralberg',NULL,2,127),(375,'2023-05-17 03:35:34','2023-05-17 03:35:34',NULL,NULL,'Voralberg',NULL,3,127),(376,'2023-05-17 03:35:34','2023-05-17 03:35:34',NULL,NULL,'Cuenca',NULL,1,128),(377,'2023-05-17 03:35:34','2023-05-17 03:35:34',NULL,NULL,'Cuenca',NULL,2,128),(378,'2023-05-17 03:35:34','2023-05-17 03:35:34',NULL,NULL,'Cuenca',NULL,3,128),(379,'2023-05-17 03:35:34','2023-05-17 03:35:34',NULL,NULL,'Wien',NULL,1,129),(380,'2023-05-17 03:35:34','2023-05-17 03:35:34',NULL,NULL,'Wien',NULL,2,129),(381,'2023-05-17 03:35:34','2023-05-17 03:35:34',NULL,NULL,'Wien',NULL,3,129),(382,'2023-05-17 03:35:34','2023-05-17 03:35:34',NULL,NULL,'Waadt',NULL,1,130),(383,'2023-05-17 03:35:34','2023-05-17 03:35:34',NULL,NULL,'Waadt',NULL,2,130),(384,'2023-05-17 03:35:34','2023-05-17 03:35:34',NULL,NULL,'Waadt',NULL,3,130),(385,'2023-05-17 03:35:34','2023-05-17 03:35:34',NULL,NULL,'Sevilla',NULL,1,131),(386,'2023-05-17 03:35:34','2023-05-17 03:35:34',NULL,NULL,'Sevilla',NULL,2,131),(387,'2023-05-17 03:35:34','2023-05-17 03:35:34',NULL,NULL,'Sevilla',NULL,3,131),(388,'2023-05-17 03:35:34','2023-05-17 03:35:34',NULL,NULL,'Virgin Islands',NULL,1,132),(389,'2023-05-17 03:35:34','2023-05-17 03:35:34',NULL,NULL,'Virgin Islands',NULL,2,132),(390,'2023-05-17 03:35:34','2023-05-17 03:35:34',NULL,NULL,'Virgin Islands',NULL,3,132),(391,'2023-05-17 03:35:34','2023-05-17 03:35:34',NULL,NULL,'Zaragoza',NULL,1,133),(392,'2023-05-17 03:35:34','2023-05-17 03:35:34',NULL,NULL,'Zaragoza',NULL,2,133),(393,'2023-05-17 03:35:34','2023-05-17 03:35:34',NULL,NULL,'Zaragoza',NULL,3,133),(394,'2023-05-17 03:35:34','2023-05-17 03:35:34',NULL,NULL,'New Brunswick',NULL,1,134),(395,'2023-05-17 03:35:34','2023-05-17 03:35:34',NULL,NULL,'Nouveau Brunswick',NULL,2,134),(396,'2023-05-17 03:35:34','2023-05-17 03:35:34',NULL,NULL,'New Brunswick',NULL,3,134),(397,'2023-05-17 03:35:34','2023-05-17 03:35:34',NULL,NULL,'Sachsen-Anhalt',NULL,1,135),(398,'2023-05-17 03:35:34','2023-05-17 03:35:34',NULL,NULL,'Sachsen-Anhalt',NULL,2,135),(399,'2023-05-17 03:35:35','2023-05-17 03:35:35',NULL,NULL,'Sachsen-Anhalt',NULL,3,135),(400,'2023-05-17 03:35:35','2023-05-17 03:35:35',NULL,NULL,'North Carolina',NULL,1,136),(401,'2023-05-17 03:35:35','2023-05-17 03:35:35',NULL,NULL,'Caroline du Nord',NULL,2,136),(402,'2023-05-17 03:35:35','2023-05-17 03:35:35',NULL,NULL,'North Carolina',NULL,3,136),(403,'2023-05-17 03:35:35','2023-05-17 03:35:35',NULL,NULL,'North Dakota',NULL,1,137),(404,'2023-05-17 03:35:35','2023-05-17 03:35:35',NULL,NULL,'Dakota du Nord',NULL,2,137),(405,'2023-05-17 03:35:35','2023-05-17 03:35:35',NULL,NULL,'North Dakota',NULL,3,137),(406,'2023-05-17 03:35:35','2023-05-17 03:35:35',NULL,NULL,'Nebraska',NULL,1,138),(407,'2023-05-17 03:35:35','2023-05-17 03:35:35',NULL,NULL,'Nebraska',NULL,2,138),(408,'2023-05-17 03:35:35','2023-05-17 03:35:35',NULL,NULL,'Nebraska',NULL,3,138),(409,'2023-05-17 03:35:35','2023-05-17 03:35:35',NULL,NULL,'Newfoundland - Labrador',NULL,1,139),(410,'2023-05-17 03:35:35','2023-05-17 03:35:35',NULL,NULL,'Terre-Neuve - Labrador',NULL,2,139),(411,'2023-05-17 03:35:35','2023-05-17 03:35:35',NULL,NULL,'Newfoundland - Labrador',NULL,3,139),(412,'2023-05-17 03:35:35','2023-05-17 03:35:35',NULL,NULL,'New Hampshire',NULL,1,140),(413,'2023-05-17 03:35:35','2023-05-17 03:35:35',NULL,NULL,'Nouveau Hampshire',NULL,2,140),(414,'2023-05-17 03:35:35','2023-05-17 03:35:35',NULL,NULL,'New Hampshire',NULL,3,140),(415,'2023-05-17 03:35:35','2023-05-17 03:35:35',NULL,NULL,'New Jersey',NULL,1,141),(416,'2023-05-17 03:35:35','2023-05-17 03:35:35',NULL,NULL,'New Jersey',NULL,2,141),(417,'2023-05-17 03:35:35','2023-05-17 03:35:35',NULL,NULL,'New Jersey',NULL,3,141),(418,'2023-05-17 03:35:35','2023-05-17 03:35:35',NULL,NULL,'Wallis',NULL,1,142),(419,'2023-05-17 03:35:35','2023-05-17 03:35:35',NULL,NULL,'Wallis',NULL,2,142),(420,'2023-05-17 03:35:35','2023-05-17 03:35:35',NULL,NULL,'Wallis',NULL,3,142),(421,'2023-05-17 03:35:35','2023-05-17 03:35:35',NULL,NULL,'Vermont',NULL,1,143),(422,'2023-05-17 03:35:35','2023-05-17 03:35:35',NULL,NULL,'Vermont',NULL,2,143),(423,'2023-05-17 03:35:35','2023-05-17 03:35:35',NULL,NULL,'Vermont',NULL,3,143),(424,'2023-05-17 03:35:35','2023-05-17 03:35:35',NULL,NULL,'New Mexico',NULL,1,144),(425,'2023-05-17 03:35:35','2023-05-17 03:35:35',NULL,NULL,'Nouveau Mexique',NULL,2,144),(426,'2023-05-17 03:35:35','2023-05-17 03:35:35',NULL,NULL,'New Mexico',NULL,3,144),(427,'2023-05-17 03:35:35','2023-05-17 03:35:35',NULL,NULL,'Niederosterreich',NULL,1,145),(428,'2023-05-17 03:35:35','2023-05-17 03:35:35',NULL,NULL,'Niederosterreich',NULL,2,145),(429,'2023-05-17 03:35:35','2023-05-17 03:35:35',NULL,NULL,'Niederosterreich',NULL,3,145),(430,'2023-05-17 03:35:35','2023-05-17 03:35:35',NULL,NULL,'Sachsen',NULL,1,146),(431,'2023-05-17 03:35:35','2023-05-17 03:35:35',NULL,NULL,'Sachsen',NULL,2,146),(432,'2023-05-17 03:35:35','2023-05-17 03:35:35',NULL,NULL,'Sachsen',NULL,3,146),(433,'2023-05-17 03:35:35','2023-05-17 03:35:35',NULL,NULL,'Nova Scotia',NULL,1,147),(434,'2023-05-17 03:35:35','2023-05-17 03:35:35',NULL,NULL,'Nouvelle Écosse',NULL,2,147),(435,'2023-05-17 03:35:35','2023-05-17 03:35:35',NULL,NULL,'Nova Scotia',NULL,3,147),(436,'2023-05-17 03:35:35','2023-05-17 03:35:35',NULL,NULL,'Saarland',NULL,1,148),(437,'2023-05-17 03:35:35','2023-05-17 03:35:35',NULL,NULL,'Saarland',NULL,2,148),(438,'2023-05-17 03:35:35','2023-05-17 03:35:35',NULL,NULL,'Saarland',NULL,3,148),(439,'2023-05-17 03:35:35','2023-05-17 03:35:35',NULL,NULL,'Florida',NULL,1,149),(440,'2023-05-17 03:35:35','2023-05-17 03:35:35',NULL,NULL,'Floride',NULL,2,149),(441,'2023-05-17 03:35:35','2023-05-17 03:35:35',NULL,NULL,'Florida',NULL,3,149),(442,'2023-05-17 03:35:35','2023-05-17 03:35:35',NULL,NULL,'Northwest Territories',NULL,1,150),(443,'2023-05-17 03:35:35','2023-05-17 03:35:35',NULL,NULL,'Territores du Nord-Ouest',NULL,2,150),(444,'2023-05-17 03:35:35','2023-05-17 03:35:35',NULL,NULL,'Northwest Territories',NULL,3,150),(445,'2023-05-17 03:35:35','2023-05-17 03:35:35',NULL,NULL,'Federated States Of Micronesia',NULL,1,151),(446,'2023-05-17 03:35:35','2023-05-17 03:35:35',NULL,NULL,'Federated States Of Micronesia',NULL,2,151),(447,'2023-05-17 03:35:35','2023-05-17 03:35:35',NULL,NULL,'Federated States Of Micronesia',NULL,3,151),(448,'2023-05-17 03:35:35','2023-05-17 03:35:35',NULL,NULL,'Nunavut',NULL,1,152),(449,'2023-05-17 03:35:35','2023-05-17 03:35:35',NULL,NULL,'Nunavut',NULL,2,152),(450,'2023-05-17 03:35:35','2023-05-17 03:35:35',NULL,NULL,'Nunavut',NULL,3,152),(451,'2023-05-17 03:35:35','2023-05-17 03:35:35',NULL,NULL,'Nevada',NULL,1,153),(452,'2023-05-17 03:35:35','2023-05-17 03:35:35',NULL,NULL,'Nevada',NULL,2,153),(453,'2023-05-17 03:35:35','2023-05-17 03:35:35',NULL,NULL,'Nevada',NULL,3,153),(454,'2023-05-17 03:35:35','2023-05-17 03:35:35',NULL,NULL,'Nidwalden',NULL,1,154),(455,'2023-05-17 03:35:35','2023-05-17 03:35:35',NULL,NULL,'Nidwalden',NULL,2,154),(456,'2023-05-17 03:35:35','2023-05-17 03:35:35',NULL,NULL,'Nidwalden',NULL,3,154),(457,'2023-05-17 03:35:35','2023-05-17 03:35:35',NULL,NULL,'Washington',NULL,1,155),(458,'2023-05-17 03:35:35','2023-05-17 03:35:35',NULL,NULL,'Washington',NULL,2,155),(459,'2023-05-17 03:35:35','2023-05-17 03:35:35',NULL,NULL,'Washington',NULL,3,155),(460,'2023-05-17 03:35:35','2023-05-17 03:35:35',NULL,NULL,'New York',NULL,1,156),(461,'2023-05-17 03:35:35','2023-05-17 03:35:35',NULL,NULL,'New York',NULL,2,156),(462,'2023-05-17 03:35:35','2023-05-17 03:35:35',NULL,NULL,'New York',NULL,3,156),(463,'2023-05-17 03:35:35','2023-05-17 03:35:35',NULL,NULL,'Granada',NULL,1,157),(464,'2023-05-17 03:35:35','2023-05-17 03:35:35',NULL,NULL,'Granada',NULL,2,157),(465,'2023-05-17 03:35:35','2023-05-17 03:35:35',NULL,NULL,'Granada',NULL,3,157),(466,'2023-05-17 03:35:35','2023-05-17 03:35:35',NULL,NULL,'Soria',NULL,1,158),(467,'2023-05-17 03:35:35','2023-05-17 03:35:35',NULL,NULL,'Soria',NULL,2,158),(468,'2023-05-17 03:35:35','2023-05-17 03:35:35',NULL,NULL,'Soria',NULL,3,158),(469,'2023-05-17 03:35:35','2023-05-17 03:35:35',NULL,NULL,'Freiburg',NULL,1,159),(470,'2023-05-17 03:35:35','2023-05-17 03:35:35',NULL,NULL,'Freiburg',NULL,2,159),(471,'2023-05-17 03:35:35','2023-05-17 03:35:35',NULL,NULL,'Freiburg',NULL,3,159),(472,'2023-05-17 03:35:35','2023-05-17 03:35:35',NULL,NULL,'Rheinland-Pfalz',NULL,1,160),(473,'2023-05-17 03:35:35','2023-05-17 03:35:35',NULL,NULL,'Rheinland-Pfalz',NULL,2,160),(474,'2023-05-17 03:35:35','2023-05-17 03:35:35',NULL,NULL,'Rheinland-Pfalz',NULL,3,160),(475,'2023-05-17 03:35:35','2023-05-17 03:35:35',NULL,NULL,'Ourense',NULL,1,161),(476,'2023-05-17 03:35:35','2023-05-17 03:35:35',NULL,NULL,'Ourense',NULL,2,161),(477,'2023-05-17 03:35:35','2023-05-17 03:35:35',NULL,NULL,'Ourense',NULL,3,161),(478,'2023-05-17 03:35:35','2023-05-17 03:35:35',NULL,NULL,'Wisconsin',NULL,1,162),(479,'2023-05-17 03:35:35','2023-05-17 03:35:35',NULL,NULL,'Wisconsin',NULL,2,162),(480,'2023-05-17 03:35:35','2023-05-17 03:35:35',NULL,NULL,'Wisconsin',NULL,3,162),(481,'2023-05-17 03:35:36','2023-05-17 03:35:36',NULL,NULL,'Ohio',NULL,1,163),(482,'2023-05-17 03:35:36','2023-05-17 03:35:36',NULL,NULL,'Ohio',NULL,2,163),(483,'2023-05-17 03:35:36','2023-05-17 03:35:36',NULL,NULL,'Ohio',NULL,3,163),(484,'2023-05-17 03:35:36','2023-05-17 03:35:36',NULL,NULL,'Georgia',NULL,1,164),(485,'2023-05-17 03:35:36','2023-05-17 03:35:36',NULL,NULL,'Georgie',NULL,2,164),(486,'2023-05-17 03:35:36','2023-05-17 03:35:36',NULL,NULL,'Georgia',NULL,3,164),(487,'2023-05-17 03:35:36','2023-05-17 03:35:36',NULL,NULL,'Murcia',NULL,1,165),(488,'2023-05-17 03:35:36','2023-05-17 03:35:36',NULL,NULL,'Murcia',NULL,2,165),(489,'2023-05-17 03:35:36','2023-05-17 03:35:36',NULL,NULL,'Murcia',NULL,3,165),(490,'2023-05-17 03:35:36','2023-05-17 03:35:36',NULL,NULL,'Oklahoma',NULL,1,166),(491,'2023-05-17 03:35:36','2023-05-17 03:35:36',NULL,NULL,'Oklahoma',NULL,2,166),(492,'2023-05-17 03:35:36','2023-05-17 03:35:36',NULL,NULL,'Oklahoma',NULL,3,166),(493,'2023-05-17 03:35:36','2023-05-17 03:35:36',NULL,NULL,'Genf',NULL,1,167),(494,'2023-05-17 03:35:36','2023-05-17 03:35:36',NULL,NULL,'Genf',NULL,2,167),(495,'2023-05-17 03:35:36','2023-05-17 03:35:36',NULL,NULL,'Genf',NULL,3,167),(496,'2023-05-17 03:35:36','2023-05-17 03:35:36',NULL,NULL,'West Virginia',NULL,1,168),(497,'2023-05-17 03:35:36','2023-05-17 03:35:36',NULL,NULL,'West Virginia',NULL,2,168),(498,'2023-05-17 03:35:36','2023-05-17 03:35:36',NULL,NULL,'West Virginia',NULL,3,168),(499,'2023-05-17 03:35:36','2023-05-17 03:35:36',NULL,NULL,'Ontario',NULL,1,169),(500,'2023-05-17 03:35:36','2023-05-17 03:35:36',NULL,NULL,'Ontario',NULL,2,169),(501,'2023-05-17 03:35:36','2023-05-17 03:35:36',NULL,NULL,'Ontario',NULL,3,169),(502,'2023-05-17 03:35:36','2023-05-17 03:35:36',NULL,NULL,'Oberosterreich',NULL,1,170),(503,'2023-05-17 03:35:36','2023-05-17 03:35:36',NULL,NULL,'Oberosterreich',NULL,2,170),(504,'2023-05-17 03:35:36','2023-05-17 03:35:36',NULL,NULL,'Oberosterreich',NULL,3,170),(505,'2023-05-17 03:35:36','2023-05-17 03:35:36',NULL,NULL,'Wyoming',NULL,1,171),(506,'2023-05-17 03:35:36','2023-05-17 03:35:36',NULL,NULL,'Wyoming',NULL,2,171),(507,'2023-05-17 03:35:36','2023-05-17 03:35:36',NULL,NULL,'Wyoming',NULL,3,171),(508,'2023-05-17 03:35:36','2023-05-17 03:35:36',NULL,NULL,'Burgenland',NULL,1,172),(509,'2023-05-17 03:35:36','2023-05-17 03:35:36',NULL,NULL,'Burgenland',NULL,2,172),(510,'2023-05-17 03:35:36','2023-05-17 03:35:36',NULL,NULL,'Burgenland',NULL,3,172),(511,'2023-05-17 03:35:36','2023-05-17 03:35:36',NULL,NULL,'Avila',NULL,1,173),(512,'2023-05-17 03:35:36','2023-05-17 03:35:36',NULL,NULL,'Avila',NULL,2,173),(513,'2023-05-17 03:35:36','2023-05-17 03:35:36',NULL,NULL,'Avila',NULL,3,173),(514,'2023-05-17 03:35:36','2023-05-17 03:35:36',NULL,NULL,'Oregon',NULL,1,174),(515,'2023-05-17 03:35:36','2023-05-17 03:35:36',NULL,NULL,'Oregon',NULL,2,174),(516,'2023-05-17 03:35:36','2023-05-17 03:35:36',NULL,NULL,'Oregon',NULL,3,174),(517,'2023-05-17 03:35:36','2023-05-17 03:35:36',NULL,NULL,'Salamanca',NULL,1,175),(518,'2023-05-17 03:35:36','2023-05-17 03:35:36',NULL,NULL,'Salamanca',NULL,2,175),(519,'2023-05-17 03:35:36','2023-05-17 03:35:36',NULL,NULL,'Salamanca',NULL,3,175),(520,'2023-05-17 03:35:36','2023-05-17 03:35:36',NULL,NULL,'Glarus',NULL,1,176),(521,'2023-05-17 03:35:36','2023-05-17 03:35:36',NULL,NULL,'Glarus',NULL,2,176),(522,'2023-05-17 03:35:36','2023-05-17 03:35:36',NULL,NULL,'Glarus',NULL,3,176),(523,'2023-05-17 03:35:36','2023-05-17 03:35:36',NULL,NULL,'Baleares',NULL,1,177),(524,'2023-05-17 03:35:36','2023-05-17 03:35:36',NULL,NULL,'Baleares',NULL,2,177),(525,'2023-05-17 03:35:36','2023-05-17 03:35:36',NULL,NULL,'Baleares',NULL,3,177),(526,'2023-05-17 03:35:36','2023-05-17 03:35:36',NULL,NULL,'Obwalden',NULL,1,178),(527,'2023-05-17 03:35:36','2023-05-17 03:35:36',NULL,NULL,'Obwalden',NULL,2,178),(528,'2023-05-17 03:35:36','2023-05-17 03:35:36',NULL,NULL,'Obwalden',NULL,3,178),(529,'2023-05-17 03:35:36','2023-05-17 03:35:36',NULL,NULL,'Graubnden',NULL,1,179),(530,'2023-05-17 03:35:36','2023-05-17 03:35:36',NULL,NULL,'Graubnden',NULL,2,179),(531,'2023-05-17 03:35:36','2023-05-17 03:35:36',NULL,NULL,'Graubnden',NULL,3,179),(532,'2023-05-17 03:35:36','2023-05-17 03:35:36',NULL,NULL,'Guam',NULL,1,180),(533,'2023-05-17 03:35:36','2023-05-17 03:35:36',NULL,NULL,'Guam',NULL,2,180),(534,'2023-05-17 03:35:36','2023-05-17 03:35:36',NULL,NULL,'Guam',NULL,3,180),(535,'2023-05-17 03:35:36','2023-05-17 03:35:36',NULL,NULL,'Pennsylvania',NULL,1,181),(536,'2023-05-17 03:35:36','2023-05-17 03:35:36',NULL,NULL,'Pennsylvanie',NULL,2,181),(537,'2023-05-17 03:35:36','2023-05-17 03:35:36',NULL,NULL,'Pennsylvania',NULL,3,181),(538,'2023-05-17 03:35:36','2023-05-17 03:35:36',NULL,NULL,'Victoria',NULL,1,182),(539,'2023-05-17 03:35:36','2023-05-17 03:35:36',NULL,NULL,'Victoria',NULL,2,182),(540,'2023-05-17 03:35:36','2023-05-17 03:35:36',NULL,NULL,'Victoria',NULL,3,182),(541,'2023-05-17 03:35:36','2023-05-17 03:35:36',NULL,NULL,'Bremen',NULL,1,183),(542,'2023-05-17 03:35:36','2023-05-17 03:35:36',NULL,NULL,'Bremen',NULL,2,183),(543,'2023-05-17 03:35:36','2023-05-17 03:35:36',NULL,NULL,'Bremen',NULL,3,183),(544,'2023-05-17 03:35:36','2023-05-17 03:35:36',NULL,NULL,'Prince Edward Island',NULL,1,184),(545,'2023-05-17 03:35:36','2023-05-17 03:35:36',NULL,NULL,'Île-du-Prince-Édouard',NULL,2,184),(546,'2023-05-17 03:35:36','2023-05-17 03:35:36',NULL,NULL,'Prince Edward Island',NULL,3,184),(547,'2023-05-17 03:35:36','2023-05-17 03:35:36',NULL,NULL,'Brandenburg',NULL,1,185),(548,'2023-05-17 03:35:36','2023-05-17 03:35:36',NULL,NULL,'Brandenburg',NULL,2,185),(549,'2023-05-17 03:35:36','2023-05-17 03:35:36',NULL,NULL,'Brandenburg',NULL,3,185),(550,'2023-05-17 03:35:36','2023-05-17 03:35:36',NULL,NULL,'Hessen',NULL,1,186),(551,'2023-05-17 03:35:36','2023-05-17 03:35:36',NULL,NULL,'Hessen',NULL,2,186),(552,'2023-05-17 03:35:36','2023-05-17 03:35:36',NULL,NULL,'Hessen',NULL,3,186),(553,'2023-05-17 03:35:36','2023-05-17 03:35:36',NULL,NULL,'Almeria',NULL,1,187),(554,'2023-05-17 03:35:37','2023-05-17 03:35:37',NULL,NULL,'Almeria',NULL,2,187),(555,'2023-05-17 03:35:37','2023-05-17 03:35:37',NULL,NULL,'Almeria',NULL,3,187),(556,'2023-05-17 03:35:37','2023-05-17 03:35:37',NULL,NULL,'Baden-Wrttemberg',NULL,1,188),(557,'2023-05-17 03:35:37','2023-05-17 03:35:37',NULL,NULL,'Baden-Wrttemberg',NULL,2,188),(558,'2023-05-17 03:35:37','2023-05-17 03:35:37',NULL,NULL,'Baden-Wrttemberg',NULL,3,188),(559,'2023-05-17 03:35:37','2023-05-17 03:35:37',NULL,NULL,'Bayern',NULL,1,189),(560,'2023-05-17 03:35:37','2023-05-17 03:35:37',NULL,NULL,'Bayern',NULL,2,189),(561,'2023-05-17 03:35:37','2023-05-17 03:35:37',NULL,NULL,'Bayern',NULL,3,189),(562,'2023-05-17 03:35:37','2023-05-17 03:35:37',NULL,NULL,'Navarra',NULL,1,190),(563,'2023-05-17 03:35:37','2023-05-17 03:35:37',NULL,NULL,'Navarra',NULL,2,190),(564,'2023-05-17 03:35:37','2023-05-17 03:35:37',NULL,NULL,'Navarra',NULL,3,190),(565,'2023-05-17 03:35:37','2023-05-17 03:35:37',NULL,NULL,'Valencia',NULL,1,191),(566,'2023-05-17 03:35:37','2023-05-17 03:35:37',NULL,NULL,'Valencia',NULL,2,191),(567,'2023-05-17 03:35:37','2023-05-17 03:35:37',NULL,NULL,'Valencia',NULL,3,191),(568,'2023-05-17 03:35:37','2023-05-17 03:35:37',NULL,NULL,'Schleswig-Holstein',NULL,1,192),(569,'2023-05-17 03:35:37','2023-05-17 03:35:37',NULL,NULL,'Schleswig-Holstein',NULL,2,192),(570,'2023-05-17 03:35:37','2023-05-17 03:35:37',NULL,NULL,'Schleswig-Holstein',NULL,3,192),(571,'2023-05-17 03:35:37','2023-05-17 03:35:37',NULL,NULL,'Andhra Pradesh',NULL,1,193),(572,'2023-05-17 03:35:37','2023-05-17 03:35:37',NULL,NULL,'Andhra Pradesh',NULL,2,193),(573,'2023-05-17 03:35:37','2023-05-17 03:35:37',NULL,NULL,'Andhra Pradesh',NULL,3,193),(574,'2023-05-17 03:35:37','2023-05-17 03:35:37',NULL,NULL,'Arunachal Pradesh',NULL,1,194),(575,'2023-05-17 03:35:37','2023-05-17 03:35:37',NULL,NULL,'Arunachal Pradesh',NULL,2,194),(576,'2023-05-17 03:35:37','2023-05-17 03:35:37',NULL,NULL,'Arunachal Pradesh',NULL,3,194),(577,'2023-05-17 03:35:37','2023-05-17 03:35:37',NULL,NULL,'Assam',NULL,1,195),(578,'2023-05-17 03:35:37','2023-05-17 03:35:37',NULL,NULL,'Assam',NULL,2,195),(579,'2023-05-17 03:35:37','2023-05-17 03:35:37',NULL,NULL,'Assam',NULL,3,195),(580,'2023-05-17 03:35:37','2023-05-17 03:35:37',NULL,NULL,'Bihar',NULL,1,196),(581,'2023-05-17 03:35:37','2023-05-17 03:35:37',NULL,NULL,'Bihar',NULL,2,196),(582,'2023-05-17 03:35:37','2023-05-17 03:35:37',NULL,NULL,'Bihar',NULL,3,196),(583,'2023-05-17 03:35:37','2023-05-17 03:35:37',NULL,NULL,'Chhattisgarh',NULL,1,197),(584,'2023-05-17 03:35:37','2023-05-17 03:35:37',NULL,NULL,'Chhattisgarh',NULL,2,197),(585,'2023-05-17 03:35:37','2023-05-17 03:35:37',NULL,NULL,'Chhattisgarh',NULL,3,197),(586,'2023-05-17 03:35:37','2023-05-17 03:35:37',NULL,NULL,'Goa',NULL,1,198),(587,'2023-05-17 03:35:37','2023-05-17 03:35:37',NULL,NULL,'Goa',NULL,2,198),(588,'2023-05-17 03:35:37','2023-05-17 03:35:37',NULL,NULL,'Goa',NULL,3,198),(589,'2023-05-17 03:35:37','2023-05-17 03:35:37',NULL,NULL,'Gujarat',NULL,1,199),(590,'2023-05-17 03:35:37','2023-05-17 03:35:37',NULL,NULL,'Gujarat',NULL,2,199),(591,'2023-05-17 03:35:37','2023-05-17 03:35:37',NULL,NULL,'Gujarat',NULL,3,199),(592,'2023-05-17 03:35:37','2023-05-17 03:35:37',NULL,NULL,'Haryana',NULL,1,200),(593,'2023-05-17 03:35:37','2023-05-17 03:35:37',NULL,NULL,'Haryana',NULL,2,200),(594,'2023-05-17 03:35:37','2023-05-17 03:35:37',NULL,NULL,'Haryana',NULL,3,200),(595,'2023-05-17 03:35:37','2023-05-17 03:35:37',NULL,NULL,'Himachal Pradesh',NULL,1,201),(596,'2023-05-17 03:35:37','2023-05-17 03:35:37',NULL,NULL,'Himachal Pradesh',NULL,2,201),(597,'2023-05-17 03:35:37','2023-05-17 03:35:37',NULL,NULL,'Himachal Pradesh',NULL,3,201),(598,'2023-05-17 03:35:37','2023-05-17 03:35:37',NULL,NULL,'Jharkhand',NULL,1,202),(599,'2023-05-17 03:35:37','2023-05-17 03:35:37',NULL,NULL,'Jharkhand',NULL,2,202),(600,'2023-05-17 03:35:37','2023-05-17 03:35:37',NULL,NULL,'Jharkhand',NULL,3,202),(601,'2023-05-17 03:35:37','2023-05-17 03:35:37',NULL,NULL,'Karnataka',NULL,1,203),(602,'2023-05-17 03:35:37','2023-05-17 03:35:37',NULL,NULL,'Karnataka',NULL,2,203),(603,'2023-05-17 03:35:37','2023-05-17 03:35:37',NULL,NULL,'Karnataka',NULL,3,203),(604,'2023-05-17 03:35:37','2023-05-17 03:35:37',NULL,NULL,'Kerala',NULL,1,204),(605,'2023-05-17 03:35:37','2023-05-17 03:35:37',NULL,NULL,'Kerala',NULL,2,204),(606,'2023-05-17 03:35:37','2023-05-17 03:35:37',NULL,NULL,'Kerala',NULL,3,204),(607,'2023-05-17 03:35:37','2023-05-17 03:35:37',NULL,NULL,'Madhya Pradesh',NULL,1,205),(608,'2023-05-17 03:35:37','2023-05-17 03:35:37',NULL,NULL,'Madhya Pradesh',NULL,2,205),(609,'2023-05-17 03:35:37','2023-05-17 03:35:37',NULL,NULL,'Madhya Pradesh',NULL,3,205),(610,'2023-05-17 03:35:37','2023-05-17 03:35:37',NULL,NULL,'Maharashtra',NULL,1,206),(611,'2023-05-17 03:35:37','2023-05-17 03:35:37',NULL,NULL,'Maharashtra',NULL,2,206),(612,'2023-05-17 03:35:37','2023-05-17 03:35:37',NULL,NULL,'Maharashtra',NULL,3,206),(613,'2023-05-17 03:35:37','2023-05-17 03:35:37',NULL,NULL,'Manipur',NULL,1,207),(614,'2023-05-17 03:35:37','2023-05-17 03:35:37',NULL,NULL,'Manipur',NULL,2,207),(615,'2023-05-17 03:35:37','2023-05-17 03:35:37',NULL,NULL,'Manipur',NULL,3,207),(616,'2023-05-17 03:35:37','2023-05-17 03:35:37',NULL,NULL,'Meghalaya',NULL,1,208),(617,'2023-05-17 03:35:37','2023-05-17 03:35:37',NULL,NULL,'Meghalaya',NULL,2,208),(618,'2023-05-17 03:35:37','2023-05-17 03:35:37',NULL,NULL,'Meghalaya',NULL,3,208),(619,'2023-05-17 03:35:37','2023-05-17 03:35:37',NULL,NULL,'Mizoram',NULL,1,209),(620,'2023-05-17 03:35:37','2023-05-17 03:35:37',NULL,NULL,'Mizoram',NULL,2,209),(621,'2023-05-17 03:35:37','2023-05-17 03:35:37',NULL,NULL,'Mizoram',NULL,3,209),(622,'2023-05-17 03:35:37','2023-05-17 03:35:37',NULL,NULL,'Nagaland',NULL,1,210),(623,'2023-05-17 03:35:37','2023-05-17 03:35:37',NULL,NULL,'Nagaland',NULL,2,210),(624,'2023-05-17 03:35:37','2023-05-17 03:35:37',NULL,NULL,'Nagaland',NULL,3,210),(625,'2023-05-17 03:35:37','2023-05-17 03:35:37',NULL,NULL,'Odisha',NULL,1,211),(626,'2023-05-17 03:35:37','2023-05-17 03:35:37',NULL,NULL,'Odisha',NULL,2,211),(627,'2023-05-17 03:35:37','2023-05-17 03:35:37',NULL,NULL,'Odisha',NULL,3,211),(628,'2023-05-17 03:35:37','2023-05-17 03:35:37',NULL,NULL,'Punjab',NULL,1,212),(629,'2023-05-17 03:35:37','2023-05-17 03:35:37',NULL,NULL,'Punjab',NULL,2,212),(630,'2023-05-17 03:35:37','2023-05-17 03:35:37',NULL,NULL,'Punjab',NULL,3,212),(631,'2023-05-17 03:35:37','2023-05-17 03:35:37',NULL,NULL,'Rajasthan',NULL,1,213),(632,'2023-05-17 03:35:37','2023-05-17 03:35:37',NULL,NULL,'Rajasthan',NULL,2,213),(633,'2023-05-17 03:35:37','2023-05-17 03:35:37',NULL,NULL,'Rajasthan',NULL,3,213),(634,'2023-05-17 03:35:37','2023-05-17 03:35:37',NULL,NULL,'Sikkim',NULL,1,214),(635,'2023-05-17 03:35:37','2023-05-17 03:35:37',NULL,NULL,'Sikkim',NULL,2,214),(636,'2023-05-17 03:35:37','2023-05-17 03:35:37',NULL,NULL,'Sikkim',NULL,3,214),(637,'2023-05-17 03:35:38','2023-05-17 03:35:38',NULL,NULL,'Tamil Nadu',NULL,1,215),(638,'2023-05-17 03:35:38','2023-05-17 03:35:38',NULL,NULL,'Tamil Nadu',NULL,2,215),(639,'2023-05-17 03:35:38','2023-05-17 03:35:38',NULL,NULL,'Tamil Nadu',NULL,3,215),(640,'2023-05-17 03:35:38','2023-05-17 03:35:38',NULL,NULL,'Telangana',NULL,1,216),(641,'2023-05-17 03:35:38','2023-05-17 03:35:38',NULL,NULL,'Telangana',NULL,2,216),(642,'2023-05-17 03:35:38','2023-05-17 03:35:38',NULL,NULL,'Telangana',NULL,3,216),(643,'2023-05-17 03:35:38','2023-05-17 03:35:38',NULL,NULL,'Tripura',NULL,1,217),(644,'2023-05-17 03:35:38','2023-05-17 03:35:38',NULL,NULL,'Tripura',NULL,2,217),(645,'2023-05-17 03:35:38','2023-05-17 03:35:38',NULL,NULL,'Tripura',NULL,3,217),(646,'2023-05-17 03:35:38','2023-05-17 03:35:38',NULL,NULL,'Uttarakhand',NULL,1,218),(647,'2023-05-17 03:35:38','2023-05-17 03:35:38',NULL,NULL,'Uttarakhand',NULL,2,218),(648,'2023-05-17 03:35:38','2023-05-17 03:35:38',NULL,NULL,'Uttarakhand',NULL,3,218),(649,'2023-05-17 03:35:38','2023-05-17 03:35:38',NULL,NULL,'West Bengal',NULL,1,219),(650,'2023-05-17 03:35:38','2023-05-17 03:35:38',NULL,NULL,'West Bengal',NULL,2,219),(651,'2023-05-17 03:35:38','2023-05-17 03:35:38',NULL,NULL,'West Bengal',NULL,3,219);
/*!40000 ALTER TABLE `zone_description` ENABLE KEYS */;
UNLOCK TABLES;
/*!40103 SET TIME_ZONE=@OLD_TIME_ZONE */;

/*!40101 SET SQL_MODE=@OLD_SQL_MODE */;
/*!40014 SET FOREIGN_KEY_CHECKS=@OLD_FOREIGN_KEY_CHECKS */;
/*!40014 SET UNIQUE_CHECKS=@OLD_UNIQUE_CHECKS */;
/*!40101 SET CHARACTER_SET_CLIENT=@OLD_CHARACTER_SET_CLIENT */;
/*!40101 SET CHARACTER_SET_RESULTS=@OLD_CHARACTER_SET_RESULTS */;
/*!40101 SET COLLATION_CONNECTION=@OLD_COLLATION_CONNECTION */;
/*!40111 SET SQL_NOTES=@OLD_SQL_NOTES */;

-- Dump completed on 2023-07-23 18:34:38
