-- MySQL dump 10.13  Distrib 8.0.32, for Win64 (x86_64)
--
-- Host: localhost    Database: viecsinhvien3
-- ------------------------------------------------------
-- Server version	8.0.32

/*!40101 SET @OLD_CHARACTER_SET_CLIENT=@@CHARACTER_SET_CLIENT */;
/*!40101 SET @OLD_CHARACTER_SET_RESULTS=@@CHARACTER_SET_RESULTS */;
/*!40101 SET @OLD_COLLATION_CONNECTION=@@COLLATION_CONNECTION */;
/*!50503 SET NAMES utf8 */;
/*!40103 SET @OLD_TIME_ZONE=@@TIME_ZONE */;
/*!40103 SET TIME_ZONE='+00:00' */;
/*!40014 SET @OLD_UNIQUE_CHECKS=@@UNIQUE_CHECKS, UNIQUE_CHECKS=0 */;
/*!40014 SET @OLD_FOREIGN_KEY_CHECKS=@@FOREIGN_KEY_CHECKS, FOREIGN_KEY_CHECKS=0 */;
/*!40101 SET @OLD_SQL_MODE=@@SQL_MODE, SQL_MODE='NO_AUTO_VALUE_ON_ZERO' */;
/*!40111 SET @OLD_SQL_NOTES=@@SQL_NOTES, SQL_NOTES=0 */;

--
-- Table structure for table `catalog`
--

DROP TABLE IF EXISTS `catalog`;
/*!40101 SET @saved_cs_client     = @@character_set_client */;
/*!50503 SET character_set_client = utf8mb4 */;
CREATE TABLE `catalog` (
  `id` bigint NOT NULL,
  `DATE_CREATED` datetime DEFAULT NULL,
  `DATE_MODIFIED` datetime DEFAULT NULL,
  `UPDT_ID` varchar(60) COLLATE utf8mb3_unicode_ci DEFAULT NULL,
  `CODE` varchar(100) COLLATE utf8mb3_unicode_ci NOT NULL,
  `DEFAULT_CATALOG` bit(1) DEFAULT NULL,
  `SORT_ORDER` int DEFAULT NULL,
  `VISIBLE` bit(1) DEFAULT NULL,
  `MERCHANT_ID` int NOT NULL,
  PRIMARY KEY (`id`),
  UNIQUE KEY `UK32mubpubtaqu30n34bwl7xiis` (`MERCHANT_ID`,`CODE`),
  CONSTRAINT `FKranq0rweb0r6j31j565ak51g8` FOREIGN KEY (`MERCHANT_ID`) REFERENCES `merchant_store` (`MERCHANT_ID`)
) ENGINE=InnoDB DEFAULT CHARSET=utf8mb3 COLLATE=utf8mb3_unicode_ci;
/*!40101 SET character_set_client = @saved_cs_client */;

--
-- Dumping data for table `catalog`
--

LOCK TABLES `catalog` WRITE;
/*!40000 ALTER TABLE `catalog` DISABLE KEYS */;
/*!40000 ALTER TABLE `catalog` ENABLE KEYS */;
UNLOCK TABLES;

--
-- Table structure for table `catalog_entry`
--

DROP TABLE IF EXISTS `catalog_entry`;
/*!40101 SET @saved_cs_client     = @@character_set_client */;
/*!50503 SET character_set_client = utf8mb4 */;
CREATE TABLE `catalog_entry` (
  `id` bigint NOT NULL,
  `DATE_CREATED` datetime DEFAULT NULL,
  `DATE_MODIFIED` datetime DEFAULT NULL,
  `UPDT_ID` varchar(60) COLLATE utf8mb3_unicode_ci DEFAULT NULL,
  `VISIBLE` bit(1) DEFAULT NULL,
  `CATALOG_ID` bigint NOT NULL,
  `CATEGORY_ID` bigint NOT NULL,
  PRIMARY KEY (`id`),
  UNIQUE KEY `UK5q8159i414r299kia2w9re90k` (`CATEGORY_ID`,`CATALOG_ID`),
  KEY `FKqp2j48hb3vodovb8gn2o4gox` (`CATALOG_ID`),
  CONSTRAINT `FK374wks7em54d0oghju0earttl` FOREIGN KEY (`CATEGORY_ID`) REFERENCES `category` (`CATEGORY_ID`),
  CONSTRAINT `FKqp2j48hb3vodovb8gn2o4gox` FOREIGN KEY (`CATALOG_ID`) REFERENCES `catalog` (`id`)
) ENGINE=InnoDB DEFAULT CHARSET=utf8mb3 COLLATE=utf8mb3_unicode_ci;
/*!40101 SET character_set_client = @saved_cs_client */;

--
-- Dumping data for table `catalog_entry`
--

LOCK TABLES `catalog_entry` WRITE;
/*!40000 ALTER TABLE `catalog_entry` DISABLE KEYS */;
/*!40000 ALTER TABLE `catalog_entry` ENABLE KEYS */;
UNLOCK TABLES;

--
-- Table structure for table `category`
--

DROP TABLE IF EXISTS `category`;
/*!40101 SET @saved_cs_client     = @@character_set_client */;
/*!50503 SET character_set_client = utf8mb4 */;
CREATE TABLE `category` (
  `CATEGORY_ID` bigint NOT NULL,
  `DATE_CREATED` datetime DEFAULT NULL,
  `DATE_MODIFIED` datetime DEFAULT NULL,
  `UPDT_ID` varchar(60) COLLATE utf8mb3_unicode_ci DEFAULT NULL,
  `CATEGORY_IMAGE` varchar(100) COLLATE utf8mb3_unicode_ci DEFAULT NULL,
  `CATEGORY_STATUS` bit(1) DEFAULT NULL,
  `CODE` varchar(100) COLLATE utf8mb3_unicode_ci NOT NULL,
  `DEPTH` int DEFAULT NULL,
  `FEATURED` bit(1) DEFAULT NULL,
  `LINEAGE` varchar(255) COLLATE utf8mb3_unicode_ci DEFAULT NULL,
  `SORT_ORDER` int DEFAULT NULL,
  `VISIBLE` bit(1) DEFAULT NULL,
  `MERCHANT_ID` int DEFAULT NULL,
  `PARENT_ID` bigint DEFAULT NULL,
  `NAME` varchar(255) COLLATE utf8mb3_unicode_ci NOT NULL,
  PRIMARY KEY (`CATEGORY_ID`),
  UNIQUE KEY `UK3mq9i6qmgquvoieslx39pej6x` (`MERCHANT_ID`,`CODE`),
  KEY `IDXlctdd0gcnad49kass3ntxv54n` (`LINEAGE`),
  KEY `FKn3kekntr7pm8g9v8ask698ato` (`PARENT_ID`),
  CONSTRAINT `FK8a09asq5fcx0a88i4m8nsixy` FOREIGN KEY (`MERCHANT_ID`) REFERENCES `merchant_store` (`MERCHANT_ID`),
  CONSTRAINT `FKn3kekntr7pm8g9v8ask698ato` FOREIGN KEY (`PARENT_ID`) REFERENCES `category` (`CATEGORY_ID`)
) ENGINE=InnoDB DEFAULT CHARSET=utf8mb3 COLLATE=utf8mb3_unicode_ci;
/*!40101 SET character_set_client = @saved_cs_client */;

--
-- Dumping data for table `category`
--

LOCK TABLES `category` WRITE;
/*!40000 ALTER TABLE `category` DISABLE KEYS */;
INSERT INTO `category` VALUES (50,'2023-05-14 15:40:41','2023-05-14 15:40:41','ndlong2004@gmail.com',NULL,_binary '','parttime',0,_binary '','/50/',0,_binary '',2,NULL,'Bán thời gian'),(51,'2023-06-17 17:55:13','2023-06-17 17:55:13','ndlong@gmail.com',NULL,_binary '','fulltime',NULL,_binary '\0',NULL,0,_binary '\0',NULL,NULL,'Toàn thời gian'),(100,'2023-05-14 15:49:35','2023-05-14 15:49:37','ndlong2004@gmail.com',NULL,_binary '','remote',0,_binary '','/100/',0,_binary '',2,NULL,'Làm việc từ xa');
/*!40000 ALTER TABLE `category` ENABLE KEYS */;
UNLOCK TABLES;

--
-- Table structure for table `category_description`
--

DROP TABLE IF EXISTS `category_description`;
/*!40101 SET @saved_cs_client     = @@character_set_client */;
/*!50503 SET character_set_client = utf8mb4 */;
CREATE TABLE `category_description` (
  `DESCRIPTION_ID` bigint NOT NULL,
  `DATE_CREATED` datetime DEFAULT NULL,
  `DATE_MODIFIED` datetime DEFAULT NULL,
  `UPDT_ID` varchar(60) COLLATE utf8mb3_unicode_ci DEFAULT NULL,
  `DESCRIPTION` longtext COLLATE utf8mb3_unicode_ci,
  `NAME` varchar(120) COLLATE utf8mb3_unicode_ci NOT NULL,
  `TITLE` varchar(100) COLLATE utf8mb3_unicode_ci DEFAULT NULL,
  `CATEGORY_HIGHLIGHT` varchar(255) COLLATE utf8mb3_unicode_ci DEFAULT NULL,
  `META_DESCRIPTION` varchar(255) COLLATE utf8mb3_unicode_ci DEFAULT NULL,
  `META_KEYWORDS` varchar(255) COLLATE utf8mb3_unicode_ci DEFAULT NULL,
  `META_TITLE` varchar(120) COLLATE utf8mb3_unicode_ci DEFAULT NULL,
  `SEF_URL` varchar(120) COLLATE utf8mb3_unicode_ci DEFAULT NULL,
  `LANGUAGE_ID` int NOT NULL,
  `CATEGORY_ID` bigint NOT NULL,
  PRIMARY KEY (`DESCRIPTION_ID`),
  UNIQUE KEY `UKbuesqq6cyx7e5hy3mf30cfieq` (`CATEGORY_ID`,`LANGUAGE_ID`),
  KEY `FKl4j5boteutpu1p8f67kydpnmd` (`LANGUAGE_ID`),
  CONSTRAINT `FKa58u7d0ydfgref1iaux5efyov` FOREIGN KEY (`CATEGORY_ID`) REFERENCES `category` (`CATEGORY_ID`),
  CONSTRAINT `FKl4j5boteutpu1p8f67kydpnmd` FOREIGN KEY (`LANGUAGE_ID`) REFERENCES `language` (`LANGUAGE_ID`)
) ENGINE=InnoDB DEFAULT CHARSET=utf8mb3 COLLATE=utf8mb3_unicode_ci;
/*!40101 SET character_set_client = @saved_cs_client */;

--
-- Dumping data for table `category_description`
--

LOCK TABLES `category_description` WRITE;
/*!40000 ALTER TABLE `category_description` DISABLE KEYS */;
/*!40000 ALTER TABLE `category_description` ENABLE KEYS */;
UNLOCK TABLES;

--
-- Table structure for table `certificate`
--

DROP TABLE IF EXISTS `certificate`;
/*!40101 SET @saved_cs_client     = @@character_set_client */;
/*!50503 SET character_set_client = utf8mb4 */;
CREATE TABLE `certificate` (
  `id` varchar(255) COLLATE utf8mb3_unicode_ci NOT NULL,
  `LINK_REFERENCE` varchar(255) COLLATE utf8mb3_unicode_ci DEFAULT NULL,
  `TITLE` varchar(255) COLLATE utf8mb3_unicode_ci DEFAULT NULL,
  `CV_ID` varchar(255) COLLATE utf8mb3_unicode_ci DEFAULT NULL,
  PRIMARY KEY (`id`),
  KEY `FK29y2yad2e110wxr9semu05vnv` (`CV_ID`),
  CONSTRAINT `FK29y2yad2e110wxr9semu05vnv` FOREIGN KEY (`CV_ID`) REFERENCES `cv` (`id`)
) ENGINE=InnoDB DEFAULT CHARSET=utf8mb3 COLLATE=utf8mb3_unicode_ci;
/*!40101 SET character_set_client = @saved_cs_client */;

--
-- Dumping data for table `certificate`
--

LOCK TABLES `certificate` WRITE;
/*!40000 ALTER TABLE `certificate` DISABLE KEYS */;
INSERT INTO `certificate` VALUES ('5f403e4d-4e03-499e-b66f-a9d4310b40c0','www.404.com/1','Chứng chỉ đa cấp xuyên lục địa','796aa7de-2d6b-4c00-b7d5-4c2637ba638c');
/*!40000 ALTER TABLE `certificate` ENABLE KEYS */;
UNLOCK TABLES;

--
-- Table structure for table `content`
--

DROP TABLE IF EXISTS `content`;
/*!40101 SET @saved_cs_client     = @@character_set_client */;
/*!50503 SET character_set_client = utf8mb4 */;
CREATE TABLE `content` (
  `CONTENT_ID` bigint NOT NULL,
  `DATE_CREATED` datetime DEFAULT NULL,
  `DATE_MODIFIED` datetime DEFAULT NULL,
  `UPDT_ID` varchar(60) COLLATE utf8mb3_unicode_ci DEFAULT NULL,
  `CODE` varchar(100) COLLATE utf8mb3_unicode_ci NOT NULL,
  `CONTENT_POSITION` varchar(10) COLLATE utf8mb3_unicode_ci DEFAULT NULL,
  `CONTENT_TYPE` varchar(10) COLLATE utf8mb3_unicode_ci DEFAULT NULL,
  `LINK_TO_MENU` bit(1) DEFAULT NULL,
  `PRODUCT_GROUP` varchar(255) COLLATE utf8mb3_unicode_ci DEFAULT NULL,
  `SORT_ORDER` int DEFAULT NULL,
  `VISIBLE` bit(1) DEFAULT NULL,
  `MERCHANT_ID` int NOT NULL,
  PRIMARY KEY (`CONTENT_ID`),
  UNIQUE KEY `UKt1v2ld0mrwviquqourql4uub0` (`MERCHANT_ID`,`CODE`),
  KEY `CODE_IDX` (`CODE`),
  CONSTRAINT `FKfmoi0fkjbtfty3o8fs94t11r1` FOREIGN KEY (`MERCHANT_ID`) REFERENCES `merchant_store` (`MERCHANT_ID`)
) ENGINE=InnoDB DEFAULT CHARSET=utf8mb3 COLLATE=utf8mb3_unicode_ci;
/*!40101 SET character_set_client = @saved_cs_client */;

--
-- Dumping data for table `content`
--

LOCK TABLES `content` WRITE;
/*!40000 ALTER TABLE `content` DISABLE KEYS */;
/*!40000 ALTER TABLE `content` ENABLE KEYS */;
UNLOCK TABLES;

--
-- Table structure for table `content_description`
--

DROP TABLE IF EXISTS `content_description`;
/*!40101 SET @saved_cs_client     = @@character_set_client */;
/*!50503 SET character_set_client = utf8mb4 */;
CREATE TABLE `content_description` (
  `DESCRIPTION_ID` bigint NOT NULL,
  `DATE_CREATED` datetime DEFAULT NULL,
  `DATE_MODIFIED` datetime DEFAULT NULL,
  `UPDT_ID` varchar(60) COLLATE utf8mb3_unicode_ci DEFAULT NULL,
  `DESCRIPTION` longtext COLLATE utf8mb3_unicode_ci,
  `NAME` varchar(120) COLLATE utf8mb3_unicode_ci NOT NULL,
  `TITLE` varchar(100) COLLATE utf8mb3_unicode_ci DEFAULT NULL,
  `META_DESCRIPTION` varchar(255) COLLATE utf8mb3_unicode_ci DEFAULT NULL,
  `META_KEYWORDS` varchar(255) COLLATE utf8mb3_unicode_ci DEFAULT NULL,
  `META_TITLE` varchar(255) COLLATE utf8mb3_unicode_ci DEFAULT NULL,
  `SEF_URL` varchar(120) COLLATE utf8mb3_unicode_ci DEFAULT NULL,
  `LANGUAGE_ID` int NOT NULL,
  `CONTENT_ID` bigint NOT NULL,
  PRIMARY KEY (`DESCRIPTION_ID`),
  UNIQUE KEY `UKn0w5r7ctbp88r4rvk7ayklofm` (`CONTENT_ID`,`LANGUAGE_ID`),
  KEY `FK47yxf681u0rfw2kvarhqb0r3v` (`LANGUAGE_ID`),
  CONSTRAINT `FK47yxf681u0rfw2kvarhqb0r3v` FOREIGN KEY (`LANGUAGE_ID`) REFERENCES `language` (`LANGUAGE_ID`),
  CONSTRAINT `FKk7fabfxn2flvcofwwpyg5sys` FOREIGN KEY (`CONTENT_ID`) REFERENCES `content` (`CONTENT_ID`)
) ENGINE=InnoDB DEFAULT CHARSET=utf8mb3 COLLATE=utf8mb3_unicode_ci;
/*!40101 SET character_set_client = @saved_cs_client */;

--
-- Dumping data for table `content_description`
--

LOCK TABLES `content_description` WRITE;
/*!40000 ALTER TABLE `content_description` DISABLE KEYS */;
/*!40000 ALTER TABLE `content_description` ENABLE KEYS */;
UNLOCK TABLES;

--
-- Table structure for table `country`
--

DROP TABLE IF EXISTS `country`;
/*!40101 SET @saved_cs_client     = @@character_set_client */;
/*!50503 SET character_set_client = utf8mb4 */;
CREATE TABLE `country` (
  `COUNTRY_ID` int NOT NULL,
  `COUNTRY_ISOCODE` varchar(255) COLLATE utf8mb3_unicode_ci DEFAULT NULL,
  `COUNTRY_SUPPORTED` bit(1) DEFAULT NULL,
  `GEOZONE_ID` bigint DEFAULT NULL,
  PRIMARY KEY (`COUNTRY_ID`),
  UNIQUE KEY `UK_dqb99v22pt27v0tgeqo958e6x` (`COUNTRY_ISOCODE`),
  KEY `FKd2q9e14kh1j6tm1gpbct2xwws` (`GEOZONE_ID`),
  CONSTRAINT `FKd2q9e14kh1j6tm1gpbct2xwws` FOREIGN KEY (`GEOZONE_ID`) REFERENCES `geozone` (`GEOZONE_ID`)
) ENGINE=InnoDB DEFAULT CHARSET=utf8mb3 COLLATE=utf8mb3_unicode_ci;
/*!40101 SET character_set_client = @saved_cs_client */;

--
-- Dumping data for table `country`
--

LOCK TABLES `country` WRITE;
/*!40000 ALTER TABLE `country` DISABLE KEYS */;
INSERT INTO `country` VALUES (1,'AF',_binary '',NULL),(2,'AX',_binary '',NULL),(3,'AL',_binary '',NULL),(4,'DZ',_binary '',NULL),(5,'AS',_binary '',NULL),(6,'AD',_binary '',NULL),(7,'AO',_binary '',NULL),(8,'AI',_binary '',NULL),(9,'AG',_binary '',NULL),(10,'AR',_binary '',NULL),(11,'AM',_binary '',NULL),(12,'AW',_binary '',NULL),(13,'AU',_binary '',NULL),(14,'AT',_binary '',NULL),(15,'AZ',_binary '',NULL),(16,'BS',_binary '',NULL),(17,'BH',_binary '',NULL),(18,'BD',_binary '',NULL),(19,'BB',_binary '',NULL),(20,'BY',_binary '',NULL),(21,'BE',_binary '',NULL),(22,'BZ',_binary '',NULL),(23,'BJ',_binary '',NULL),(24,'BM',_binary '',NULL),(25,'BT',_binary '',NULL),(26,'BO',_binary '',NULL),(27,'BA',_binary '',NULL),(28,'BW',_binary '',NULL),(29,'BR',_binary '',NULL),(30,'IO',_binary '',NULL),(31,'BN',_binary '',NULL),(32,'BG',_binary '',NULL),(33,'BF',_binary '',NULL),(34,'BI',_binary '',NULL),(35,'KH',_binary '',NULL),(36,'CM',_binary '',NULL),(37,'CA',_binary '',NULL),(38,'CV',_binary '',NULL),(39,'KY',_binary '',NULL),(40,'CF',_binary '',NULL),(41,'TD',_binary '',NULL),(42,'CL',_binary '',NULL),(43,'CN',_binary '',NULL),(44,'CX',_binary '',NULL),(45,'CC',_binary '',NULL),(46,'CO',_binary '',NULL),(47,'KM',_binary '',NULL),(48,'CG',_binary '',NULL),(49,'CD',_binary '',NULL),(50,'CK',_binary '',NULL),(51,'CR',_binary '',NULL),(52,'CI',_binary '',NULL),(53,'HR',_binary '',NULL),(54,'CU',_binary '',NULL),(55,'CY',_binary '',NULL),(56,'CZ',_binary '',NULL),(57,'DK',_binary '',NULL),(58,'DJ',_binary '',NULL),(59,'DM',_binary '',NULL),(60,'DO',_binary '',NULL),(61,'EC',_binary '',NULL),(62,'EG',_binary '',NULL),(63,'SV',_binary '',NULL),(64,'GQ',_binary '',NULL),(65,'ER',_binary '',NULL),(66,'EE',_binary '',NULL),(67,'ET',_binary '',NULL),(68,'FK',_binary '',NULL),(69,'FO',_binary '',NULL),(70,'FJ',_binary '',NULL),(71,'FI',_binary '',NULL),(72,'FR',_binary '',NULL),(73,'GF',_binary '',NULL),(74,'PF',_binary '',NULL),(75,'GA',_binary '',NULL),(76,'GM',_binary '',NULL),(77,'GE',_binary '',NULL),(78,'DE',_binary '',NULL),(79,'GH',_binary '',NULL),(80,'GI',_binary '',NULL),(81,'GR',_binary '',NULL),(82,'GL',_binary '',NULL),(83,'GD',_binary '',NULL),(84,'GP',_binary '',NULL),(85,'GU',_binary '',NULL),(86,'GT',_binary '',NULL),(87,'GG',_binary '',NULL),(88,'GN',_binary '',NULL),(89,'GW',_binary '',NULL),(90,'GY',_binary '',NULL),(91,'HT',_binary '',NULL),(92,'VA',_binary '',NULL),(93,'HN',_binary '',NULL),(94,'HK',_binary '',NULL),(95,'HU',_binary '',NULL),(96,'IS',_binary '',NULL),(97,'IN',_binary '',NULL),(98,'ID',_binary '',NULL),(99,'IR',_binary '',NULL),(100,'IQ',_binary '',NULL),(101,'IE',_binary '',NULL),(102,'IM',_binary '',NULL),(103,'IL',_binary '',NULL),(104,'IT',_binary '',NULL),(105,'JM',_binary '',NULL),(106,'JP',_binary '',NULL),(107,'JE',_binary '',NULL),(108,'JO',_binary '',NULL),(109,'KZ',_binary '',NULL),(110,'KE',_binary '',NULL),(111,'KI',_binary '',NULL),(112,'KP',_binary '',NULL),(113,'KR',_binary '',NULL),(114,'KW',_binary '',NULL),(115,'KG',_binary '',NULL),(116,'LA',_binary '',NULL),(117,'LV',_binary '',NULL),(118,'LB',_binary '',NULL),(119,'LS',_binary '',NULL),(120,'LR',_binary '',NULL),(121,'LY',_binary '',NULL),(122,'LI',_binary '',NULL),(123,'LT',_binary '',NULL),(124,'LU',_binary '',NULL),(125,'MO',_binary '',NULL),(126,'MK',_binary '',NULL),(127,'MG',_binary '',NULL),(128,'MW',_binary '',NULL),(129,'MY',_binary '',NULL),(130,'ML',_binary '',NULL),(131,'MT',_binary '',NULL),(132,'MH',_binary '',NULL),(133,'MQ',_binary '',NULL),(134,'MR',_binary '',NULL),(135,'MU',_binary '',NULL),(136,'YT',_binary '',NULL),(137,'MX',_binary '',NULL),(138,'FM',_binary '',NULL),(139,'MD',_binary '',NULL),(140,'MC',_binary '',NULL),(141,'MN',_binary '',NULL),(142,'ME',_binary '',NULL),(143,'MS',_binary '',NULL),(144,'MA',_binary '',NULL),(145,'MZ',_binary '',NULL),(146,'MM',_binary '',NULL),(147,'NA',_binary '',NULL),(148,'NR',_binary '',NULL),(149,'NP',_binary '',NULL),(150,'NL',_binary '',NULL),(151,'NC',_binary '',NULL),(152,'NZ',_binary '',NULL),(153,'NI',_binary '',NULL),(154,'NE',_binary '',NULL),(155,'NG',_binary '',NULL),(156,'NU',_binary '',NULL),(157,'NF',_binary '',NULL),(158,'MP',_binary '',NULL),(159,'NO',_binary '',NULL),(160,'OM',_binary '',NULL),(161,'PK',_binary '',NULL),(162,'PW',_binary '',NULL),(163,'PS',_binary '',NULL),(164,'PA',_binary '',NULL),(165,'PG',_binary '',NULL),(166,'PY',_binary '',NULL),(167,'PE',_binary '',NULL),(168,'PH',_binary '',NULL),(169,'PN',_binary '',NULL),(170,'PL',_binary '',NULL),(171,'PT',_binary '',NULL),(172,'PR',_binary '',NULL),(173,'QA',_binary '',NULL),(174,'RE',_binary '',NULL),(175,'RO',_binary '',NULL),(176,'RU',_binary '',NULL),(177,'RW',_binary '',NULL),(178,'SH',_binary '',NULL),(179,'KN',_binary '',NULL),(180,'LC',_binary '',NULL),(181,'PM',_binary '',NULL),(182,'VC',_binary '',NULL),(183,'WS',_binary '',NULL),(184,'SM',_binary '',NULL),(185,'ST',_binary '',NULL),(186,'SA',_binary '',NULL),(187,'SN',_binary '',NULL),(188,'RS',_binary '',NULL),(189,'SC',_binary '',NULL),(190,'SL',_binary '',NULL),(191,'SG',_binary '',NULL),(192,'SK',_binary '',NULL),(193,'SI',_binary '',NULL),(194,'SB',_binary '',NULL),(195,'SO',_binary '',NULL),(196,'ZA',_binary '',NULL),(197,'ES',_binary '',NULL),(198,'LK',_binary '',NULL),(199,'SD',_binary '',NULL),(200,'SR',_binary '',NULL),(201,'SJ',_binary '',NULL),(202,'SZ',_binary '',NULL),(203,'SE',_binary '',NULL),(204,'CH',_binary '',NULL),(205,'SY',_binary '',NULL),(206,'TW',_binary '',NULL),(207,'TJ',_binary '',NULL),(208,'TZ',_binary '',NULL),(209,'TH',_binary '',NULL),(210,'TL',_binary '',NULL),(211,'TG',_binary '',NULL),(212,'TK',_binary '',NULL),(213,'TO',_binary '',NULL),(214,'TT',_binary '',NULL),(215,'TN',_binary '',NULL),(216,'TR',_binary '',NULL),(217,'TM',_binary '',NULL),(218,'TC',_binary '',NULL),(219,'TV',_binary '',NULL),(220,'UG',_binary '',NULL),(221,'UA',_binary '',NULL),(222,'AE',_binary '',NULL),(223,'GB',_binary '',NULL),(224,'US',_binary '',NULL),(225,'UM',_binary '',NULL),(226,'UY',_binary '',NULL),(227,'UZ',_binary '',NULL),(228,'VU',_binary '',NULL),(229,'VE',_binary '',NULL),(230,'VN',_binary '',NULL),(231,'VG',_binary '',NULL),(232,'VI',_binary '',NULL),(233,'WF',_binary '',NULL),(234,'EH',_binary '',NULL),(235,'YE',_binary '',NULL),(236,'ZM',_binary '',NULL),(237,'ZW',_binary '',NULL);
/*!40000 ALTER TABLE `country` ENABLE KEYS */;
UNLOCK TABLES;

--
-- Table structure for table `country_description`
--

DROP TABLE IF EXISTS `country_description`;
/*!40101 SET @saved_cs_client     = @@character_set_client */;
/*!50503 SET character_set_client = utf8mb4 */;
CREATE TABLE `country_description` (
  `DESCRIPTION_ID` bigint NOT NULL,
  `DATE_CREATED` datetime DEFAULT NULL,
  `DATE_MODIFIED` datetime DEFAULT NULL,
  `UPDT_ID` varchar(60) COLLATE utf8mb3_unicode_ci DEFAULT NULL,
  `DESCRIPTION` longtext COLLATE utf8mb3_unicode_ci,
  `NAME` varchar(120) COLLATE utf8mb3_unicode_ci NOT NULL,
  `TITLE` varchar(100) COLLATE utf8mb3_unicode_ci DEFAULT NULL,
  `LANGUAGE_ID` int NOT NULL,
  `COUNTRY_ID` int NOT NULL,
  PRIMARY KEY (`DESCRIPTION_ID`),
  UNIQUE KEY `UKt7nshki1rbp6157ed0v6cx4y4` (`COUNTRY_ID`,`LANGUAGE_ID`),
  KEY `FKersrbjot9p9nfukxfd2l27c7t` (`LANGUAGE_ID`),
  CONSTRAINT `FKersrbjot9p9nfukxfd2l27c7t` FOREIGN KEY (`LANGUAGE_ID`) REFERENCES `language` (`LANGUAGE_ID`),
  CONSTRAINT `FKkd2sy7q97wr2ahvyiiqc4txji` FOREIGN KEY (`COUNTRY_ID`) REFERENCES `country` (`COUNTRY_ID`)
) ENGINE=InnoDB DEFAULT CHARSET=utf8mb3 COLLATE=utf8mb3_unicode_ci;
/*!40101 SET character_set_client = @saved_cs_client */;

--
-- Dumping data for table `country_description`
--

LOCK TABLES `country_description` WRITE;
/*!40000 ALTER TABLE `country_description` DISABLE KEYS */;
INSERT INTO `country_description` VALUES (1,'2023-05-17 03:35:18','2023-05-17 03:35:18',NULL,NULL,'Afghanistan',NULL,1,1),(2,'2023-05-17 03:35:18','2023-05-17 03:35:18',NULL,NULL,'Afghanistan',NULL,2,1),(3,'2023-05-17 03:35:18','2023-05-17 03:35:18',NULL,NULL,'Afganistán',NULL,3,1),(4,'2023-05-17 03:35:18','2023-05-17 03:35:18',NULL,NULL,'Åland Islands',NULL,1,2),(5,'2023-05-17 03:35:18','2023-05-17 03:35:18',NULL,NULL,'Îles Åland',NULL,2,2),(6,'2023-05-17 03:35:18','2023-05-17 03:35:18',NULL,NULL,'Islas Aland',NULL,3,2),(7,'2023-05-17 03:35:18','2023-05-17 03:35:18',NULL,NULL,'Albania',NULL,1,3),(8,'2023-05-17 03:35:18','2023-05-17 03:35:18',NULL,NULL,'Albanie',NULL,2,3),(9,'2023-05-17 03:35:18','2023-05-17 03:35:18',NULL,NULL,'Albania',NULL,3,3),(10,'2023-05-17 03:35:18','2023-05-17 03:35:18',NULL,NULL,'Algeria',NULL,1,4),(11,'2023-05-17 03:35:18','2023-05-17 03:35:18',NULL,NULL,'Algérie',NULL,2,4),(12,'2023-05-17 03:35:18','2023-05-17 03:35:18',NULL,NULL,'Argelia',NULL,3,4),(13,'2023-05-17 03:35:18','2023-05-17 03:35:18',NULL,NULL,'American Samoa',NULL,1,5),(14,'2023-05-17 03:35:18','2023-05-17 03:35:18',NULL,NULL,'Samoa américaines',NULL,2,5),(15,'2023-05-17 03:35:18','2023-05-17 03:35:18',NULL,NULL,'Samoa Americana',NULL,3,5),(16,'2023-05-17 03:35:18','2023-05-17 03:35:18',NULL,NULL,'Andorra',NULL,1,6),(17,'2023-05-17 03:35:18','2023-05-17 03:35:18',NULL,NULL,'Andorre',NULL,2,6),(18,'2023-05-17 03:35:18','2023-05-17 03:35:18',NULL,NULL,'Andorra',NULL,3,6),(19,'2023-05-17 03:35:18','2023-05-17 03:35:18',NULL,NULL,'Angola',NULL,1,7),(20,'2023-05-17 03:35:18','2023-05-17 03:35:18',NULL,NULL,'Angola',NULL,2,7),(21,'2023-05-17 03:35:18','2023-05-17 03:35:18',NULL,NULL,'Angola',NULL,3,7),(22,'2023-05-17 03:35:18','2023-05-17 03:35:18',NULL,NULL,'Anguilla',NULL,1,8),(23,'2023-05-17 03:35:18','2023-05-17 03:35:18',NULL,NULL,'Anguilla',NULL,2,8),(24,'2023-05-17 03:35:18','2023-05-17 03:35:18',NULL,NULL,'Anguila',NULL,3,8),(25,'2023-05-17 03:35:18','2023-05-17 03:35:18',NULL,NULL,'Antigua & Barbuda',NULL,1,9),(26,'2023-05-17 03:35:18','2023-05-17 03:35:18',NULL,NULL,'Antigua-et-Barbuda',NULL,2,9),(27,'2023-05-17 03:35:18','2023-05-17 03:35:18',NULL,NULL,'Antigua y Barbuda',NULL,3,9),(28,'2023-05-17 03:35:18','2023-05-17 03:35:18',NULL,NULL,'Argentina',NULL,1,10),(29,'2023-05-17 03:35:18','2023-05-17 03:35:18',NULL,NULL,'Argentine',NULL,2,10),(30,'2023-05-17 03:35:18','2023-05-17 03:35:18',NULL,NULL,'Argentina',NULL,3,10),(31,'2023-05-17 03:35:18','2023-05-17 03:35:18',NULL,NULL,'Armenia',NULL,1,11),(32,'2023-05-17 03:35:18','2023-05-17 03:35:18',NULL,NULL,'Arménie',NULL,2,11),(33,'2023-05-17 03:35:18','2023-05-17 03:35:18',NULL,NULL,'Armenia',NULL,3,11),(34,'2023-05-17 03:35:18','2023-05-17 03:35:18',NULL,NULL,'Aruba',NULL,1,12),(35,'2023-05-17 03:35:18','2023-05-17 03:35:18',NULL,NULL,'Aruba',NULL,2,12),(36,'2023-05-17 03:35:18','2023-05-17 03:35:18',NULL,NULL,'Aruba',NULL,3,12),(37,'2023-05-17 03:35:18','2023-05-17 03:35:18',NULL,NULL,'Australia',NULL,1,13),(38,'2023-05-17 03:35:18','2023-05-17 03:35:18',NULL,NULL,'Australie',NULL,2,13),(39,'2023-05-17 03:35:19','2023-05-17 03:35:19',NULL,NULL,'Australia',NULL,3,13),(40,'2023-05-17 03:35:19','2023-05-17 03:35:19',NULL,NULL,'Austria',NULL,1,14),(41,'2023-05-17 03:35:19','2023-05-17 03:35:19',NULL,NULL,'Autriche',NULL,2,14),(42,'2023-05-17 03:35:19','2023-05-17 03:35:19',NULL,NULL,'Austria',NULL,3,14),(43,'2023-05-17 03:35:19','2023-05-17 03:35:19',NULL,NULL,'Azerbaijan',NULL,1,15),(44,'2023-05-17 03:35:19','2023-05-17 03:35:19',NULL,NULL,'Azerbaïdjan',NULL,2,15),(45,'2023-05-17 03:35:19','2023-05-17 03:35:19',NULL,NULL,'Azerbaiyán',NULL,3,15),(46,'2023-05-17 03:35:19','2023-05-17 03:35:19',NULL,NULL,'Bahamas',NULL,1,16),(47,'2023-05-17 03:35:19','2023-05-17 03:35:19',NULL,NULL,'Bahamas',NULL,2,16),(48,'2023-05-17 03:35:19','2023-05-17 03:35:19',NULL,NULL,'Bahamas',NULL,3,16),(49,'2023-05-17 03:35:19','2023-05-17 03:35:19',NULL,NULL,'Bahrain',NULL,1,17),(50,'2023-05-17 03:35:19','2023-05-17 03:35:19',NULL,NULL,'Bahreïn',NULL,2,17),(51,'2023-05-17 03:35:19','2023-05-17 03:35:19',NULL,NULL,'Baréin',NULL,3,17),(52,'2023-05-17 03:35:19','2023-05-17 03:35:19',NULL,NULL,'Bangladesh',NULL,1,18),(53,'2023-05-17 03:35:19','2023-05-17 03:35:19',NULL,NULL,'Bangladesh',NULL,2,18),(54,'2023-05-17 03:35:19','2023-05-17 03:35:19',NULL,NULL,'Bangladés',NULL,3,18),(55,'2023-05-17 03:35:19','2023-05-17 03:35:19',NULL,NULL,'Barbados',NULL,1,19),(56,'2023-05-17 03:35:19','2023-05-17 03:35:19',NULL,NULL,'Barbade',NULL,2,19),(57,'2023-05-17 03:35:19','2023-05-17 03:35:19',NULL,NULL,'Barbados',NULL,3,19),(58,'2023-05-17 03:35:19','2023-05-17 03:35:19',NULL,NULL,'Belarus',NULL,1,20),(59,'2023-05-17 03:35:19','2023-05-17 03:35:19',NULL,NULL,'Biélorussie',NULL,2,20),(60,'2023-05-17 03:35:19','2023-05-17 03:35:19',NULL,NULL,'Bielorrusia',NULL,3,20),(61,'2023-05-17 03:35:19','2023-05-17 03:35:19',NULL,NULL,'Belgium',NULL,1,21),(62,'2023-05-17 03:35:19','2023-05-17 03:35:19',NULL,NULL,'Belgique',NULL,2,21),(63,'2023-05-17 03:35:19','2023-05-17 03:35:19',NULL,NULL,'Bélgica',NULL,3,21),(64,'2023-05-17 03:35:19','2023-05-17 03:35:19',NULL,NULL,'Belize',NULL,1,22),(65,'2023-05-17 03:35:19','2023-05-17 03:35:19',NULL,NULL,'Belize',NULL,2,22),(66,'2023-05-17 03:35:19','2023-05-17 03:35:19',NULL,NULL,'Belice',NULL,3,22),(67,'2023-05-17 03:35:19','2023-05-17 03:35:19',NULL,NULL,'Benin',NULL,1,23),(68,'2023-05-17 03:35:19','2023-05-17 03:35:19',NULL,NULL,'Bénin',NULL,2,23),(69,'2023-05-17 03:35:19','2023-05-17 03:35:19',NULL,NULL,'Benín',NULL,3,23),(70,'2023-05-17 03:35:19','2023-05-17 03:35:19',NULL,NULL,'Bermuda',NULL,1,24),(71,'2023-05-17 03:35:19','2023-05-17 03:35:19',NULL,NULL,'Bermudes',NULL,2,24),(72,'2023-05-17 03:35:19','2023-05-17 03:35:19',NULL,NULL,'Bermudas',NULL,3,24),(73,'2023-05-17 03:35:19','2023-05-17 03:35:19',NULL,NULL,'Bhutan',NULL,1,25),(74,'2023-05-17 03:35:19','2023-05-17 03:35:19',NULL,NULL,'Bhoutan',NULL,2,25),(75,'2023-05-17 03:35:19','2023-05-17 03:35:19',NULL,NULL,'Bután',NULL,3,25),(76,'2023-05-17 03:35:19','2023-05-17 03:35:19',NULL,NULL,'Bolivia',NULL,1,26),(77,'2023-05-17 03:35:19','2023-05-17 03:35:19',NULL,NULL,'Bolivie',NULL,2,26),(78,'2023-05-17 03:35:19','2023-05-17 03:35:19',NULL,NULL,'Bolivia',NULL,3,26),(79,'2023-05-17 03:35:19','2023-05-17 03:35:19',NULL,NULL,'Bosnia & Herzegovina',NULL,1,27),(80,'2023-05-17 03:35:19','2023-05-17 03:35:19',NULL,NULL,'Bosnie-Herzégovine',NULL,2,27),(81,'2023-05-17 03:35:19','2023-05-17 03:35:19',NULL,NULL,'Bosnia y Herzegovina',NULL,3,27),(82,'2023-05-17 03:35:19','2023-05-17 03:35:19',NULL,NULL,'Botswana',NULL,1,28),(83,'2023-05-17 03:35:19','2023-05-17 03:35:19',NULL,NULL,'Botswana',NULL,2,28),(84,'2023-05-17 03:35:19','2023-05-17 03:35:19',NULL,NULL,'Botsuana',NULL,3,28),(85,'2023-05-17 03:35:19','2023-05-17 03:35:19',NULL,NULL,'Brazil',NULL,1,29),(86,'2023-05-17 03:35:19','2023-05-17 03:35:19',NULL,NULL,'Brésil',NULL,2,29),(87,'2023-05-17 03:35:19','2023-05-17 03:35:19',NULL,NULL,'Brasil',NULL,3,29),(88,'2023-05-17 03:35:19','2023-05-17 03:35:19',NULL,NULL,'British Indian Ocean Territory',NULL,1,30),(89,'2023-05-17 03:35:19','2023-05-17 03:35:19',NULL,NULL,'Territoire britannique de l’océan Indien',NULL,2,30),(90,'2023-05-17 03:35:19','2023-05-17 03:35:19',NULL,NULL,'Territorio Británico del Océano Índico',NULL,3,30),(91,'2023-05-17 03:35:19','2023-05-17 03:35:19',NULL,NULL,'Brunei',NULL,1,31),(92,'2023-05-17 03:35:19','2023-05-17 03:35:19',NULL,NULL,'Brunei',NULL,2,31),(93,'2023-05-17 03:35:19','2023-05-17 03:35:19',NULL,NULL,'Brunéi',NULL,3,31),(94,'2023-05-17 03:35:19','2023-05-17 03:35:19',NULL,NULL,'Bulgaria',NULL,1,32),(95,'2023-05-17 03:35:19','2023-05-17 03:35:19',NULL,NULL,'Bulgarie',NULL,2,32),(96,'2023-05-17 03:35:19','2023-05-17 03:35:19',NULL,NULL,'Bulgaria',NULL,3,32),(97,'2023-05-17 03:35:19','2023-05-17 03:35:19',NULL,NULL,'Burkina Faso',NULL,1,33),(98,'2023-05-17 03:35:19','2023-05-17 03:35:19',NULL,NULL,'Burkina Faso',NULL,2,33),(99,'2023-05-17 03:35:19','2023-05-17 03:35:19',NULL,NULL,'Burkina Faso',NULL,3,33),(100,'2023-05-17 03:35:20','2023-05-17 03:35:20',NULL,NULL,'Burundi',NULL,1,34),(101,'2023-05-17 03:35:20','2023-05-17 03:35:20',NULL,NULL,'Burundi',NULL,2,34),(102,'2023-05-17 03:35:20','2023-05-17 03:35:20',NULL,NULL,'Burundi',NULL,3,34),(103,'2023-05-17 03:35:20','2023-05-17 03:35:20',NULL,NULL,'Cambodia',NULL,1,35),(104,'2023-05-17 03:35:20','2023-05-17 03:35:20',NULL,NULL,'Cambodge',NULL,2,35),(105,'2023-05-17 03:35:20','2023-05-17 03:35:20',NULL,NULL,'Camboya',NULL,3,35),(106,'2023-05-17 03:35:20','2023-05-17 03:35:20',NULL,NULL,'Cameroon',NULL,1,36),(107,'2023-05-17 03:35:20','2023-05-17 03:35:20',NULL,NULL,'Cameroun',NULL,2,36),(108,'2023-05-17 03:35:20','2023-05-17 03:35:20',NULL,NULL,'Camerún',NULL,3,36),(109,'2023-05-17 03:35:20','2023-05-17 03:35:20',NULL,NULL,'Canada',NULL,1,37),(110,'2023-05-17 03:35:20','2023-05-17 03:35:20',NULL,NULL,'Canada',NULL,2,37),(111,'2023-05-17 03:35:20','2023-05-17 03:35:20',NULL,NULL,'Canadá',NULL,3,37),(112,'2023-05-17 03:35:20','2023-05-17 03:35:20',NULL,NULL,'Cape Verde',NULL,1,38),(113,'2023-05-17 03:35:20','2023-05-17 03:35:20',NULL,NULL,'Cap-Vert',NULL,2,38),(114,'2023-05-17 03:35:20','2023-05-17 03:35:20',NULL,NULL,'Cabo Verde',NULL,3,38),(115,'2023-05-17 03:35:20','2023-05-17 03:35:20',NULL,NULL,'Cayman Islands',NULL,1,39),(116,'2023-05-17 03:35:20','2023-05-17 03:35:20',NULL,NULL,'Îles Caïmans',NULL,2,39),(117,'2023-05-17 03:35:20','2023-05-17 03:35:20',NULL,NULL,'Islas Caimán',NULL,3,39),(118,'2023-05-17 03:35:20','2023-05-17 03:35:20',NULL,NULL,'Central African Republic',NULL,1,40),(119,'2023-05-17 03:35:20','2023-05-17 03:35:20',NULL,NULL,'République centrafricaine',NULL,2,40),(120,'2023-05-17 03:35:20','2023-05-17 03:35:20',NULL,NULL,'República Centroafricana',NULL,3,40),(121,'2023-05-17 03:35:20','2023-05-17 03:35:20',NULL,NULL,'Chad',NULL,1,41),(122,'2023-05-17 03:35:20','2023-05-17 03:35:20',NULL,NULL,'Tchad',NULL,2,41),(123,'2023-05-17 03:35:20','2023-05-17 03:35:20',NULL,NULL,'Chad',NULL,3,41),(124,'2023-05-17 03:35:20','2023-05-17 03:35:20',NULL,NULL,'Chile',NULL,1,42),(125,'2023-05-17 03:35:20','2023-05-17 03:35:20',NULL,NULL,'Chili',NULL,2,42),(126,'2023-05-17 03:35:20','2023-05-17 03:35:20',NULL,NULL,'Chile',NULL,3,42),(127,'2023-05-17 03:35:20','2023-05-17 03:35:20',NULL,NULL,'China',NULL,1,43),(128,'2023-05-17 03:35:20','2023-05-17 03:35:20',NULL,NULL,'Chine',NULL,2,43),(129,'2023-05-17 03:35:20','2023-05-17 03:35:20',NULL,NULL,'China',NULL,3,43),(130,'2023-05-17 03:35:20','2023-05-17 03:35:20',NULL,NULL,'Christmas Island',NULL,1,44),(131,'2023-05-17 03:35:20','2023-05-17 03:35:20',NULL,NULL,'Île Christmas',NULL,2,44),(132,'2023-05-17 03:35:20','2023-05-17 03:35:20',NULL,NULL,'Isla de Navidad',NULL,3,44),(133,'2023-05-17 03:35:20','2023-05-17 03:35:20',NULL,NULL,'Cocos (Keeling) Islands',NULL,1,45),(134,'2023-05-17 03:35:20','2023-05-17 03:35:20',NULL,NULL,'Îles Cocos',NULL,2,45),(135,'2023-05-17 03:35:20','2023-05-17 03:35:20',NULL,NULL,'Islas Cocos',NULL,3,45),(136,'2023-05-17 03:35:20','2023-05-17 03:35:20',NULL,NULL,'Colombia',NULL,1,46),(137,'2023-05-17 03:35:20','2023-05-17 03:35:20',NULL,NULL,'Colombie',NULL,2,46),(138,'2023-05-17 03:35:20','2023-05-17 03:35:20',NULL,NULL,'Colombia',NULL,3,46),(139,'2023-05-17 03:35:20','2023-05-17 03:35:20',NULL,NULL,'Comoros',NULL,1,47),(140,'2023-05-17 03:35:20','2023-05-17 03:35:20',NULL,NULL,'Comores',NULL,2,47),(141,'2023-05-17 03:35:20','2023-05-17 03:35:20',NULL,NULL,'Comoras',NULL,3,47),(142,'2023-05-17 03:35:20','2023-05-17 03:35:20',NULL,NULL,'Congo - Brazzaville',NULL,1,48),(143,'2023-05-17 03:35:20','2023-05-17 03:35:20',NULL,NULL,'Congo-Brazzaville',NULL,2,48),(144,'2023-05-17 03:35:20','2023-05-17 03:35:20',NULL,NULL,'Congo',NULL,3,48),(145,'2023-05-17 03:35:20','2023-05-17 03:35:20',NULL,NULL,'Congo - Kinshasa',NULL,1,49),(146,'2023-05-17 03:35:20','2023-05-17 03:35:20',NULL,NULL,'Congo-Kinshasa',NULL,2,49),(147,'2023-05-17 03:35:20','2023-05-17 03:35:20',NULL,NULL,'República Democrática del Congo',NULL,3,49),(148,'2023-05-17 03:35:20','2023-05-17 03:35:20',NULL,NULL,'Cook Islands',NULL,1,50),(149,'2023-05-17 03:35:20','2023-05-17 03:35:20',NULL,NULL,'Îles Cook',NULL,2,50),(150,'2023-05-17 03:35:20','2023-05-17 03:35:20',NULL,NULL,'Islas Cook',NULL,3,50),(151,'2023-05-17 03:35:20','2023-05-17 03:35:20',NULL,NULL,'Costa Rica',NULL,1,51),(152,'2023-05-17 03:35:20','2023-05-17 03:35:20',NULL,NULL,'Costa Rica',NULL,2,51),(153,'2023-05-17 03:35:20','2023-05-17 03:35:20',NULL,NULL,'Costa Rica',NULL,3,51),(154,'2023-05-17 03:35:20','2023-05-17 03:35:20',NULL,NULL,'Côte d’Ivoire',NULL,1,52),(155,'2023-05-17 03:35:20','2023-05-17 03:35:20',NULL,NULL,'Côte d’Ivoire',NULL,2,52),(156,'2023-05-17 03:35:20','2023-05-17 03:35:20',NULL,NULL,'Côte d’Ivoire',NULL,3,52),(157,'2023-05-17 03:35:20','2023-05-17 03:35:20',NULL,NULL,'Croatia',NULL,1,53),(158,'2023-05-17 03:35:20','2023-05-17 03:35:20',NULL,NULL,'Croatie',NULL,2,53),(159,'2023-05-17 03:35:20','2023-05-17 03:35:20',NULL,NULL,'Croacia',NULL,3,53),(160,'2023-05-17 03:35:20','2023-05-17 03:35:20',NULL,NULL,'Cuba',NULL,1,54),(161,'2023-05-17 03:35:20','2023-05-17 03:35:20',NULL,NULL,'Cuba',NULL,2,54),(162,'2023-05-17 03:35:20','2023-05-17 03:35:20',NULL,NULL,'Cuba',NULL,3,54),(163,'2023-05-17 03:35:20','2023-05-17 03:35:20',NULL,NULL,'Cyprus',NULL,1,55),(164,'2023-05-17 03:35:20','2023-05-17 03:35:20',NULL,NULL,'Chypre',NULL,2,55),(165,'2023-05-17 03:35:20','2023-05-17 03:35:20',NULL,NULL,'Chipre',NULL,3,55),(166,'2023-05-17 03:35:20','2023-05-17 03:35:20',NULL,NULL,'Czechia',NULL,1,56),(167,'2023-05-17 03:35:20','2023-05-17 03:35:20',NULL,NULL,'Tchéquie',NULL,2,56),(168,'2023-05-17 03:35:20','2023-05-17 03:35:20',NULL,NULL,'Chequia',NULL,3,56),(169,'2023-05-17 03:35:21','2023-05-17 03:35:21',NULL,NULL,'Denmark',NULL,1,57),(170,'2023-05-17 03:35:21','2023-05-17 03:35:21',NULL,NULL,'Danemark',NULL,2,57),(171,'2023-05-17 03:35:21','2023-05-17 03:35:21',NULL,NULL,'Dinamarca',NULL,3,57),(172,'2023-05-17 03:35:21','2023-05-17 03:35:21',NULL,NULL,'Djibouti',NULL,1,58),(173,'2023-05-17 03:35:21','2023-05-17 03:35:21',NULL,NULL,'Djibouti',NULL,2,58),(174,'2023-05-17 03:35:21','2023-05-17 03:35:21',NULL,NULL,'Yibuti',NULL,3,58),(175,'2023-05-17 03:35:21','2023-05-17 03:35:21',NULL,NULL,'Dominica',NULL,1,59),(176,'2023-05-17 03:35:21','2023-05-17 03:35:21',NULL,NULL,'Dominique',NULL,2,59),(177,'2023-05-17 03:35:21','2023-05-17 03:35:21',NULL,NULL,'Dominica',NULL,3,59),(178,'2023-05-17 03:35:21','2023-05-17 03:35:21',NULL,NULL,'Dominican Republic',NULL,1,60),(179,'2023-05-17 03:35:21','2023-05-17 03:35:21',NULL,NULL,'République dominicaine',NULL,2,60),(180,'2023-05-17 03:35:21','2023-05-17 03:35:21',NULL,NULL,'República Dominicana',NULL,3,60),(181,'2023-05-17 03:35:21','2023-05-17 03:35:21',NULL,NULL,'Ecuador',NULL,1,61),(182,'2023-05-17 03:35:21','2023-05-17 03:35:21',NULL,NULL,'Équateur',NULL,2,61),(183,'2023-05-17 03:35:21','2023-05-17 03:35:21',NULL,NULL,'Ecuador',NULL,3,61),(184,'2023-05-17 03:35:21','2023-05-17 03:35:21',NULL,NULL,'Egypt',NULL,1,62),(185,'2023-05-17 03:35:21','2023-05-17 03:35:21',NULL,NULL,'Égypte',NULL,2,62),(186,'2023-05-17 03:35:21','2023-05-17 03:35:21',NULL,NULL,'Egipto',NULL,3,62),(187,'2023-05-17 03:35:21','2023-05-17 03:35:21',NULL,NULL,'El Salvador',NULL,1,63),(188,'2023-05-17 03:35:21','2023-05-17 03:35:21',NULL,NULL,'Salvador',NULL,2,63),(189,'2023-05-17 03:35:21','2023-05-17 03:35:21',NULL,NULL,'El Salvador',NULL,3,63),(190,'2023-05-17 03:35:21','2023-05-17 03:35:21',NULL,NULL,'Equatorial Guinea',NULL,1,64),(191,'2023-05-17 03:35:21','2023-05-17 03:35:21',NULL,NULL,'Guinée équatoriale',NULL,2,64),(192,'2023-05-17 03:35:21','2023-05-17 03:35:21',NULL,NULL,'Guinea Ecuatorial',NULL,3,64),(193,'2023-05-17 03:35:21','2023-05-17 03:35:21',NULL,NULL,'Eritrea',NULL,1,65),(194,'2023-05-17 03:35:21','2023-05-17 03:35:21',NULL,NULL,'Érythrée',NULL,2,65),(195,'2023-05-17 03:35:21','2023-05-17 03:35:21',NULL,NULL,'Eritrea',NULL,3,65),(196,'2023-05-17 03:35:21','2023-05-17 03:35:21',NULL,NULL,'Estonia',NULL,1,66),(197,'2023-05-17 03:35:21','2023-05-17 03:35:21',NULL,NULL,'Estonie',NULL,2,66),(198,'2023-05-17 03:35:21','2023-05-17 03:35:21',NULL,NULL,'Estonia',NULL,3,66),(199,'2023-05-17 03:35:21','2023-05-17 03:35:21',NULL,NULL,'Ethiopia',NULL,1,67),(200,'2023-05-17 03:35:21','2023-05-17 03:35:21',NULL,NULL,'Éthiopie',NULL,2,67),(201,'2023-05-17 03:35:21','2023-05-17 03:35:21',NULL,NULL,'Etiopía',NULL,3,67),(202,'2023-05-17 03:35:21','2023-05-17 03:35:21',NULL,NULL,'Falkland Islands',NULL,1,68),(203,'2023-05-17 03:35:21','2023-05-17 03:35:21',NULL,NULL,'Îles Malouines',NULL,2,68),(204,'2023-05-17 03:35:21','2023-05-17 03:35:21',NULL,NULL,'Islas Malvinas',NULL,3,68),(205,'2023-05-17 03:35:21','2023-05-17 03:35:21',NULL,NULL,'Faroe Islands',NULL,1,69),(206,'2023-05-17 03:35:21','2023-05-17 03:35:21',NULL,NULL,'Îles Féroé',NULL,2,69),(207,'2023-05-17 03:35:21','2023-05-17 03:35:21',NULL,NULL,'Islas Feroe',NULL,3,69),(208,'2023-05-17 03:35:21','2023-05-17 03:35:21',NULL,NULL,'Fiji',NULL,1,70),(209,'2023-05-17 03:35:21','2023-05-17 03:35:21',NULL,NULL,'Fidji',NULL,2,70),(210,'2023-05-17 03:35:21','2023-05-17 03:35:21',NULL,NULL,'Fiyi',NULL,3,70),(211,'2023-05-17 03:35:21','2023-05-17 03:35:21',NULL,NULL,'Finland',NULL,1,71),(212,'2023-05-17 03:35:21','2023-05-17 03:35:21',NULL,NULL,'Finlande',NULL,2,71),(213,'2023-05-17 03:35:21','2023-05-17 03:35:21',NULL,NULL,'Finlandia',NULL,3,71),(214,'2023-05-17 03:35:21','2023-05-17 03:35:21',NULL,NULL,'France',NULL,1,72),(215,'2023-05-17 03:35:21','2023-05-17 03:35:21',NULL,NULL,'France',NULL,2,72),(216,'2023-05-17 03:35:21','2023-05-17 03:35:21',NULL,NULL,'Francia',NULL,3,72),(217,'2023-05-17 03:35:21','2023-05-17 03:35:21',NULL,NULL,'French Guiana',NULL,1,73),(218,'2023-05-17 03:35:21','2023-05-17 03:35:21',NULL,NULL,'Guyane française',NULL,2,73),(219,'2023-05-17 03:35:21','2023-05-17 03:35:21',NULL,NULL,'Guayana Francesa',NULL,3,73),(220,'2023-05-17 03:35:21','2023-05-17 03:35:21',NULL,NULL,'French Polynesia',NULL,1,74),(221,'2023-05-17 03:35:21','2023-05-17 03:35:21',NULL,NULL,'Polynésie française',NULL,2,74),(222,'2023-05-17 03:35:21','2023-05-17 03:35:21',NULL,NULL,'Polinesia Francesa',NULL,3,74),(223,'2023-05-17 03:35:21','2023-05-17 03:35:21',NULL,NULL,'Gabon',NULL,1,75),(224,'2023-05-17 03:35:21','2023-05-17 03:35:21',NULL,NULL,'Gabon',NULL,2,75),(225,'2023-05-17 03:35:21','2023-05-17 03:35:21',NULL,NULL,'Gabón',NULL,3,75),(226,'2023-05-17 03:35:21','2023-05-17 03:35:21',NULL,NULL,'Gambia',NULL,1,76),(227,'2023-05-17 03:35:21','2023-05-17 03:35:21',NULL,NULL,'Gambie',NULL,2,76),(228,'2023-05-17 03:35:21','2023-05-17 03:35:21',NULL,NULL,'Gambia',NULL,3,76),(229,'2023-05-17 03:35:21','2023-05-17 03:35:21',NULL,NULL,'Georgia',NULL,1,77),(230,'2023-05-17 03:35:21','2023-05-17 03:35:21',NULL,NULL,'Géorgie',NULL,2,77),(231,'2023-05-17 03:35:21','2023-05-17 03:35:21',NULL,NULL,'Georgia',NULL,3,77),(232,'2023-05-17 03:35:21','2023-05-17 03:35:21',NULL,NULL,'Germany',NULL,1,78),(233,'2023-05-17 03:35:21','2023-05-17 03:35:21',NULL,NULL,'Allemagne',NULL,2,78),(234,'2023-05-17 03:35:21','2023-05-17 03:35:21',NULL,NULL,'Alemania',NULL,3,78),(235,'2023-05-17 03:35:21','2023-05-17 03:35:21',NULL,NULL,'Ghana',NULL,1,79),(236,'2023-05-17 03:35:21','2023-05-17 03:35:21',NULL,NULL,'Ghana',NULL,2,79),(237,'2023-05-17 03:35:21','2023-05-17 03:35:21',NULL,NULL,'Ghana',NULL,3,79),(238,'2023-05-17 03:35:21','2023-05-17 03:35:21',NULL,NULL,'Gibraltar',NULL,1,80),(239,'2023-05-17 03:35:21','2023-05-17 03:35:21',NULL,NULL,'Gibraltar',NULL,2,80),(240,'2023-05-17 03:35:21','2023-05-17 03:35:21',NULL,NULL,'Gibraltar',NULL,3,80),(241,'2023-05-17 03:35:21','2023-05-17 03:35:21',NULL,NULL,'Greece',NULL,1,81),(242,'2023-05-17 03:35:21','2023-05-17 03:35:21',NULL,NULL,'Grèce',NULL,2,81),(243,'2023-05-17 03:35:22','2023-05-17 03:35:22',NULL,NULL,'Grecia',NULL,3,81),(244,'2023-05-17 03:35:22','2023-05-17 03:35:22',NULL,NULL,'Greenland',NULL,1,82),(245,'2023-05-17 03:35:22','2023-05-17 03:35:22',NULL,NULL,'Groenland',NULL,2,82),(246,'2023-05-17 03:35:22','2023-05-17 03:35:22',NULL,NULL,'Groenlandia',NULL,3,82),(247,'2023-05-17 03:35:22','2023-05-17 03:35:22',NULL,NULL,'Grenada',NULL,1,83),(248,'2023-05-17 03:35:22','2023-05-17 03:35:22',NULL,NULL,'Grenade',NULL,2,83),(249,'2023-05-17 03:35:22','2023-05-17 03:35:22',NULL,NULL,'Granada',NULL,3,83),(250,'2023-05-17 03:35:22','2023-05-17 03:35:22',NULL,NULL,'Guadeloupe',NULL,1,84),(251,'2023-05-17 03:35:22','2023-05-17 03:35:22',NULL,NULL,'Guadeloupe',NULL,2,84),(252,'2023-05-17 03:35:22','2023-05-17 03:35:22',NULL,NULL,'Guadalupe',NULL,3,84),(253,'2023-05-17 03:35:22','2023-05-17 03:35:22',NULL,NULL,'Guam',NULL,1,85),(254,'2023-05-17 03:35:22','2023-05-17 03:35:22',NULL,NULL,'Guam',NULL,2,85),(255,'2023-05-17 03:35:22','2023-05-17 03:35:22',NULL,NULL,'Guam',NULL,3,85),(256,'2023-05-17 03:35:22','2023-05-17 03:35:22',NULL,NULL,'Guatemala',NULL,1,86),(257,'2023-05-17 03:35:22','2023-05-17 03:35:22',NULL,NULL,'Guatemala',NULL,2,86),(258,'2023-05-17 03:35:22','2023-05-17 03:35:22',NULL,NULL,'Guatemala',NULL,3,86),(259,'2023-05-17 03:35:22','2023-05-17 03:35:22',NULL,NULL,'Guernsey',NULL,1,87),(260,'2023-05-17 03:35:22','2023-05-17 03:35:22',NULL,NULL,'Guernesey',NULL,2,87),(261,'2023-05-17 03:35:22','2023-05-17 03:35:22',NULL,NULL,'Guernesey',NULL,3,87),(262,'2023-05-17 03:35:22','2023-05-17 03:35:22',NULL,NULL,'Guinea',NULL,1,88),(263,'2023-05-17 03:35:22','2023-05-17 03:35:22',NULL,NULL,'Guinée',NULL,2,88),(264,'2023-05-17 03:35:22','2023-05-17 03:35:22',NULL,NULL,'Guinea',NULL,3,88),(265,'2023-05-17 03:35:22','2023-05-17 03:35:22',NULL,NULL,'Guinea-Bissau',NULL,1,89),(266,'2023-05-17 03:35:22','2023-05-17 03:35:22',NULL,NULL,'Guinée-Bissau',NULL,2,89),(267,'2023-05-17 03:35:22','2023-05-17 03:35:22',NULL,NULL,'Guinea-Bisáu',NULL,3,89),(268,'2023-05-17 03:35:22','2023-05-17 03:35:22',NULL,NULL,'Guyana',NULL,1,90),(269,'2023-05-17 03:35:22','2023-05-17 03:35:22',NULL,NULL,'Guyana',NULL,2,90),(270,'2023-05-17 03:35:22','2023-05-17 03:35:22',NULL,NULL,'Guyana',NULL,3,90),(271,'2023-05-17 03:35:22','2023-05-17 03:35:22',NULL,NULL,'Haiti',NULL,1,91),(272,'2023-05-17 03:35:22','2023-05-17 03:35:22',NULL,NULL,'Haïti',NULL,2,91),(273,'2023-05-17 03:35:22','2023-05-17 03:35:22',NULL,NULL,'Haití',NULL,3,91),(274,'2023-05-17 03:35:22','2023-05-17 03:35:22',NULL,NULL,'Vatican City',NULL,1,92),(275,'2023-05-17 03:35:22','2023-05-17 03:35:22',NULL,NULL,'État de la Cité du Vatican',NULL,2,92),(276,'2023-05-17 03:35:22','2023-05-17 03:35:22',NULL,NULL,'Ciudad del Vaticano',NULL,3,92),(277,'2023-05-17 03:35:22','2023-05-17 03:35:22',NULL,NULL,'Honduras',NULL,1,93),(278,'2023-05-17 03:35:22','2023-05-17 03:35:22',NULL,NULL,'Honduras',NULL,2,93),(279,'2023-05-17 03:35:22','2023-05-17 03:35:22',NULL,NULL,'Honduras',NULL,3,93),(280,'2023-05-17 03:35:22','2023-05-17 03:35:22',NULL,NULL,'Hong Kong SAR China',NULL,1,94),(281,'2023-05-17 03:35:22','2023-05-17 03:35:22',NULL,NULL,'R.A.S. chinoise de Hong Kong',NULL,2,94),(282,'2023-05-17 03:35:22','2023-05-17 03:35:22',NULL,NULL,'RAE de Hong Kong (China)',NULL,3,94),(283,'2023-05-17 03:35:22','2023-05-17 03:35:22',NULL,NULL,'Hungary',NULL,1,95),(284,'2023-05-17 03:35:22','2023-05-17 03:35:22',NULL,NULL,'Hongrie',NULL,2,95),(285,'2023-05-17 03:35:22','2023-05-17 03:35:22',NULL,NULL,'Hungría',NULL,3,95),(286,'2023-05-17 03:35:22','2023-05-17 03:35:22',NULL,NULL,'Iceland',NULL,1,96),(287,'2023-05-17 03:35:22','2023-05-17 03:35:22',NULL,NULL,'Islande',NULL,2,96),(288,'2023-05-17 03:35:22','2023-05-17 03:35:22',NULL,NULL,'Islandia',NULL,3,96),(289,'2023-05-17 03:35:22','2023-05-17 03:35:22',NULL,NULL,'India',NULL,1,97),(290,'2023-05-17 03:35:22','2023-05-17 03:35:22',NULL,NULL,'Inde',NULL,2,97),(291,'2023-05-17 03:35:22','2023-05-17 03:35:22',NULL,NULL,'India',NULL,3,97),(292,'2023-05-17 03:35:22','2023-05-17 03:35:22',NULL,NULL,'Indonesia',NULL,1,98),(293,'2023-05-17 03:35:22','2023-05-17 03:35:22',NULL,NULL,'Indonésie',NULL,2,98),(294,'2023-05-17 03:35:22','2023-05-17 03:35:22',NULL,NULL,'Indonesia',NULL,3,98),(295,'2023-05-17 03:35:22','2023-05-17 03:35:22',NULL,NULL,'Iran',NULL,1,99),(296,'2023-05-17 03:35:22','2023-05-17 03:35:22',NULL,NULL,'Iran',NULL,2,99),(297,'2023-05-17 03:35:22','2023-05-17 03:35:22',NULL,NULL,'Irán',NULL,3,99),(298,'2023-05-17 03:35:22','2023-05-17 03:35:22',NULL,NULL,'Iraq',NULL,1,100),(299,'2023-05-17 03:35:22','2023-05-17 03:35:22',NULL,NULL,'Irak',NULL,2,100),(300,'2023-05-17 03:35:22','2023-05-17 03:35:22',NULL,NULL,'Irak',NULL,3,100),(301,'2023-05-17 03:35:22','2023-05-17 03:35:22',NULL,NULL,'Ireland',NULL,1,101),(302,'2023-05-17 03:35:22','2023-05-17 03:35:22',NULL,NULL,'Irlande',NULL,2,101),(303,'2023-05-17 03:35:22','2023-05-17 03:35:22',NULL,NULL,'Irlanda',NULL,3,101),(304,'2023-05-17 03:35:22','2023-05-17 03:35:22',NULL,NULL,'Isle of Man',NULL,1,102),(305,'2023-05-17 03:35:22','2023-05-17 03:35:22',NULL,NULL,'Île de Man',NULL,2,102),(306,'2023-05-17 03:35:22','2023-05-17 03:35:22',NULL,NULL,'Isla de Man',NULL,3,102),(307,'2023-05-17 03:35:22','2023-05-17 03:35:22',NULL,NULL,'Israel',NULL,1,103),(308,'2023-05-17 03:35:22','2023-05-17 03:35:22',NULL,NULL,'Israël',NULL,2,103),(309,'2023-05-17 03:35:22','2023-05-17 03:35:22',NULL,NULL,'Israel',NULL,3,103),(310,'2023-05-17 03:35:22','2023-05-17 03:35:22',NULL,NULL,'Italy',NULL,1,104),(311,'2023-05-17 03:35:22','2023-05-17 03:35:22',NULL,NULL,'Italie',NULL,2,104),(312,'2023-05-17 03:35:22','2023-05-17 03:35:22',NULL,NULL,'Italia',NULL,3,104),(313,'2023-05-17 03:35:22','2023-05-17 03:35:22',NULL,NULL,'Jamaica',NULL,1,105),(314,'2023-05-17 03:35:22','2023-05-17 03:35:22',NULL,NULL,'Jamaïque',NULL,2,105),(315,'2023-05-17 03:35:22','2023-05-17 03:35:22',NULL,NULL,'Jamaica',NULL,3,105),(316,'2023-05-17 03:35:22','2023-05-17 03:35:22',NULL,NULL,'Japan',NULL,1,106),(317,'2023-05-17 03:35:23','2023-05-17 03:35:23',NULL,NULL,'Japon',NULL,2,106),(318,'2023-05-17 03:35:23','2023-05-17 03:35:23',NULL,NULL,'Japón',NULL,3,106),(319,'2023-05-17 03:35:23','2023-05-17 03:35:23',NULL,NULL,'Jersey',NULL,1,107),(320,'2023-05-17 03:35:23','2023-05-17 03:35:23',NULL,NULL,'Jersey',NULL,2,107),(321,'2023-05-17 03:35:23','2023-05-17 03:35:23',NULL,NULL,'Jersey',NULL,3,107),(322,'2023-05-17 03:35:23','2023-05-17 03:35:23',NULL,NULL,'Jordan',NULL,1,108),(323,'2023-05-17 03:35:23','2023-05-17 03:35:23',NULL,NULL,'Jordanie',NULL,2,108),(324,'2023-05-17 03:35:23','2023-05-17 03:35:23',NULL,NULL,'Jordania',NULL,3,108),(325,'2023-05-17 03:35:23','2023-05-17 03:35:23',NULL,NULL,'Kazakhstan',NULL,1,109),(326,'2023-05-17 03:35:23','2023-05-17 03:35:23',NULL,NULL,'Kazakhstan',NULL,2,109),(327,'2023-05-17 03:35:23','2023-05-17 03:35:23',NULL,NULL,'Kazajistán',NULL,3,109),(328,'2023-05-17 03:35:23','2023-05-17 03:35:23',NULL,NULL,'Kenya',NULL,1,110),(329,'2023-05-17 03:35:23','2023-05-17 03:35:23',NULL,NULL,'Kenya',NULL,2,110),(330,'2023-05-17 03:35:23','2023-05-17 03:35:23',NULL,NULL,'Kenia',NULL,3,110),(331,'2023-05-17 03:35:23','2023-05-17 03:35:23',NULL,NULL,'Kiribati',NULL,1,111),(332,'2023-05-17 03:35:23','2023-05-17 03:35:23',NULL,NULL,'Kiribati',NULL,2,111),(333,'2023-05-17 03:35:23','2023-05-17 03:35:23',NULL,NULL,'Kiribati',NULL,3,111),(334,'2023-05-17 03:35:23','2023-05-17 03:35:23',NULL,NULL,'North Korea',NULL,1,112),(335,'2023-05-17 03:35:23','2023-05-17 03:35:23',NULL,NULL,'Corée du Nord',NULL,2,112),(336,'2023-05-17 03:35:23','2023-05-17 03:35:23',NULL,NULL,'Corea del Norte',NULL,3,112),(337,'2023-05-17 03:35:23','2023-05-17 03:35:23',NULL,NULL,'South Korea',NULL,1,113),(338,'2023-05-17 03:35:23','2023-05-17 03:35:23',NULL,NULL,'Corée du Sud',NULL,2,113),(339,'2023-05-17 03:35:23','2023-05-17 03:35:23',NULL,NULL,'Corea del Sur',NULL,3,113),(340,'2023-05-17 03:35:23','2023-05-17 03:35:23',NULL,NULL,'Kuwait',NULL,1,114),(341,'2023-05-17 03:35:23','2023-05-17 03:35:23',NULL,NULL,'Koweït',NULL,2,114),(342,'2023-05-17 03:35:23','2023-05-17 03:35:23',NULL,NULL,'Kuwait',NULL,3,114),(343,'2023-05-17 03:35:23','2023-05-17 03:35:23',NULL,NULL,'Kyrgyzstan',NULL,1,115),(344,'2023-05-17 03:35:23','2023-05-17 03:35:23',NULL,NULL,'Kirghizstan',NULL,2,115),(345,'2023-05-17 03:35:23','2023-05-17 03:35:23',NULL,NULL,'Kirguistán',NULL,3,115),(346,'2023-05-17 03:35:23','2023-05-17 03:35:23',NULL,NULL,'Laos',NULL,1,116),(347,'2023-05-17 03:35:23','2023-05-17 03:35:23',NULL,NULL,'Laos',NULL,2,116),(348,'2023-05-17 03:35:23','2023-05-17 03:35:23',NULL,NULL,'Laos',NULL,3,116),(349,'2023-05-17 03:35:23','2023-05-17 03:35:23',NULL,NULL,'Latvia',NULL,1,117),(350,'2023-05-17 03:35:23','2023-05-17 03:35:23',NULL,NULL,'Lettonie',NULL,2,117),(351,'2023-05-17 03:35:23','2023-05-17 03:35:23',NULL,NULL,'Letonia',NULL,3,117),(352,'2023-05-17 03:35:23','2023-05-17 03:35:23',NULL,NULL,'Lebanon',NULL,1,118),(353,'2023-05-17 03:35:23','2023-05-17 03:35:23',NULL,NULL,'Liban',NULL,2,118),(354,'2023-05-17 03:35:23','2023-05-17 03:35:23',NULL,NULL,'Líbano',NULL,3,118),(355,'2023-05-17 03:35:23','2023-05-17 03:35:23',NULL,NULL,'Lesotho',NULL,1,119),(356,'2023-05-17 03:35:23','2023-05-17 03:35:23',NULL,NULL,'Lesotho',NULL,2,119),(357,'2023-05-17 03:35:23','2023-05-17 03:35:23',NULL,NULL,'Lesoto',NULL,3,119),(358,'2023-05-17 03:35:23','2023-05-17 03:35:23',NULL,NULL,'Liberia',NULL,1,120),(359,'2023-05-17 03:35:23','2023-05-17 03:35:23',NULL,NULL,'Liberia',NULL,2,120),(360,'2023-05-17 03:35:23','2023-05-17 03:35:23',NULL,NULL,'Liberia',NULL,3,120),(361,'2023-05-17 03:35:23','2023-05-17 03:35:23',NULL,NULL,'Libya',NULL,1,121),(362,'2023-05-17 03:35:23','2023-05-17 03:35:23',NULL,NULL,'Libye',NULL,2,121),(363,'2023-05-17 03:35:23','2023-05-17 03:35:23',NULL,NULL,'Libia',NULL,3,121),(364,'2023-05-17 03:35:23','2023-05-17 03:35:23',NULL,NULL,'Liechtenstein',NULL,1,122),(365,'2023-05-17 03:35:23','2023-05-17 03:35:23',NULL,NULL,'Liechtenstein',NULL,2,122),(366,'2023-05-17 03:35:23','2023-05-17 03:35:23',NULL,NULL,'Liechtenstein',NULL,3,122),(367,'2023-05-17 03:35:23','2023-05-17 03:35:23',NULL,NULL,'Lithuania',NULL,1,123),(368,'2023-05-17 03:35:23','2023-05-17 03:35:23',NULL,NULL,'Lituanie',NULL,2,123),(369,'2023-05-17 03:35:23','2023-05-17 03:35:23',NULL,NULL,'Lituania',NULL,3,123),(370,'2023-05-17 03:35:23','2023-05-17 03:35:23',NULL,NULL,'Luxembourg',NULL,1,124),(371,'2023-05-17 03:35:23','2023-05-17 03:35:23',NULL,NULL,'Luxembourg',NULL,2,124),(372,'2023-05-17 03:35:23','2023-05-17 03:35:23',NULL,NULL,'Luxemburgo',NULL,3,124),(373,'2023-05-17 03:35:23','2023-05-17 03:35:23',NULL,NULL,'Macao SAR China',NULL,1,125),(374,'2023-05-17 03:35:23','2023-05-17 03:35:23',NULL,NULL,'R.A.S. chinoise de Macao',NULL,2,125),(375,'2023-05-17 03:35:23','2023-05-17 03:35:23',NULL,NULL,'RAE de Macao (China)',NULL,3,125),(376,'2023-05-17 03:35:23','2023-05-17 03:35:23',NULL,NULL,'North Macedonia',NULL,1,126),(377,'2023-05-17 03:35:23','2023-05-17 03:35:23',NULL,NULL,'Macédoine du Nord',NULL,2,126),(378,'2023-05-17 03:35:23','2023-05-17 03:35:23',NULL,NULL,'Macedonia del Norte',NULL,3,126),(379,'2023-05-17 03:35:23','2023-05-17 03:35:23',NULL,NULL,'Madagascar',NULL,1,127),(380,'2023-05-17 03:35:23','2023-05-17 03:35:23',NULL,NULL,'Madagascar',NULL,2,127),(381,'2023-05-17 03:35:23','2023-05-17 03:35:23',NULL,NULL,'Madagascar',NULL,3,127),(382,'2023-05-17 03:35:23','2023-05-17 03:35:23',NULL,NULL,'Malawi',NULL,1,128),(383,'2023-05-17 03:35:23','2023-05-17 03:35:23',NULL,NULL,'Malawi',NULL,2,128),(384,'2023-05-17 03:35:23','2023-05-17 03:35:23',NULL,NULL,'Malaui',NULL,3,128),(385,'2023-05-17 03:35:23','2023-05-17 03:35:23',NULL,NULL,'Malaysia',NULL,1,129),(386,'2023-05-17 03:35:23','2023-05-17 03:35:23',NULL,NULL,'Malaisie',NULL,2,129),(387,'2023-05-17 03:35:23','2023-05-17 03:35:23',NULL,NULL,'Malasia',NULL,3,129),(388,'2023-05-17 03:35:23','2023-05-17 03:35:23',NULL,NULL,'Mali',NULL,1,130),(389,'2023-05-17 03:35:23','2023-05-17 03:35:23',NULL,NULL,'Mali',NULL,2,130),(390,'2023-05-17 03:35:23','2023-05-17 03:35:23',NULL,NULL,'Mali',NULL,3,130),(391,'2023-05-17 03:35:23','2023-05-17 03:35:23',NULL,NULL,'Malta',NULL,1,131),(392,'2023-05-17 03:35:23','2023-05-17 03:35:23',NULL,NULL,'Malte',NULL,2,131),(393,'2023-05-17 03:35:23','2023-05-17 03:35:23',NULL,NULL,'Malta',NULL,3,131),(394,'2023-05-17 03:35:23','2023-05-17 03:35:23',NULL,NULL,'Marshall Islands',NULL,1,132),(395,'2023-05-17 03:35:23','2023-05-17 03:35:23',NULL,NULL,'Îles Marshall',NULL,2,132),(396,'2023-05-17 03:35:23','2023-05-17 03:35:23',NULL,NULL,'Islas Marshall',NULL,3,132),(397,'2023-05-17 03:35:23','2023-05-17 03:35:23',NULL,NULL,'Martinique',NULL,1,133),(398,'2023-05-17 03:35:23','2023-05-17 03:35:23',NULL,NULL,'Martinique',NULL,2,133),(399,'2023-05-17 03:35:23','2023-05-17 03:35:23',NULL,NULL,'Martinica',NULL,3,133),(400,'2023-05-17 03:35:23','2023-05-17 03:35:23',NULL,NULL,'Mauritania',NULL,1,134),(401,'2023-05-17 03:35:23','2023-05-17 03:35:23',NULL,NULL,'Mauritanie',NULL,2,134),(402,'2023-05-17 03:35:23','2023-05-17 03:35:23',NULL,NULL,'Mauritania',NULL,3,134),(403,'2023-05-17 03:35:23','2023-05-17 03:35:23',NULL,NULL,'Mauritius',NULL,1,135),(404,'2023-05-17 03:35:23','2023-05-17 03:35:23',NULL,NULL,'Maurice',NULL,2,135),(405,'2023-05-17 03:35:23','2023-05-17 03:35:23',NULL,NULL,'Mauricio',NULL,3,135),(406,'2023-05-17 03:35:23','2023-05-17 03:35:23',NULL,NULL,'Mayotte',NULL,1,136),(407,'2023-05-17 03:35:24','2023-05-17 03:35:24',NULL,NULL,'Mayotte',NULL,2,136),(408,'2023-05-17 03:35:24','2023-05-17 03:35:24',NULL,NULL,'Mayotte',NULL,3,136),(409,'2023-05-17 03:35:24','2023-05-17 03:35:24',NULL,NULL,'Mexico',NULL,1,137),(410,'2023-05-17 03:35:24','2023-05-17 03:35:24',NULL,NULL,'Mexique',NULL,2,137),(411,'2023-05-17 03:35:24','2023-05-17 03:35:24',NULL,NULL,'México',NULL,3,137),(412,'2023-05-17 03:35:24','2023-05-17 03:35:24',NULL,NULL,'Micronesia',NULL,1,138),(413,'2023-05-17 03:35:24','2023-05-17 03:35:24',NULL,NULL,'Micronésie',NULL,2,138),(414,'2023-05-17 03:35:24','2023-05-17 03:35:24',NULL,NULL,'Micronesia',NULL,3,138),(415,'2023-05-17 03:35:24','2023-05-17 03:35:24',NULL,NULL,'Moldova',NULL,1,139),(416,'2023-05-17 03:35:24','2023-05-17 03:35:24',NULL,NULL,'Moldavie',NULL,2,139),(417,'2023-05-17 03:35:24','2023-05-17 03:35:24',NULL,NULL,'Moldavia',NULL,3,139),(418,'2023-05-17 03:35:24','2023-05-17 03:35:24',NULL,NULL,'Monaco',NULL,1,140),(419,'2023-05-17 03:35:24','2023-05-17 03:35:24',NULL,NULL,'Monaco',NULL,2,140),(420,'2023-05-17 03:35:24','2023-05-17 03:35:24',NULL,NULL,'Mónaco',NULL,3,140),(421,'2023-05-17 03:35:24','2023-05-17 03:35:24',NULL,NULL,'Mongolia',NULL,1,141),(422,'2023-05-17 03:35:24','2023-05-17 03:35:24',NULL,NULL,'Mongolie',NULL,2,141),(423,'2023-05-17 03:35:24','2023-05-17 03:35:24',NULL,NULL,'Mongolia',NULL,3,141),(424,'2023-05-17 03:35:24','2023-05-17 03:35:24',NULL,NULL,'Montenegro',NULL,1,142),(425,'2023-05-17 03:35:24','2023-05-17 03:35:24',NULL,NULL,'Monténégro',NULL,2,142),(426,'2023-05-17 03:35:24','2023-05-17 03:35:24',NULL,NULL,'Montenegro',NULL,3,142),(427,'2023-05-17 03:35:24','2023-05-17 03:35:24',NULL,NULL,'Montserrat',NULL,1,143),(428,'2023-05-17 03:35:24','2023-05-17 03:35:24',NULL,NULL,'Montserrat',NULL,2,143),(429,'2023-05-17 03:35:24','2023-05-17 03:35:24',NULL,NULL,'Montserrat',NULL,3,143),(430,'2023-05-17 03:35:24','2023-05-17 03:35:24',NULL,NULL,'Morocco',NULL,1,144),(431,'2023-05-17 03:35:24','2023-05-17 03:35:24',NULL,NULL,'Maroc',NULL,2,144),(432,'2023-05-17 03:35:24','2023-05-17 03:35:24',NULL,NULL,'Marruecos',NULL,3,144),(433,'2023-05-17 03:35:24','2023-05-17 03:35:24',NULL,NULL,'Mozambique',NULL,1,145),(434,'2023-05-17 03:35:24','2023-05-17 03:35:24',NULL,NULL,'Mozambique',NULL,2,145),(435,'2023-05-17 03:35:24','2023-05-17 03:35:24',NULL,NULL,'Mozambique',NULL,3,145),(436,'2023-05-17 03:35:24','2023-05-17 03:35:24',NULL,NULL,'Myanmar (Burma)',NULL,1,146),(437,'2023-05-17 03:35:24','2023-05-17 03:35:24',NULL,NULL,'Myanmar (Birmanie)',NULL,2,146),(438,'2023-05-17 03:35:24','2023-05-17 03:35:24',NULL,NULL,'Myanmar (Birmania)',NULL,3,146),(439,'2023-05-17 03:35:24','2023-05-17 03:35:24',NULL,NULL,'Namibia',NULL,1,147),(440,'2023-05-17 03:35:24','2023-05-17 03:35:24',NULL,NULL,'Namibie',NULL,2,147),(441,'2023-05-17 03:35:24','2023-05-17 03:35:24',NULL,NULL,'Namibia',NULL,3,147),(442,'2023-05-17 03:35:24','2023-05-17 03:35:24',NULL,NULL,'Nauru',NULL,1,148),(443,'2023-05-17 03:35:24','2023-05-17 03:35:24',NULL,NULL,'Nauru',NULL,2,148),(444,'2023-05-17 03:35:24','2023-05-17 03:35:24',NULL,NULL,'Nauru',NULL,3,148),(445,'2023-05-17 03:35:24','2023-05-17 03:35:24',NULL,NULL,'Nepal',NULL,1,149),(446,'2023-05-17 03:35:24','2023-05-17 03:35:24',NULL,NULL,'Népal',NULL,2,149),(447,'2023-05-17 03:35:24','2023-05-17 03:35:24',NULL,NULL,'Nepal',NULL,3,149),(448,'2023-05-17 03:35:24','2023-05-17 03:35:24',NULL,NULL,'Netherlands',NULL,1,150),(449,'2023-05-17 03:35:24','2023-05-17 03:35:24',NULL,NULL,'Pays-Bas',NULL,2,150),(450,'2023-05-17 03:35:24','2023-05-17 03:35:24',NULL,NULL,'Países Bajos',NULL,3,150),(451,'2023-05-17 03:35:24','2023-05-17 03:35:24',NULL,NULL,'New Caledonia',NULL,1,151),(452,'2023-05-17 03:35:24','2023-05-17 03:35:24',NULL,NULL,'Nouvelle-Calédonie',NULL,2,151),(453,'2023-05-17 03:35:24','2023-05-17 03:35:24',NULL,NULL,'Nueva Caledonia',NULL,3,151),(454,'2023-05-17 03:35:24','2023-05-17 03:35:24',NULL,NULL,'New Zealand',NULL,1,152),(455,'2023-05-17 03:35:24','2023-05-17 03:35:24',NULL,NULL,'Nouvelle-Zélande',NULL,2,152),(456,'2023-05-17 03:35:24','2023-05-17 03:35:24',NULL,NULL,'Nueva Zelanda',NULL,3,152),(457,'2023-05-17 03:35:24','2023-05-17 03:35:24',NULL,NULL,'Nicaragua',NULL,1,153),(458,'2023-05-17 03:35:24','2023-05-17 03:35:24',NULL,NULL,'Nicaragua',NULL,2,153),(459,'2023-05-17 03:35:24','2023-05-17 03:35:24',NULL,NULL,'Nicaragua',NULL,3,153),(460,'2023-05-17 03:35:24','2023-05-17 03:35:24',NULL,NULL,'Niger',NULL,1,154),(461,'2023-05-17 03:35:24','2023-05-17 03:35:24',NULL,NULL,'Niger',NULL,2,154),(462,'2023-05-17 03:35:24','2023-05-17 03:35:24',NULL,NULL,'Níger',NULL,3,154),(463,'2023-05-17 03:35:24','2023-05-17 03:35:24',NULL,NULL,'Nigeria',NULL,1,155),(464,'2023-05-17 03:35:24','2023-05-17 03:35:24',NULL,NULL,'Nigeria',NULL,2,155),(465,'2023-05-17 03:35:24','2023-05-17 03:35:24',NULL,NULL,'Nigeria',NULL,3,155),(466,'2023-05-17 03:35:24','2023-05-17 03:35:24',NULL,NULL,'Niue',NULL,1,156),(467,'2023-05-17 03:35:24','2023-05-17 03:35:24',NULL,NULL,'Niue',NULL,2,156),(468,'2023-05-17 03:35:24','2023-05-17 03:35:24',NULL,NULL,'Niue',NULL,3,156),(469,'2023-05-17 03:35:24','2023-05-17 03:35:24',NULL,NULL,'Norfolk Island',NULL,1,157),(470,'2023-05-17 03:35:24','2023-05-17 03:35:24',NULL,NULL,'Île Norfolk',NULL,2,157),(471,'2023-05-17 03:35:24','2023-05-17 03:35:24',NULL,NULL,'Isla Norfolk',NULL,3,157),(472,'2023-05-17 03:35:24','2023-05-17 03:35:24',NULL,NULL,'Northern Mariana Islands',NULL,1,158),(473,'2023-05-17 03:35:24','2023-05-17 03:35:24',NULL,NULL,'Îles Mariannes du Nord',NULL,2,158),(474,'2023-05-17 03:35:24','2023-05-17 03:35:24',NULL,NULL,'Islas Marianas del Norte',NULL,3,158),(475,'2023-05-17 03:35:24','2023-05-17 03:35:24',NULL,NULL,'Norway',NULL,1,159),(476,'2023-05-17 03:35:24','2023-05-17 03:35:24',NULL,NULL,'Norvège',NULL,2,159),(477,'2023-05-17 03:35:24','2023-05-17 03:35:24',NULL,NULL,'Noruega',NULL,3,159),(478,'2023-05-17 03:35:24','2023-05-17 03:35:24',NULL,NULL,'Oman',NULL,1,160),(479,'2023-05-17 03:35:24','2023-05-17 03:35:24',NULL,NULL,'Oman',NULL,2,160),(480,'2023-05-17 03:35:24','2023-05-17 03:35:24',NULL,NULL,'Omán',NULL,3,160),(481,'2023-05-17 03:35:24','2023-05-17 03:35:24',NULL,NULL,'Pakistan',NULL,1,161),(482,'2023-05-17 03:35:24','2023-05-17 03:35:24',NULL,NULL,'Pakistan',NULL,2,161),(483,'2023-05-17 03:35:24','2023-05-17 03:35:24',NULL,NULL,'Pakistán',NULL,3,161),(484,'2023-05-17 03:35:24','2023-05-17 03:35:24',NULL,NULL,'Palau',NULL,1,162),(485,'2023-05-17 03:35:24','2023-05-17 03:35:24',NULL,NULL,'Palaos',NULL,2,162),(486,'2023-05-17 03:35:24','2023-05-17 03:35:24',NULL,NULL,'Palaos',NULL,3,162),(487,'2023-05-17 03:35:24','2023-05-17 03:35:24',NULL,NULL,'Palestinian Territories',NULL,1,163),(488,'2023-05-17 03:35:24','2023-05-17 03:35:24',NULL,NULL,'Territoires palestiniens',NULL,2,163),(489,'2023-05-17 03:35:25','2023-05-17 03:35:25',NULL,NULL,'Territorios Palestinos',NULL,3,163),(490,'2023-05-17 03:35:25','2023-05-17 03:35:25',NULL,NULL,'Panama',NULL,1,164),(491,'2023-05-17 03:35:25','2023-05-17 03:35:25',NULL,NULL,'Panama',NULL,2,164),(492,'2023-05-17 03:35:25','2023-05-17 03:35:25',NULL,NULL,'Panamá',NULL,3,164),(493,'2023-05-17 03:35:25','2023-05-17 03:35:25',NULL,NULL,'Papua New Guinea',NULL,1,165),(494,'2023-05-17 03:35:25','2023-05-17 03:35:25',NULL,NULL,'Papouasie-Nouvelle-Guinée',NULL,2,165),(495,'2023-05-17 03:35:25','2023-05-17 03:35:25',NULL,NULL,'Papúa Nueva Guinea',NULL,3,165),(496,'2023-05-17 03:35:25','2023-05-17 03:35:25',NULL,NULL,'Paraguay',NULL,1,166),(497,'2023-05-17 03:35:25','2023-05-17 03:35:25',NULL,NULL,'Paraguay',NULL,2,166),(498,'2023-05-17 03:35:25','2023-05-17 03:35:25',NULL,NULL,'Paraguay',NULL,3,166),(499,'2023-05-17 03:35:25','2023-05-17 03:35:25',NULL,NULL,'Peru',NULL,1,167),(500,'2023-05-17 03:35:25','2023-05-17 03:35:25',NULL,NULL,'Pérou',NULL,2,167),(501,'2023-05-17 03:35:25','2023-05-17 03:35:25',NULL,NULL,'Perú',NULL,3,167),(502,'2023-05-17 03:35:25','2023-05-17 03:35:25',NULL,NULL,'Philippines',NULL,1,168),(503,'2023-05-17 03:35:25','2023-05-17 03:35:25',NULL,NULL,'Philippines',NULL,2,168),(504,'2023-05-17 03:35:25','2023-05-17 03:35:25',NULL,NULL,'Filipinas',NULL,3,168),(505,'2023-05-17 03:35:25','2023-05-17 03:35:25',NULL,NULL,'Pitcairn Islands',NULL,1,169),(506,'2023-05-17 03:35:25','2023-05-17 03:35:25',NULL,NULL,'Îles Pitcairn',NULL,2,169),(507,'2023-05-17 03:35:25','2023-05-17 03:35:25',NULL,NULL,'Islas Pitcairn',NULL,3,169),(508,'2023-05-17 03:35:25','2023-05-17 03:35:25',NULL,NULL,'Poland',NULL,1,170),(509,'2023-05-17 03:35:25','2023-05-17 03:35:25',NULL,NULL,'Pologne',NULL,2,170),(510,'2023-05-17 03:35:25','2023-05-17 03:35:25',NULL,NULL,'Polonia',NULL,3,170),(511,'2023-05-17 03:35:25','2023-05-17 03:35:25',NULL,NULL,'Portugal',NULL,1,171),(512,'2023-05-17 03:35:25','2023-05-17 03:35:25',NULL,NULL,'Portugal',NULL,2,171),(513,'2023-05-17 03:35:25','2023-05-17 03:35:25',NULL,NULL,'Portugal',NULL,3,171),(514,'2023-05-17 03:35:25','2023-05-17 03:35:25',NULL,NULL,'Puerto Rico',NULL,1,172),(515,'2023-05-17 03:35:25','2023-05-17 03:35:25',NULL,NULL,'Porto Rico',NULL,2,172),(516,'2023-05-17 03:35:25','2023-05-17 03:35:25',NULL,NULL,'Puerto Rico',NULL,3,172),(517,'2023-05-17 03:35:25','2023-05-17 03:35:25',NULL,NULL,'Qatar',NULL,1,173),(518,'2023-05-17 03:35:25','2023-05-17 03:35:25',NULL,NULL,'Qatar',NULL,2,173),(519,'2023-05-17 03:35:25','2023-05-17 03:35:25',NULL,NULL,'Catar',NULL,3,173),(520,'2023-05-17 03:35:25','2023-05-17 03:35:25',NULL,NULL,'Réunion',NULL,1,174),(521,'2023-05-17 03:35:25','2023-05-17 03:35:25',NULL,NULL,'La Réunion',NULL,2,174),(522,'2023-05-17 03:35:25','2023-05-17 03:35:25',NULL,NULL,'Reunión',NULL,3,174),(523,'2023-05-17 03:35:25','2023-05-17 03:35:25',NULL,NULL,'Romania',NULL,1,175),(524,'2023-05-17 03:35:25','2023-05-17 03:35:25',NULL,NULL,'Roumanie',NULL,2,175),(525,'2023-05-17 03:35:25','2023-05-17 03:35:25',NULL,NULL,'Rumanía',NULL,3,175),(526,'2023-05-17 03:35:25','2023-05-17 03:35:25',NULL,NULL,'Russia',NULL,1,176),(527,'2023-05-17 03:35:25','2023-05-17 03:35:25',NULL,NULL,'Russie',NULL,2,176),(528,'2023-05-17 03:35:25','2023-05-17 03:35:25',NULL,NULL,'Rusia',NULL,3,176),(529,'2023-05-17 03:35:25','2023-05-17 03:35:25',NULL,NULL,'Rwanda',NULL,1,177),(530,'2023-05-17 03:35:25','2023-05-17 03:35:25',NULL,NULL,'Rwanda',NULL,2,177),(531,'2023-05-17 03:35:25','2023-05-17 03:35:25',NULL,NULL,'Ruanda',NULL,3,177),(532,'2023-05-17 03:35:25','2023-05-17 03:35:25',NULL,NULL,'St. Helena',NULL,1,178),(533,'2023-05-17 03:35:25','2023-05-17 03:35:25',NULL,NULL,'Sainte-Hélène',NULL,2,178),(534,'2023-05-17 03:35:25','2023-05-17 03:35:25',NULL,NULL,'Santa Elena',NULL,3,178),(535,'2023-05-17 03:35:25','2023-05-17 03:35:25',NULL,NULL,'St. Kitts & Nevis',NULL,1,179),(536,'2023-05-17 03:35:25','2023-05-17 03:35:25',NULL,NULL,'Saint-Christophe-et-Niévès',NULL,2,179),(537,'2023-05-17 03:35:25','2023-05-17 03:35:25',NULL,NULL,'San Cristóbal y Nieves',NULL,3,179),(538,'2023-05-17 03:35:25','2023-05-17 03:35:25',NULL,NULL,'St. Lucia',NULL,1,180),(539,'2023-05-17 03:35:25','2023-05-17 03:35:25',NULL,NULL,'Sainte-Lucie',NULL,2,180),(540,'2023-05-17 03:35:25','2023-05-17 03:35:25',NULL,NULL,'Santa Lucía',NULL,3,180),(541,'2023-05-17 03:35:25','2023-05-17 03:35:25',NULL,NULL,'St. Pierre & Miquelon',NULL,1,181),(542,'2023-05-17 03:35:25','2023-05-17 03:35:25',NULL,NULL,'Saint-Pierre-et-Miquelon',NULL,2,181),(543,'2023-05-17 03:35:25','2023-05-17 03:35:25',NULL,NULL,'San Pedro y Miquelón',NULL,3,181),(544,'2023-05-17 03:35:25','2023-05-17 03:35:25',NULL,NULL,'St. Vincent & Grenadines',NULL,1,182),(545,'2023-05-17 03:35:25','2023-05-17 03:35:25',NULL,NULL,'Saint-Vincent-et-les Grenadines',NULL,2,182),(546,'2023-05-17 03:35:25','2023-05-17 03:35:25',NULL,NULL,'San Vicente y las Granadinas',NULL,3,182),(547,'2023-05-17 03:35:25','2023-05-17 03:35:25',NULL,NULL,'Samoa',NULL,1,183),(548,'2023-05-17 03:35:25','2023-05-17 03:35:25',NULL,NULL,'Samoa',NULL,2,183),(549,'2023-05-17 03:35:25','2023-05-17 03:35:25',NULL,NULL,'Samoa',NULL,3,183),(550,'2023-05-17 03:35:25','2023-05-17 03:35:25',NULL,NULL,'San Marino',NULL,1,184),(551,'2023-05-17 03:35:25','2023-05-17 03:35:25',NULL,NULL,'Saint-Marin',NULL,2,184),(552,'2023-05-17 03:35:25','2023-05-17 03:35:25',NULL,NULL,'San Marino',NULL,3,184),(553,'2023-05-17 03:35:25','2023-05-17 03:35:25',NULL,NULL,'São Tomé & Príncipe',NULL,1,185),(554,'2023-05-17 03:35:25','2023-05-17 03:35:25',NULL,NULL,'Sao Tomé-et-Principe',NULL,2,185),(555,'2023-05-17 03:35:25','2023-05-17 03:35:25',NULL,NULL,'Santo Tomé y Príncipe',NULL,3,185),(556,'2023-05-17 03:35:25','2023-05-17 03:35:25',NULL,NULL,'Saudi Arabia',NULL,1,186),(557,'2023-05-17 03:35:25','2023-05-17 03:35:25',NULL,NULL,'Arabie saoudite',NULL,2,186),(558,'2023-05-17 03:35:25','2023-05-17 03:35:25',NULL,NULL,'Arabia Saudí',NULL,3,186),(559,'2023-05-17 03:35:25','2023-05-17 03:35:25',NULL,NULL,'Senegal',NULL,1,187),(560,'2023-05-17 03:35:25','2023-05-17 03:35:25',NULL,NULL,'Sénégal',NULL,2,187),(561,'2023-05-17 03:35:25','2023-05-17 03:35:25',NULL,NULL,'Senegal',NULL,3,187),(562,'2023-05-17 03:35:25','2023-05-17 03:35:25',NULL,NULL,'Serbia',NULL,1,188),(563,'2023-05-17 03:35:26','2023-05-17 03:35:26',NULL,NULL,'Serbie',NULL,2,188),(564,'2023-05-17 03:35:26','2023-05-17 03:35:26',NULL,NULL,'Serbia',NULL,3,188),(565,'2023-05-17 03:35:26','2023-05-17 03:35:26',NULL,NULL,'Seychelles',NULL,1,189),(566,'2023-05-17 03:35:26','2023-05-17 03:35:26',NULL,NULL,'Seychelles',NULL,2,189),(567,'2023-05-17 03:35:26','2023-05-17 03:35:26',NULL,NULL,'Seychelles',NULL,3,189),(568,'2023-05-17 03:35:26','2023-05-17 03:35:26',NULL,NULL,'Sierra Leone',NULL,1,190),(569,'2023-05-17 03:35:26','2023-05-17 03:35:26',NULL,NULL,'Sierra Leone',NULL,2,190),(570,'2023-05-17 03:35:26','2023-05-17 03:35:26',NULL,NULL,'Sierra Leona',NULL,3,190),(571,'2023-05-17 03:35:26','2023-05-17 03:35:26',NULL,NULL,'Singapore',NULL,1,191),(572,'2023-05-17 03:35:26','2023-05-17 03:35:26',NULL,NULL,'Singapour',NULL,2,191),(573,'2023-05-17 03:35:26','2023-05-17 03:35:26',NULL,NULL,'Singapur',NULL,3,191),(574,'2023-05-17 03:35:26','2023-05-17 03:35:26',NULL,NULL,'Slovakia',NULL,1,192),(575,'2023-05-17 03:35:26','2023-05-17 03:35:26',NULL,NULL,'Slovaquie',NULL,2,192),(576,'2023-05-17 03:35:26','2023-05-17 03:35:26',NULL,NULL,'Eslovaquia',NULL,3,192),(577,'2023-05-17 03:35:26','2023-05-17 03:35:26',NULL,NULL,'Slovenia',NULL,1,193),(578,'2023-05-17 03:35:26','2023-05-17 03:35:26',NULL,NULL,'Slovénie',NULL,2,193),(579,'2023-05-17 03:35:26','2023-05-17 03:35:26',NULL,NULL,'Eslovenia',NULL,3,193),(580,'2023-05-17 03:35:26','2023-05-17 03:35:26',NULL,NULL,'Solomon Islands',NULL,1,194),(581,'2023-05-17 03:35:26','2023-05-17 03:35:26',NULL,NULL,'Îles Salomon',NULL,2,194),(582,'2023-05-17 03:35:26','2023-05-17 03:35:26',NULL,NULL,'Islas Salomón',NULL,3,194),(583,'2023-05-17 03:35:26','2023-05-17 03:35:26',NULL,NULL,'Somalia',NULL,1,195),(584,'2023-05-17 03:35:26','2023-05-17 03:35:26',NULL,NULL,'Somalie',NULL,2,195),(585,'2023-05-17 03:35:26','2023-05-17 03:35:26',NULL,NULL,'Somalia',NULL,3,195),(586,'2023-05-17 03:35:26','2023-05-17 03:35:26',NULL,NULL,'South Africa',NULL,1,196),(587,'2023-05-17 03:35:26','2023-05-17 03:35:26',NULL,NULL,'Afrique du Sud',NULL,2,196),(588,'2023-05-17 03:35:26','2023-05-17 03:35:26',NULL,NULL,'Sudáfrica',NULL,3,196),(589,'2023-05-17 03:35:26','2023-05-17 03:35:26',NULL,NULL,'Spain',NULL,1,197),(590,'2023-05-17 03:35:26','2023-05-17 03:35:26',NULL,NULL,'Espagne',NULL,2,197),(591,'2023-05-17 03:35:26','2023-05-17 03:35:26',NULL,NULL,'España',NULL,3,197),(592,'2023-05-17 03:35:26','2023-05-17 03:35:26',NULL,NULL,'Sri Lanka',NULL,1,198),(593,'2023-05-17 03:35:26','2023-05-17 03:35:26',NULL,NULL,'Sri Lanka',NULL,2,198),(594,'2023-05-17 03:35:26','2023-05-17 03:35:26',NULL,NULL,'Sri Lanka',NULL,3,198),(595,'2023-05-17 03:35:26','2023-05-17 03:35:26',NULL,NULL,'Sudan',NULL,1,199),(596,'2023-05-17 03:35:26','2023-05-17 03:35:26',NULL,NULL,'Soudan',NULL,2,199),(597,'2023-05-17 03:35:26','2023-05-17 03:35:26',NULL,NULL,'Sudán',NULL,3,199),(598,'2023-05-17 03:35:26','2023-05-17 03:35:26',NULL,NULL,'Suriname',NULL,1,200),(599,'2023-05-17 03:35:26','2023-05-17 03:35:26',NULL,NULL,'Suriname',NULL,2,200),(600,'2023-05-17 03:35:26','2023-05-17 03:35:26',NULL,NULL,'Surinam',NULL,3,200),(601,'2023-05-17 03:35:26','2023-05-17 03:35:26',NULL,NULL,'Svalbard & Jan Mayen',NULL,1,201),(602,'2023-05-17 03:35:26','2023-05-17 03:35:26',NULL,NULL,'Svalbard et Jan Mayen',NULL,2,201),(603,'2023-05-17 03:35:26','2023-05-17 03:35:26',NULL,NULL,'Svalbard y Jan Mayen',NULL,3,201),(604,'2023-05-17 03:35:26','2023-05-17 03:35:26',NULL,NULL,'Eswatini',NULL,1,202),(605,'2023-05-17 03:35:26','2023-05-17 03:35:26',NULL,NULL,'Eswatini',NULL,2,202),(606,'2023-05-17 03:35:26','2023-05-17 03:35:26',NULL,NULL,'Esuatini',NULL,3,202),(607,'2023-05-17 03:35:26','2023-05-17 03:35:26',NULL,NULL,'Sweden',NULL,1,203),(608,'2023-05-17 03:35:26','2023-05-17 03:35:26',NULL,NULL,'Suède',NULL,2,203),(609,'2023-05-17 03:35:26','2023-05-17 03:35:26',NULL,NULL,'Suecia',NULL,3,203),(610,'2023-05-17 03:35:26','2023-05-17 03:35:26',NULL,NULL,'Switzerland',NULL,1,204),(611,'2023-05-17 03:35:26','2023-05-17 03:35:26',NULL,NULL,'Suisse',NULL,2,204),(612,'2023-05-17 03:35:26','2023-05-17 03:35:26',NULL,NULL,'Suiza',NULL,3,204),(613,'2023-05-17 03:35:26','2023-05-17 03:35:26',NULL,NULL,'Syria',NULL,1,205),(614,'2023-05-17 03:35:26','2023-05-17 03:35:26',NULL,NULL,'Syrie',NULL,2,205),(615,'2023-05-17 03:35:26','2023-05-17 03:35:26',NULL,NULL,'Siria',NULL,3,205),(616,'2023-05-17 03:35:26','2023-05-17 03:35:26',NULL,NULL,'Taiwan',NULL,1,206),(617,'2023-05-17 03:35:26','2023-05-17 03:35:26',NULL,NULL,'Taïwan',NULL,2,206),(618,'2023-05-17 03:35:26','2023-05-17 03:35:26',NULL,NULL,'Taiwán',NULL,3,206),(619,'2023-05-17 03:35:26','2023-05-17 03:35:26',NULL,NULL,'Tajikistan',NULL,1,207),(620,'2023-05-17 03:35:26','2023-05-17 03:35:26',NULL,NULL,'Tadjikistan',NULL,2,207),(621,'2023-05-17 03:35:26','2023-05-17 03:35:26',NULL,NULL,'Tayikistán',NULL,3,207),(622,'2023-05-17 03:35:26','2023-05-17 03:35:26',NULL,NULL,'Tanzania',NULL,1,208),(623,'2023-05-17 03:35:26','2023-05-17 03:35:26',NULL,NULL,'Tanzanie',NULL,2,208),(624,'2023-05-17 03:35:26','2023-05-17 03:35:26',NULL,NULL,'Tanzania',NULL,3,208),(625,'2023-05-17 03:35:26','2023-05-17 03:35:26',NULL,NULL,'Thailand',NULL,1,209),(626,'2023-05-17 03:35:26','2023-05-17 03:35:26',NULL,NULL,'Thaïlande',NULL,2,209),(627,'2023-05-17 03:35:26','2023-05-17 03:35:26',NULL,NULL,'Tailandia',NULL,3,209),(628,'2023-05-17 03:35:26','2023-05-17 03:35:26',NULL,NULL,'Timor-Leste',NULL,1,210),(629,'2023-05-17 03:35:26','2023-05-17 03:35:26',NULL,NULL,'Timor oriental',NULL,2,210),(630,'2023-05-17 03:35:26','2023-05-17 03:35:26',NULL,NULL,'Timor-Leste',NULL,3,210),(631,'2023-05-17 03:35:26','2023-05-17 03:35:26',NULL,NULL,'Togo',NULL,1,211),(632,'2023-05-17 03:35:26','2023-05-17 03:35:26',NULL,NULL,'Togo',NULL,2,211),(633,'2023-05-17 03:35:26','2023-05-17 03:35:26',NULL,NULL,'Togo',NULL,3,211),(634,'2023-05-17 03:35:26','2023-05-17 03:35:26',NULL,NULL,'Tokelau',NULL,1,212),(635,'2023-05-17 03:35:26','2023-05-17 03:35:26',NULL,NULL,'Tokelau',NULL,2,212),(636,'2023-05-17 03:35:26','2023-05-17 03:35:26',NULL,NULL,'Tokelau',NULL,3,212),(637,'2023-05-17 03:35:26','2023-05-17 03:35:26',NULL,NULL,'Tonga',NULL,1,213),(638,'2023-05-17 03:35:26','2023-05-17 03:35:26',NULL,NULL,'Tonga',NULL,2,213),(639,'2023-05-17 03:35:26','2023-05-17 03:35:26',NULL,NULL,'Tonga',NULL,3,213),(640,'2023-05-17 03:35:26','2023-05-17 03:35:26',NULL,NULL,'Trinidad & Tobago',NULL,1,214),(641,'2023-05-17 03:35:26','2023-05-17 03:35:26',NULL,NULL,'Trinité-et-Tobago',NULL,2,214),(642,'2023-05-17 03:35:26','2023-05-17 03:35:26',NULL,NULL,'Trinidad y Tobago',NULL,3,214),(643,'2023-05-17 03:35:27','2023-05-17 03:35:27',NULL,NULL,'Tunisia',NULL,1,215),(644,'2023-05-17 03:35:27','2023-05-17 03:35:27',NULL,NULL,'Tunisie',NULL,2,215),(645,'2023-05-17 03:35:27','2023-05-17 03:35:27',NULL,NULL,'Túnez',NULL,3,215),(646,'2023-05-17 03:35:27','2023-05-17 03:35:27',NULL,NULL,'Turkey',NULL,1,216),(647,'2023-05-17 03:35:27','2023-05-17 03:35:27',NULL,NULL,'Turquie',NULL,2,216),(648,'2023-05-17 03:35:27','2023-05-17 03:35:27',NULL,NULL,'Turquía',NULL,3,216),(649,'2023-05-17 03:35:27','2023-05-17 03:35:27',NULL,NULL,'Turkmenistan',NULL,1,217),(650,'2023-05-17 03:35:27','2023-05-17 03:35:27',NULL,NULL,'Turkménistan',NULL,2,217),(651,'2023-05-17 03:35:27','2023-05-17 03:35:27',NULL,NULL,'Turkmenistán',NULL,3,217),(652,'2023-05-17 03:35:27','2023-05-17 03:35:27',NULL,NULL,'Turks & Caicos Islands',NULL,1,218),(653,'2023-05-17 03:35:27','2023-05-17 03:35:27',NULL,NULL,'Îles Turques-et-Caïques',NULL,2,218),(654,'2023-05-17 03:35:27','2023-05-17 03:35:27',NULL,NULL,'Islas Turcas y Caicos',NULL,3,218),(655,'2023-05-17 03:35:27','2023-05-17 03:35:27',NULL,NULL,'Tuvalu',NULL,1,219),(656,'2023-05-17 03:35:27','2023-05-17 03:35:27',NULL,NULL,'Tuvalu',NULL,2,219),(657,'2023-05-17 03:35:27','2023-05-17 03:35:27',NULL,NULL,'Tuvalu',NULL,3,219),(658,'2023-05-17 03:35:27','2023-05-17 03:35:27',NULL,NULL,'Uganda',NULL,1,220),(659,'2023-05-17 03:35:27','2023-05-17 03:35:27',NULL,NULL,'Ouganda',NULL,2,220),(660,'2023-05-17 03:35:27','2023-05-17 03:35:27',NULL,NULL,'Uganda',NULL,3,220),(661,'2023-05-17 03:35:27','2023-05-17 03:35:27',NULL,NULL,'Ukraine',NULL,1,221),(662,'2023-05-17 03:35:27','2023-05-17 03:35:27',NULL,NULL,'Ukraine',NULL,2,221),(663,'2023-05-17 03:35:27','2023-05-17 03:35:27',NULL,NULL,'Ucrania',NULL,3,221),(664,'2023-05-17 03:35:27','2023-05-17 03:35:27',NULL,NULL,'United Arab Emirates',NULL,1,222),(665,'2023-05-17 03:35:27','2023-05-17 03:35:27',NULL,NULL,'Émirats arabes unis',NULL,2,222),(666,'2023-05-17 03:35:27','2023-05-17 03:35:27',NULL,NULL,'Emiratos Árabes Unidos',NULL,3,222),(667,'2023-05-17 03:35:27','2023-05-17 03:35:27',NULL,NULL,'United Kingdom',NULL,1,223),(668,'2023-05-17 03:35:27','2023-05-17 03:35:27',NULL,NULL,'Royaume-Uni',NULL,2,223),(669,'2023-05-17 03:35:27','2023-05-17 03:35:27',NULL,NULL,'Reino Unido',NULL,3,223),(670,'2023-05-17 03:35:27','2023-05-17 03:35:27',NULL,NULL,'United States',NULL,1,224),(671,'2023-05-17 03:35:27','2023-05-17 03:35:27',NULL,NULL,'États-Unis',NULL,2,224),(672,'2023-05-17 03:35:27','2023-05-17 03:35:27',NULL,NULL,'Estados Unidos',NULL,3,224),(673,'2023-05-17 03:35:27','2023-05-17 03:35:27',NULL,NULL,'U.S. Outlying Islands',NULL,1,225),(674,'2023-05-17 03:35:27','2023-05-17 03:35:27',NULL,NULL,'Îles mineures éloignées des États-Unis',NULL,2,225),(675,'2023-05-17 03:35:27','2023-05-17 03:35:27',NULL,NULL,'Islas menores alejadas de EE. UU.',NULL,3,225),(676,'2023-05-17 03:35:27','2023-05-17 03:35:27',NULL,NULL,'Uruguay',NULL,1,226),(677,'2023-05-17 03:35:27','2023-05-17 03:35:27',NULL,NULL,'Uruguay',NULL,2,226),(678,'2023-05-17 03:35:27','2023-05-17 03:35:27',NULL,NULL,'Uruguay',NULL,3,226),(679,'2023-05-17 03:35:27','2023-05-17 03:35:27',NULL,NULL,'Uzbekistan',NULL,1,227),(680,'2023-05-17 03:35:27','2023-05-17 03:35:27',NULL,NULL,'Ouzbékistan',NULL,2,227),(681,'2023-05-17 03:35:27','2023-05-17 03:35:27',NULL,NULL,'Uzbekistán',NULL,3,227),(682,'2023-05-17 03:35:27','2023-05-17 03:35:27',NULL,NULL,'Vanuatu',NULL,1,228),(683,'2023-05-17 03:35:27','2023-05-17 03:35:27',NULL,NULL,'Vanuatu',NULL,2,228),(684,'2023-05-17 03:35:27','2023-05-17 03:35:27',NULL,NULL,'Vanuatu',NULL,3,228),(685,'2023-05-17 03:35:27','2023-05-17 03:35:27',NULL,NULL,'Venezuela',NULL,1,229),(686,'2023-05-17 03:35:27','2023-05-17 03:35:27',NULL,NULL,'Venezuela',NULL,2,229),(687,'2023-05-17 03:35:27','2023-05-17 03:35:27',NULL,NULL,'Venezuela',NULL,3,229),(688,'2023-05-17 03:35:27','2023-05-17 03:35:27',NULL,NULL,'Vietnam',NULL,1,230),(689,'2023-05-17 03:35:27','2023-05-17 03:35:27',NULL,NULL,'Viêt Nam',NULL,2,230),(690,'2023-05-17 03:35:27','2023-05-17 03:35:27',NULL,NULL,'Vietnam',NULL,3,230),(691,'2023-05-17 03:35:27','2023-05-17 03:35:27',NULL,NULL,'British Virgin Islands',NULL,1,231),(692,'2023-05-17 03:35:27','2023-05-17 03:35:27',NULL,NULL,'Îles Vierges britanniques',NULL,2,231),(693,'2023-05-17 03:35:27','2023-05-17 03:35:27',NULL,NULL,'Islas Vírgenes Británicas',NULL,3,231),(694,'2023-05-17 03:35:27','2023-05-17 03:35:27',NULL,NULL,'U.S. Virgin Islands',NULL,1,232),(695,'2023-05-17 03:35:27','2023-05-17 03:35:27',NULL,NULL,'Îles Vierges des États-Unis',NULL,2,232),(696,'2023-05-17 03:35:27','2023-05-17 03:35:27',NULL,NULL,'Islas Vírgenes de EE. UU.',NULL,3,232),(697,'2023-05-17 03:35:27','2023-05-17 03:35:27',NULL,NULL,'Wallis & Futuna',NULL,1,233),(698,'2023-05-17 03:35:27','2023-05-17 03:35:27',NULL,NULL,'Wallis-et-Futuna',NULL,2,233),(699,'2023-05-17 03:35:27','2023-05-17 03:35:27',NULL,NULL,'Wallis y Futuna',NULL,3,233),(700,'2023-05-17 03:35:27','2023-05-17 03:35:27',NULL,NULL,'Western Sahara',NULL,1,234),(701,'2023-05-17 03:35:27','2023-05-17 03:35:27',NULL,NULL,'Sahara occidental',NULL,2,234),(702,'2023-05-17 03:35:27','2023-05-17 03:35:27',NULL,NULL,'Sáhara Occidental',NULL,3,234),(703,'2023-05-17 03:35:27','2023-05-17 03:35:27',NULL,NULL,'Yemen',NULL,1,235),(704,'2023-05-17 03:35:27','2023-05-17 03:35:27',NULL,NULL,'Yémen',NULL,2,235),(705,'2023-05-17 03:35:27','2023-05-17 03:35:27',NULL,NULL,'Yemen',NULL,3,235),(706,'2023-05-17 03:35:27','2023-05-17 03:35:27',NULL,NULL,'Zambia',NULL,1,236),(707,'2023-05-17 03:35:27','2023-05-17 03:35:27',NULL,NULL,'Zambie',NULL,2,236),(708,'2023-05-17 03:35:27','2023-05-17 03:35:27',NULL,NULL,'Zambia',NULL,3,236),(709,'2023-05-17 03:35:27','2023-05-17 03:35:27',NULL,NULL,'Zimbabwe',NULL,1,237),(710,'2023-05-17 03:35:27','2023-05-17 03:35:27',NULL,NULL,'Zimbabwe',NULL,2,237),(711,'2023-05-17 03:35:27','2023-05-17 03:35:27',NULL,NULL,'Zimbabue',NULL,3,237);
/*!40000 ALTER TABLE `country_description` ENABLE KEYS */;
UNLOCK TABLES;

--
-- Table structure for table `currency`
--

DROP TABLE IF EXISTS `currency`;
/*!40101 SET @saved_cs_client     = @@character_set_client */;
/*!50503 SET character_set_client = utf8mb4 */;
CREATE TABLE `currency` (
  `CURRENCY_ID` bigint NOT NULL,
  `CURRENCY_CODE` varchar(255) COLLATE utf8mb3_unicode_ci DEFAULT NULL,
  `CURRENCY_CURRENCY_CODE` varchar(255) COLLATE utf8mb3_unicode_ci NOT NULL,
  `CURRENCY_NAME` varchar(255) COLLATE utf8mb3_unicode_ci DEFAULT NULL,
  `CURRENCY_SUPPORTED` bit(1) DEFAULT NULL,
  PRIMARY KEY (`CURRENCY_ID`),
  UNIQUE KEY `UK_m7ku15ekud52vp67ry73a36te` (`CURRENCY_CURRENCY_CODE`),
  UNIQUE KEY `UK_1ubr7n96hjajamtggqp090a4x` (`CURRENCY_CODE`),
  UNIQUE KEY `UK_7r1k69cbk5giewqr5c9r4v6f` (`CURRENCY_NAME`)
) ENGINE=InnoDB DEFAULT CHARSET=utf8mb3 COLLATE=utf8mb3_unicode_ci;
/*!40101 SET character_set_client = @saved_cs_client */;

--
-- Dumping data for table `currency`
--

LOCK TABLES `currency` WRITE;
/*!40000 ALTER TABLE `currency` DISABLE KEYS */;
INSERT INTO `currency` VALUES (1,'FJD','FJD','FJD',_binary ''),(2,'MXN','MXN','MXN',_binary ''),(3,'STD','STD','STD',_binary ''),(4,'LVL','LVL','LVL',_binary ''),(5,'SCR','SCR','SCR',_binary ''),(6,'CDF','CDF','CDF',_binary ''),(7,'BBD','BBD','BBD',_binary ''),(8,'GTQ','GTQ','GTQ',_binary ''),(9,'CLP','CLP','CLP',_binary ''),(10,'HNL','HNL','HNL',_binary ''),(11,'UGX','UGX','UGX',_binary ''),(12,'ZAR','ZAR','ZAR',_binary ''),(13,'MXV','MXV','MXV',_binary ''),(14,'TND','TND','TND',_binary ''),(15,'BSD','BSD','BSD',_binary ''),(16,'SLL','SLL','SLL',_binary ''),(17,'SDG','SDG','SDG',_binary ''),(18,'IQD','IQD','IQD',_binary ''),(19,'CUP','CUP','CUP',_binary ''),(20,'GMD','GMD','GMD',_binary ''),(21,'TWD','TWD','TWD',_binary ''),(22,'RSD','RSD','RSD',_binary ''),(23,'DOP','DOP','DOP',_binary ''),(24,'KMF','KMF','KMF',_binary ''),(25,'MYR','MYR','MYR',_binary ''),(26,'FKP','FKP','FKP',_binary ''),(27,'XOF','XOF','XOF',_binary ''),(28,'GEL','GEL','GEL',_binary ''),(29,'UYU','UYU','UYU',_binary ''),(30,'MAD','MAD','MAD',_binary ''),(31,'CVE','CVE','CVE',_binary ''),(32,'AZN','AZN','AZN',_binary ''),(33,'OMR','OMR','OMR',_binary ''),(34,'PGK','PGK','PGK',_binary ''),(35,'KES','KES','KES',_binary ''),(36,'SEK','SEK','SEK',_binary ''),(37,'BTN','BTN','BTN',_binary ''),(38,'UAH','UAH','UAH',_binary ''),(39,'GNF','GNF','GNF',_binary ''),(40,'ERN','ERN','ERN',_binary ''),(41,'MZN','MZN','MZN',_binary ''),(42,'SVC','SVC','SVC',_binary ''),(43,'ARS','ARS','ARS',_binary ''),(44,'QAR','QAR','QAR',_binary ''),(45,'IRR','IRR','IRR',_binary ''),(46,'MRO','MRO','MRO',_binary ''),(47,'CNY','CNY','CNY',_binary ''),(48,'XPF','XPF','XPF',_binary ''),(49,'THB','THB','THB',_binary ''),(50,'UZS','UZS','UZS',_binary ''),(51,'BDT','BDT','BDT',_binary ''),(52,'LYD','LYD','LYD',_binary ''),(53,'BMD','BMD','BMD',_binary ''),(54,'KWD','KWD','KWD',_binary ''),(55,'PHP','PHP','PHP',_binary ''),(56,'RUB','RUB','RUB',_binary ''),(57,'PYG','PYG','PYG',_binary ''),(58,'ISK','ISK','ISK',_binary ''),(59,'JMD','JMD','JMD',_binary ''),(60,'COP','COP','COP',_binary ''),(61,'USD','USD','USD',_binary ''),(62,'MKD','MKD','MKD',_binary ''),(63,'DZD','DZD','DZD',_binary ''),(64,'PAB','PAB','PAB',_binary ''),(65,'SGD','SGD','SGD',_binary ''),(66,'ETB','ETB','ETB',_binary ''),(67,'KGS','KGS','KGS',_binary ''),(68,'SOS','SOS','SOS',_binary ''),(69,'VUV','VUV','VUV',_binary ''),(70,'VEF','VEF','VEF',_binary ''),(71,'LAK','LAK','LAK',_binary ''),(72,'BND','BND','BND',_binary ''),(73,'ZMK','ZMK','ZMK',_binary ''),(74,'XAF','XAF','XAF',_binary ''),(75,'LRD','LRD','LRD',_binary ''),(76,'HRK','HRK','HRK',_binary ''),(77,'CHF','CHF','CHF',_binary ''),(78,'ALL','ALL','ALL',_binary ''),(79,'DJF','DJF','DJF',_binary ''),(80,'TZS','TZS','TZS',_binary ''),(81,'VND','VND','VND',_binary ''),(82,'AUD','AUD','AUD',_binary ''),(83,'ILS','ILS','ILS',_binary ''),(84,'GHS','GHS','GHS',_binary ''),(85,'GYD','GYD','GYD',_binary ''),(86,'KPW','KPW','KPW',_binary ''),(87,'BOB','BOB','BOB',_binary ''),(88,'KHR','KHR','KHR',_binary ''),(89,'MDL','MDL','MDL',_binary ''),(90,'IDR','IDR','IDR',_binary ''),(91,'KYD','KYD','KYD',_binary ''),(92,'AMD','AMD','AMD',_binary ''),(93,'BWP','BWP','BWP',_binary ''),(94,'SHP','SHP','SHP',_binary ''),(95,'TRY','TRY','TRY',_binary ''),(96,'LBP','LBP','LBP',_binary ''),(97,'TJS','TJS','TJS',_binary ''),(98,'JOD','JOD','JOD',_binary ''),(99,'HKD','HKD','HKD',_binary ''),(100,'RWF','RWF','RWF',_binary ''),(101,'AED','AED','AED',_binary ''),(102,'EUR','EUR','EUR',_binary ''),(103,'LSL','LSL','LSL',_binary ''),(104,'DKK','DKK','DKK',_binary ''),(105,'CAD','CAD','CAD',_binary ''),(106,'BOV','BOV','BOV',_binary ''),(107,'BGN','BGN','BGN',_binary ''),(108,'MMK','MMK','MMK',_binary ''),(109,'NOK','NOK','NOK',_binary ''),(110,'MUR','MUR','MUR',_binary ''),(111,'SYP','SYP','SYP',_binary ''),(112,'GIP','GIP','GIP',_binary ''),(113,'RON','RON','RON',_binary ''),(114,'LKR','LKR','LKR',_binary ''),(115,'NGN','NGN','NGN',_binary ''),(116,'CRC','CRC','CRC',_binary ''),(117,'CZK','CZK','CZK',_binary ''),(118,'PKR','PKR','PKR',_binary ''),(119,'XCD','XCD','XCD',_binary ''),(120,'ANG','ANG','ANG',_binary ''),(121,'HTG','HTG','HTG',_binary ''),(122,'BHD','BHD','BHD',_binary ''),(123,'KZT','KZT','KZT',_binary ''),(124,'SRD','SRD','SRD',_binary ''),(125,'SZL','SZL','SZL',_binary ''),(126,'LTL','LTL','LTL',_binary ''),(127,'SAR','SAR','SAR',_binary ''),(128,'TTD','TTD','TTD',_binary ''),(129,'YER','YER','YER',_binary ''),(130,'MVR','MVR','MVR',_binary ''),(131,'AFN','AFN','AFN',_binary ''),(132,'INR','INR','INR',_binary ''),(133,'AWG','AWG','AWG',_binary ''),(134,'KRW','KRW','KRW',_binary ''),(135,'NPR','NPR','NPR',_binary ''),(136,'JPY','JPY','JPY',_binary ''),(137,'MNT','MNT','MNT',_binary ''),(138,'AOA','AOA','AOA',_binary ''),(139,'PLN','PLN','PLN',_binary ''),(140,'GBP','GBP','GBP',_binary ''),(141,'SBD','SBD','SBD',_binary ''),(142,'HUF','HUF','HUF',_binary ''),(143,'BYR','BYR','BYR',_binary ''),(144,'BIF','BIF','BIF',_binary ''),(145,'MWK','MWK','MWK',_binary ''),(146,'MGA','MGA','MGA',_binary ''),(147,'XDR','XDR','XDR',_binary ''),(148,'BZD','BZD','BZD',_binary ''),(149,'BAM','BAM','BAM',_binary ''),(150,'EGP','EGP','EGP',_binary ''),(151,'MOP','MOP','MOP',_binary ''),(152,'NAD','NAD','NAD',_binary ''),(153,'NIO','NIO','NIO',_binary ''),(154,'PEN','PEN','PEN',_binary ''),(155,'NZD','NZD','NZD',_binary ''),(156,'WST','WST','WST',_binary ''),(157,'CLF','CLF','CLF',_binary ''),(158,'BRL','BRL','BRL',_binary '');
/*!40000 ALTER TABLE `currency` ENABLE KEYS */;
UNLOCK TABLES;

--
-- Table structure for table `customer`
--

DROP TABLE IF EXISTS `customer`;
/*!40101 SET @saved_cs_client     = @@character_set_client */;
/*!50503 SET character_set_client = utf8mb4 */;
CREATE TABLE `customer` (
  `CUSTOMER_ID` bigint NOT NULL,
  `CUSTOMER_ANONYMOUS` bit(1) DEFAULT NULL,
  `DATE_CREATED` datetime DEFAULT NULL,
  `DATE_MODIFIED` datetime DEFAULT NULL,
  `UPDT_ID` varchar(60) COLLATE utf8mb3_unicode_ci DEFAULT NULL,
  `CUSTOMER_COMPANY` varchar(100) COLLATE utf8mb3_unicode_ci DEFAULT NULL,
  `RESET_CREDENTIALS_REQ` varchar(256) COLLATE utf8mb3_unicode_ci DEFAULT NULL,
  `RESET_CREDENTIALS_EXP` date DEFAULT NULL,
  `REVIEW_AVG` decimal(19,2) DEFAULT NULL,
  `REVIEW_COUNT` int DEFAULT NULL,
  `CUSTOMER_DOB` datetime DEFAULT NULL,
  `CUSTOMER_EMAIL_ADDRESS` varchar(96) COLLATE utf8mb3_unicode_ci NOT NULL,
  `FIRST_NAME` varchar(255) COLLATE utf8mb3_unicode_ci DEFAULT NULL,
  `CUSTOMER_GENDER` varchar(1) COLLATE utf8mb3_unicode_ci DEFAULT NULL,
  `LAST_NAME` varchar(255) COLLATE utf8mb3_unicode_ci DEFAULT NULL,
  `CUSTOMER_NICK` varchar(96) COLLATE utf8mb3_unicode_ci DEFAULT NULL,
  `CUSTOMER_PASSWORD` varchar(60) COLLATE utf8mb3_unicode_ci DEFAULT NULL,
  `PROVIDER` varchar(255) COLLATE utf8mb3_unicode_ci DEFAULT NULL,
  PRIMARY KEY (`CUSTOMER_ID`),
  UNIQUE KEY `UK1nbk11jltesa5kihmrcai0v7y` (`CUSTOMER_NICK`)
) ENGINE=InnoDB DEFAULT CHARSET=utf8mb3 COLLATE=utf8mb3_unicode_ci;
/*!40101 SET character_set_client = @saved_cs_client */;

--
-- Dumping data for table `customer`
--

LOCK TABLES `customer` WRITE;
/*!40000 ALTER TABLE `customer` DISABLE KEYS */;
INSERT INTO `customer` VALUES (150,_binary '\0',NULL,'2023-06-02 06:35:57',NULL,NULL,NULL,NULL,NULL,NULL,NULL,'nd1long@gmail.com','LONG','M','LONG','nd1long@gmail.com','$2a$10$PZkJvjw3MeS3yPCEpG0N1ev2.vHfV67sYi8UGiQ3NOAQAbnJDvt.u',NULL),(200,_binary '\0',NULL,'2023-06-04 11:13:44',NULL,NULL,NULL,NULL,NULL,NULL,NULL,'ndlong28@gmail.com','Long',NULL,'Nguyen Duy','ndlong28@gmail.com','$2a$10$vf19FUZolHFtX1V.81FPgOjXauxSDVeBRwH795gTjQ61INyPS4Kn.',NULL),(250,_binary '\0',NULL,'2023-06-04 21:56:10',NULL,NULL,NULL,NULL,NULL,NULL,NULL,'n@gmail.com','Long',NULL,'Nguyen Duy','n@gmail.com','$2a$10$8QxgxJwxlNlE/0KbqMMhhef6ftxg4ARMo7yBdoxFdo6ougBta.5wO',NULL),(300,_binary '\0',NULL,'2023-06-04 22:03:54',NULL,NULL,NULL,NULL,NULL,NULL,NULL,'FADFADFDA','Long',NULL,'Nguyen Duy','FADFADFDA','$2a$10$hrfjwSWQtN8OL2FAKP/gBuOjmryT.BKByi7/qybNUWfr5vVds7jAm',NULL),(301,_binary '\0',NULL,'2023-06-04 22:04:52',NULL,NULL,NULL,NULL,NULL,NULL,NULL,'FADCFADFDA','Long',NULL,'Nguyen Duy','FADCFADFDA','$2a$10$8dV/0/dOBfhl2ZvjvXX//.U7kUIz1CCTQjLz2U0zj5pgFwqrBrg1W',NULL),(350,_binary '\0',NULL,'2023-06-04 22:29:26',NULL,NULL,NULL,NULL,NULL,NULL,NULL,'11','Long',NULL,'Nguyen Duy','11','$2a$10$mVznvJeKC7lbq69pDOuAsekhHbgJ40Wgg6Y9mWoLNAw6wKL.jA1ga',NULL),(400,_binary '\0',NULL,'2023-06-05 07:14:04',NULL,NULL,NULL,NULL,NULL,NULL,NULL,'2','LONG','M','LONG','2','$2a$10$py5v/xirBlHZFbaD1xYAceFagWlIiTIJV.GIACMH0R1pgUbW1DKuO',NULL),(450,_binary '\0',NULL,'2023-06-05 20:33:25',NULL,NULL,NULL,NULL,NULL,NULL,NULL,'2h','LONG','M','LONG','2h','$2a$10$xzNuMCgmsigbIE5QNqFu3eFpzfcsEH1Ob79.60xXQH0jtIgP/qv9W',NULL),(451,_binary '\0',NULL,'2023-06-05 20:33:58',NULL,NULL,NULL,NULL,NULL,NULL,'2003-02-09 00:00:00','23h','Nguyễn Dũy f','M','Long f','23h','$2a$10$uvxF0aciYoSf/hN9JPqhCO2bn8ekEHbHArkg/yeV3R2TZy0kuwoSW',NULL),(500,_binary '\0',NULL,'2023-06-05 20:40:32',NULL,NULL,NULL,NULL,NULL,NULL,NULL,'long','Long',NULL,'Nguyen Duy','long','$2a$10$gINxxwKvs7am5uA4dwdOtO33633u1n8Sj3FvLya3mSp.6fvNcrJly',NULL);
/*!40000 ALTER TABLE `customer` ENABLE KEYS */;
UNLOCK TABLES;

--
-- Table structure for table `customer_attribute`
--

DROP TABLE IF EXISTS `customer_attribute`;
/*!40101 SET @saved_cs_client     = @@character_set_client */;
/*!50503 SET character_set_client = utf8mb4 */;
CREATE TABLE `customer_attribute` (
  `CUSTOMER_ATTRIBUTE_ID` bigint NOT NULL,
  `CUSTOMER_ATTR_TXT_VAL` varchar(255) COLLATE utf8mb3_unicode_ci DEFAULT NULL,
  `CUSTOMER_ID` bigint NOT NULL,
  `OPTION_ID` bigint NOT NULL,
  `OPTION_VALUE_ID` bigint NOT NULL,
  PRIMARY KEY (`CUSTOMER_ATTRIBUTE_ID`),
  UNIQUE KEY `UK46kbpre88yh963gewm3kmdni1` (`OPTION_ID`,`CUSTOMER_ID`),
  KEY `FKc3318o13i2bpxkci1bh52we5a` (`CUSTOMER_ID`),
  KEY `FK9fl7iexvdeeeoch9fh35o5vw4` (`OPTION_VALUE_ID`),
  CONSTRAINT `FK4xugs9yd9w4o3sw11fisb8tj5` FOREIGN KEY (`OPTION_ID`) REFERENCES `customer_option` (`CUSTOMER_OPTION_ID`),
  CONSTRAINT `FK9fl7iexvdeeeoch9fh35o5vw4` FOREIGN KEY (`OPTION_VALUE_ID`) REFERENCES `customer_option_value` (`CUSTOMER_OPTION_VALUE_ID`),
  CONSTRAINT `FKc3318o13i2bpxkci1bh52we5a` FOREIGN KEY (`CUSTOMER_ID`) REFERENCES `customer` (`CUSTOMER_ID`)
) ENGINE=InnoDB DEFAULT CHARSET=utf8mb3 COLLATE=utf8mb3_unicode_ci;
/*!40101 SET character_set_client = @saved_cs_client */;

--
-- Dumping data for table `customer_attribute`
--

LOCK TABLES `customer_attribute` WRITE;
/*!40000 ALTER TABLE `customer_attribute` DISABLE KEYS */;
/*!40000 ALTER TABLE `customer_attribute` ENABLE KEYS */;
UNLOCK TABLES;

--
-- Table structure for table `customer_group`
--

DROP TABLE IF EXISTS `customer_group`;
/*!40101 SET @saved_cs_client     = @@character_set_client */;
/*!50503 SET character_set_client = utf8mb4 */;
CREATE TABLE `customer_group` (
  `CUSTOMER_ID` bigint NOT NULL,
  `GROUP_ID` int NOT NULL,
  KEY `FKgrr5v89l1m9sl2qol62bbctq4` (`GROUP_ID`),
  KEY `FK257h3e27f4ujw08doqtq46hho` (`CUSTOMER_ID`),
  CONSTRAINT `FK257h3e27f4ujw08doqtq46hho` FOREIGN KEY (`CUSTOMER_ID`) REFERENCES `customer` (`CUSTOMER_ID`),
  CONSTRAINT `FKgrr5v89l1m9sl2qol62bbctq4` FOREIGN KEY (`GROUP_ID`) REFERENCES `sm_group` (`GROUP_ID`)
) ENGINE=InnoDB DEFAULT CHARSET=utf8mb3 COLLATE=utf8mb3_unicode_ci;
/*!40101 SET character_set_client = @saved_cs_client */;

--
-- Dumping data for table `customer_group`
--

LOCK TABLES `customer_group` WRITE;
/*!40000 ALTER TABLE `customer_group` DISABLE KEYS */;
INSERT INTO `customer_group` VALUES (1,4),(50,4),(100,4),(101,4),(150,4),(200,8),(250,8),(300,8),(301,8),(350,8),(400,8),(450,8),(451,8),(500,8);
/*!40000 ALTER TABLE `customer_group` ENABLE KEYS */;
UNLOCK TABLES;

--
-- Table structure for table `customer_opt_val_description`
--

DROP TABLE IF EXISTS `customer_opt_val_description`;
/*!40101 SET @saved_cs_client     = @@character_set_client */;
/*!50503 SET character_set_client = utf8mb4 */;
CREATE TABLE `customer_opt_val_description` (
  `DESCRIPTION_ID` bigint NOT NULL,
  `DATE_CREATED` datetime DEFAULT NULL,
  `DATE_MODIFIED` datetime DEFAULT NULL,
  `UPDT_ID` varchar(60) COLLATE utf8mb3_unicode_ci DEFAULT NULL,
  `DESCRIPTION` longtext COLLATE utf8mb3_unicode_ci,
  `NAME` varchar(120) COLLATE utf8mb3_unicode_ci NOT NULL,
  `TITLE` varchar(100) COLLATE utf8mb3_unicode_ci DEFAULT NULL,
  `LANGUAGE_ID` int NOT NULL,
  `CUSTOMER_OPT_VAL_ID` bigint DEFAULT NULL,
  PRIMARY KEY (`DESCRIPTION_ID`),
  UNIQUE KEY `UKge7f2t1d31r87wnk09h9u1tnv` (`CUSTOMER_OPT_VAL_ID`,`LANGUAGE_ID`),
  KEY `FK6rfssi3qfx4pswicxrfb18c1` (`LANGUAGE_ID`),
  CONSTRAINT `FK6rfssi3qfx4pswicxrfb18c1` FOREIGN KEY (`LANGUAGE_ID`) REFERENCES `language` (`LANGUAGE_ID`),
  CONSTRAINT `FKhwrs6fyqk6vh11yvcflu42yef` FOREIGN KEY (`CUSTOMER_OPT_VAL_ID`) REFERENCES `customer_option_value` (`CUSTOMER_OPTION_VALUE_ID`)
) ENGINE=InnoDB DEFAULT CHARSET=utf8mb3 COLLATE=utf8mb3_unicode_ci;
/*!40101 SET character_set_client = @saved_cs_client */;

--
-- Dumping data for table `customer_opt_val_description`
--

LOCK TABLES `customer_opt_val_description` WRITE;
/*!40000 ALTER TABLE `customer_opt_val_description` DISABLE KEYS */;
/*!40000 ALTER TABLE `customer_opt_val_description` ENABLE KEYS */;
UNLOCK TABLES;

--
-- Table structure for table `customer_optin`
--

DROP TABLE IF EXISTS `customer_optin`;
/*!40101 SET @saved_cs_client     = @@character_set_client */;
/*!50503 SET character_set_client = utf8mb4 */;
CREATE TABLE `customer_optin` (
  `CUSTOMER_OPTIN_ID` bigint NOT NULL,
  `EMAIL` varchar(255) COLLATE utf8mb3_unicode_ci NOT NULL,
  `FIRST` varchar(255) COLLATE utf8mb3_unicode_ci DEFAULT NULL,
  `LAST` varchar(255) COLLATE utf8mb3_unicode_ci DEFAULT NULL,
  `OPTIN_DATE` datetime DEFAULT NULL,
  `VALUE` longtext COLLATE utf8mb3_unicode_ci,
  `MERCHANT_ID` int NOT NULL,
  `OPTIN_ID` bigint DEFAULT NULL,
  PRIMARY KEY (`CUSTOMER_OPTIN_ID`),
  UNIQUE KEY `UKc4fnyu0pvxxtrbko10rm1jqyw` (`EMAIL`,`OPTIN_ID`),
  KEY `FKk5v94dvhsgibaw89hv4m8o5yw` (`MERCHANT_ID`),
  KEY `FK7qym878m07cwvs4foe68lvqjt` (`OPTIN_ID`),
  CONSTRAINT `FK7qym878m07cwvs4foe68lvqjt` FOREIGN KEY (`OPTIN_ID`) REFERENCES `optin` (`OPTIN_ID`),
  CONSTRAINT `FKk5v94dvhsgibaw89hv4m8o5yw` FOREIGN KEY (`MERCHANT_ID`) REFERENCES `merchant_store` (`MERCHANT_ID`)
) ENGINE=InnoDB DEFAULT CHARSET=utf8mb3 COLLATE=utf8mb3_unicode_ci;
/*!40101 SET character_set_client = @saved_cs_client */;

--
-- Dumping data for table `customer_optin`
--

LOCK TABLES `customer_optin` WRITE;
/*!40000 ALTER TABLE `customer_optin` DISABLE KEYS */;
/*!40000 ALTER TABLE `customer_optin` ENABLE KEYS */;
UNLOCK TABLES;

--
-- Table structure for table `customer_option`
--

DROP TABLE IF EXISTS `customer_option`;
/*!40101 SET @saved_cs_client     = @@character_set_client */;
/*!50503 SET character_set_client = utf8mb4 */;
CREATE TABLE `customer_option` (
  `CUSTOMER_OPTION_ID` bigint NOT NULL,
  `CUSTOMER_OPT_ACTIVE` bit(1) DEFAULT NULL,
  `CUSTOMER_OPT_CODE` varchar(255) COLLATE utf8mb3_unicode_ci DEFAULT NULL,
  `CUSTOMER_OPTION_TYPE` varchar(10) COLLATE utf8mb3_unicode_ci DEFAULT NULL,
  `CUSTOMER_OPT_PUBLIC` bit(1) DEFAULT NULL,
  `SORT_ORDER` int DEFAULT NULL,
  `MERCHANT_ID` int NOT NULL,
  PRIMARY KEY (`CUSTOMER_OPTION_ID`),
  UNIQUE KEY `UKrov34a6g4dhhiqukvhp1ggm0u` (`MERCHANT_ID`,`CUSTOMER_OPT_CODE`),
  KEY `CUST_OPT_CODE_IDX` (`CUSTOMER_OPT_CODE`),
  CONSTRAINT `FKcmqnh0rn2hukdfowean5tdy8k` FOREIGN KEY (`MERCHANT_ID`) REFERENCES `merchant_store` (`MERCHANT_ID`)
) ENGINE=InnoDB DEFAULT CHARSET=utf8mb3 COLLATE=utf8mb3_unicode_ci;
/*!40101 SET character_set_client = @saved_cs_client */;

--
-- Dumping data for table `customer_option`
--

LOCK TABLES `customer_option` WRITE;
/*!40000 ALTER TABLE `customer_option` DISABLE KEYS */;
/*!40000 ALTER TABLE `customer_option` ENABLE KEYS */;
UNLOCK TABLES;

--
-- Table structure for table `customer_option_desc`
--

DROP TABLE IF EXISTS `customer_option_desc`;
/*!40101 SET @saved_cs_client     = @@character_set_client */;
/*!50503 SET character_set_client = utf8mb4 */;
CREATE TABLE `customer_option_desc` (
  `DESCRIPTION_ID` bigint NOT NULL,
  `DATE_CREATED` datetime DEFAULT NULL,
  `DATE_MODIFIED` datetime DEFAULT NULL,
  `UPDT_ID` varchar(60) COLLATE utf8mb3_unicode_ci DEFAULT NULL,
  `DESCRIPTION` longtext COLLATE utf8mb3_unicode_ci,
  `NAME` varchar(120) COLLATE utf8mb3_unicode_ci NOT NULL,
  `TITLE` varchar(100) COLLATE utf8mb3_unicode_ci DEFAULT NULL,
  `CUSTOMER_OPTION_COMMENT` varchar(4000) COLLATE utf8mb3_unicode_ci DEFAULT NULL,
  `LANGUAGE_ID` int NOT NULL,
  `CUSTOMER_OPTION_ID` bigint NOT NULL,
  PRIMARY KEY (`DESCRIPTION_ID`),
  UNIQUE KEY `UK6ovl4t1ciag1wubtcebaoo7vi` (`CUSTOMER_OPTION_ID`,`LANGUAGE_ID`),
  KEY `FKm4iu7v9db17wk2a03xqbqdlfa` (`LANGUAGE_ID`),
  CONSTRAINT `FKc2yiucjbw0wjha8ww7a01qfeo` FOREIGN KEY (`CUSTOMER_OPTION_ID`) REFERENCES `customer_option` (`CUSTOMER_OPTION_ID`),
  CONSTRAINT `FKm4iu7v9db17wk2a03xqbqdlfa` FOREIGN KEY (`LANGUAGE_ID`) REFERENCES `language` (`LANGUAGE_ID`)
) ENGINE=InnoDB DEFAULT CHARSET=utf8mb3 COLLATE=utf8mb3_unicode_ci;
/*!40101 SET character_set_client = @saved_cs_client */;

--
-- Dumping data for table `customer_option_desc`
--

LOCK TABLES `customer_option_desc` WRITE;
/*!40000 ALTER TABLE `customer_option_desc` DISABLE KEYS */;
/*!40000 ALTER TABLE `customer_option_desc` ENABLE KEYS */;
UNLOCK TABLES;

--
-- Table structure for table `customer_option_set`
--

DROP TABLE IF EXISTS `customer_option_set`;
/*!40101 SET @saved_cs_client     = @@character_set_client */;
/*!50503 SET character_set_client = utf8mb4 */;
CREATE TABLE `customer_option_set` (
  `CUSTOMER_OPTIONSET_ID` bigint NOT NULL,
  `SORT_ORDER` int DEFAULT NULL,
  `CUSTOMER_OPTION_ID` bigint NOT NULL,
  `CUSTOMER_OPTION_VALUE_ID` bigint NOT NULL,
  PRIMARY KEY (`CUSTOMER_OPTIONSET_ID`),
  UNIQUE KEY `UK4peli2ritnnq2xqpyq188srm6` (`CUSTOMER_OPTION_ID`,`CUSTOMER_OPTION_VALUE_ID`),
  KEY `FKj9vnvyh6hhhftjbcsymgiodm9` (`CUSTOMER_OPTION_VALUE_ID`),
  CONSTRAINT `FK1y5qtsuabhpwft3dyhqrgmtb4` FOREIGN KEY (`CUSTOMER_OPTION_ID`) REFERENCES `customer_option` (`CUSTOMER_OPTION_ID`),
  CONSTRAINT `FKj9vnvyh6hhhftjbcsymgiodm9` FOREIGN KEY (`CUSTOMER_OPTION_VALUE_ID`) REFERENCES `customer_option_value` (`CUSTOMER_OPTION_VALUE_ID`)
) ENGINE=InnoDB DEFAULT CHARSET=utf8mb3 COLLATE=utf8mb3_unicode_ci;
/*!40101 SET character_set_client = @saved_cs_client */;

--
-- Dumping data for table `customer_option_set`
--

LOCK TABLES `customer_option_set` WRITE;
/*!40000 ALTER TABLE `customer_option_set` DISABLE KEYS */;
/*!40000 ALTER TABLE `customer_option_set` ENABLE KEYS */;
UNLOCK TABLES;

--
-- Table structure for table `customer_option_value`
--

DROP TABLE IF EXISTS `customer_option_value`;
/*!40101 SET @saved_cs_client     = @@character_set_client */;
/*!50503 SET character_set_client = utf8mb4 */;
CREATE TABLE `customer_option_value` (
  `CUSTOMER_OPTION_VALUE_ID` bigint NOT NULL,
  `CUSTOMER_OPT_VAL_CODE` varchar(255) COLLATE utf8mb3_unicode_ci DEFAULT NULL,
  `CUSTOMER_OPT_VAL_IMAGE` varchar(255) COLLATE utf8mb3_unicode_ci DEFAULT NULL,
  `SORT_ORDER` int DEFAULT NULL,
  `MERCHANT_ID` int NOT NULL,
  PRIMARY KEY (`CUSTOMER_OPTION_VALUE_ID`),
  UNIQUE KEY `UKcb1fmv71nrx7m1rlx1ff5qvdt` (`MERCHANT_ID`,`CUSTOMER_OPT_VAL_CODE`),
  KEY `CUST_OPT_VAL_CODE_IDX` (`CUSTOMER_OPT_VAL_CODE`),
  CONSTRAINT `FKho87ssg5rnvwauj3y690a96g6` FOREIGN KEY (`MERCHANT_ID`) REFERENCES `merchant_store` (`MERCHANT_ID`)
) ENGINE=InnoDB DEFAULT CHARSET=utf8mb3 COLLATE=utf8mb3_unicode_ci;
/*!40101 SET character_set_client = @saved_cs_client */;

--
-- Dumping data for table `customer_option_value`
--

LOCK TABLES `customer_option_value` WRITE;
/*!40000 ALTER TABLE `customer_option_value` DISABLE KEYS */;
/*!40000 ALTER TABLE `customer_option_value` ENABLE KEYS */;
UNLOCK TABLES;

--
-- Table structure for table `customer_review`
--

DROP TABLE IF EXISTS `customer_review`;
/*!40101 SET @saved_cs_client     = @@character_set_client */;
/*!50503 SET character_set_client = utf8mb4 */;
CREATE TABLE `customer_review` (
  `CUSTOMER_REVIEW_ID` bigint NOT NULL,
  `DATE_CREATED` datetime DEFAULT NULL,
  `DATE_MODIFIED` datetime DEFAULT NULL,
  `UPDT_ID` varchar(60) COLLATE utf8mb3_unicode_ci DEFAULT NULL,
  `REVIEW_DATE` datetime DEFAULT NULL,
  `REVIEWS_RATING` double DEFAULT NULL,
  `REVIEWS_READ` bigint DEFAULT NULL,
  `STATUS` int DEFAULT NULL,
  `CUSTOMERS_ID` bigint DEFAULT NULL,
  `REVIEWED_CUSTOMER_ID` bigint DEFAULT NULL,
  PRIMARY KEY (`CUSTOMER_REVIEW_ID`),
  UNIQUE KEY `UK2momthbfrtgico2yyod8w18pk` (`CUSTOMERS_ID`,`REVIEWED_CUSTOMER_ID`),
  KEY `FK7pmqdk9od2af7cl6alx82fkek` (`REVIEWED_CUSTOMER_ID`),
  CONSTRAINT `FK7pmqdk9od2af7cl6alx82fkek` FOREIGN KEY (`REVIEWED_CUSTOMER_ID`) REFERENCES `customer` (`CUSTOMER_ID`),
  CONSTRAINT `FKayt6tbxp7d4g1qyg8crw2n73p` FOREIGN KEY (`CUSTOMERS_ID`) REFERENCES `customer` (`CUSTOMER_ID`)
) ENGINE=InnoDB DEFAULT CHARSET=utf8mb3 COLLATE=utf8mb3_unicode_ci;
/*!40101 SET character_set_client = @saved_cs_client */;

--
-- Dumping data for table `customer_review`
--

LOCK TABLES `customer_review` WRITE;
/*!40000 ALTER TABLE `customer_review` DISABLE KEYS */;
/*!40000 ALTER TABLE `customer_review` ENABLE KEYS */;
UNLOCK TABLES;

--
-- Table structure for table `customer_review_description`
--

DROP TABLE IF EXISTS `customer_review_description`;
/*!40101 SET @saved_cs_client     = @@character_set_client */;
/*!50503 SET character_set_client = utf8mb4 */;
CREATE TABLE `customer_review_description` (
  `DESCRIPTION_ID` bigint NOT NULL,
  `DATE_CREATED` datetime DEFAULT NULL,
  `DATE_MODIFIED` datetime DEFAULT NULL,
  `UPDT_ID` varchar(60) COLLATE utf8mb3_unicode_ci DEFAULT NULL,
  `DESCRIPTION` longtext COLLATE utf8mb3_unicode_ci,
  `NAME` varchar(120) COLLATE utf8mb3_unicode_ci NOT NULL,
  `TITLE` varchar(100) COLLATE utf8mb3_unicode_ci DEFAULT NULL,
  `LANGUAGE_ID` int NOT NULL,
  `CUSTOMER_REVIEW_ID` bigint DEFAULT NULL,
  PRIMARY KEY (`DESCRIPTION_ID`),
  UNIQUE KEY `UK1va9q0nhoe3wli25ktpmouvyh` (`CUSTOMER_REVIEW_ID`,`LANGUAGE_ID`),
  KEY `FK5pkgrlk32uqaxkrbve5mws1hj` (`LANGUAGE_ID`),
  CONSTRAINT `FK5pkgrlk32uqaxkrbve5mws1hj` FOREIGN KEY (`LANGUAGE_ID`) REFERENCES `language` (`LANGUAGE_ID`),
  CONSTRAINT `FKhf88oagf6t62k28afn8uaijc7` FOREIGN KEY (`CUSTOMER_REVIEW_ID`) REFERENCES `customer_review` (`CUSTOMER_REVIEW_ID`)
) ENGINE=InnoDB DEFAULT CHARSET=utf8mb3 COLLATE=utf8mb3_unicode_ci;
/*!40101 SET character_set_client = @saved_cs_client */;

--
-- Dumping data for table `customer_review_description`
--

LOCK TABLES `customer_review_description` WRITE;
/*!40000 ALTER TABLE `customer_review_description` DISABLE KEYS */;
/*!40000 ALTER TABLE `customer_review_description` ENABLE KEYS */;
UNLOCK TABLES;

--
-- Table structure for table `cv`
--

DROP TABLE IF EXISTS `cv`;
/*!40101 SET @saved_cs_client     = @@character_set_client */;
/*!50503 SET character_set_client = utf8mb4 */;
CREATE TABLE `cv` (
  `id` varchar(255) COLLATE utf8mb3_unicode_ci NOT NULL,
  `ADDRESS` varchar(255) COLLATE utf8mb3_unicode_ci DEFAULT NULL,
  `title` varchar(255) COLLATE utf8mb3_unicode_ci DEFAULT NULL,
  `ALUMNUS_ID` bigint NOT NULL,
  PRIMARY KEY (`id`),
  KEY `FK8ynvwi3cgx6aax2facrfyu71o` (`ALUMNUS_ID`),
  CONSTRAINT `FK8ynvwi3cgx6aax2facrfyu71o` FOREIGN KEY (`ALUMNUS_ID`) REFERENCES `customer` (`CUSTOMER_ID`)
) ENGINE=InnoDB DEFAULT CHARSET=utf8mb3 COLLATE=utf8mb3_unicode_ci;
/*!40101 SET character_set_client = @saved_cs_client */;

--
-- Dumping data for table `cv`
--

LOCK TABLES `cv` WRITE;
/*!40000 ALTER TABLE `cv` DISABLE KEYS */;
INSERT INTO `cv` VALUES ('796aa7de-2d6b-4c00-b7d5-4c2637ba638c','Thôn Kỳ Tân, xã Đức Lợi ','Senior Intern Java',451);
/*!40000 ALTER TABLE `cv` ENABLE KEYS */;
UNLOCK TABLES;

--
-- Table structure for table `district_description`
--

DROP TABLE IF EXISTS `district_description`;
/*!40101 SET @saved_cs_client     = @@character_set_client */;
/*!50503 SET character_set_client = utf8mb4 */;
CREATE TABLE `district_description` (
  `ID_DISTRICT` bigint NOT NULL AUTO_INCREMENT,
  `DATE_CREATED` datetime DEFAULT NULL,
  `DATE_MODIFIED` datetime DEFAULT NULL,
  `UPDT_ID` varchar(60) COLLATE utf8mb3_unicode_ci DEFAULT NULL,
  `NAME` varchar(255) COLLATE utf8mb3_unicode_ci DEFAULT NULL,
  `ID_PROVINCE` bigint DEFAULT NULL,
  PRIMARY KEY (`ID_DISTRICT`),
  KEY `FKbwijv76p0huposvgoy750cslq` (`ID_PROVINCE`),
  CONSTRAINT `FKbwijv76p0huposvgoy750cslq` FOREIGN KEY (`ID_PROVINCE`) REFERENCES `province_description` (`ID_PROVINCE`)
) ENGINE=InnoDB AUTO_INCREMENT=24 DEFAULT CHARSET=utf8mb3 COLLATE=utf8mb3_unicode_ci;
/*!40101 SET character_set_client = @saved_cs_client */;

--
-- Dumping data for table `district_description`
--

LOCK TABLES `district_description` WRITE;
/*!40000 ALTER TABLE `district_description` DISABLE KEYS */;
INSERT INTO `district_description` VALUES (1,'2023-05-15 22:11:28','2023-05-15 22:11:28',NULL,'Quận 1',1),(2,'2023-05-15 22:11:28','2023-05-15 22:11:28',NULL,'Quận 2',1),(3,'2023-05-15 22:11:28','2023-05-15 22:11:28',NULL,'Quận 3',1),(4,'2023-05-15 22:11:28','2023-05-15 22:11:28',NULL,'Quận 4',1),(5,'2023-05-15 22:11:28','2023-05-15 22:11:28',NULL,'Quận 5',1),(6,'2023-05-15 22:11:28','2023-05-15 22:11:28',NULL,'Quận 6',1),(7,'2023-05-15 22:12:28','2023-05-15 22:12:28',NULL,'Quận 7',1),(8,'2023-05-15 22:12:28','2023-05-15 22:12:28',NULL,'Quận 8',1),(9,'2023-05-15 22:12:28','2023-05-15 22:12:28',NULL,'Quận 9',1),(10,'2023-05-15 22:12:28','2023-05-15 22:12:28',NULL,'Quận 10',1),(11,'2023-05-15 22:12:28','2023-05-15 22:12:28',NULL,'Quận 11',1),(12,'2023-05-15 22:12:28','2023-05-15 22:12:28',NULL,'Quận 12',1),(13,'2023-05-15 22:13:16','2023-05-15 22:13:16',NULL,'Bình Thạnh',1),(14,'2023-05-15 22:13:16','2023-05-15 22:13:16',NULL,'Gò Vấp',1),(15,'2023-05-15 22:13:16','2023-05-15 22:13:16',NULL,'Phú Nhuận',1),(16,'2023-05-15 22:13:16','2023-05-15 22:13:16',NULL,'Tân Bình',1),(17,'2023-05-15 22:13:16','2023-05-15 22:13:16',NULL,'Tân Phú',1),(18,'2023-05-15 22:13:16','2023-05-15 22:13:16',NULL,'Thủ Đức',1),(19,'2023-05-15 22:13:45','2023-05-15 22:13:45',NULL,'Bình Tân',1),(20,'2023-05-15 22:13:45','2023-05-15 22:13:45',NULL,'Củ Chi',1),(21,'2023-05-15 22:13:45','2023-05-15 22:13:45',NULL,'Hóc Môn',1),(22,'2023-05-15 22:13:45','2023-05-15 22:13:45',NULL,'Nhà Bè',1),(23,'2023-05-15 22:13:45','2023-05-15 22:13:45',NULL,'Cần Giờ',1);
/*!40000 ALTER TABLE `district_description` ENABLE KEYS */;
UNLOCK TABLES;

--
-- Table structure for table `education`
--

DROP TABLE IF EXISTS `education`;
/*!40101 SET @saved_cs_client     = @@character_set_client */;
/*!50503 SET character_set_client = utf8mb4 */;
CREATE TABLE `education` (
  `id` varchar(255) COLLATE utf8mb3_unicode_ci NOT NULL,
  `END_DATE` datetime DEFAULT NULL,
  `IS_GRADUATED` bit(1) DEFAULT NULL,
  `MAJOR` varchar(255) COLLATE utf8mb3_unicode_ci NOT NULL,
  `SCHO0L` varchar(255) COLLATE utf8mb3_unicode_ci NOT NULL,
  `START_DATE` datetime NOT NULL,
  `CV_ID` varchar(255) COLLATE utf8mb3_unicode_ci DEFAULT NULL,
  PRIMARY KEY (`id`),
  KEY `FKi84md14f70rlkawtqyqude516` (`CV_ID`),
  CONSTRAINT `FKi84md14f70rlkawtqyqude516` FOREIGN KEY (`CV_ID`) REFERENCES `cv` (`id`)
) ENGINE=InnoDB DEFAULT CHARSET=utf8mb3 COLLATE=utf8mb3_unicode_ci;
/*!40101 SET character_set_client = @saved_cs_client */;

--
-- Dumping data for table `education`
--

LOCK TABLES `education` WRITE;
/*!40000 ALTER TABLE `education` DISABLE KEYS */;
INSERT INTO `education` VALUES ('399b5bee-5ab4-4e06-be5c-0675d0089535','2010-12-26 00:00:00',_binary '','Học sinh chứ gì nữa','Trường THPT Số 2 Mộ Đức','2010-12-26 00:00:00','796aa7de-2d6b-4c00-b7d5-4c2637ba638c');
/*!40000 ALTER TABLE `education` ENABLE KEYS */;
UNLOCK TABLES;

--
-- Table structure for table `english_level`
--

DROP TABLE IF EXISTS `english_level`;
/*!40101 SET @saved_cs_client     = @@character_set_client */;
/*!50503 SET character_set_client = utf8mb4 */;
CREATE TABLE `english_level` (
  `ID` bigint NOT NULL AUTO_INCREMENT,
  `DATE_CREATED` datetime DEFAULT NULL,
  `DATE_MODIFIED` datetime DEFAULT NULL,
  `UPDT_ID` varchar(60) COLLATE utf8mb3_unicode_ci DEFAULT NULL,
  `CODE` varchar(255) COLLATE utf8mb3_unicode_ci DEFAULT NULL,
  `NAME` varchar(255) COLLATE utf8mb3_unicode_ci DEFAULT NULL,
  PRIMARY KEY (`ID`)
) ENGINE=InnoDB AUTO_INCREMENT=5 DEFAULT CHARSET=utf8mb3 COLLATE=utf8mb3_unicode_ci;
/*!40101 SET character_set_client = @saved_cs_client */;

--
-- Dumping data for table `english_level`
--

LOCK TABLES `english_level` WRITE;
/*!40000 ALTER TABLE `english_level` DISABLE KEYS */;
INSERT INTO `english_level` VALUES (1,NULL,NULL,NULL,'LV0','Không biết'),(2,NULL,NULL,NULL,'LV1','Đọc hiểu cơ bản'),(3,NULL,NULL,NULL,'LV2','Giao tiếp tốt'),(4,NULL,NULL,NULL,'LV3','Thành thạo các kỹ năng');
/*!40000 ALTER TABLE `english_level` ENABLE KEYS */;
UNLOCK TABLES;

--
-- Table structure for table `experience_description`
--

DROP TABLE IF EXISTS `experience_description`;
/*!40101 SET @saved_cs_client     = @@character_set_client */;
/*!50503 SET character_set_client = utf8mb4 */;
CREATE TABLE `experience_description` (
  `ID_EXPERIENCE` bigint NOT NULL AUTO_INCREMENT,
  `CODE` varchar(255) COLLATE utf8mb3_unicode_ci DEFAULT NULL,
  `NAME` varchar(255) COLLATE utf8mb3_unicode_ci DEFAULT NULL,
  `DATE_CREATED` datetime DEFAULT NULL,
  `DATE_MODIFIED` datetime DEFAULT NULL,
  `UPDT_ID` varchar(60) COLLATE utf8mb3_unicode_ci DEFAULT NULL,
  PRIMARY KEY (`ID_EXPERIENCE`)
) ENGINE=InnoDB AUTO_INCREMENT=8 DEFAULT CHARSET=utf8mb3 COLLATE=utf8mb3_unicode_ci;
/*!40101 SET character_set_client = @saved_cs_client */;

--
-- Dumping data for table `experience_description`
--

LOCK TABLES `experience_description` WRITE;
/*!40000 ALTER TABLE `experience_description` DISABLE KEYS */;
INSERT INTO `experience_description` VALUES (1,'none-ex','Chưa có kinh nghiệm',NULL,NULL,NULL),(2,'less6','Ít hơn 6 tháng',NULL,NULL,NULL),(4,'m1y','Hơn một năm',NULL,NULL,NULL),(6,'kinhnghiemtest','Kinh nghiệm test',NULL,NULL,NULL),(7,'kinhnghiemtest','Kinh nghiệm test',NULL,NULL,NULL);
/*!40000 ALTER TABLE `experience_description` ENABLE KEYS */;
UNLOCK TABLES;

--
-- Table structure for table `file_history`
--

DROP TABLE IF EXISTS `file_history`;
/*!40101 SET @saved_cs_client     = @@character_set_client */;
/*!50503 SET character_set_client = utf8mb4 */;
CREATE TABLE `file_history` (
  `FILE_HISTORY_ID` bigint NOT NULL,
  `ACCOUNTED_DATE` datetime DEFAULT NULL,
  `DATE_ADDED` datetime NOT NULL,
  `DATE_DELETED` datetime DEFAULT NULL,
  `DOWNLOAD_COUNT` int NOT NULL,
  `FILE_ID` bigint DEFAULT NULL,
  `FILESIZE` int NOT NULL,
  `MERCHANT_ID` int NOT NULL,
  PRIMARY KEY (`FILE_HISTORY_ID`),
  UNIQUE KEY `UKav35sb3v4nxq8v1n1rkxufir` (`MERCHANT_ID`,`FILE_ID`),
  CONSTRAINT `FK2k8h4penkjlbtc23vamwyek2g` FOREIGN KEY (`MERCHANT_ID`) REFERENCES `merchant_store` (`MERCHANT_ID`)
) ENGINE=InnoDB DEFAULT CHARSET=utf8mb3 COLLATE=utf8mb3_unicode_ci;
/*!40101 SET character_set_client = @saved_cs_client */;

--
-- Dumping data for table `file_history`
--

LOCK TABLES `file_history` WRITE;
/*!40000 ALTER TABLE `file_history` DISABLE KEYS */;
/*!40000 ALTER TABLE `file_history` ENABLE KEYS */;
UNLOCK TABLES;

--
-- Table structure for table `geozone`
--

DROP TABLE IF EXISTS `geozone`;
/*!40101 SET @saved_cs_client     = @@character_set_client */;
/*!50503 SET character_set_client = utf8mb4 */;
CREATE TABLE `geozone` (
  `GEOZONE_ID` bigint NOT NULL,
  `GEOZONE_CODE` varchar(255) COLLATE utf8mb3_unicode_ci DEFAULT NULL,
  `GEOZONE_NAME` varchar(255) COLLATE utf8mb3_unicode_ci DEFAULT NULL,
  PRIMARY KEY (`GEOZONE_ID`)
) ENGINE=InnoDB DEFAULT CHARSET=utf8mb3 COLLATE=utf8mb3_unicode_ci;
/*!40101 SET character_set_client = @saved_cs_client */;

--
-- Dumping data for table `geozone`
--

LOCK TABLES `geozone` WRITE;
/*!40000 ALTER TABLE `geozone` DISABLE KEYS */;
/*!40000 ALTER TABLE `geozone` ENABLE KEYS */;
UNLOCK TABLES;

--
-- Table structure for table `geozone_description`
--

DROP TABLE IF EXISTS `geozone_description`;
/*!40101 SET @saved_cs_client     = @@character_set_client */;
/*!50503 SET character_set_client = utf8mb4 */;
CREATE TABLE `geozone_description` (
  `DESCRIPTION_ID` bigint NOT NULL,
  `DATE_CREATED` datetime DEFAULT NULL,
  `DATE_MODIFIED` datetime DEFAULT NULL,
  `UPDT_ID` varchar(60) COLLATE utf8mb3_unicode_ci DEFAULT NULL,
  `DESCRIPTION` longtext COLLATE utf8mb3_unicode_ci,
  `NAME` varchar(120) COLLATE utf8mb3_unicode_ci NOT NULL,
  `TITLE` varchar(100) COLLATE utf8mb3_unicode_ci DEFAULT NULL,
  `LANGUAGE_ID` int NOT NULL,
  `GEOZONE_ID` bigint DEFAULT NULL,
  PRIMARY KEY (`DESCRIPTION_ID`),
  UNIQUE KEY `UKsoq8o99w3c8ys3ntamt5i4mat` (`GEOZONE_ID`,`LANGUAGE_ID`),
  KEY `FK1t2hp628edebe5d6co2whbla9` (`LANGUAGE_ID`),
  CONSTRAINT `FK1t2hp628edebe5d6co2whbla9` FOREIGN KEY (`LANGUAGE_ID`) REFERENCES `language` (`LANGUAGE_ID`),
  CONSTRAINT `FKn82te2yb2st4hk2qlhl8ileb9` FOREIGN KEY (`GEOZONE_ID`) REFERENCES `geozone` (`GEOZONE_ID`)
) ENGINE=InnoDB DEFAULT CHARSET=utf8mb3 COLLATE=utf8mb3_unicode_ci;
/*!40101 SET character_set_client = @saved_cs_client */;

--
-- Dumping data for table `geozone_description`
--

LOCK TABLES `geozone_description` WRITE;
/*!40000 ALTER TABLE `geozone_description` DISABLE KEYS */;
/*!40000 ALTER TABLE `geozone_description` ENABLE KEYS */;
UNLOCK TABLES;

--
-- Table structure for table `job_rate`
--

DROP TABLE IF EXISTS `job_rate`;
/*!40101 SET @saved_cs_client     = @@character_set_client */;
/*!50503 SET character_set_client = utf8mb4 */;
CREATE TABLE `job_rate` (
  `id` varchar(255) COLLATE utf8mb3_unicode_ci NOT NULL,
  `COMMENT` text COLLATE utf8mb3_unicode_ci,
  `DATE_MODIFIED` datetime NOT NULL,
  `DATE_RATING` datetime NOT NULL,
  `jobRateStatus` int DEFAULT NULL,
  `ALUMNUS_ID` bigint NOT NULL,
  `JOB_ID` bigint NOT NULL,
  PRIMARY KEY (`id`),
  KEY `FKaannichnepayeg148s34t3e9e` (`ALUMNUS_ID`),
  KEY `FKa5ruq7eus2pv2rq9r9x5ktx56` (`JOB_ID`),
  CONSTRAINT `FKa5ruq7eus2pv2rq9r9x5ktx56` FOREIGN KEY (`JOB_ID`) REFERENCES `product` (`PRODUCT_ID`),
  CONSTRAINT `FKaannichnepayeg148s34t3e9e` FOREIGN KEY (`ALUMNUS_ID`) REFERENCES `customer` (`CUSTOMER_ID`)
) ENGINE=InnoDB DEFAULT CHARSET=utf8mb3 COLLATE=utf8mb3_unicode_ci;
/*!40101 SET character_set_client = @saved_cs_client */;

--
-- Dumping data for table `job_rate`
--

LOCK TABLES `job_rate` WRITE;
/*!40000 ALTER TABLE `job_rate` DISABLE KEYS */;
INSERT INTO `job_rate` VALUES ('2f6269af-0b9d-4604-bbcc-bda2374de8c0',NULL,'2023-06-12 22:18:49','2023-06-12 22:18:49',0,451,2),('c2c0cc03-e43f-4713-a7ba-1520592f5070',NULL,'2023-06-12 22:30:13','2023-06-12 22:19:00',1,451,151),('c4b34203-78a7-4a64-8290-dc5dab47d85c',NULL,'2023-06-12 22:18:54','2023-06-12 22:18:54',0,451,100);
/*!40000 ALTER TABLE `job_rate` ENABLE KEYS */;
UNLOCK TABLES;

--
-- Table structure for table `language`
--

DROP TABLE IF EXISTS `language`;
/*!40101 SET @saved_cs_client     = @@character_set_client */;
/*!50503 SET character_set_client = utf8mb4 */;
CREATE TABLE `language` (
  `LANGUAGE_ID` int NOT NULL,
  `DATE_CREATED` datetime DEFAULT NULL,
  `DATE_MODIFIED` datetime DEFAULT NULL,
  `UPDT_ID` varchar(60) COLLATE utf8mb3_unicode_ci DEFAULT NULL,
  `CODE` varchar(255) COLLATE utf8mb3_unicode_ci NOT NULL,
  `SORT_ORDER` int DEFAULT NULL,
  PRIMARY KEY (`LANGUAGE_ID`),
  KEY `CODE_IDX2` (`CODE`)
) ENGINE=InnoDB DEFAULT CHARSET=utf8mb3 COLLATE=utf8mb3_unicode_ci;
/*!40101 SET character_set_client = @saved_cs_client */;

--
-- Dumping data for table `language`
--

LOCK TABLES `language` WRITE;
/*!40000 ALTER TABLE `language` DISABLE KEYS */;
INSERT INTO `language` VALUES (1,'2023-05-17 03:35:17','2023-05-17 03:35:17',NULL,'en',NULL),(2,'2023-05-17 03:35:17','2023-05-17 03:35:17',NULL,'fr',NULL),(3,'2023-05-17 03:35:17','2023-05-17 03:35:17',NULL,'es',NULL),(4,NULL,NULL,NULL,'vn',NULL);
/*!40000 ALTER TABLE `language` ENABLE KEYS */;
UNLOCK TABLES;

--
-- Table structure for table `location_description`
--

DROP TABLE IF EXISTS `location_description`;
/*!40101 SET @saved_cs_client     = @@character_set_client */;
/*!50503 SET character_set_client = utf8mb4 */;
CREATE TABLE `location_description` (
  `ID_LOCATION` bigint NOT NULL AUTO_INCREMENT,
  `DETAIL_ADDRESS` varchar(255) COLLATE utf8mb3_unicode_ci DEFAULT NULL,
  `DATE_CREATED` datetime DEFAULT NULL,
  `DATE_MODIFIED` datetime DEFAULT NULL,
  `UPDT_ID` varchar(60) COLLATE utf8mb3_unicode_ci DEFAULT NULL,
  `ID_DISTRICT` bigint DEFAULT NULL,
  `ID_PROVINCE` bigint DEFAULT NULL,
  `ID_WARD` bigint DEFAULT NULL,
  PRIMARY KEY (`ID_LOCATION`),
  KEY `FK8259g9qqoelwx7i6d1sdki3a2` (`ID_DISTRICT`),
  KEY `FKr6qit76duexqdqvhhwfo6og0x` (`ID_PROVINCE`),
  KEY `FKngv2fan385in6p6tid4o9n5lr` (`ID_WARD`),
  CONSTRAINT `FK8259g9qqoelwx7i6d1sdki3a2` FOREIGN KEY (`ID_DISTRICT`) REFERENCES `district_description` (`ID_DISTRICT`),
  CONSTRAINT `FKngv2fan385in6p6tid4o9n5lr` FOREIGN KEY (`ID_WARD`) REFERENCES `ward_description` (`ID_WARD`),
  CONSTRAINT `FKr6qit76duexqdqvhhwfo6og0x` FOREIGN KEY (`ID_PROVINCE`) REFERENCES `province_description` (`ID_PROVINCE`)
) ENGINE=InnoDB AUTO_INCREMENT=15 DEFAULT CHARSET=utf8mb3 COLLATE=utf8mb3_unicode_ci;
/*!40101 SET character_set_client = @saved_cs_client */;

--
-- Dumping data for table `location_description`
--

LOCK TABLES `location_description` WRITE;
/*!40000 ALTER TABLE `location_description` DISABLE KEYS */;
INSERT INTO `location_description` VALUES (1,'thôn kỳ tân',NULL,NULL,NULL,1,1,1),(2,'thôn kỳ tân',NULL,NULL,NULL,1,1,1),(3,NULL,NULL,NULL,NULL,1,1,1),(4,'thôn kỳ tân',NULL,NULL,NULL,1,1,1),(6,'thôn kỳ tân',NULL,NULL,NULL,1,1,1),(7,'thôn kỳ tân',NULL,NULL,NULL,1,1,1),(8,'thôn kỳ tân',NULL,NULL,NULL,1,1,1),(9,'thôn kỳ tân',NULL,NULL,NULL,1,1,1),(10,'thôn kỳ tân',NULL,NULL,NULL,1,1,1),(11,'thôn kỳ tân',NULL,NULL,NULL,1,1,1),(12,'thôn kỳ tân',NULL,NULL,NULL,1,1,1),(13,'thôn kỳ tân',NULL,NULL,NULL,1,1,1),(14,'thôn kỳ tân',NULL,NULL,NULL,1,1,1);
/*!40000 ALTER TABLE `location_description` ENABLE KEYS */;
UNLOCK TABLES;

--
-- Table structure for table `location_product_entry`
--

DROP TABLE IF EXISTS `location_product_entry`;
/*!40101 SET @saved_cs_client     = @@character_set_client */;
/*!50503 SET character_set_client = utf8mb4 */;
CREATE TABLE `location_product_entry` (
  `PRODUCT_ID` bigint NOT NULL,
  `ID_LOCATION` bigint NOT NULL,
  PRIMARY KEY (`PRODUCT_ID`,`ID_LOCATION`),
  KEY `FK7hmpj379m2opg61rx1kq9o0kn` (`ID_LOCATION`),
  CONSTRAINT `FK7hmpj379m2opg61rx1kq9o0kn` FOREIGN KEY (`ID_LOCATION`) REFERENCES `location_description` (`ID_LOCATION`),
  CONSTRAINT `FKwb1v3psx4eqdalw8dhte0rhl` FOREIGN KEY (`PRODUCT_ID`) REFERENCES `product` (`PRODUCT_ID`)
) ENGINE=InnoDB DEFAULT CHARSET=utf8mb3 COLLATE=utf8mb3_unicode_ci;
/*!40101 SET character_set_client = @saved_cs_client */;

--
-- Dumping data for table `location_product_entry`
--

LOCK TABLES `location_product_entry` WRITE;
/*!40000 ALTER TABLE `location_product_entry` DISABLE KEYS */;
INSERT INTO `location_product_entry` VALUES (2,3),(100,8),(151,9),(200,10),(201,11),(251,12),(252,13),(253,14);
/*!40000 ALTER TABLE `location_product_entry` ENABLE KEYS */;
UNLOCK TABLES;

--
-- Table structure for table `manufacturer`
--

DROP TABLE IF EXISTS `manufacturer`;
/*!40101 SET @saved_cs_client     = @@character_set_client */;
/*!50503 SET character_set_client = utf8mb4 */;
CREATE TABLE `manufacturer` (
  `MANUFACTURER_ID` bigint NOT NULL,
  `DATE_CREATED` datetime DEFAULT NULL,
  `DATE_MODIFIED` datetime DEFAULT NULL,
  `UPDT_ID` varchar(60) COLLATE utf8mb3_unicode_ci DEFAULT NULL,
  `CODE` varchar(100) COLLATE utf8mb3_unicode_ci NOT NULL,
  `MANUFACTURER_IMAGE` varchar(255) COLLATE utf8mb3_unicode_ci DEFAULT NULL,
  `SORT_ORDER` int DEFAULT NULL,
  `MERCHANT_ID` int NOT NULL,
  PRIMARY KEY (`MANUFACTURER_ID`),
  UNIQUE KEY `UK6brqfdkga7jc78n8dh3v595y3` (`MERCHANT_ID`,`CODE`),
  CONSTRAINT `FKhswph4nthrqwffjekccudsrt2` FOREIGN KEY (`MERCHANT_ID`) REFERENCES `merchant_store` (`MERCHANT_ID`)
) ENGINE=InnoDB DEFAULT CHARSET=utf8mb3 COLLATE=utf8mb3_unicode_ci;
/*!40101 SET character_set_client = @saved_cs_client */;

--
-- Dumping data for table `manufacturer`
--

LOCK TABLES `manufacturer` WRITE;
/*!40000 ALTER TABLE `manufacturer` DISABLE KEYS */;
INSERT INTO `manufacturer` VALUES (1,'2023-05-17 03:35:39','2023-05-17 03:35:39',NULL,'DEFAULT',NULL,0,1);
/*!40000 ALTER TABLE `manufacturer` ENABLE KEYS */;
UNLOCK TABLES;

--
-- Table structure for table `manufacturer_description`
--

DROP TABLE IF EXISTS `manufacturer_description`;
/*!40101 SET @saved_cs_client     = @@character_set_client */;
/*!50503 SET character_set_client = utf8mb4 */;
CREATE TABLE `manufacturer_description` (
  `DESCRIPTION_ID` bigint NOT NULL,
  `DATE_CREATED` datetime DEFAULT NULL,
  `DATE_MODIFIED` datetime DEFAULT NULL,
  `UPDT_ID` varchar(60) COLLATE utf8mb3_unicode_ci DEFAULT NULL,
  `DESCRIPTION` longtext COLLATE utf8mb3_unicode_ci,
  `NAME` varchar(120) COLLATE utf8mb3_unicode_ci NOT NULL,
  `TITLE` varchar(100) COLLATE utf8mb3_unicode_ci DEFAULT NULL,
  `DATE_LAST_CLICK` datetime DEFAULT NULL,
  `MANUFACTURERS_URL` varchar(255) COLLATE utf8mb3_unicode_ci DEFAULT NULL,
  `URL_CLICKED` int DEFAULT NULL,
  `LANGUAGE_ID` int NOT NULL,
  `MANUFACTURER_ID` bigint NOT NULL,
  PRIMARY KEY (`DESCRIPTION_ID`),
  UNIQUE KEY `UKlpv09p83sc887clxe04nroup6` (`MANUFACTURER_ID`,`LANGUAGE_ID`),
  KEY `FK20t33wr4tp1kt1uyw7s8a3afl` (`LANGUAGE_ID`),
  CONSTRAINT `FK20t33wr4tp1kt1uyw7s8a3afl` FOREIGN KEY (`LANGUAGE_ID`) REFERENCES `language` (`LANGUAGE_ID`),
  CONSTRAINT `FKre4iys57n5cfbgpg3qqgewtrh` FOREIGN KEY (`MANUFACTURER_ID`) REFERENCES `manufacturer` (`MANUFACTURER_ID`)
) ENGINE=InnoDB DEFAULT CHARSET=utf8mb3 COLLATE=utf8mb3_unicode_ci;
/*!40101 SET character_set_client = @saved_cs_client */;

--
-- Dumping data for table `manufacturer_description`
--

LOCK TABLES `manufacturer_description` WRITE;
/*!40000 ALTER TABLE `manufacturer_description` DISABLE KEYS */;
INSERT INTO `manufacturer_description` VALUES (1,'2023-05-17 03:35:39','2023-05-17 03:35:39',NULL,'DEFAULT','DEFAULT',NULL,NULL,NULL,NULL,1,1);
/*!40000 ALTER TABLE `manufacturer_description` ENABLE KEYS */;
UNLOCK TABLES;

--
-- Table structure for table `merchant_configuration`
--

DROP TABLE IF EXISTS `merchant_configuration`;
/*!40101 SET @saved_cs_client     = @@character_set_client */;
/*!50503 SET character_set_client = utf8mb4 */;
CREATE TABLE `merchant_configuration` (
  `MERCHANT_CONFIG_ID` bigint NOT NULL,
  `ACTIVE` bit(1) DEFAULT NULL,
  `DATE_CREATED` datetime DEFAULT NULL,
  `DATE_MODIFIED` datetime DEFAULT NULL,
  `UPDT_ID` varchar(60) COLLATE utf8mb3_unicode_ci DEFAULT NULL,
  `CONFIG_KEY` varchar(255) COLLATE utf8mb3_unicode_ci DEFAULT NULL,
  `TYPE` varchar(255) COLLATE utf8mb3_unicode_ci DEFAULT NULL,
  `VALUE` longtext COLLATE utf8mb3_unicode_ci,
  `MERCHANT_ID` int DEFAULT NULL,
  PRIMARY KEY (`MERCHANT_CONFIG_ID`),
  UNIQUE KEY `UKj0c3h8onw3m6hjcr3yylst9fb` (`MERCHANT_ID`,`CONFIG_KEY`),
  CONSTRAINT `FKf9bkgf0ysbp5fo9j69shm0pri` FOREIGN KEY (`MERCHANT_ID`) REFERENCES `merchant_store` (`MERCHANT_ID`)
) ENGINE=InnoDB DEFAULT CHARSET=utf8mb3 COLLATE=utf8mb3_unicode_ci;
/*!40101 SET character_set_client = @saved_cs_client */;

--
-- Dumping data for table `merchant_configuration`
--

LOCK TABLES `merchant_configuration` WRITE;
/*!40000 ALTER TABLE `merchant_configuration` DISABLE KEYS */;
INSERT INTO `merchant_configuration` VALUES (1,_binary '\0','2023-05-17 03:35:40','2023-05-17 03:35:40',NULL,'CONFIG','CONFIG','{\"allowPurchaseItems\":true,\"displayContactUs\":false,\"displayCustomerAgreement\":false,\"defaultSearchConfigPath\":{},\"displayCustomerSection\":false,\"displayAddToCartOnFeaturedItems\":true,\"displayPagesMenu\":true,\"testMode\":false,\"displayStoreAddress\":false,\"displaySearchBox\":true,\"debugMode\":false,\"useDefaultSearchConfig\":{}}',1);
/*!40000 ALTER TABLE `merchant_configuration` ENABLE KEYS */;
UNLOCK TABLES;

--
-- Table structure for table `merchant_language`
--

DROP TABLE IF EXISTS `merchant_language`;
/*!40101 SET @saved_cs_client     = @@character_set_client */;
/*!50503 SET character_set_client = utf8mb4 */;
CREATE TABLE `merchant_language` (
  `stores_MERCHANT_ID` int NOT NULL,
  `languages_LANGUAGE_ID` int NOT NULL,
  KEY `FKjwy0pjijh1qmcoivq50o2jgec` (`languages_LANGUAGE_ID`),
  KEY `FKiisj0tmoujv6n3iqmytvo39kn` (`stores_MERCHANT_ID`),
  CONSTRAINT `FKiisj0tmoujv6n3iqmytvo39kn` FOREIGN KEY (`stores_MERCHANT_ID`) REFERENCES `merchant_store` (`MERCHANT_ID`),
  CONSTRAINT `FKjwy0pjijh1qmcoivq50o2jgec` FOREIGN KEY (`languages_LANGUAGE_ID`) REFERENCES `language` (`LANGUAGE_ID`)
) ENGINE=InnoDB DEFAULT CHARSET=utf8mb3 COLLATE=utf8mb3_unicode_ci;
/*!40101 SET character_set_client = @saved_cs_client */;

--
-- Dumping data for table `merchant_language`
--

LOCK TABLES `merchant_language` WRITE;
/*!40000 ALTER TABLE `merchant_language` DISABLE KEYS */;
INSERT INTO `merchant_language` VALUES (1,1);
/*!40000 ALTER TABLE `merchant_language` ENABLE KEYS */;
UNLOCK TABLES;

--
-- Table structure for table `merchant_log`
--

DROP TABLE IF EXISTS `merchant_log`;
/*!40101 SET @saved_cs_client     = @@character_set_client */;
/*!50503 SET character_set_client = utf8mb4 */;
CREATE TABLE `merchant_log` (
  `MERCHANT_LOG_ID` bigint NOT NULL,
  `LOG` longtext COLLATE utf8mb3_unicode_ci,
  `MODULE` varchar(25) COLLATE utf8mb3_unicode_ci DEFAULT NULL,
  `MERCHANT_ID` int NOT NULL,
  PRIMARY KEY (`MERCHANT_LOG_ID`),
  KEY `FKto727b9r68qrtn2vvdqdvd4ic` (`MERCHANT_ID`),
  CONSTRAINT `FKto727b9r68qrtn2vvdqdvd4ic` FOREIGN KEY (`MERCHANT_ID`) REFERENCES `merchant_store` (`MERCHANT_ID`)
) ENGINE=InnoDB DEFAULT CHARSET=utf8mb3 COLLATE=utf8mb3_unicode_ci;
/*!40101 SET character_set_client = @saved_cs_client */;

--
-- Dumping data for table `merchant_log`
--

LOCK TABLES `merchant_log` WRITE;
/*!40000 ALTER TABLE `merchant_log` DISABLE KEYS */;
/*!40000 ALTER TABLE `merchant_log` ENABLE KEYS */;
UNLOCK TABLES;

--
-- Table structure for table `merchant_store`
--

DROP TABLE IF EXISTS `merchant_store`;
/*!40101 SET @saved_cs_client     = @@character_set_client */;
/*!50503 SET character_set_client = utf8mb4 */;
CREATE TABLE `merchant_store` (
  `MERCHANT_ID` int NOT NULL,
  `DATE_CREATED` datetime DEFAULT NULL,
  `DATE_MODIFIED` datetime DEFAULT NULL,
  `UPDT_ID` varchar(60) COLLATE utf8mb3_unicode_ci DEFAULT NULL,
  `STORE_CODE` varchar(100) COLLATE utf8mb3_unicode_ci NOT NULL,
  `CONTINUESHOPPINGURL` varchar(150) COLLATE utf8mb3_unicode_ci DEFAULT NULL,
  `CURRENCY_FORMAT_NATIONAL` bit(1) DEFAULT NULL,
  `DOMAIN_NAME` varchar(80) COLLATE utf8mb3_unicode_ci DEFAULT NULL,
  `IN_BUSINESS_SINCE` date DEFAULT NULL,
  `INVOICE_TEMPLATE` varchar(25) COLLATE utf8mb3_unicode_ci DEFAULT NULL,
  `LINEAGE` varchar(255) COLLATE utf8mb3_unicode_ci DEFAULT NULL,
  `IS_RETAILER` bit(1) DEFAULT NULL,
  `SEIZEUNITCODE` varchar(5) COLLATE utf8mb3_unicode_ci DEFAULT NULL,
  `STORE_EMAIL` varchar(60) COLLATE utf8mb3_unicode_ci NOT NULL,
  `STORE_TEMPLATE` varchar(25) COLLATE utf8mb3_unicode_ci DEFAULT NULL,
  `STORE_ADDRESS` varchar(255) COLLATE utf8mb3_unicode_ci DEFAULT NULL,
  `STORE_CITY` varchar(100) COLLATE utf8mb3_unicode_ci DEFAULT NULL,
  `STORE_NAME` varchar(100) COLLATE utf8mb3_unicode_ci NOT NULL,
  `STORE_PHONE` varchar(50) COLLATE utf8mb3_unicode_ci DEFAULT NULL,
  `STORE_POSTAL_CODE` varchar(15) COLLATE utf8mb3_unicode_ci DEFAULT NULL,
  `STORE_STATE_PROV` varchar(100) COLLATE utf8mb3_unicode_ci DEFAULT NULL,
  `USE_CACHE` bit(1) DEFAULT NULL,
  `WEIGHTUNITCODE` varchar(5) COLLATE utf8mb3_unicode_ci DEFAULT NULL,
  `COUNTRY_ID` int NOT NULL,
  `CURRENCY_ID` bigint NOT NULL,
  `LANGUAGE_ID` int DEFAULT NULL,
  `PARENT_ID` int DEFAULT NULL,
  `ZONE_ID` bigint DEFAULT NULL,
  `STORE_LOGO` longblob,
  PRIMARY KEY (`MERCHANT_ID`),
  UNIQUE KEY `UK_4pvtsnqv4nlao8725n9ldpguf` (`STORE_CODE`),
  KEY `IDXrkmg1f192v53wcxln88wrwgrx` (`LINEAGE`),
  KEY `FK2gn7vpkd9x832urw7c6jlawnn` (`COUNTRY_ID`),
  KEY `FK63hlw9wp1k1x3f5tke7t2us7s` (`CURRENCY_ID`),
  KEY `FKdnemo9tl8tjhkxko83psvkv19` (`LANGUAGE_ID`),
  KEY `FKgkoele515h76u39b9defibkm9` (`PARENT_ID`),
  KEY `FK5o24aky9161jyofyxmg0g53vv` (`ZONE_ID`),
  CONSTRAINT `FK2gn7vpkd9x832urw7c6jlawnn` FOREIGN KEY (`COUNTRY_ID`) REFERENCES `country` (`COUNTRY_ID`),
  CONSTRAINT `FK5o24aky9161jyofyxmg0g53vv` FOREIGN KEY (`ZONE_ID`) REFERENCES `zone` (`ZONE_ID`),
  CONSTRAINT `FK63hlw9wp1k1x3f5tke7t2us7s` FOREIGN KEY (`CURRENCY_ID`) REFERENCES `currency` (`CURRENCY_ID`),
  CONSTRAINT `FKdnemo9tl8tjhkxko83psvkv19` FOREIGN KEY (`LANGUAGE_ID`) REFERENCES `language` (`LANGUAGE_ID`),
  CONSTRAINT `FKgkoele515h76u39b9defibkm9` FOREIGN KEY (`PARENT_ID`) REFERENCES `merchant_store` (`MERCHANT_ID`)
) ENGINE=InnoDB DEFAULT CHARSET=utf8mb3 COLLATE=utf8mb3_unicode_ci;
/*!40101 SET character_set_client = @saved_cs_client */;

--
-- Dumping data for table `merchant_store`
--

LOCK TABLES `merchant_store` WRITE;
/*!40000 ALTER TABLE `merchant_store` DISABLE KEYS */;
INSERT INTO `merchant_store` VALUES (1,NULL,NULL,NULL,'DEFAULT',NULL,_binary '\0','localhost:8080','2023-05-17',NULL,NULL,_binary '','IN','contact@shopizer.com','december','1234 Street address','My city','Shopizer','888-888-8888','H2H-2H2',NULL,_binary '\0','LB',37,105,1,NULL,9,NULL),(2,NULL,'2023-06-18 22:23:54','ndlong@gmail.com','nhahangmoi',NULL,_binary '\0',NULL,'2023-06-18',NULL,NULL,_binary '\0','IN','luanluong@gmail.com',NULL,'Đường Tô Vĩnh Lợi, phường Hoàng Hoa Thám, quận 11','Thành Phố Quảng Ngãi','Công ty trách nhiệm hữu hạn ăn không nói có','0379777722','84',NULL,_binary '\0','LB',37,81,NULL,NULL,9,_binary 'PNG\r\n\Z\n\0\0\0\rIHDR\0\0 \0\0r\0\0\06\\0\0\0sRGB\0\\\0\0SutEXtmxfile\03cU2FsdtGVkX129xZeeesbFzHh5QKlBLKznlYWtoHdeROk9Rd6p5A%3DZ8nPJLP5xvaLIVoa9eaaD2WysOIsLv1DcK5VYvPyBKMjeE2LPNGlSAGkNbQGCkC96wS6X0a78qlhk%2B6G4%2FbYvauSPrVR%2F8VcxXeq6z4KRDQODIYXbpT1P7NMh2Mp6%2BLu7juHVCUOZVh7BZZcmgnZnUXvMD2p%2FtG5UjF7USKoknSRLe6gkgE8QFrv65Y5DNZw6wn7iHKdB%2FWVsDC7%2BnnSlHpMu96RvYUwvSEseU3n60i1qecw%2FtaYa%2Bk%2BNQ%2FVPZLjOWXAPcpQfwAIG5aJCx%2BTM8WxMmLuK2QyXQgTz7n6ZRfbOYsR4NAJPh50xWdcL1I%2Bn5devAaABCnp4l8pG8xsefkBeQr9ev5XMqs1bLR5GFzBtRQzrpzyTAXXOazI%2Fk%2FavQ5r9wTK3pyNlndZFDHtLiKxZAy%2FF8xwilcCtGS5D%2FWAqxoFXX%2BeLZGgOTwq8Z6ezP6PiVGScKiO3N6V5KgG%2FZLOvJR4zGM8V7vQiOf%2FaKkICUiCQ50Y7DKTVqsu1j7NJ80RRR47eLiwc3wGsVOp20sZoJ2uRETgGVuC38BqDv1MiVPWJIZd9iB%2FE6nDT24MVS%2BLcbHHFgoWhKCHv%2BvbzTji9x7fI9Ad%2BiDQ66az1OGnKZtUWNS5nspfKye2wi7%2BulgffgzGtyP8ilYbVUTsaq9SOGrf6U4rOy19xX6LLaJ8tsdbmZUBbZnnM2ewpF%2BsgSFIQwY0JuiZvD6imHthk4lGmTSfSg9ReVhFaeZQzHFY4lvQ7Zgbza%2BTQ%2BJti8EQaxGonuOZ7d8PdqdKsKhMm5VD3DeKN2Zqyzjv%2FKDLVE6o8D3HPn0T5n5JOvBuCzOTDPzIFhbTO%2FU590gOqgzZhrIGzOT0gtBlNAup5tFFdcfSAKyH%2BOnpkjkxzKxxGrQgjgMj8nnLAQGvOcmMG4U6WwDRsWE6mbs7ZyDTu%2F%2FTtoR1jxU0Uju6O05YKxeFfjV1x%2BtN7153MN5QVpOP2Bm8CYgZcytkCLXXCH5Q22hiCIXhnnX%2FgXPG9JMVdFGR%2Fwls4klbSpUEWfgO%2FaHzDhhA3Eit92%2B1vIfGrneuziQzqjSzIh8FDIj%2FfLQ5gBr5xhL8xjiHEU8Otx4w%2FHC7AHCeGRfr4x2D1z58K7wtqxLJAUw%2FxNALwByraNMk1vChvXZ3kT8qZc4INFPpLkjzqCLp6CTh8P%2BQDRk9m4suXQ%2FQRYbfLnfby7qrSIQs1b2m4jDK7Uu%2FGU6biFitVT1boW5MerHRYWoyW6TZCqEhLuJFxI7aJeWdiQLZKjdvR5viawyNPuIvCFGiQQP9HXsc9xdGHKDenVZcjeU3fB6hVwygi50RotWgxtyQgm6QcrwbuDcDIWVZhxSuYKLtXQaYZ5RhefWGZFhaTm0b4IAvmhah6EWnkSn0LeWbvGG358IQC9%2B%2FiI7kbcrgq1i793IcnjsIlncb2yxMSdOs26%2B03s155yM2Hr68FzV45wXMERW2YdZWLVa2Ivacpecz292HZWdkkuYha0tNJxxEyvUKlWiavwPOXg5B1lcBrQc4XPP6Qw1nsR5tjc9YwScRqnNBYX%2Ffw0lVcnKwLAp3l4891egcuZqk4OI3z9yIwLNcNeoIAkGCOCYAfkXPXhWQ%2BpakRFKg3tinaW6%2FHZzXXM2%2BKADE8g42u5MoeP11PLsHVR6zVNDZx82tVRYQP4Ak5%2F9n%2BW9xy9N2jzAC8pc%2FGSBF0UhmcR8%2BhVRMpGayc%2FiPs4fKo1fIKRs8CRlMi9JqaDzOm3ghR8Ypo%2BSh6qf2XSOaDTbbIUBF74Gtvj%2B0fTQTSBe%2BfprbzdXYt6hZQPr5SgNrC1CR4RLjd%2F4hJZcvfPYMCh3oGudm8HD8zm%2FydBg5a9t7Kq3Qad9qvsYtuLmJfV%2FoN3fH3%2F2OBwlPOsPg28V4L1u9C7FfX4emY2b3LJzlyavpcVtycAfFAcdbSxswA9elFSzzOTJ7VWF%2BOZ9XkAgk4TAoR2uXgAqUoTzgmewwrccdDA7cLq7hTabG67sM54DZvHQF8d7om1QGWPK4Z%2Fx%2FfKgq5hoZeDLPk6e%2B2%2BuawgCvmKgheiiHHkwSzX4BKVIwa8u1vhWFYz7pIsde7FyrXMMz7kvG5tDQ99TEUrv2K1qUtIb1n3JRM4i0D3oBzTsjlC1neEvCvTl%2FtMrzzJpPGRQrlucxlIXkkQftDgnCvd%2Fb1aMZHo5Y3vaGEzhUgefu2DCCtsgvV49j8oVF736GSksc1%2BmBkwdQ578UGQERN9T2bdCW3pLrspMu6O5kYqDmQW6t7PYXCWPvolFyYtmqED47bWKB%2BbbuGkIrbn2qE6r%2F33YqUUBBoyAF8GJbw5%2FH2DUDgFMwyEbVY4gLd1dZwZZikUJeu5T%2FfO2qHzLStD%2B7bmVv%2BJJsVFHfRWN86OTWRqslfSZpeS34sXwg3GP6qC4t0m0S4ZAue4dhviSfjeWj8YDuoI%2BsRMdgkqWPr89P8ffDa9JnszetFGpdIHkfGSw%2FlEdAzeq2TyShD8DoyfF0FD6IxcN9tMwKzNFFo9cCDFQUE4FG8xx%2Bz9R3rN0WFtPDgID%2BxRn2m2LaDvSwOsavCBc1f6d5pIkiCEk3FlIOLmZxmcJ5zC3EJZ%2Firr3G7NmG68bUCFFPktk0sftXpsPoxcrk6YRpLhBu6KYrSHosWilmkpvMLBLIv6KwSSRfOiAJGKzyMpEDPaxzW20XrLdQljrJKaeRMtlS0ASif%2BEkC0agj%2FDjiYwUblzGKkkCGAx2kaxWbfuDZLRPHRcsvrd%2FRs2LwLggnDu0oXnI7Je7oFDbsgJ1kHSikkTPBPM16mDnn%2B29O68HlnaQg6LvFQjbNVEDWgehnkJDb4yiFEnVbbMhlNpmwKAmMbyS3kKEI0gHTfeDpWVVq6lebYTzrFQrXaPvr8%2BCySjCivgD6L%2FJmCTC1om0ujjuNhwv6EwBzFPSgiH8hRDOCehp8fzgfCRTKwC%2BMcSES0r%2BRlkZaKA0vw9LNEvekcLzzOSjF5aYEbkvekMR65fpmj%2B1rQKqFdymwBVQdqz%2BFf%2FUoSF4%2BQpxbA%2FW7C15kd8Rub473R5O%2F43ah9HxU1VTVKaV7hvWCwVgNv%2B%2Fi7YvqSqjIO33WHoBYsdZSGmnNAxd7vJN22sMAnHMtDmnG335hliIxOnq02lnFqVTBBlwpS9i5yibBb%2BAMQs6mSOn28LwHcGXXBVIWkShRcBdrBnNu7QmbCheiAyHELxwSyMoD0n1L5u5TqIf3tvQEoTWCB%2F7Iz65L%2FjP%2BIn254QpCiRc%2BpZB3rwnf6QldEKeEHwQx1rsYHyrxx5sZqyf6hf7NtplkJc1%2BClOUhnrKMhGr15ZkwUKHqp7FCvzjlLten5tZpOzOZwouNrs%2FAdZfxkVYtWZr9Tb5jUgFRlCTwRyNAJt5irFRTzBjjskoytXpMP5V6ABdv23QFLXYgE425QAqmhBn1k2t4MGzPp4FIDtV4CF41ySif6whKX%2Bm9nj1A0eOJUzXsG0QsGysswWLdK5d48ixexvQWG5eGTsmeN%2BXAAdsyLlW5%2Fj7pE%2FCvKuIKlrNSX6s%2FHhmm9H7d8ttIuwetFbKrGtxsEOmk0WtRbmhairaJW1Eev14ppLp2UD1VdEYCepP6UJu8SsKz6q6IE5ECC2Ln4gFi8f0eeS0r9oUF%2BBWiLyQJc1VmBYCNq32PvpEoTslNxpyzkWsl2hZqzjCMT2gJGK6TaDKJEj3YK%2BbL3q%2Bii6idyBGOej789qDfc0jlXFBmkogRC03jJJVT2WpltvlJ6jTlRY%2B3qV%2Fg6fHPHHtF4flBgl79P2d%2BJy%2BmgZwoODKItmnK%2FmHHWs%2BKIP9D6Fhc63MID3b6rE51IClselDn0EsqmbMqiMZFVYTjN6r3voEtIllsCJyetZ0ZJMW0ChpQXzf%2FZN8GZnW2O1Krzi9ipcy2DoPjbYyKEG0auGSGS9MVguVHaCVdptCkH8jThdE9TmzYfMwU7QOobcb0eoSxIMettB2BN9Cillnc0VF7mqkGCIaqrNF95u23XjfiB9hngGXwQXHgA9ZJUIj44kr15AJWqvOWRkhfRyzaBCD5U%2Baot%2BJ9btPvUbXRgRyzZX%2BBwzR6%2BwDPWehxxgINbEld0jp6VYSqq%2BmVOdAEbQvo3aT5XkEzMiaeUs2210olMDyTd6U%2FCh1eA%2BlCHngH9qNKovc8ShM8S78j%2FPSeA2N%2F9TeGM5xRCRkjSAr09iKGTMV0hX3boihY4nYKfoIF7TwnB1l8kXAlSTsy1OosXNl38S3DoW19W%2FWsx6SsQEptMNlCbnkVmRmPx7EEyxmNUZQZVBphts23xQBZ9n8nkxdGLVS%2BMHsOihGmegvRK%2Bc6I1h%2FRHNEMrLa0wKFymMh0x1oDuxlApkNdG8oQTmDyWQJyYJ9M11dbC7R%2F7Ac80rmofOJ97m4yxCFTh4nXIyVX5%2BeCmGSxh6qw4OHclTA7WPQG3QBPZjkutvSsa2ZgR8jqh%2BBUg%2B2YK6JTw79dObrqzWoQejISevtLXTVeDOMLo3NgXJ9e6XG8axMpSoYo%2BUiw3NGU9KKEFMdG64LtnLMK6NilIkCQOuNqgBEbkHhBvPdMGXforIKgg4l3TdB%2FLUo9azSBoJD695Nybm%2BLfDqCK1LTHoplr5lwcQZqkEuB%2BLQmXYzH4q%2BjLh%2B4Q%2BSwhCivCmqbEzQ%2B3jHqvbMwBRnrWbSaGwtuqbzsnfB6dei0WgDLCQ2sA7Z%2BrKDMNPzacxI6NN7CKcVhBaZHWlSa%2BUnT%2F82VC2UAFkVlRg49TW1sUr%2BbdI%2BKa14ZEWzbKlzaGuJlwWzisEhzX3pAe8wcZEtZQ9HV9EqtvZyfPGltv7knyL3NIqESeCc%2FyUmHVzhtkMWcP1dg0Lc2XfTLXBqwKqxfczj%2FdIMT6Be5OeRvKvIW8un%2FlpHs3x1Jxd7%2BiAukX6J7xrKWYOIRZjTvarIgNLjx1RsUahjpGu6jC%2B0rbnXpkxKOnl9%2Fbjjv9uDXrxogurEn5xi6qSfapFwbvgZSSnr9QUne2uen8sQSYiW2v6MXRQeTSmrRkPeiqVL1UtETOuHDDIH2Z%2BicHPmLNDFNUnZDyCwvRRKzecsOIukY2Yrn0vsc9nvjv51EV%2B3WGkyMfcKFrcPlra%2F8GFFbwEhppuPa7DE%2FsyGrRPDYVALOnBWa%2B%2BCWQPF3nVTqz56QxESmGrp7aRqhpuRdCioXDb3HnwWHRfL8pXLAS8mLXCixnMHY76XKKeZx7zlC5WzhdX0l0MTSe6zBxkAQHI5bZHFmO%2Fw0PVNz1yRCtWXiDhEgUgvWH%2FBNo1BK%2BTL2HMHPIXEBGClPZsXNUJnYN6O1emjPIXoGe021vvLoq5Lg%2BLvlLSqBkfSJ13qRnpL5ISWyE8bvxUT8Sp8PrEkznbW1Y%2FA8DJ4bYKmEsJCwO35eH1%2F17Rb55YrL%2FfjM1%2BQrdWu0qbWFMtUavy2AxKWLbhgc78ZxysSbZpijTpPSiWQ6%2BfW424wltS7LkIj%2FLLEQvudE9NeVFasytMHzyuEgLPQW6fNVS3fWiUpXtTQVxOXscagqz3zg5nAcWhDvF5DEekeBmj0PJ1Ru2AiCzKkoFV8cudych19uHUzUWQv0uAWOsI9wSrZiBbr6%2ByTP9ciJ%2FGtegElfnX5po%2BcbaturTxLCV1hXMT6UETYLJ2GT6%2BGZN%2B%2B6Pc%2F%2BoDGUd5s5fxT5D2cOhu89tYQjIv%2BaeP8KEVC0q6ErGkivrSfRXqz54DDgM3DvOIlNZDVLznG9WWyiphvTRLyTrhoVpjizEDdaL0XUjO%2BYKkxJv8Q%2FhrHtgz943l9fK4fZ5ZqsQT2HcYlTrhlpgYxTDeJxgSLBCwlZsfZpTqcbQ9zotD8mnz18jumVGxeXNxIhYlhA4XNk8POC0rd9bPwgV8ap3pJhGJ0Oh8taJQa%2BbBil46k4iem3xuZhhyK8ZEr99Bjk96OUnbpuqeZ7Rr2SgkJn3zpMvg1KwiJTzn%2BDOLIKATxx8BnuGfztVp0%2B%2BU4TW3tWgy%2Bk90%2F%2Bn2p9e2c9tNVkmD7pn9nLhgsw7pXNMoaRepx5ZOKxWHj4NQZcWcUcwoRHl5I8CCEjiYPubOR98pMEGtXw%2Fen4B%2FvZmdK0%2B8b8rA%2FIIydGfmUHxePtzk0RXg6nXUb86gfkUq6z0x36%2FRnJVglkFfDDhnQb9lke0LXltuAcZEwgGCMsMqkOzB1Kx9Faog0GlFHz2fzMO8XZTXwslHon%2F8ryk5Mr3TX2V3wQMerocL7Evp5r9N7oV7W631m5NVGe9JN15sJ9pRraTDU7%2FpVDn1QuMQM%2B%2B6FRIAPTvqjot8XLzi46DI0GFRueqvW60QFfX%2FAxBdCQr1VkNY%2Bbx4cL%2FX1ZGv%2BxJK78LzA60qS%2BbUcLsvQ%2FPYL7%2BU%2F1UwSmOspPKLEARfE1s6xbmHSJ7AyPRDSNRHPeF3%2FmQn6WZur%2Fx74GTZpdcPFoNjInl4GA3CYaDAM0vvcsosURR4NR2%2FrmdpKGUgnxMbda2h6peUu%2F6ooi03b4xPbB8YnY%2FVkg5jZmFpX9Ugj8UulFXX%2Bd8sqfmIh05HwayvPHgAFnozK9MwWHCwJmrXpJ9h0YePpRdac5fz59Iuoi19lIdl4ablYZrkvicYB0ob0a9Lpnj6y4NsiGgSB%2BHOoeWNWfn4WQnoBctJfkIhB6QXw3e0%2Fn%2B4X1VaYi90dztx92Frn10Mv%2FiAFYzpXS28%2BcYFGzwfxVDQMvuE62T4tUuwFu%2FR511qmE5XiHIZODvsG180JimHOYps%2FPufBTpzAsbZG2lNfzCYm6SwVTE%2BaRWPDV8bfHaLpbY6eY5ug0nVjCl7ziqXwS0tYgDkKOOFK9IIlH5zIid3ydyzL5pVcJeXBiwF3yLFDnxsh9GDIHKII9LvDRMLvr0%2Fi6V2WBf9SKFc0as9qF58wFz5IHXHnFkjbmwGbWoSbIg3vQKQa%2BUCfrORNnySEajPUkVNObuBICvZZKmnvuoDk2WKkstI43QPkwyUVEGfgP73XytAx%2FFmhQhJFhsuFFYxUKNIBV8Qp6fwrBYeoo15OWHeSo9IIkoxRvOn3fsCFaiQm50TZIJTnJyK3Y7U0ZE%2BHq%2FS750sYsDwv1jWYv%2Fj1zOIiQ5nI85T9QyD6%2BMBUuzPmCcLPOSmnrkMVKPiWSCQAtSbeNRLRrPWd%2FbIdTpBUNvSATU4SqtNg0U%2BbTO1AP0%2Fz1EBYe0%2BgDXom5I2yLx0LTwBuvEGfSGTabe%2F8QTXj9cL1flAXT5%2FIWA7GkEAJSNaGtkO1WsDmnRfnMEbvqr7y%2FVvflfNiDVz8xRyZbAejd%2FyAbdSMf637sOgbXHB6GmvjkiwkND91XHh11RD273lNXifoos4qgAlioPPb6TnC4pg7bVY%2FLCaaIq4MWI9XZ3Kr1qRU5bhy0iIDYpg30yeuw89WbkFTkRL%2B2Xy3JI10AiGK1MUxZhxSmGfboAUEIq44aY8ZGHooCX14g301DASAUEpHDiEH%2Bc47t4zmOrFJoMuz2deUqlLERrxy%2BSIQejeHCSgQQmACrl2uTCMrqng1fXho1NSkn6pBnZoNO5C3eVF8d6gQDeIXsa2okl8M8I2jgPr8H5XvqUYEYQCEkW0xj%2B%2BUzB40lyDT0qNS08yDBquuGPCSS3Zulxuo5j9Oen1F9dupbcGv7ZeN0BLUkxUYiMU35x6Fs5C2Sz%2FaHiE57Vtbusw2AY9aRU%2Ba9DEbieV%2BkzL%2B7KzExzQCqjSB9d5H4vxSmVpx2OLSGWtzo9CPtqPuWic7S0nTBgJ5Nw3oto5jqJzGNbX2cUGic3oKEhB6goOLSUpXg7Y16YUMa2aTCCbXmeZIdk%2FgrCv6wvsWf6U7gI4g0b9ZGaeGkNuVnB04klekKrUIfv%2FDMIcQQNp6%2BMPeOD3NVNibBf%2F7y91RLhluRYeBghMwhxgtAo4UZilUO1pQib7IO%2FhBRBX8r2NMWIChQgqXyhFWcHL4PP%2FJkDAVu%2BZ68ysGXTOFzDIAQAKjzK3mtTqEWy9MQQCwKmr8aBtVtF1i23C2D2CuMjVeD650%2Bh0ehuN%2Byd%2B%2FsANScUAByxDll0XniP4Q9sFnaavWIQLtMAUoHHe77xV3%2B1QOcCl4F0wOKjZtqmTLgDmKEE8944cs6FFbDZzGHfWAcWyjk%2FX1zew5fYjELa6zSl5uhUv4N9kLMDmXcwfwt1BON0iu2MUCdONUy9CyQDxor5SRtPulfrQDvKpTz4UIf%2FTN%2BdT%2F%2FtZcEpFD3Y3WOiNUMnfnFjYCQAC%2Ffljnqplg%2FqlUKoFzm9Tk1LM2vscBr1Y5X5qv6SaRtDjs0so%2BsfKJT6CHdtxtCkBfrXWRXVwi0ii26zvKy6ADFzZG47O%2F9HUqt15r6K5rk7bpwboJLYMfMrF3tbLrpEU1oNGHmgTLILq4IZ0vzEtCjwAN3fvbh%2FRyN50wEsdD7C7mljLlqsxQl6CO3zkVx0sR2yTeWYxkUSK6pQZ2fTSpdEd8uPqGBk7W9amHVnGPQzWA%2B06fwQORwOZVcdv8ygE%2Bwy2im6YU3RMIBBB%2FYrPmcd8YPuLLvQGUHPt0RDYbTfI4fhIVrlhrZEvgYeHtOYFJsk0ynym0N%2BYU1q8KB05yt3XM4P%2BHzDeNfc04vaT8aJ40HbSwrEJZ1eAb7%2Bhq4386akU4jRdfuLak%2FojpQP5f4yyfWLb8cAX5aUkafWagw3TxGDaOA37KiitaEZgS%2FqsTVLlnTZi4bTd4sKIAK0mEy6efnEs2KCF1TRSFM4vMhZtgbMkLNAkPfRxg1eRJfFE%2BnESX9aFgwPJhafhwLPA9MRWVf62M41apd3WHpgnvuSnB7H2LE1DXuXWYwYRfUn3ALYPDmf6IXW6UDCG4YVUzp1dQoCu3SynJZFp0geEOFbY9mCQJN03JKdMDthKxzIu8RFvQjotdOi51%2FnulVgQW0VVnacM3n0rQ9%2BPJuh6In2xD99mFyJiDQ7e2nACgMF5uCcqwgDO3c60DRAgLptWlRdmQDfTydMjlxWC8U4fubMmZIx8HhOUia8oCu37cjkqhpazPPsWPekyNcN2hTDCcxJ72e8E63coZ6jWtHe3DGrHjwOw7xdsSEFbcA4XakV4emmHc1cDjH6MB4Yb%2Bs%2F0LFy0C1VgkqvfZhksnPMoh%2FiUDJvH9wF6xfCz20f9dLDBe4FwJfDTHEdRc5ZxCVMEUnSMhFiQyeiNbLDIhgguS1vJ9WbD0hyBeB4g54T7hK2Ql4cBMCcS%2F0ggUXIDH%2Bxixa2Kkwi12rsHh%2B%2BKoMe5FFpkMk8MkP8XDzD46nq4c%2B2QUi5zmBE9ocI%2Ftp7jOBZZC7wwgQDkFaETjfU7t%2FJQnjPoXZTZgDvYS7eMz3SOgfcG7Q1akz1kbU9QYMgNnXrY5jenhUQNQqFHTZoMfZFeG1C%2Fp8o7388ZOMsiBggUyQ%2FZSCKzPP5aUhHfinl9K0PixQqoFNkNFmS1U8kqixNKq80QxgfkgrogUbuLMzWKaePrDnGAumQ%2BQnTH7S9T2Hv%2FgbxbXwMFbyzZ3GTdus9dWoKz3BzQFSxOzmBq%2FIXOX3GcIeQogibLidhAtVmQMvH8FRN4ZRhwEctVRxF6L6Odr63cgQQQWln9lz3FhXeTGfh%2B0Zt3JWr4DrUW%2BSOpzi1aV4wi1qH%2BxS9uwrf7sErwa4EKOhgy%2F05rbHyiJlmitrZIqe04Wd4mNTa3T0merN9Z%2FXFe%2BPSZvfO%2FvVL4%2Bm9VMVU8EMkvjd2aXPZBeTnj76iarOrzFnsli%2FLQbERlnr94QBk9Vacmnrg57WnDWriGYe8A4SrQ%2BkDoSkT5Osdf0XY%2Byb1tHkdN5BCnDJO6Mcerq3Fgtp%2F17pHNa%2BLSibqKqbkinY52yyEevF70Uz5tfUD7JGEEAJSkXUHf3yExClaJLiuuza4ky5RgwhiFoum0C%2BeaozJ3xG2wJn2c2qD6PJCABPvw1HPKidl%2FZI64u3qez%2Fzqx4Qm47LQzwFM4zxywXWMfVRMUwISOp7OD7JjZlaw%2FddvX3%2B8DDRGX2X0suDR81aQJr4EVULxUirYNmQ97o6CpoIiTUT6oP%2BB9gXgRggTzU8lBjJDYg31QXzsITFo64r445c5p9emeOP47dPvgskO14Lo7hDDi0wg55wOvkzZOgEeHM8MwThLBdbe7B%2BkmI9aAWoYEIvishhDr28JlGmDO7hB913AJYw0oU98TDKk%2BoBraza%2Fo0P6UO8GZkPf77sOZCY4ju0ySm3rP7ah4AAF7CCFj94g%2F7OrD66I8dkMjw%2FYJKvhpilPVn6Ukyl6U%2F9CzUX59O1eZVSzcvfv22CsuyS%2BOuyViPWiCoydZZG70lHkMi3i6hbp8MopEoSc7E2DgxNMVrUcJnBC9ujNc1pLQQXvsoAgdPelDnq7AfVJ9Dh2Dwl5rDuBO%2BUWunotEpBZ0IQzVMXQxZQDahZS0690ibzvYH4yJh9KYL60J2Bn9qGtUBo0TfzQwL29sFi9jz131i8b6PBuNP70wlgxNPJGyt0iaXkAO6k%2BHHsa108oUqGUgFBh%2BCWxtw4bTIgD%2F%2FbGFT1vtzpQ51ND0R1H0ys5RR5eOzDWLOyzPP2MfDUz9G4GAekkCU4pCv4cZEZ6k1nUoYzxJoD2vfkir4flNt7Yc2Zfs3NBNytFfS%2B1erFnYekhZG6JSdiuWFspcEsxHAFafAu6AIwYVKXUzAnP9DfqBpTYp1z3ibtzJ%2F%2Fx2UjQDlrF3yc4VYHYeWXOa2lJDchSeDVI6alE5rJtaykHyC%2Bj3vettzs9Wi0JKKYf6gfumpIi6lf0h8qW39WaMLXVvQWcJxWUXf7gvkoGmeJmYv6biR7E8TdhnnOtbH5uGyzGH%2F7XyLLF6sCDuwTiEdkuORlaMgBFBErCnH3oRPlCVqvYaiuCjTsos0ZcwtQVt5B94WaJBwsr5lmkOhIeNnARIIw1pJ%2B6BPhB2wj8zVFjPnHAI5aZrWMijjCTYn%2BNfes7%2Bls%2B%2Fhc9PZkv2%2FRAG6u48AeadNe0rAhxJEtS8WrafYuTOVddfSAaqejkHq%2FaO4c25NTZSdssuiS%2Fdo%2FQxlGucg5vkw6wkL40j%2FPJ%2B279JGEVju1wuz9gDKKnOhuAUFBGkOPM%2FbAcRGr1CU%2FY2Y7%2BTLublrmQ9ki1MtxZnqF3o8Y8Ps8pDN5ipu62w4L7vWvn3h7Lgvi8i3x6KbMe%2FOsO6lGmp0gK3r%2BJDzWnDFJ1Dvt8o%2FqpC5pEmcstH3eyow8ZEiO2Lsm2B%2B7ZwX1XjTvA1CH47hYDxX3%2FIo2YsZ6qhZOXdIUWYtmP3jMzoXd6NB%2BYFRUD4Lyda994BheSaUoEBSAM170k3E4IKs01CarnGi12gf6pewx8TJVPvboKRYYn26OLYrxstG2su635nLYjE%2FqMS%2FENgCLG8xWgjNbrbhsxEfe2bfB9vFrtqTRoUV3fm22ECFRRuC0V%2BbYpQ36Wq8G%2BNna7Qyd6Xaxx2kYr3faj2VG86YZvp7I1LP%2BwxU1S4ymnnMuVngInwNOgxq36KneKDEBKBv8GHH8fiEG6OlZR47T0BhS%2Bh49fKg1Opt%2FrT1l1peoSJ79cw5I9jhVNVoKSNzNcGsysou3yXIs0YWzjUz%2ByVL%2BEsfXtH44P6zbKKyvoOmIjPp3d%2FbUojRXd7hVAI%2FwaI0sHktZeeDX4pJnffUc2pf4W9t0IlP9ismuwEekJzlnN82%2FVFYtCoXFE582q6%2F3jHajwHWZeQqkMoO4EmxCNsObZe8oeyj6bdSa3qKooZ4pMHgHtzCuzSqsQVVv8W%2B9baUdPWFoGba%2BmmV%2FRYE3EWJlHWTrPzKhbOAMFhH%2FQ%2FXTq%2Bco1WKoS66BSb3mqAXwFHQftZjH7ynZoxR0dADwrHhzic8o4OVP2BVXlzkxGt6XWkDbKQZPPdsfV8nJhJo2zrwxIfKfGem6%2FkpWx9kUmJPUsuB9gIGliNWr7DJPIyi85depH6xbZ%2B%2FXpzsIFTq8Ft8WOpgcXbVtYUmI82cwixY6RG76eKZ8R2b2J5%2BLrt6Rq9iu%2FcPGQQEKRdKxUsXKdHwamGZoc6oOKS4awowNfRzrCdkvPnfxqgEUFtmq%2B%2BE8mgkXhvRVZxZ4431WRyoftya%2FpASWg%2FILyUeOumej5nKs06c6lNABwpjJvyLr5bIJse1vA4xlDTMsELNxebChWzvE%2Fdjpl45YQa3WJS98WayRXPY0qNfh2eKWDFr%2FKZscvE3%2Fj6FE29LX2iJylF2A7yadBDWVljLnoAj6ogSqf%2FHSw6mEWGxbadIubgWT70KrEqdFWqe%2FP6hc%2FR%2B7Nqdc8cBYl%2BSL3VMN%2Fyzcz%2BnFFpmORn4gHK0n3ru800v0Kg5t8YsdxBZhdLrVY3XcSEA6AVkBU%2FsPEQtUkACqcvjDuv4bEgrovq4uH0kRfLOpz%2F1VY8BzKbB97063LomenN1Zk0nY5ywOqjKqnsQn7Gd1cEYOm0%2B863%2FCbXKrK2yGu1mYtwaNBNUzS0kUKFfR2BgsCTu8%2F79LTnbSzeZgY86Jp%2FzNc%2FDmhvy%2BI%2Bl2sacZjZPDyLgXhFj66VtFg%2F7tjCpnlfQpAksuxlMwkeb2mzLXmIMB6XoUxQOOUXgN%2F6Ged8QdjCrKx8eBTWJdqMdSlpSjA2p9A1GLHhQ%2BOYdbPQOcF%2FSOpSL31SXzydZv8dXRytWBZCVyzhsPdzL5g8vKLqTfTnBekadOe6xP7e4zZfcSUsT2BGu4q754ggqrF3G8iVs27wQffknwUOW%2BYM9KwOxh3RQ21yjbQ%2FWS3LQaVqp0z5EcOp6fVt33nZjRk8Q84ZpJ5Rp9UH7vvS5zigBzTbFKB7qluH8uwGvVOPO4hfjbCducLBg8yaWOWAWrLj4wWPjMZhZMu7U01gISmXSFPf3DXmPAPvyGPkBvEtxvoSkmZQm397p%2BBVZiqnwJrQ4e2KY%2BhulHCXZuBVe0%2BQI6T%2FKlVihZSoNYAMdBWalV5VR7mJaMvtySdcynres%2FFNMIKytlwp7zF4Z87mlNZhW8Ld5QxER%2BRD1AGJF8ty6UQ8Mv3tzev9fuP0GW2wF4xrNu4%2Bz%2B8soZzEvAnAM0TohhwZ9o%2F7u7yg99d4jJzBgZrw42irgFnGG1XZcsmQ9m1vi74BnRA8Zixo62L2Q7QwLeEuwwqsLqOxMGYAEPzE2gQW0%2BMxG8QNbjMD5XKBQb5qgq9OQXEeR9yXGZ%2F2%2F7ZTNZNTJ%2BnrLiQsqO0FlQ6vDP%2FnzhNMV0pzRJfK0uYHp2NxWe%2ByT3P8FblGq0OoLPE3Ms%2Frz3XN3Z7LE2jxgOjVGp6PMlb4N6JFL1oRUl%2BCBuEC69lgBf9fU4BwYU4VPzM4mwU%2FiBYvg1b2Jln%2FnNgc2xQLKLRDi7aeKJe%2FrMQyKVF5%2BTlx7QIYfsHhyflRODRe24ZY2bNfsYinCEBCI48muMlFQg51TBx2SnEAA3SOrrAWxlq0z6duQwTaX8iOJRkUnORdozu9MtJwh0%2BbHKxHII0yZXNpMHe5wqER0fOu7FnRe2v1ZFL7EtXmWHzSEl%2BYCE0itsJyEdCdGty%2BDQG%2BXIwX4odyF2GS12h9WRYuIi9O7%2BLbuJH9aUMXxO5B648yOsSntjZdkD3bSC5haZbU25Wp8CNrM4McZsXG%2FweK%2BaKG4pydV9bh%2Bv696ggqAQ2F%2B9PE66PfD%2Fv5UJSWgkEXYoOhn3OK1tOgGIj75vPn1eXjx4a9O%2FzFeNDia2UQriP%2BEyvJbWQ590mwF5vTAIcVOyvwSqjk3Q9eXUlNKIdrEuKADqoPZ2yG3W9STUuEBPBMQIAYUpY8OcW6HUIso8cFnsOzOa%2Bc%2F8b19ycJ8hWEt535M0hwQryxarzK0uifWTx3Q187dGNzZIfmcpSlsctaHHFvYp7o5vcqM10MAhuftsJhj28pij%2BzfKt89AZmPe3SUEgBhZ8KMfrl%2BTZ5E27nCPnZReA6ghSyW%2FpaOyT3ZIowR%2F8K1xVCCuHKkUwnpPNLwMQrbrHAwu34su6LLvAc36Z7093SWW43wiq1Xst7pTMQ1UsW0nSB5AILjXILSHcP2FRX8hLm9ZScxQ3Inxss5PvcvwBWwQWRuMLp92ph1%2BqaiZedKlYhMbWl1DlajKMmnzkXZJFm1QXoSXZXTa5B5UXo2N0od9g5CmQ%2BPy50h0Sgptsq%2BfYWfrJMTQufWMhhMNI3pAVnD0lAMp6y96cmE8SeFTr2xLLw975iDaCvckYXYnDcp7WFCUTM4vnwDWwNXtrWws7AZIygE5uSf67VKSjnsZ40pXEHSActLktzq%2BasPjIbmvVdrnzMaKckIfzV%2FFKYmnf931q27y%2BOBJiKhujvbUxWfwUVUS8OBeG5AYEdmX%2BkgizbFtT1cNrRt01XXutDKtnY0ry5IKe2sRftoGGSSwnToHMzMHcnlL2XLafOyutmfL7A73MXkz4IyRFBy373QTCdHg6x0XXXmdGJvkHs7vxy6qHdmdGw%2FyAI44uHTqxBC1Keoc1cVESIKWhVmg%2F2vHkiof2AyDPu2vwXIuIcIjg6X6aHoZekR0%2Bn7ZUwZsVf7BjhN2UW0kNeAdtfl4iR3Rar3n5s3Gkp3g7pnqT3VJR%2FW7ZeOBOzwtno3nioayS4zP3YrQd4UpsgwCNHSoaG8sRsV4fDolvh3zwaxLp8WGRhobnl1b7DCqNaGJw7LViTnGs%2FoHscfinnllk8HDRuWcpj5Q9I55aQ6Grli9UUGzB4UlzsvFi%2BcV5nq345xiPRegGsdpQ3r%2BEXKeyt1eTQYmhKlaqqy64X9kiSBg%2Fl89GvdFFEr3QyH%2Fvf7gryU5D3frocEq2RT76GB6tBGXLhlGY6KG5WYkcgv9%2FnwQetGkDxJL%2BFMDhPvgHWPAiizsZyKc8f5mG7Bq8YtshcgozkDr2xwPMROhr8VEd6hH8BqtOlb4OY0%2B6H16%2BYl6esEvsDlTaoPUFJ4xEJTNFtxtRfxDXyihyBO39yDcWTuAVms1yXLrt9IzMz5LQEnKLZWaQtZuE1HZml3DCAe7S95QFrnIGu7P3ffDaiMAmLFAVkjOAR0QF9dw7sT0TfkoVLusXpCy0bmUD67kXajbC3JPc0Hb9V%2FqVj4HDZhxX2jwDj7WI4UOb%2FWyPmUAq8v%2FXE%2BeHpNiiU6vnyZnsnOTFbVdwZo0vF6ziIKpGAE5GuwN8aODQ38VLuC9G%2FfQm8d1uXYbAIw74SBTjuhtg3V7Lc9TJRFCc81RFzZug39%2FFzC0r0Ccg%2F1nqGQmZjho84jEdV0Gd7RLAaVVos6OMNghjOj86uVEqp6946z0tMdkNv93iboouAxY2IWTqRUzOmA0F0B1qY4avLnLdvcVV%2FFOJLIZCZL4zk%2B2q%2BxTR6F%2Bqq71rdJm9U6uk%2BHWJFvKmscCzmtnDokPdmKPYx2Mm4BCp00REsizye0geOu2FAtU8B3RzjAiljGgei1zske350BKcWfbFEtKJ21TBDkAxTdr64ZHWN5yvIs%2FVFhyD3mT7i2w2%2Fq7rVDn7SZdsdjbMvw4yRM1TX4ZrkkUh%2F4QQl0si%2BOXsKT0zhHuPMkTHO9gh3u2Y%2BBqUov9E8omxZVhb9Gq7it5aw3lTySmPjt%2Blw5By8pF%2BAZJOOq79Sruq9IR9Pia2OLr%2BXT64%2B2hjYIkn702EBPJ6V5Hyay1wp0N7hz8fOAIz7aurqSSgQ56%2BlfGgnEo0VQ4f8olocs3bKZT7T6BStbo73x9Pdqr7w7N7hPz4SlOhysvFF9PWBaq%2FeRCNoZvFC74lNmUwnaEJhyxMshb39MsUbAHO06gJ2OmSBrUkhPfU5S%2BrKIX3MJ0SVvjU3V7dgbovhRM0YINLjOP0LMNNY4G5e3y4IFq6Rxzy%2Bm%2BJJKOL%2Boc3cZ7PWEZO3FnAZjIscz045WsTRwwfHByETuFubflvUdAkDzfmV2fLahRtvGUjGXnmCnObob5do4jtKuYtsAxLFOqQj6e%2FOTCnVNj6ABU0oPHtuqUaC1TBhDHYq8Bz9aV6%2BBVDDKKxYVCCS9lDAAU3b8ibUQ9E9Mdhp7cZGcYzb40RU2Q%2FyCsHYzMUU6GZbIx3fFEB4WBG2aQ5mjhbPVi5XRJjfdT9erpKRULvpiUqGTVuXgay9VlFR5U0GMtp7ysOcX%2FsemccGt83TCQS%2FkOlGmyowxTkd3vzYfgCnN81cngtZisHsxt1slwnXB%2BeyqlgFgvaG34YnVhKy8SA9usOm8HCPw%2BGmsXqyoSDmzO%2FnCQAnYupVOR2wMk7DxN3E3rJGLhlpcKtuqcbRNBBJyliBfPtMEKr3GEqpYeSpP5wItAPk8wSxRkyDnlWUqLHzdesAIR32nevkMcirt2tAU2YiuNqnSiukMLtCH1g23LwzM9yaYt6Me%2B3be7ulpvdx5iJpWnBDY4xYeVnFUSjR8TeBDYqnr8t259BK0UsF%2BPkMPcZCWnRCLohnqT6OQD12nhDKvpOSGKifPKt9jFUpT%2BgGw21zYs6i29H8f2%2BGvKmk6F7qUVJt1dPWujGuwIma7WyWwah2d%2BFDy6Chn9lb%2FsB8hTq9XffSrr5nHVFOpG8D%2B%2B4Te5li3UBi8NBgWWx3ug%2F8ewlSzLhLqiuE%2BBtnFZ%2BQoILFWxrFYFftpZboS4eWyGQfTXjLRibr%2F9wVayzZ791ZIUcxxAEL3m5YKTLBaoah3xCc7g1O6G0BZMuOX5PJrmcY6WCl%2FzmtLS2ssxbpfsmO7VY4a2YaLhTQXIU%2BKYQsq1T2jK5kfk9j273zTeLmO4ftXxCpB3nWGoq%2BPWbG%2ByGsfpHKY6XulF7HpIa%2BxS5xcNVUnPgNzThpLjJh0Ky0jWHR2692MHsYFmRKv6BGBPXYTC1neU8NqIYNSRE1zCd0jkopRWdgeisHlTM0yXVrD7BIBCFoxgBV17EwX%2FnWtrDLZ1evoxrCL2cBlR5q%2Fh7uzXSGHNOutbLZCXmHiI%2F%2BEqwS7NX5QLgaqmJ13WJ7Fy44t77fg4loHLowvgWvmpc%2FiRC0E1MLkw4KcH2rsSAL1kpSIOT4R39qZ%2FFVTNLe5BCEtLDu0o%2BH0J0F6ibw4QQU7uBIxeKrhHdWMNNNNn%2BIkZhBQZBNRUhHx3TqPP98pP6fMLKevO%2FD2NPko%2BuUJeKmF5bVaFUxkce1wOp8cV5%2BADAvvimKa5qKNPqOTyOrHGE9cEa2fGWPE36fpxB3%2FUazmSJ1GSYhY0FdaMPwKdwXVoyTvgts6QMDybdGJTb9UnSmQ1aanyu3mGSqX9LlCfbBb4pKQ7FjK5Sid9sUsijF%2BbvJCZTJUD%2BrfljQidSsGT4JlsXA8Fhz1U58xZr4eXogLQo%2BjYgO6FjLvgYEiQ9W5o7nB28k9RNmMYq65gfdzrl7fWpTTHbU5PzF%2Fwi2VsvWo%2B4X1T6eSozGPG64EL8kugblHAhx%2FVuFhrPlmMrm6NJ7NAlQL9ZTW81MURy5gluj4EoKvIVgFb298EVOe10drww5DXskHKregCQ7Ak%2FRbgHIiPn6RwCjlEiNjQrwIPqNPfDysnhJN9vRixYdWq2rWmnxnfRjRNwGo%2FDpygpzPGAdERMW9ystFe6TAVUpXfX2tPbuwgXhM74zZLnL74Xn%2BvzordFLfP2PVa4uNYZKWASxPKsBcLnCFUG86wJlzamJ10Ut8xW4SHxWW6TCYxRBaJSIYatcOBLr77U6JN03g28bBnMFiBqenoc3AgghOv5Uy7%2B8Ssb9%2FMW42R06FTOn%2BWNjgQA4OBQPdlc9Illk%2B3PGOlylg3zvicqK9%2FMZ3HVEeNsO1WOcbOQU4r1yVcn19dZQgllquO7iXjp9AHPVOE5ToiqSD66kHkrhIoe%2BjMCPGYKDRWFb7%2FFrCvTllhEMr%2BhrOQa61xhkhdfBvAe2UKHNxQHH9bF4Qb9XWWJZLarOgAew4%2FPvZVUVHnvN0D4EaU5HVG4HLTY7XvFfQ9B38sebPLnV4uuyl7YzcRPiohqDA8ILvBCQIB3%2Fh8buZgIeaWhz6b16MXSWgFhCaQ3Gii%2FgmsplaNvFQWCgR9XvVBIId0z1v%2FcF8NNTlzNTEJyND2g%2FSVzi3uw8GRn%2BT4JE2FU8YKL9wvT791XZt3mGDGQur9B57UrVgLr2eDzRHmmxUhSfeiO7hXEfrmXaq1vgyKpJhaLJrUGWlVxmfIUbip4HrHafa9Gh%2BZpf3EaOTMCQ6gqdwW1IHGzMnR9nQNCH9TwY7lSTPYuVs2R2lMhXXb9tKX%2BdqrzIa3wbj9nvL4GQgV5YWkJtPc1m9dhjSJHKw%2FJprMc3RaVhsZXtn4aHhGASfkir9aObwi3TSDmk04ctTKgHSJKxRHucHNsOPqpnEpeyLydsU%2F0ujUkPnN5ME2UF7C6ky%2B7GRLM69X2Tm95aX8y5N7DZD9pr8Z3uzZ%2BbQ8JlzKBys5bekyghfM1WM5Nr44shX%2BgsX9vIWT6GbiMw0JmeM9NB8DaHPBm9midwPzPsqr4oV4vIEP36KHQWFLNvOzLNjQeOi08fTSwY7auXsluns5RjcrV3CxuEsS1Gq2RDptNrxU4xIs0eqbzLqvyM%2FgN0WsiUCBQtxO%2B%2BWKlJ4kQF33ugAdnzD7QA%2Bm98zuo0bJlTs9CyajMJhWZbpXbXyT8FbOxcm7DWQLLxBJcUm9xqNTarR0cS1Wr4lNGa2ROBvstq7tfRFzvyCUY7td1wx%2FB%2FhYEeWFPW0pr%2F6PMwgAz2RQJjExirCLFIKkU%2FtqQpwV4alzN%2BNfF3JA9zl48WN3peluXuMp1rRYxfAoviW7EgHrKoYiJwhC4rLmCo8YgxXDGUQBZDUJU9q3ga74pZ8nGyL4PrivimduygMrGbjP%2BAoj8YiSpQiUegkxhs6VpwsoW4kDL2U48zQdVFQy9fbv%2BAEB2cWAzVIrphI41BraaGHCpKuWArfW%2B8WfZzWZOyJsM%2BHxJoj4jrDBfjtE82e7Vyge%2FABsz%2F3afD9E1xSOoVWYdjlZctTQnedui%2BQsGuFhcFIy7SbBYTXk9Pwmr%2BfgpBgq18EVyecqjMz7jXypxcgwKJaMS1SmZd0tkCg7hObsar6zkmloRAGFB5fUytO%2FbFxoz0QofNFBGbz1N29axE1iiKL81Xh6zRaQyD%2BPkoYqoL1ICdX024DgzhMuUckFMsiicGSiZE484R5wEQgkTKILSsNGJ5IwakLCkIvEmFOi5ArBy5e5g2zrKCzvujGfpZBiZw46ET%2FWD9rzj3v%2FRnSKj%2FrGJHiqkuacE8ur0Sk8YtLZ%2BuNV71eyHW3dBGkoGylSB8Lx5QcIct5cboCYkUxZwUADk%2BlPR9qBLrDR75NWMcT7YfAckDAUeCgaqtaTf8IlxTOsr0f69%2BT%2FuZ0cda1TLQCJB2VxmSgmn7LKDyxpFTG8Q5Z6YqUDxx6P9wF0mGfDiCmMeNEOcP%2F%2B2Kb4a3EGl%2Bce0DoC%2FI39PYEhL4eGmFBeyddPeefdTewxuzDBPdRZEskOOa3jJer6LeV%2B5gYdmJeCnfI1k6AsOw6txIkivojeF2kPOu4XFY6VkdvLv1llzgUWbwvxKtjvOod5TUkm5TmzwhquO%2Fnpqmpjk%2FEzTiM71C5hFq48Jiuo7JW6PtOpnghZPwlFH6ddwK8cRgsfVlHCx3A6lVzC%2FOasfliggDZYC6tkjcie7ITI4NGfxM2t%2FXCaS0z5Hc9mKf%2FYjw6y%2Fatm%2BOZ5zXppIyhm8%2B6omYsJW5b7K0Jrr2Nj7Hf%2FQWcgZ3dWk1Q87j6vXf%2BqmZya5rkBDM%2BBVdVMukKyJkOopOTbUfYWKIKXm3Mg50J3K8sUWmc4ddbyo%2BKuVnm0lEDKoRtjcdN1BjwsLxZ339acKNlntLxMyJXJ3X2%2FXKc2effhGXulWN%2BnDjPsrBVcu1LKkBDUIpTFiNcA1eZcmp57Pn5Z2bnfOLAtgoGBZ%2BTXGDRo1tWFsgnyOGWsF9Qzj8zEcHg0UnGSTii2105qfajKfHEw%2FxT7gs4fnpXuyYAvk%2FobbDjFi0t%2BTqe385UWuDThgmiys0NMBn5MssZzI6M0QNwJ4DmblIZ%2Fh3eqWASwaAMQIX69zG2sZS%2B3ftIkScT4k262zG%2FIV9uEIqGX7GMla1SEbFrEX2pi6F5OwjFhRRBQU241cr%2BeTXQ7WQj84kitP8wolLzGucRQl8D7HUsGXcsp3i17vxmf7ZaN3hOpukWudhyB5PjJsDy95xL9RAf7bSGFLZdsiVU8zNfrHIWQJa%2BNrLEM9%2FU%2FsSqVRRXjz%2Fn7vfU5X4OxaKbmomix%2Fg0n%2BbUc%2FyBvxwwNF2Lpa32%2F14XMZ3e9) ;\\0\0 \0IDATx^\t\\\_\"M)\nT\n&\MФ%$@  -\" E)bA(\"6@Ai\<wn&\n\\&\g\\ݝ\7wfg\\-9D\p#           7\\\-jndʦH#^{\5)[\i\0	\0	\0	\0	\0	\0	\0	\0	\0	\ȑC(@&\!\0\alHHHHHHHHHm(@\r%\"\\0\y\\HHHHHHHHH=(@#[!L!@\"S0         7\0\l2\0\\"\~HHHHHHHHH2JDF	x\D 26\"        \T/ʼyiӦ裏Z;\\7l\P>\#y\gS|ȵk\dɒ%r\\9r<òv\ZT$$$ȱc\Rtq\=H>}@^rt\\Iƍ\'cƌqjǏ\\K*U䩧Ν;K||.\\XڶmjO?ԬYSw\.+Vvf;},^X^v\%888\Cq\\\W^~I>\\ڵ\ʕK\\q>\W1*U*Ei\rԩSe\\֭\ɓGΝ;\';v;v84\Z\Zz۹ĚXz\\;\\/d\֭\睘(E\{N\3gN\e͚5m\6ٷo\jժRvm\СԨQC\㎴\\o޼)w\˗/K-\lD	\0	\0	\0	\0	\0	\0	\0	\0	H3lf#\蛚\\\9\\\0_rE\"\"\"dРAjժ\\\{\\\\\0ѣGe\OJJR3\\\WcKK\0W-\",YR5w\~\0a2\Hrf\z\'O*\>D3f8%@\\f+ 9Z\\\\eڴi+.](= J\ \L2E\\Lӥ}!͊+ \F\"-BHHHHHHHHH[)@\3jQ\"((HE*\st<x\	\ի+WNy/]T·\w\U<r\έ<a8ޒ^xA{\wʲe\d\޽j_[AD{C@Ԇ\\-#GH\?\1ü\`\0֑\\\;Q(]:h\ĉg\\_\\08t萊lx\gy\Q\$\a,o_G\ً		Q\\O&L6G[8\"IM\cÜ~\7e@\cA޻뮻T$	\\\?D/ Bb\ܹx۵b7\\sD2el`]hQ\Z\\ƍ՚\\9\x\n\,_|\6m\ȓO>\\kUC <\0	\0	\0	\0	\0	\0	\0	\0	\0	d4[4^#EP\֭P]\0bѣG; [kx\ka)&N(;w3g\n\\ǏW\0^c3\0\P\rN\W_\>0h m)0\gyFB*\˧   \"Fj-\\rǣF7n(oaÆ)cNdTH-v~\~t\޳M|7o^\c9Hgχ9bFGt\\\2D\֭r\_Z)\.ڱ p\)=\"g j\\_FHd\s\#ȬYPL#F\I\T\&	\0	\0	\0	\0	\0	\0	\0	\0	7HS\b|̞\0\ MZf:\r`y\\rV\ѠA`\t=\Gd\0ț6mRFwi׮|\g*Oq\$A@E\\U !\Z\7G@@XA\r\_]+΀YXw\x\O4It_\\o-\|L<Yy}\n[n\\wߩ\"QfͤZjY\jO \Q	\	?Dq@x0`h\r\5\9s\\r+ZA\\/,e˖Ui\0NFF\Zy\<A,B\$A0X|\ZOTT|1}\0aFJcC\֭S<aϥVZJ@\\'\LG\\\'|\\'Ƈ\n0._XH4Z\P5O fvN\aBDsĆsc!\\Ĩc!r\\rT?\-\Z%L\\rMHHHHHHHHHN	\i\锐\\OU\0!`\t=x:\PtSQ\2j\(	\0O>]^|E\ܑ	\E;<;V}n[\\Z\\?\/ Vl߾]\VA\r4R0\"b^zI+T\B\n}}Z0nð6\\_\"\n\Z7nA7CDBQ\}\)s)\)t	\0ѤIeǆP\0\y\3gΨ4K .؊D#y\\K+	\\\nG-U\\P\\\/T\\\ \\T[V\h\g.\\\rA\r\z\AºĆ\%HM\c\X\\\>S%ἢ\\\\F\\Z!        )Aڨ\n\(\\6ȵ׺ `ݲe2\/\T^]*Wk@S\g|\|\a\mѢ\9VFJ*	\\\\Pe$0!d \0\\ ``F?0\n\=f\\Ё\Z7oV5(u\\'s0\0\0\H\4|pm\\Z`4\,aPGŋWE\Z\"\EQ\\j\u\0#9\N\"\9p#0CPb\	`AtZ\\S>D\np}`x\Zr&@@@\n1\'\\\ \`;\?#sh\ZΆmDjƅ(,\\\\OG\6-@ Z\48\吒\\L\p\HHHHHHHHH<A*@\۷Oz\iM+c\\\0R\C[=\\0\\"\G\|\5\0\0\0\\iw`ǆ<fBƱ(ܥKe@\E\޶m[e\\?\\\\rC7\0v\h>pڄYFa\AZ#1.=\A\\ZHI{n:\n\`?\a 0?+:D\h&\;ŭ1_D9 0W&k-gϞU``Gei\ԩ*\  >ƈB\\TL:!\ m\Ἓgà,8_:1׀a\KM\Z@#\'b8\\\ZXk\00/\TZT\vXm\rG\1\\\[h\vC\\RS(GE)@x\\6IHHHHHHHHU@Nzx#jFn|||*\\\0D\l\0S\\\߯\\\cPF\Z*5\\\yx\cm۶)C*s*\08#]\x\\\*\\\}\{>\`\ڃ\Zu1/st\\00nԓ\0-+\"0F;\"֮]1F\n\c\o\?\"Νwީ޶|pn\/\k\\z\F\!\v\0	0\0GD)@x1ut%m/\$hè~\*\it*.Ev\\6ݓf\>\\\Z3\b8\`L8׈\\y!\\	C9\\nc\M\Ū{\F!\\(@E\0	\0	\0	\0	\0	\0	\0	\0	\0	*\0FtsL\\UF_\`\iHG\"QH\\<\Qڷ\\p\\ҥK\OhFZ	ؐ&	\\0\0\\\|m \Zbccj\M\u\.\\\Ei>HuTHqA0o>`\+^\\\\\w\\Uwh\\\Q\n&\Q\@(	V娏\ќ1zJm?5nx\T@qOD@\\Bz$2݌\\\p\#,py\ \l\03cIHHHHHHHHU@Zxjc\E!4 ^cGf6\\I&\vF0\ZAÆ\r*\03Fqm\\b\	@\Z#\q$@h=0\\\8\Q_\\2*@؎\KZ\1\\(@خԀ\;lH5\ZD@\@\'\=.@ >\͛\\4x	\0	\0	\0	\0	\0	\0	\0	\0	\0	d\Z\0h\\h#\\\?o޼js~{F\r:u\8^Y\0#-J*ֺBT#G\\W_Ua\@$m7[Y@7v\0{^Μ\n:\\Q3-\\\Cߞ@\\c\ +\" 	  \(ԢJ\c\x\	\҃a.	RkL2*\\6\IdRamhxѢEYj܇HHHHHHHHHU@}x/^\\``xEj\\n\%@ eS˖-Pt9귷\`FJ*t8HI\r`\\f1\\\3\u\\%@hc=\m7\n\\\:\0qH`BlD~\(J/ K\B\8\h\HG\ eʔ).`}P\\\\#\PxM6\ol\c\V&\6\"\\J/\MO\n&q\\\PÂ	\0	\0	\0	\0	\0	\0	\0	\0	\0	x;\0\+\f\\Z\ѭ\7\'#._\n?oݺU}\"/B\\\\OM@!\\\HeTFǶ^ݰ&\AL\Q\_xQ%\,@h1	\5%О\m\ZgNxj\٫a\GAgW\s\0B\;\s[S\\\ņ\ׯ[S\Z-X@\\\J޵klܸQ\\p\0\n\y6\B\ȑ#O>2u\Tao\U\\W_}0D\cd\#<R\\"ά5\C$@$@$@$@$@$@$@$@$@YE \0a\H7\\'T6[lQkc<R1\\"\x̘1\R\rg\J\Νw6ZD׊@\nŊoV	\"H\'4}tU\Za\\k\\b\R@݊9s\(:\0L\0(^A&3Q\0q\\j.RT\r:T\\x+\98q:w=zP:DP\>0\rkC\ڵkQbԨQ*rB\|r\"K\\ĝO1\A!rD@v\\%>\\`7\\\T\oh֬j\\'P\\\ݻwH}*\\\?Tkk\j~(\Nu\nLL\Z\JOƃ7<yNKV\0\/	\0	\0	\0	\0	\0	\0	\0	\0	\0	8K*@\^~ee׵6\n\o`*j\0\`\i\\\\\|ZNcn;	\D0\ v\y!\Z MTɒ%0!Ŵ\ݛB1f\4\q\_\\"#``Xb``G\"0WZU\1/1NQx\lveZ\0K\~衇Tz-\Rs8q\"\?\nD\s_Æ\r\\ZB[\\|\HBW\ \\\0\E1\0Ϡӄٮ!Sp,6=_DH\\\&B H\k\0MHHPuPp>p,\".<^#U\5Ahg\6\\\g^\n\\nݺ9{ms?         \RV\\r6(.`g͚e 9s*\0aЅ\0\06G2	\0\:c`^LN:%oJ!s\=\(V\"\\=^DI b\ҥ\\e\\Y5 `>v옪Ɂ\0m\*F(|lose\\0Ab3\_\6Ƈ\Z.B̨bxhc\\\{\)aų\\bHK@ضm\\jN\3[FwpflJh7m\T{N>>!Dԭ[W	r\cBmgt\\N	D=\"-tl=vH/\"$.\\IHHHHHHHHH\0c2\0\0;\\ii>~2VÃ\v1\ZYN5\	}ÇW j	\0	\0	\0	\0	\0	\0	\0	\0	\0	\n5 	j\*\!^\H5SF\r~*v;}\6Ge˖*(@ʒ\8\0\"M~\#\"`\0	\0	\0	\0	\0	\0	\0	\0	\0	pX\W&q@v&L(@\\\HHHHHHHHHHPű\~@\r\͛\\9a         \&@·\G	Hv^䫯\Ƴ\\HHHHHHHHH+\n\\r^>O\0uW}Q	p$@$@$@$@$@$@$@$@$@Gs\\\Rxq\?PB>0bHHHHHHHHHR\nmڴ! /!\7\\3\<#,q$@$@$@$@$@$@$@$@$@$>Vb\ڵ\;{\0	x@͚5U7         EL\gc&          /\'@\\OG$@$@$@$@$@$@$@$@$@$@H/5HHHHHHHHHH\0/?A	\0	\0	\0	\0	\0	\0	\0	\0	\0	\0	\"\nx\8f          r qx$@$@$@$@$@$@$@$@$@$@$\(@\Y\IHHHHHHHHHH\	\0\"\\\#\0W<__\\\;G$\0\LO ph[g\!\t\&9\\4cS!0nU	^\\s0{\\\W\'|\9$)We\f\\^=F.c\l!\\\X#<\o\\{N5\\\p$$@\A\Q=\YD\rrg}R\)D-E\$IZ8E;\gɳu \4g.H~Axb\\l\ \0mݧ\\D\f7~oFs7\\\\\L͹7nȨ%k}Bx\sjwohoڪ\2\s \d\\\\'\\q8\n \\"\(ϝw|\\0H\rgɇEv\=wk\\\\g\$@&/i=\CDn7rD\0Ѧ\\Rx\!9\\\n\0w\.? eJ7ו\:Zw\>$nܔ\o\0r?]\\}\7\\\'j\ <]Ƴ\p\s{V~\\\xyqN$@$@\\j\/\0s\Ni\*H\9-w\\ewyw̬_R\ސ(\r6\\\\$@\"#\S=oa\\\DkD@g\\\Mn\L\0c|F`7-j5# 2\\\\\R~\s?^}3	@Zw\C\\-\]\\Dpp|y\i>aakQփH\\n\\$1{7\K hS0e\\NkAujH\, M/K&a[.V$䑒\*X\GI2qm\뮯GJCd\\\BPɕ;OZ\̒\c7~)Q&B\"K_::\0\:I\Z\5 4n )g\wv^\1\0/~v^\s_NH>|GM\\!k\lЏXq\E@ԫWOn>\\52\kn\$\\d\޽6IGL-EC\8\\\!@<-e \{k\e\\\2zJ\ xjt	_Z\/W^\nY6}(\KM!9s\/?: \Z?\\;)Fr\\+SGͣ\0a <\\z\j\\Aُ\0\0 \0IDAT\Iak\ny}\'ɕn\\\J{jWcM\Ȯ5+NVR OA\n𥾑 Y8\3\_|G~V\\\}Rw\\m\=\:j\H k	X\\aO\nu\\ז.\\	!!!\EqXA/GJoJBBB\^\H!|ALdG\"@F\3ʫ<-Qh{h,\Z/Er\Q\'m\$(%\V/>N\\Zזf\Z&ƨ\\\siq\?$\ޔ\nz>Gu\\>\\Uznd˧&k̲\֬ICZF2r\n)P(PNw\\ƿ\A\\'#\VH@w\!\뿛7$\\" ^\,_l \n\Mi/M{{ǯ\猵\/\\'t\\-/\\!~3㞨n$ ,&`\\ip}\\ր\Rb$5\0\L\\])z]\>ZY\,^\"]\G\N6\hZ]xd\r)e\'\LZcvĎ,[ފSZ\rg6ih\}Yf\,WƵTKk|\0^d \+jhY\0\\+\/\\\q+``WȼQ\:ǵҠMG\w\7r|}蠺6\/WGg\|l\QLz]\\\\rܧq\\"iSy}l~3V\\r\"S\`?\\~fv\\W\n\\0?{gx#f»k2]HJ\MBL\nݟ:\D6\0ፗ\\\p5q$@\&,@\\Z9\U\Β;@N-_=\\\H\H\0_\UT\ ^W\qT)IzcE\Y:9\\R\\*5w׬Hz͜(f,W1ݩ;\ޔކ2s\~Tuϟɽ:ʡ\;\\\<a\0\\/1r\JuS ^]CJ+bZ,CD\\\3S\\\R }\O\ޡ\#\k:5kW.\\aա\%˕Wׅu>n\ZS\~\\# \"s\\\]zY\\nS׈\并!ǩ\\ƽ~\\\\ޟ\1~wݟ\R0_\5 ѱQ})T e\*o\\\Z\\\-\\}\+\zgW\\K/w\\լ4NHiE\1\	\0\!|\0Xt93\>\c|Z\'I\\)\_\\\']Y<H 	!rOG	߀\Zx|%Qf\e \`\?w\T2O\\lU-welMA#k9Ӷ;\0\N\oD\5LƌVFW2VV\6-\P\Kۂͻ`@\n&/\pҫR[_p?jl\r\vtz6z]{E\ B\Z5y\U\ԓ[8\^\LN\\\\"g\W\NI<\3/I %p\0nK\\\Z\Al{w\\w\\n.\"M/I|#\l(K\\\'\\s\{kV\֥$f@9]vDh+yAC>Daed]6Qxo0I\ߵW%n\ ӏdԢ\\Z!\!\R\\D\\\\%\yL\yDtDh\^/S-Q0\ZmW~o\Ƶֱ>Yč	Saz\\CQ$7\0\\\RxQ\'\<\5f\GxZ\ۄdJ\\\w^޷|L\\b\P\P1մAD\ @L\\^8/\gD@4/\ϛݳO\\~\\\=\\\\3\'|\"..ΈH \T^\\\k7p\F@Wfddznxrr#\r\^TP\qv\͗ʠ\\^\kB:Mj%@\n\\Zj?\g\n\ߵkW$y\?=(pCnS!2<Pa([\)#-\\Ϫ+$C\\\\\\\Am$u[\:\\O>-&ƨ\!\Tw0\-j>V1#\n>=\Z0\ZRxe\w\\W/dϷ*\"\\\zU\\Z$!06w4\\KzO\z:\xB+h\\0\;>\8?Dv3\#3-؋\T\Ow\a\ީS0<\-ۖƩ_sy\|22F\n`%@\Kw\BZ(\B;w?,x\\%Ţ\ rQ^4\\FHd^	@V0\v\\jF?\\r))@JǑ\0	dcN\\\\\\WH\<ydr`e}a\\\\%iyAC6\ JD\\'\)\\fp=Gi\{ޕrʧ\\i}`\D hoݜh\O2Z\\m\\1J5X9(A\\֫\\o\|T[a{ZƧ\OϨ/O6\0)\" h?c.=X\sB!vt\f\#\k\kk/kODbj4\\1o\L7+A~itv^\މ5\x\\\gNҏV?N2\\\\+Ti9?\\\\3-\7n\\\Ѿa})?/D\\:O @?\'\2\%|_<\\\T\ɸ0k>ƫgM\,,\\>\tmS~C6\\^	h\~i}\8=ݸEۇ>w޳y4\\Sz\\y\vyi\oF:ڵ\\0	x\6<ߧ\ ep$\1k{%2\?c(XA\\[.>([A;v\*@B\I\%\\`\m[j\\\\0	*as\\2C\\aӈY1%B*>UCqFʧo>HF,LP\\\C\\X\\V#V\\S\o\ZRyٳ\\b	\vY!埨&3\"\yTj\<\\l\k\\oe*U\P\m.p`\\"(W!\Ë)@o\\#p%XcZ0ü~\\`f\coso\)>$@髏dh\:)w2{\\K\\9\Ǥ\\'\:\\\Xӽ`RpvUq?M\0\\\<\  \\s2w\'e\uW\r\ +[\ۻ6^2\Ok/[kZ-J,8ۿup\=L*j|\'Ȋ)\\ixt2Z9uL\n@\3\a\\|(@$ \\;*BN\\}#md\(\~H=2E\np\]\n\0H \h/*g`}\\rڰ\\F\\w߭\r\u1\Xճ\\ߑ\Jǫ*\,t\Vo6h\Z̓Km \Ƣ\V\\o\lqvrT\\\W43\\\\,\\ۥ\"\\\nYz\d3B\G/LUHQ\\\On7bÓ\S\n\\<V\ewV\k9ܸyC\0Ѷa=\'k).]8/Qc$\V\7?> Úձx)aCE`{z\t<sL\2|a\v3zC*c\\\zG$Y\T\w\\72[2|\*)Q(+KG-\F{~\☿~,`D\<hxv\\O1:z\Z!cI6o\\zﺕӷإt\\GoVG6\/T8ݩߜ\ߕ\0\gѽ;I\\\\itd\\j[\Tk\z# |\I<Ha#\\AVg\@\\\\	r\\n\v!gg?~\\nḯ\?&H\Ro9\\L\\'\/\oOM7s\♤\͘F\v<Y\\Ѥε 8IYDx\BP\\"@8\@E»>-@2	:\E;laPN/(@\H/\+3Fi>\"@A\n|`\\9\01ubk1cH|W\\]-\\\>R.ډ\ʬ\n\rxvfD\\*3\\2c|q\Pȼ\>[{\ם^\CӸ\e	#}#(F\ʝ\z]ٳSع_ྰp\`9q\#׾+k\\g͌\-ܳ\\#nI\c&ɲ#\K\w\\h\Z.!JL\Wơ\k۟y\r1,\\'R\'Q\\'A$\f\6r.>mMd)F\\Q\MǨU\YKmŞ%W\E\7\RK\suU\ 7\O*6,4n$@\C\0_^6\nq\\e7\辝\\\e|xʳz`\\\zw\/ߟOT\_S),]4bas\A剛\iDN\q%g-<9\2\o\Ij6k\s\Sސ#^U\S\o\\F|vO\\"*[\\uJ\Q=CǼ&F>j_ykU\+Κ\\\n:#<m{\\k@\\\=G\04Ļ\YZdBO\A\>\\!@ \zѼ4\Ohx\Q)]*Iן>&^ǃ:5\\i=o\|\'3oW^\\uvY3A\M9\ÆȰp\G=_2.J\_U\j|\,c1\p\9\}\َ\\~z·\\\DF@֔>xvѥ]a\\\\\kcм\RP\\=f2ogu\wo	\Ƞ\eRu\Ԑ\!n\ɚ͂f\3X*<uk-\>UD9ul\ea \\'FH\^\=}-c\z\\\\\\)K˽I@z3l#*\\\0𷮓\Y<tNSy\\\Rk\>!@(\"##\.\\FYn$@A 9\cs:?O/zFy5\0\\ZHT\ޓ\~^z8R0)\-\!\W(B\7PC(\0\\սdcM>~U.0R}\=)x`\o9R0M\i;\0QT.H#d~C䙦A\jC?ܺQf\rUF\r\=CAc\҅?q\\y\\\ʐ\nkf\D9\G2tR?UF\n&=?w\&llR\8.i:\U\r\%<\O\rs\\\Ӫ_2Ц|B=\n\\ópQv\[D-@h1\\< ^0,6	u\\9\\-3cM\ѢD\\0\\{\ZD-B\\p\\ǎ{\5{J¹EH9\FfDl%H[v*UeM\m>1fi]kQ\ΪZ ,g_\S8\lD\0_\P0\\8m\.\&^}(f5y PgXVeW\\0D1+}#\E]Iv\/\ٞ2iRFM=gbn\\\70v<ݤ\	yR\t`Ӟ|w\\y5cӞ\6)\:q=\\ nMTؼVg\\\+af\Pda~}\s\\\Z)\Ov\0m\ZK\u\rx<j\|t@F0R2U%c\\ӧRo\\r\m<t6ߛ\\\no݇v6G/\'Zԑ+=\q\v\>_g\:Έ|\\\q0EL9\!=c߅C#d)\\\q bմ\\`\}^a\\\"V\c\Q\0\\&\׎\=}# Y܇H$g\Ȅ6,5lFM {\~FV_Vj}n=\9[*:[rV\LUE\uS\\U%\rDեT\"\QT+TG\"QD>$[\\\r\\\IVq\Ĭ\M\G\n\+@X>\j\7\\H\r\>pC\$\}G)\*X\\J8i$L\n#k\'\~_~?}Jf\Tm@	5K\DEDtH\\6l\\rE\rb\\\f\?QG\O`JNNQ\\0\.2a:Z\/IXû-Pږtr\\\Q\\\1\Ht\\"`\>Zlr:4Gf$=]_n\Z$5_j+1=\!\\ߖq,\"n_qE\\i\oĕsg~\>C\\un t\\;3\n\\	\0\\\ğǺYGKM \\w\ejw\!F~2j\5j\?G\#\")Λ~\S,+F@\}&E@qË*jǆp\\\f -\n\\\\\[r\ni]\	+s4(C:1\\\<\" f\F\K\ՕU\\L39\~~\2{wʄ\bZV\bK\Ly\\RLy1\B\\u\\\̕;9TB;\?\"(`T\68\(\_vU6\FK}\\\eV.\qxpkxn\_R}\rFҮQ3\\*\,Ԥ%ڼ\\v^Tj4\r%c˷~d\\czYƢ\.<\l8l!\<VE?~:C\\\KI\v8\\I\,ٸEf\e\ó{Xh[\\N\\^r\\c2~>Pͨw\/vC\%W\<~b\\\E^\!/\BݷW3?C`xkl|{# %ʖm\\\GdL\~X<l}3&\\iC?f\;j\_l!\,6Fyb7\=\ʖ\p؟7\r \]j\r\\kY\\ˮ\rH \	X3lX\+\Fj{TF_m\S\F\D\;A.=hɕ\'6Zr\\Y46Lv@\s\x\Egd~\PcYp$\1\AY⦉Oc\n&7L3Z_\H\\@?zX\G\O{V\\ݺ\#\/\wGz>(<ʙoK[\=i\\D\\\nl\, Z \"_^f*oXR7TA:7_\/LiZp\\U紣Nqu\S\r\0R̰\>\j\rtOOCF\Vʰ\r\PD9\X2OZ\rSa̛\C;\\!o\ƭ\Ӄֹ\?r\+\\߬%sY\"\\0\ͱQMlz\\\ܥ#\"o1\8<E\n&\!PX\K\]\Z9\e\\zQ\\ưr\2jG\\Wձ\'AU\'\\שp_:w~?{\eR\\ނ\\2\_\\\\s\<Y3=Rg\Sﶦ\H\\\n\ǤT\-s+ol5?!\,g\n&9q \}ӑ\F_o ƈ5\\RlQ\z)^K(IF47w\{\jp~\(N:(C\N\YRCr2lP\\K$eR\#e\&34ۻOd\y\#\$1b\i\Io	Uaӯ\r#\2\P\@\o>IR\zBX\\\\<}r\Nyu\R\Q \^\\|{Rx\'A\0ƆĿ\\\(Hi=\n돍7C_\&֮m;\]rz|Z\gu\ry\\0^^C\6\ryWպEj\r\\^jw\#DsD@\ \\\\iƚ֗\~\\=Ey	/z}\Zf\փFhzų\ѸC\\391P쵡ǻj`kҽ|\\r뾠\",=\Cz\\\\PƩQ\HݎƾVJg\IZ\/cw?,x\\\>u\\`J_\r\\9c\[«C\"\j*\Fv~>2\H\\n)1}B\Ȟ\\F:_Zvj\'\r\}~\\\7Ǆ\O}՛5~g?\W\nY}c⠐cq\ԣX\-=\\\d\\\}#EA\\\\\6\s\?S):\\\R  0Eb\n\G\\Hj~6($\\b\'`\\B͠ѪX%w1ȉ큍\2ƃ*7\\5\\>o=ܓ\N\{WJ?^\\=N\0\0 \0IDAT\z#:\'5/|\" f\0\L	L\zNp\\"\\\Zm6gxHX\]S\\U\\\ZD;K\6\2\5ےn]Ì{\LF@\\Y\0	J@\\\\\L]:é(@&\2F7z$\$\}}J*,rz_w\\6˖SCxX\_~\Tk4Gx+!c{K/\\Z@^`]t\v|\\2\}\*E\J͗ګ\W+o\Α\r\\2g\y\09o\0w\j\"g?a\*V/\\\\ΥR\҃\\o\J\{Ko}.Hbe\;L!\\#[?q(ً:r\>2i|%QBFO	#\<\m\{@\T*\\5 ^CD*\\f7\\\-3\H}&?\P\\\\\\w3\\5v\\r[/s6HҐmʣǷ\,\\Zԕ.`\\<\x⌉RTi\ Ab\1Y\\02\X\"Pgn\jFD\[bD\u\xck@d!p\n\inh\\\0Qvm\e\FI<C@jݧ\HgZ#\sB?1ȡl\>\\o\w\ܰY\j\s\T\Ma\\!jYAӷ\\nhT]_\-\Р\\OȬҼ_To\J\;?>-zER$ȥs*\\r%Xe-[bcd\)\z<1\\\?h\H\K\ 8\\\Y\-YJ/x\pb{\r\Zo&AKmռzLr\\#`Jh;,B>ޚ(o\F[ǍvWog\n&C/a\Z9+\nӳXǹE1MT\(\CZ\"0\6W>޶ɚ\W\BI1_,K\w-u\?IJϓo%`+\\'\3_gO\Ųk\\)\\~9=W*.,@$\g\\k(\%k\|\1\\n\7en\0Ѵ)\\\w\'\\r}u\砐l\\\\\xA\j|\;\<@]f^\ɦ\M\w.\ZH \ܖ\[\NqGo L\"۷oW^|E1bD-nvD$1*S[k\Sr\'w\ę\\3F\\\yT?l\,%h\v]w\\\`n،-N\r\\\\\i5ho\~72<./\yRb\\\E\"6\\jʆA\8H)g\,F|T0`g\g{vcA\r\\m\sx*QBq5UI+Y&\'?H\T;#rc\2\[(0\ȣkW\\[P\!\*bIc|ڞ`\X\5\ߓ~1 \q\?uul\Nu>\ކHZ0ę\x\*_?\\+P#G;dѰ>ֵ\l\\'\\Z9cY\z\\#%.\\_~#\nTuA0~\\M\EUzC\\\r\ML\]dț\\c\\N_Č\Vs\\n_cݸqCbWFDu@L\Ԣ\Օߡ\0\\\\\<\u\0\Kfks2\g\JF@dk!\8#\w[XL\亢\\>-@[N(IIIj֪UKfΜ)mڤz \˚-\0	 R\d5\0s\\3]9VkE${_\51f\\/\f}\2\=\\=e\WF\ 	\Z4Zy&\\\\vN.\\)\\dv\ϯ<\rOp#\"C}f`~\ܰ\XkDI\X;\Bހ>@U4\'@@pТ k\0jmEZA!=q>7\W\\\\/\\cFJ%\	\mÒ\H\nzO0vn\\ E\\fKm\|\ϣYsG\_cz\\\϶}7=-9\0\r\sm`\\f\,@@\2{&ܙ9[B}7X[\ǪZ3\\Z|/	\\Id\Af{af^\\'~3# <M=[\.o\' ;ܞ(@d\닳\"\|Gu6P\]ƽr_GQÖ-[Aj\޽[5kUfl\h \yduG\-xbӆ2\\nCԖ\he=y!\\n\\n=,eV~?+y\Wmhs\\3\@ɶ\rVOt\kn)Ǭ*Q\\5\ܰ_\\0D\\\"ܣ-$I\\Z/b\s\n\kYW\[%I	2o@qjc\\Ij}\Xl{(#~(%@\Zj4{vc̆q-\\ֶ|\̉J@_ \m\z\\\\}\+TXRgE\ٽ|dp9\ٟ\\kU\޴\h\6\\!@7\8su\\\\R\v\~zs\\\\Yp_\\?\n\\D\\\VqK9\-!$=$\'>P\"\zV}`܁.ct,\wo\\F\-\sg~Nz\nzo\\'\˕W\\\o\2կuBTS+\"\,cbe+6̜dm|gRm\"-\\]X/~\Ǫun\\#7ej߈hT\\),\?W\\g\ی\Зg>!mh\\b\y\2\\\/L$\	$\\͂\Ÿ!ÆOF@\\tI={@`3g!\7\H\0\Qj\Y=x+m\\\^\H#s\k\\E7}=!8\zkB{{jh\'\fm-@\{ݸOVSo7̜(~=##\W.+\'\\3g=y\\"@D\KGɯߝٽi0yI+YaԀ\ax\\,ܧHg3e]i\/\\0_\\#d\F#%\ BԸ\>7+We\Up\^%=Ο:fmv97a.?|~\:J\y6\8 \\\?<\%<Ѩ\L}S\\^\E@\`\=*N6\2R0\rPDy\d\fv3_	nKRc:w\Z߈@C\\IZG@`\1ǂv\\H]y\{\.{\/Bxض6\\g\!@|\{\5w΋Dƿ\<N%͟ȪΧ\0U\\/	wԠж\qKnxƨO\nAAAR\\96mݥ?l\09y$&&z\0	\X*(=G\\Z\0`Ty\e}O\\\P_L\0|cD\\}\\FT=\\\mZ\Z\<\ܫ<xmg*w\\\anX @\uK\H5\\\6>*z P6\oy~\>cٰW\~r@Ʒw۱0 \\\"\-*M[a\<r`C\\Ejh+m^\={\l\8\`7\;T\\kԪo\\7^\F\%hWF\\75?\\1{\/ewhC\\\\-\DSu~劬4\"SZ#\Qj=N\v\*%_~\q3d\\A\JΉCd|\z)\\kKG\\;<V\y`V\ʕ3&ʉC\	Ԕ@c\TM\8\"Xzݾs떃FJ<y\\"\'$˕W\\bw[q\Qr\\\q\[\Z%,QG(>>ZUqBI+\\`FI\Z\\U(Bݰ^ɟ\Nbu\h<,\f# \\ٽg\Z\";\\riA# \I\H2L 9\wr0]vE\rwq͛B{\\'0\0\t}\]H\jOZ}\kzM.ᬸH\\H2L P$\[)϶\h\\^\VգWFMp`x\@j\iR|m\io\sϱuG\ \Ԩ&%ޛ\oSTKRt|h\>!R\Z\pnUD\01^	0?\ʒ\'\=>K!.+ZǶ\|F\g\ߖO\"\\q\e\5\r%\\)lz<VLس|\\\"p\\)[WD\@\fI\g\YZBU\łBe]y,za<m3mPk~OGzض#\g	Լ09\g)\X걪)Ƈ5n\\^_\X\#/\C\L\)W<\x-S0\+ݯ\\k@8>\Qc_]v,	\\\\T\\\<.J]\"s\ѽ;%r32Ժ~r{R4`JӿG\?N\=ߗ\nO=c\O\阏ݚ.\\Z>Jirr\r7 D_qkkLA{}ko\.\P\2\aoV\x[CpQ\0\\cƸH\c*Cn\-l\nh\\;F_x{reh\'f\Ʊvx\\"Ɏ\ZЏx\\\"@G\]$\aސ ^\\"=\0a\\nH\^]C\yFD\\i\(\/n\0h)	^1\\\\\Z\\ui47Qzvh>?Oc\yݼqC\\ՖyA\'\0\<\o\.\\D\\r\\xv\ޡ5\,$Z\\Z\\		/H+\wZ1\Ƣ\s=i6⥺耹\T\aGڿdI\4h֣qumB%׮^\\a\b;{sw\\nU\\ñ@v\'\\\A\#\j\x9\&2UYS\'if\\׮\\d\m|d\oJ\߿\˼~ip\`\իW5-M4\=H\ОM\vY\ڨt1\*(wW\T\Ư\/ @<[\))QHB5ŏ҄!ײ\u\!\Q3Ol~8mI\'\\e\\\s׿|aI쭆K\ˮ\\^ w@ě>\"@<Lyi\\\\\3k\(<w\:CY\v)8\n/\\\UL\Ǘ!N$\@ZDZ\\	(Rn\\'j\隡?Z~Ok}-d\Z\_\$թ\DA#<PcQڎC{xmN\Ǹ\?*:=s\Li\&jݺu2p\@UTRi7~N$T!;\n\lsFK|X.]h 7Y\ \nR|m֞\\i\i\\\\\'G@\\i\\׆, bZ߈_\k`\*^\\Y2p>\\]\S\\\Ed5#  \#k\Z\\\R\\˪!\"P\&-\\?N(=\dìIܫ\%@a\<wl-\cWkZ՛S5BQkTAbJ\m\P\@#\\QozUZK\0ٵ4N$\\\4\Z\7\x\\\\\Z>Q^=y\eĈ.)S\\\e\޽.σH<C\0_B\PB\3k\]&E\\$۱شs7\Zz@\ t=\\F\\G\\o^7@<sl:W\%GA$@\\h:=X6\˼] U^&/>sJ-M\\7\0uʕ3&ʺ\2v\>)Hs\\C\AT-HE\\SF={\\~\g}Q\. Py *m\\e+Z\@zƨ\GٳgˢE_uv\޽0@*Wvx0	\\E\!\\\Z\\t\[h	D\\O\Z\\K\\]~1\'Q^i\^l\\ @,]Itp{\\lE\f[5 ɝ\\۶\\"ր\qd>` \DCQ\K\=\?\">߻S\ ᩚıH&-\\\G\\ᏤJm\\"ĕV\ġt\4$\\\"ܓ5\H4\T\Aʼq\DY?=\:w\\ٓ\'dN\[\*\z=\Z\]\^/@d\ZeW$@L\0_=fu{\.?\n\ٝ!@<%Ř\\)PP\11\/|m8\zHto`\\\\qw_\"glU~KJΜ9e\;/^-[ȶm\d֬Y\(\͛7嫯8YӃ\c\'()@duI$@\'{_%@,LڙVS*!\\E\C`\$ߪ<VLr\Σj}yG\\'fN\$\\Kdӌ	\0q<T=y\\\	jM[I\\dn\`)\\\xէ=\Z\"r\l5I\OP\h;|:\a\\4s|u\\\>Mnj=:7\XoHt\\9\ر\رC^zɌ3$]s[rt\\\z\|j??^ʔ)\ǍH\{b錑\\x[ao\\'\3՞bpi\\\\\5 \$\\\ܫhR!v;\7o\rp\\\r>y\\E/e\\#GHBB-ZԣF\ҥK&VCʘ1c\ۄ\\\\\o!+VuF\\o߾s\NYb:M۽;Rp/OF$@\B\0> \\\>\` :(~\\\\E>߷SFoPSP\Z\a\4~3H\W\\e\̉*\ah6)@LhUOE?<R}Oϴ\nVc-\rx\{K\K\ރ\X~MZƆ6\n\{T>\F\\E2\"\8B\(<\߿?\\"[|NGWE\n.-HB\0_\:\" \i6hx,Z/LY~\	짳ԭ*!\+z#/\៫ץќD\\>\\%,\	Ao޸)\\m^\˖Ǉsg\WW\\]Vbcc\رc2p\@\Z]\t\\4h(Q\\c\\x\~N\.\\͛KE*\:\\'@+H\'\\{\Z\{n\ի&{V,\r\cuJ\9\$o\0kgNĨgKR\B;2\߼\ q rF\\AB\n\'K\hG8J>~{$]R0\rGq\/q\\g9K%\.6\\3ɞؠ J\\nGbCRR%Qef\=\j4j\H(:)	;\P{\'xB=L\>\վ=x\}6MGhq\\\o&O?tŗ\y\sV$6|Ab.\\0)\&~W3\"\\=!p\?d\2?ygv\>YH\0\\g\\uz\!Dzy~_\n\1\L#s#J\+3ǖY\\/믧C	\0	dO\nv=\"{RqϬ\2\\\\0\j׮\Q<PAH-|\,^\\_\"\"\"B\n\rlHd>\\J\e\ܹ\^2\ t>|X!\gzh20\~\\ի\\1n$@\r`,a\n&\!J\04q}\\u\x\\=y\'Lέ\4;7\2sl!@\r)|IGt\O\W\\M$@\(3jQCe\5\n\^Cz/\ns\\\n\\\\F_h1aȐ!)D\Ǐ+1cΜ9*>\\_TN	eA\gZJzp\\9eqC\\)@Ϲ֙R\3\q+\ZQyĈl\2R\m\tʕ++\.8t\\uރ>({\Q\'^}Uy\e\\RR%ۭ~\:Gc;u\L4I֯_/\W\05p\B߃\=L0AE\\\\.\֭W^yE\ظqcNt\\\e\ĉs\n\\>L}~k׮ߨ0@c@\=~::&o޼,7QqG )nmJ\ra*\"w:y,d\	h@$sl-\F2\\n.\,iB)i	ض\n)b*ʕ\\>uEs\0\0 \0IDAT$\%}f޽֣~J\W \{ϼ)@xϹ\HH@\\Sg!-m\;*Ő nݺ%K.3g\rQ\\nMk\Nr\έ\"\{q\\_R\Z5JW\\\nAj\B\n)\;\S\\?dѢER`Aߙ?\\>Ο?\PP\/T\C|d͚5jӧOW\m?t\\Yq\Ʋw\^%n\-Z؝OZ\pN\0\|\*! \G \g6KmķWp\Z\r\Z8]<\Q\roDFFZj-,3$=\\TO\\L\'\0\$\< 25{. \|\h(@\YϚ93s\\\L\:-~\PE	\B\0_ݳg\*~&M`;7nߒDoC\\V\0g5￫\cNt\=ȴi\T\sbÆ\r\ӧ5R\\/Jx\޽U@\" \a[\k\o\C$@$@ٍ\0nal,1\R|\\\'\	﹒\\qm\̙3)\4t\SLrDZ)B\\Q\\v\\|H %\n\\Jy\7\9\}$,B\\\*HFH\t\\5D3oJD\\7\\\"u\Ա\MꫯT4*b	-\\2)888E\ô~B(YdI\n\\\g\\ŋHe\\?~\\\1ΝE\E$@$@ً@\0TKZrtܛ^!J&jԨC/\:K]\\\\/؁~.-\Z3`\\\vt.QgP\\0\0\\bn\\\ِ= .\0=\3o\n\s.H(@8wI@9s脫W\ P\\\۲nݺ*%\;;VI\ٳ>|X՛0;\6{\\n\Xv,^X\~Vn\}\c\1ΝE݋)\s\$@ٛ\0\[\ɎJܺeW\\Kb8\8# \\\HH \0%\\\ЏI\\+\;	P\\\G\3s\'\S\F\"ߜ	N_0ң3\=`p\t\\MF*%۱\\?\\.V:p\B\\bD\޽Ha n\\OՊ@*\\rY\\[oI||\{ｷ۵kt\\EF\	\ںuJ5h\ߩLi\\Y߽X\\=gN$	h\"\`kQ\\\n<xCD^	\0	(@p%\0	@\\\_%\\'K\n\˚Wo.]J@@L0jwDeϞ=\k)J*vw;y\\0\P\Za\HB͈<x*\۷Kllo%@h\c;v\2l\R\=zT	\n)qPF\r6l*,#R\!<|\gJ@DTH\?衇R\\r :\˪2e\ȦMT\(ٷo_)UL<Y	?RH\3\<#KV\S\Z(RS:<54H\\+\\)@pU\0	@$;7\php\Z\P\r̃IHPš\0	\0	\0	x\0}Ykە+WNQ\^m\0{j\:P5~WA].>C%.8\\/TC\\\Z=SSB@@gŋWšQ:o޼n	\\\-\w=T\\\oUo\>%j<\#j\\rs@lDvTZU={l%j\Jծ\0a\03r\HU!@\@lc1e\\EZ\x\\gF)@d\i\0	G^:	@\8|w\\%d^\\0S0yI\H2\0S0e\nf;W\\\x\\0ᷧ\' !@\kNB$@$@$\\rX\΂)g\\Y:3i/\n\g\#n\'@HH 	P\\3IHH\0:~9\Ӟ%\0%؝\Vi\\*7p\0W  w\0\Nl~\0Wj[zT/n$@$\L\l\	Pų\L\"{Oo\rS0y\\A}\\|j\"p#\0^bܟHH\(@ڃ\0qb-\k\\M&YG\\s\0&@\"\\0\' \C\0\\k=}&ę\0	\0	/dj\n>wmq$\}A={Vؼy\ϑ {(@p]d5\nY}\?	\0	\0	\0	\0	PpIC\À\<	ml  <\վn\\"5Ȗ(@d\\\S\0\S˧\L>}8x   	\>49H &&u\\V\\jժ$&&f\?	x\0`e\ @\"ku`	L\$ \f(@d\\\0	x@Ԧg\L\Dfd\\5&2G\'9dH\Bd\y*c\SY\E%4\_\z\ΰ\9<g\}\y^^{\\\wm7z}z7`?~ynVE Ϟc̰;52\Z	HFW\ *\]w$\"\\rI[	H\HH6f̘l6mj;/\\F\Z?K\ \'\B\\BU\;PDI1\s\O\v}\o\b#}\\\\J4~\\\:k7攔$@$œ\@\k\\4{\\;oԻv@]@\hD\ЪaT: J\"ԕ\/\\'mAxh`o\	P\=T\nj.\" \" \\" \"YToD@D $@\\k b\()1&oy\\\c\\ٳ]/kkkc\[.\	FG	2ݚ6il۶)\	l3\i{	梁\'\M@Du_(\0/!_`X\\c\hR@=A\\Ç[mĈ\"($ \"nUT:V*Bk\xD@D L:ID@D$@nM\r\8a\[mT\3\\g2?	\\0Q^j$@h4@	HH\C:	Q\?)0G\L1\31vLPq\"H(.)R0M@\Wnl\" \" \\" \"&T`0&\"cgs\ԩS\C>\v\q\\\Z)ᪿ\z\!\\o\;\h͛7/\\/6Ȕ)S\\;\ƍ۩Z|cRD\u$@h0$xR8Jf@	g޽\z駟\\`I&ִiS[dEYf\\K,\,\\A-Z?Zr~g\al*\?`W\\q\}ݮ\=\\N?tk׮]\\\ov\q\\СC\=\wߌ\VR \\\\\^u;\\..]͡g͚eGq9\قO\vHǒg\T=j%\ԙ\ڵ\Z\Z5FfVK\&.GP\śSI \<\\W\[n\ӧی3l\̙߻?G={\/F@?\\jy\1;bUV=z\y\Wڼ\m]v\V[;\Q`\/?\\m,\\\{oǠ\\v\\Ԕ\T\z!m۶\na\\a	5V	E@\%EP\n\\"[ǽg}7W\nX9MƊĞػ09ꫯ\;\p\\r\Z\'YQ=j\(\݊z\\"@%tΝ;\{\1\\_t\@\\΋\\ם\o[Ϟ=\\.\ݻj\'\I*\x m\C7裏\\[o\>d\\__D\ro\96a\۹\\W\u\"P	\P\5\P\b\\Zd@2HHC\	^xᅮ݃:\N8\[|\COjc9ꨣ\\6iJ\\'Cäڹ\kl\5״{\GD\7\0n\k\u\\ѥ*\\/ARr	s\̱N:\\\+K \|M\L\06RƇr?e5m\\:mY\[*\' \_$@T\I4`{g\\%1ATO>\J\:\=\\۷v]\\4%\\\#<\u\]\<K\\Zk\M(vWz!\\km뭷3\>}\vᇻb\<˙\@\r\]w-\R\*@̟?\	&Cq;86\l3\\k\~x\[o\Zgq;\\*D|\wnO\Z\jU\:fG\Yge\?\瞎53\ϡp4\\%\\\vK/u\\َ=Xw=)8H5zh\\ﮃm#\\Z\Y³\\01xĈn\'\+bﾻ]|\ֺuk\'\fb7iҤXx\%;@] \" 1$L1tL	H(NP<\rV:0X^EU\׶\\\jl\p#=R	-\0\<L\'6I6o\\Z\\pFǼ2+S6Ͽ\;B9&\\\ׇ-@L8\=P?~\?s|\ÇN\\7\|sB(Av\\#|$8Ǝk[lEݽ3s\q2G9\\\\\ZjfP(\K/ui\\v۹\\r6\	 NG˖-\r!*\\\nqW\3\\뮮\L\\w~P\'!c\v?[t\E\IMw\)8\\Z\z,\\ǺzR0KN׉DyD@\0K(X˟Z\݄\\\'|m\V.xV\CDat\ ;+\	Ӷ\\\'XGzP# 6Eg\^\\O?uzvl\&\\\vU ^z\%_r\%8	\ q\Nv}BT@x{ᇝ\00B\r\Mcڴi\u\v[3\G\с\Tu0ymq\ . d\uEӅ?q>vam\\~\u\\q\\nk\5|TXr.,JI#\" \" Bc@D@D\$@T\\/\" N#HGV\nSgT%\VQsGyK1\J\l;%Qhn/\\g랕ĩD>}\\;6\oU˾\#<\V \\\JfΡICH-7\|\ѩ\Yұr/ҭ|dO<\!\]4O=Z}\;]P\!I>ڹy\u#MLz\!;\ݴX\Ok@!c\/g4\\ޏ>[9[\%l\?gu%X^\ZyC\\\\e\\z\.\Zk \'\"@,\\Y\-}\ȷ\"=0hA\\"v04nܸNH\"@d\']\޽\3\ɮl\˶\[\\\\*\eW	:\\\\;mڴ\\Lm\b\יΑ\0Q,9]\\G@)\\E $@\߇\ĝx0*\*\L^9XKąlG@=VZ\5@:\"\Y\<s\L$ʇ~\\\ݻwwKX\\r\Z\ҕ@\M7\\\A\\/\\;؃cV2;ɇO1[\KzR `!\H\q\\{)m\w}\g.\r\;J6\xc&K>w\\\bեZA p\\޵\5v\,}Y1\FM\4yQc6r+\Y\\/j$\(\3\GcL\:9\v\\Z\'	\Xm\l\W^`FL9҉\20`\5T\\z\\\\+E@h$\#`K`7F*_\\;س\>\\gXbrG6_f1\bb\麰H\\G@E\\E $@\߇\ĝx0J +\Lf\\'(\.^Tcf\oU\F_n\\\*\%I\\'\m۶KS+\MؙAq\\@$\\R$\;-\Z٩@\k\A\^[I=0n\ `4\@j\ާk\q\]RPd\BJ\@4!H08# \\g\ \~GN{\b7Vr\\<W \\(\3\\!x\\yb<k\\\"\xc\\"{\ ;D8āL\\8Ƙ\F\jpMMMM^^8+\\\Z\WR\'q\"@|\\'R:1?|j\UW\h\%N;,>\s\e\;ӣGzs\\n+\\7<\\wJN~\NW\\\y\4]\ǺXK(H|$@\#ߋ@	\WWq{Dz&ͮ(c$3Iw\J}\/A\cM\\\NU\>I1X\\Z]@}	uAl\eG+	𓏾s\\N\r\%\\\\L{R\ 0+6\WFE\AL\.@z\U\'p^z\r|A`vi\\0?\"Qg\\D?8\Pd+\\Sh\\\2ص\RKel`=ct|3\\o\\nsg#]\I\\ISm\rQ\n\@x\A9\`\/Zn\\\/\A\\\H\xB\aH\u=n\6\뮅\9\(\=m\G\vz\\\(Gz9v 1\.B뮻K9\<y`B\h߾O\I\q1uy,\\%@KNׅE@DX$\N>J~/\" \" \" \"P*	l\l.W6h&y\5ה,@\\n\ |!xn?\'GZ\a59s܊e|\\\' Jp\Çw>0fR@6\0jf2ya\\\\@8 \0\w.pNm\ۯ\N\ш\<CП:\r\\'ϮcȐ!uM\G>E2	\y\u3Q\\@\\" (0y\\\2\\\F!\\BBψ\0lD8HBS\Ǥڙ	\\\]<_>m!T\",0Gh\\N\X\_`뭷v&~@L6lu\1j\(\'# Ffvr)\g\%\B\-Z6Kz:t\\\\{s2e:GD\t]X$@ER툀T[Sg::kUiS\Z\\\[\\θQ\nƅY)v\;nGA\b\'\B=	qXELXi`OD\0ѧ]\r2&\\nbR(\:\믿v\Y	\/\zRt,<(乧:uZ\0}#hK\\H-\rR\\%\0♰\\|]\M \\E^O\nTq&uǈ\KjV\⤮\"8\\L\"IuQgX=\%t\N~d \"Yco$@\\kYD@I@)\Y%\" \"l \߂{GtVز2\0,XLNsV\g;X\\u\Y\ϪsXy\\r7\B\\\\.sK\'O}ƌnUfm\DV\'<$+}\f\}=\\\r\&E\n\\P\؉zP#\\I>	\&\\H\Ċ\\<\m\ܵ\ѓ&M+ԋH\N L nz\Z\<̈;`\D\r\B+\\Z\e\iV\	&\3\V)x`\	1tZ@%@\i\gϱ	Sf\\\v\H	\K@)\"\	\"{*B{\" \" 1$ \"N+ɤ%!O1[҅&(/={lW]vY\&\IHCQgv P7)H;Ctg\"\ -Awv\n\(lA]nzR\:oKo®3\8\\_}\>\N\=\=\\\d\?Zw\0\0 \0IDATe#Ta\'\0\S2U1q\D\' Xi\\\d \υB1av@԰?kg\\aS\\\(fKzX\ݝhHD\؁ (\s\E\r	I\)\\Bh\>\g\/p)_CD \\OnM4m[F\PY{*B{\"t@	(S\|a٧vj\'$\\a\3\s~G\\"\A	AI\>/+\\]Ԋ@\\	H\d\' \"8+)\" \"P*B]\Zv`0t\`\\0<1ϐW>K\rFv\$=\W. 7\\#`d@)zV\A@D<$+E@D \$@\Ļac\U5\"mI#Jg^}U~\\_w?j#\"\q\ǺhvG\\tA@Eà6J!L\ӵ\" \" $@h<TJ{ \K	NR\;p皚\\\h(f\k]-jod; (~\G\8\֗Xb	{\_E , \\"v%\"\Œ\u\" \" \$@hLTJ{ \	lZ#P\<C\aÆ\\^oC&Vz\nDGqEП|I\q\]D L ¤! jJT5]#\" \"^\" \"D b\\B1\\\\omg\\+<v﨣rdVXam۶nC\1i\$\K={{\7bdN\0Q-n?%@D\7ILE\QG$@Ч_ͺB#\" \" # b\q\ yu@1\3\z8\C\\ڥ\Z\\0o\<\?\\:vG,\B6|\+\jI\BTJ\}=	\Z\rE@DC\}D@D@D@Dz	H\%@\ġ2S\"@{\6t\Pkݺ\y\\/\O?\\ΝW5k-\2z\?ڈ#M6ֲeK\رc\0\0QPi *\깿R0U\S\t\ԮULhඑ\y7,40X\}t@`2\\t\M{yk\X3Bxe\\xXK:\\\A0fW\4\V\PO\0Qi *\\_D@C\\q\Y\͕)9UOD@D@\@@D$E@\NGނ?Zj)[wՑg$@p2iu\fcƌ\xS7\sls!D 8	Y\L\TZ#DD@D@\Zg;D\0uRŁ\Z7\k5}O/Y\\l; ROz\W\NS\{ P\F`\ִIc\ضetI@)\D F$@\\Y2UD@J@)b\\\\).\`BfF\0\\|\\+O`&\\[\h{\\61A\^k\'|믮\U@:֘\\0|\" \"u*Bucj@\\Q2SbF \\\\~\m\\'x\"fddn5P\nj.\E@Du[N \\\D(y#- b\()1\"f\ru[@^*BN(3`*3`5_G@)4D $@$\\\D{\$@\\Q2SbD8n=\#vü5kK{QH\na\"\0	\Z&\"ԕ\/\" \! \"9TOD@D $@\\s b\()1\"н{w:tn\\Yy&FΓe% x\x\0 @\)\" \" HI\'2\\riäD@2\<q!\0Pi *\깿R0U\\\%p˸\\\V/\0\\D@D\$@T\P`0\'%\"P<\3ųӕ\\" \"Yco$@\\kYE\\7Y-\" \" \" q\" \"&\R`0&\"cgb\<*	\TcE\0Q4]R	Ea\E\" \" \" \" xk\Lwvv\n*ާRwʫ\q\:ϴj\ʖYfk޼h\\Zli\/C=VX!d@@\A	H\JT=VO\0N\(S\0\\D@D$@T\)\"yA?\f̘a͝;\?\\͛g\\G\5&څZȚ4ib/-\\"֬Y3g\9s\Xǎm\r6}\\ڷoy>2zL=\&La;wиG \Y#\" q&\"\ql+	q\(+\\ѣs\\_\7\|cӧOw\;\￷Yf?,k\\.\\.Q@2ݚ6il۶QD@D \$@D\92MD@R0\\\ac\])\"Pg,;\8\;\#FX\Ν+@@\\"L\\o:	HN\\" \"%*B%o䰥R\\" !\<\ƌcFnݺ\+5!P\n\\nxP\xMV@!$@BK犀rP-CQ[jRD B2\\\N駟\"DGT&oGJM$\*	I$	HЈ4	@G%0\\\&\"CQgڶmkl=\1$)\N@D\=U:>K).\"P<	ųӕ\" \" \\0ǲ`\;T@晡C\\Gm{EX\\M@Du?\n\0/\H	\z!\" q& \"&ދR`0&\d@6\,\6d\\ӧO=\\\"P\Z	\ե\0Q:C \" \"7>j\	C_؍,\z-\"Qg\Yg\\<|1A$@$ș1\:.f+S&E@D@D@D f$@\\aQ\\(@\\=z\_|aovЩ\"P:	3T\0Q\Z?]Pg3E@D@D@D@#\ԙ\\N\Z\@jԨ52\\\\ؘ`l\P6\P\\'p\"hH \Z\" H\>\"P9}\\tT!	U\tuYD ?	;wI&\ܹs3D D\gϱ	Sf\\ڇت\$@g3K#L\\\"*B/\F\04端;\Ú6mj\rJLO\;\]\<L׿8IK>ĭ\Q N8\m\ԩP\\Ϸ>jo\ի={9\F\ZeW_}hѢ,d\\̔\Z3?e5m\\:m)\" \" \"P	%\\\\" \" !P\n 6DQ\9s\\#aÆӗ\\rI{\Gmm	ry\\Ov\QG\c=f\'x~\\\,@\6p\@\\\\\%\<S\0\_9qn\Eݳ\gـ\\g\\\wߊNEW\\q]s\5\k\=\\`\\^sEE$ĻX\P\Ȼ\o\^\w\\\rt\\\\Nkݺuˋ:\\~\;\ڶm dQ\E\ꗸ\\\\?n~j\瞁Gm!{ڎ\;\aU5k1\<\9\ᮻ\*Hx\glUV5\X{gF)v.`\dA@D\t@$@|+0X.Y\J\ j묳Nn@Q	^5XcrjK\<s\9\\UW]e9v\ygWT:\T\o\SN	&Eq\T.\\_c\:>\nuv\\7P2Ztn9(S9\LTZ\BO@D}@\	H/\`\;\\~\g׿n\\",R\\Z\eT_\\\0\҅\\\z\!#-Rmm\9\\\.<* \|M=zt\km\\\\\\\073fw\\r7,I!>\{\M\\ ?:LTL`\\$@hP@	HH\C:	QPy\\\{n]Ҋ\\~\ֲeb>fDv\rZ&K\nK\g}\\\SAY\O:1\؋/\Z<+믻vB	\ \t#\g\rs=m\o\\\ߺ0p\\N=TW\\/l뭷\e*\\n_\~\\\n\&[jl\ĉv\\O?\R`#v4i\$\\Omcǎ0`g\\y\]~Oy\u,RScej\\Ϸ	lt\I\\{\T>ݘ\Z2dm\v\\ꫯ^ׯR\\\%\\\u\]\\H\溎\}\G&\?K_ڿ,\RVړ\7\p|\\\g<\g\[oe~a\\<\s\ۺqO2Ϥ>o-\\\ovQN?_\\^n\#\_81h\\\\\\\#cA壏>2\I&\\\3\\?\\\2\7%6|nNc\ր\Lq\\\\^i\\@\g=\l\M7u\e\2v\\\"yK$@¤\H@D\\zIBO@D}@\	H`\/\08x\\e\	$0HpβVZ` iK`mϟ?\Հ9s\b-\\\ݻ\ k\7h\ \\i\\_va\\+4\\y\u\\.\\ƿ;C]@!X\\\N.؉X5+\=\\\z뭶\v\ي+肽0Ɩ\Ç\Fm\\Ѱ40\'py\!\m\aGk׮uoU\-Zp|	<#l\&\;,\b\.lƝ)O=F{a>H%e?ƍ\n6a\_[\޽G\G\\\0T\לּG!`\Zk1\-\3fB\\\'loc\A\V9\\3뢋.r\s\`\c\w~\Ln\6ǋq@оTby#ec!g\CuAc=֎9\\'\"z\\H\\\\_\<Sɼ\K\<\K/\;׈~~Gġj\ !2g\"~Pv\0\\"\\17ήz\'z2\\"&\r\-Ν\t\"\\X\N|cPD>B}	H(7a/\" \COu\\@\HK2TL`0*]#OjSb\cu5+	`-\r.Ί]\\r-\BNϭ\7\x,r\}v,l\u+z\\@\k|]׈ӦM\M\\\n`˹s\ ;+)`@\@7A||^z\%\%h\\gֈ\Z\ǀN|\Ͳ\+\\s\\qһt\\ \\'\jxD\\\`8\vNzq\\\M0bC}g̲\A/SG)\Ay\oVӳ\Z\(d\{\]qcV\\v\d/;IǏ\\A|\SsOro\Vsbn@@\CEh\Ye\\jy\\Fc_~\\L\Lz\Ϙ\~_\?È>gҋa\\L}\`zZL}LY1?9GD1\tM$@ISmTJ\/\ޅhN%E.\bX%aE-A#WЎ\Ӄܾ\rR\xվL理U\	ҿΝ;;\0:it\5k\,Pw\\>\'z\nU5B;8r	?蠃l\ww\"+)\\VT{\.@9l\0kݺ[\]g}	ֳC@=܆ X\w\/x\\'(\A\$\ZD%T\<\0H\n9H\2˸C\'M\\K/m|\\N\a\u\9C\l>˷\j+gBD\ {\a<i\< ;nz\҅\ D1a\\|\\6\I\=S\\,\/\\E\N%\"\0-\\B\_!\J(\-	堪63P\n&rxk\LwN\ZVi$\rj7*Vͩvh\"r\;|[Av\ \	\!.j9\;]\@`\WHEC\\ZĬ&ERH\)I- Ja\0׸LRTA\H?\0%EHEaG}\IҐO\SJ\S\G4\=b8`\'\rO\\\Ά\H\F-\0	RlۆK\\\v-5Sj}b\|\瓴`j\\lD%}OD&4\|\#󡷑!N\z2Y\JP	qS+T\57\\ \HBI甓r\U۩TZ\AO@)\cPD@D z$@T\')J;2IҤ!wR!&*?=(2ڧG\"mO+D3_{\56h\\.RsC@\tvV\!U\\\Xu\U]pU۬\\ԩ\ݣ5*=\\\v:KIE4D\p\'\rXӦMRϰ\\A|A HM \rMf\nR\\e>irs\,a\'ϨQ\\BW\\?\\\"H\r\0z\rb9v@\)5cU<0\$@_@\[\~v|1\s\Ž>3E\"uNj*)E\2DTv\OH\ҋŤ`\\\\sc1c%\5\gϱ	Sf\\\9]\@\$@T\rf! BCCO@E\cPD@D z$@\\'\(0L`+\A D\\EC\M@@ke\ns+\)l\vC\\.s\	\'\*}_u\6s)A*P/L![\O\\4\u5 \\@j\nx\m\\NČԃ0s\\\06\}C$iI}D6\4\6s : &\"\nLRw+\V4VCq\4<(k/4p.\	j\aI\wexS駟:!	Q	\\e\ߟb\\G\\`\r\\p\\]:A\\L5`ԧOV\$!AbϏ`4g\n\w\H\E\w\\u\Ѽ5kKo\\\.Xc뭷\;\K\> \3>\{\1Iu|¸b\uv\\\	2w Ȳs\:\j߾Q	3̘G `\y\\\\C_ᇝ\ʡfF\Xɳ}\ݺus\#\z=528ØoIKG_(hͳCz;L\'\ܑi\57;^tD)ӭi\ֱm˨*bN@)b\@/H\0IR0ox\Zϒ-$ LM6.Ka!\Yқ^HBP:5ҷ\0C4\ \\[\O0\\R%pO`\\o\iB\:iEh]\r|\z\\7\_KoI\nB\"UϞ=\Mr\'\	^9\	\瞮Y\\\~\n{\ڙ\W\N\n\S:Ӟ6\1\	*@\/&\\\\nhO>\@/y\\?^}U{\c\Vh3|*\D,\\L+?\\'e\br\\\.vrFm\o8\	st\\\r{\Z\c\\UJ=3\:\nA\/@0~c|hv%\0k|\(\\;`X\'@\ļ\\<\"\R\\?\\21\?#\lg(\<®%R\e1y\Ir=S;\\\\0>\rv\n11|3oӟ\y+\\\n\\47\\\P튀@\HGdT\\Ƥ2	d1b\q@Jj?gQG\s4\\\#W\8\/K\'L3T\" \" \" \  \"\Z~\" \"P\$@\}v\0\0 \0IDAT\ac\e\\0>c\"\\~:\a.gey5\gH\N V\K\Q\>u<$)Iތv_)\u\"	aPT\" \" \0Q\n4_\&\\\o@J[vs\s\َ;\\\7U\y\o\\-KaV\\\:\\\o	qRmT\d7JS\(yC@yH(W*\" \"\*zů@U\<cYk\@U<u\0Q]bo%@D\+ɴID2^@*	\Z\" \" & \x\i\" E\<S4:]0 \\vGDS)\\"P\0>j\-\\n*\" \" \\0.ϲ`\Ъah\P	H\H4	\/\" \" \" \" \"	a,s;\n0\3\Z\" Bc \Z$@D\BD@D@D@D@DtoM\\Z\ԮU\ŤF\ZY#3ɦ`l<%CE $@\\w<\\\.OV8	3\\P\n\\*`d@RHH\'\P	H\Z1\\؄)3l\\c\g \\xٮ\"\bu1\tF@Ditu	L8ю8\\m\/\\\\ٳm\ȑ6j\(ꫭE彡Z/\b)ӭi\ֱm\\\TC\"H>	\z(\" Q\'LQ\?)0G`f+®\\Z[s\5\{\\0\(gg\IWm@(S|\"D l \&D@D@\n%\"ԅ\\nV|o;k\,1bx\9\2[Tw\uW\\3\<c\\ZE٥$yFB&L\Z	\" \" \" I! \")T?D@D $@\\w\n\\Q\/\رc\SN\ye\\n}^\\~3\<\\+\"D/j	5aR0%\DHAF@U\0+0G`\3\\駟ʠ\p\=5l\\^#mkDx\\<Ko \\$X\"\Ib<LRH(0(6@\ny\O\o[E\v\\ܹsK.\\Z\}\9\\'|\GֳgO4iR\ϰZ\r\\p=\ּys;蠃\N\_ܾ\+\;iӦֻwoZ{\\~~Ɏ:\({\G\:\\O:\$=z<ؖ\\r\\;\\^rpx;:\6Jk֬Y]{]۴\Oص\^k묳u\Y\\?\\c\\?ow\y\\_>?\\6sǻc\ԩ=|\ k:v\h\\=\\;\3\\}]\\\\Gu\箻\\l\?ej[ፒ\lILu]^J\0QiT\Uz|V/	\\{\\D@B@DT<\\qԼy@\}嗷#G\af^z\#q\.8\w&\m\\gpx≶\;ؘ1c\\˜C\\޵USSc\_t\Eֽ{w#\q\gm۶\SO=eGy\\0}>sCD \\\/\\0iܸq\EY4\v\ƍm\\{ۢ.ꄊ\\\\>\Ϝ\O>d\x\\\SOuM{\dM\b-fCe]\	\F\iΈ5vr\\r5W]uU\\\|M\'Lw\y\Zk9\FUpm3:Ԋ\J\0QiT\%@T\\\%@Ч_ͺ\@=8	wA0\)\Y\~\v\7~\\\DLB \n\0\)\rvD ^d׳\/8\\\>\-\@j\~ڴiΞw\ѵ\\k/kᆶ\/\' bp\\>\c\]w۝p\%~!s\'\\\L\C\0\.v;{\\Ή:<< \~y8n*y$@$ϧq\y,*S|}\'\E@D@D@D .$@\\S\n\(ܷ\~{]0X\[3{l5jk\*b*@poDW^\\'O\\\\w?x{3\I\\/\\} ]\! t\\\\\@\\իWpy\5 	\-]\Z\nmF\K\yHoELy\\0?%\b	I#\" \" \" \" \K୩3]\;kU5\Z5jd̬\/q9\S\n\"{\`\'\0)n\6WTE\(Uȳ\>\R&\\W_֭[NَL{v7zp\&@l\\\"ώSz<oCm\\H\p	\\V\O@D}HeD\޳+St<\"KD@D@jr>>\sv\1\8 _\nVX.؞\H뮻l\W,(1\ .ă&MbΈ\nD\z\YfB\ԧ\ѣG\F~)\\\ߺ\|]jA\\\@6l\r>\Zl\\\'\r\<\jXp`Zi\\*(\nVS$\Zm\̙nɁQ$\aZ\%tR\rŜ\sls1\̏+	q\\\V\nL@TPb:_D@D@J\' tlaʔ)֧O\ر\/`\')(\K\r\]mԥ3!C:sj\'\ޮ];WL\Z\"ɣGvAsvAl\fxA\\\辐5H}\:\B\\0\j@5|?<3\\w(\r~wB&\'\\'\>\\"mn	&U -hS+b\vs\\"0P<zҤINp7\\옸\[[n\\G\Xqik\sKЀO97on]q\.\i\m-Z\v<]Χ\A;\?~c\RK\|\\<\H>\0!%\"jBD@B 0~\tkڤul\2\Ԅd\'\"\\Z\"| \cPD@N@)\\S`0>\ \'P\\yڤyꩧl\=tERSsy;\\\\0@5\ >x`裏\y4z\g\\<h6z+\Ə\\@\@| (\\*;=P\vg r\)YOs}\\")\͎\8!߿CF\T\'Nt\\rE6m\N~Չ=\\w\	`g\K/\D\^\8\ת`\ӧ;^c\w\"B{\Wlmq\M\̙\\\\\"D\\\GH@\[C?\9\\A\0\0^H?\'h\g\\7Y-\" \" \\0Q,9]\'! \">\" \"T*B\*0\Q\0s\\u;!\5 \\sN (Ɲo\@-\1b\m袋\t\\\<{!P\n@\P\nȻH@\$@P\rH@D\0\r84;ة@: Gvbs\9\[]o6r\~0\nj\O@FM@E5*M@)*\\_D@C@Dr|@\\	H\\\(j,Pd9\z|\ֻwo\իK/O\v\y\H\Aj\"_!\=IkDJ(v@lNO\\I\/tQoy,\\\<\\\u\0U\T]*B]=VOE@D\$@\\G@D>B\q\z\YW\\oA\	\%PÂ:	A\\חz_e_\\<\puh\0mTu \\\R0E\B\I@D9\m $@sd$晄;X\L@D`T:L$@	]PkP@	\2]\W\!UE@D@\"K@Dd]S\0c\()1&y&\Γ\\0*N5V	E@\%E\0Q6]$\" \" \" \"P\0	\\nV\-\A@LuY\O@D~F:$@Z`\h(7\t\ԮUo1\\\jkkk#cT>C\GH(\R	\\0OƷ \\;Y.\" Q#\~5\F\,\#\" \" & \"\\U\D@% Xr.iϞc̰;OZ\ԟ\0G\Ld@\HHK\!0H\\	2ݚ6il۶,1 9($\X=P\n{\dĘ\;O@ThDbF@D\&sE@D T:&NU`0&\"cgb\<*`\n\Z0	vLH	(\5\\n6,o\M\jPk\\TR0U\\s`_\K@D^=\0O\C8Jf@	hdz$@SA@EKD@D@2\0!\" \"Pi *큀W`0 (&\"PG`ڴiֺu\D4\FN@D\\IdĄ8Jf@	HsdDq\k׮֥K>|x !BLD\'3*N@D\]PH!\`\0P\F\"P1}լ[\\\" \" \" \"&c@8Jf@D @\\\\Y\V[\\"4\D\y2\$@T\Uo\r@En$\" \" \" UK@DL\\`L%3E \" \bgQ.!BLD\'3*N@D\]PH!\`\0$@4j\HD@D@D@[Sgwjתj4j\\\Z2\\&\#M\"D\s\=֦M:\5\DϏ2$@T\? 4\Z\ZR05i\G*G\\Z3@w*$ \n.@\\'@d\"$@T\(Q>{M2\v\\^D\"$@Tn*\" $\"ԉt:%\" \"q \"\ \'\"P:D\X\u\?8\ZOkG.\@ \" \")ӭi\ֱmKQH(	.R0\0!ȵ2\C&\f\\" 	&иqc\%@$\\\P\n&H>	\z(\" Q\'\"\Q\?)5JL%3E \"\"\"$Lt(PM@\H\d$8UDL%3E \"\nŨ5\D\y2\T\.z\@\0\`u#	CC@DL1q\\\'@\n\d\3q̨8	wA\\"\U?\ZR05j\H*F@D\\\\\" \"  66AظJ@$d n[^N\3p\0	pB \/\" !\0\"L5%\" \"P\(\n[\_`\3\E \ jjj꺐Kx\'i\e{$@ISmC@D1\t@&}լ+8\" \" \"P1 *+0X/-\N\0k׮֥K;\iQ{ 4*M@D=P=W\n\z*\" \" \" \" R\\\\" 6mڴ\<A#\0Pi *\깿PW\S\t\ԮULh6j\\\ZD\\rE@\"M@D\#\\Z[e$ BHh(ҺTR0U\,\" \"P$@T\\s$@hx\Ϟc̰;	^7U\nt:]eT\DHAFDyDT+S[\&cۖՊ@@	(S\\\ZB\&\H@L5z]}H2	I&\"  \"\)0G\L1\31vLR0SDR0E\92MB\" \"$jFD@Dh Fװ*0ذu7Fg\\\s&*BqQiJTi$;\S\=\}O\n\C~6h\ \ڵkr!g\"Pe$@T\\] 	tJ&dĘ\;OJ@D8\XTh$fK.m{Tw\\;\F\&\{#ۨG\0Nx\0?\JH2	11q\\<c\\P	H\Z+\"\@ ￶L\U\~m\:u\^\* \I\" \\+Y*\" I% \"&U`0&\"cgb\<*	\TcE\0Q4]@\0~@uĊ\0A~5\\\f+\" \", b\Oc\()1&y&\Γ\\0*N5V	E@\%HI\'H@D0\ٔ夫E@ yF\@& B#\$@T\ɽR0%׷\D[Sg:\:kUCQF\\\jkkkCo\\\r*0X.jWD\<  4A@D4D+\_\u\Y\U`J\էj\'p\\w_MjǠ@\0Ѡu3\0O\\r>{M2\v\оܷR\"\rr\0Q.jWK@E\Y&\" \"\\ \[LD JKE@D D\LM\Z[Ƕ-ClUMR0i@\0Q}>WE@D j)j\b1q\\<c\\t@@E@\)\"0 \PuGD@bH@Ec\4c\()1&y&\Γ\P\nPq1\0!g\h  \Zn#\" \"c\()1&y&\Γ\wv\+lHn\D (`\nJJ\J@)\n%E $@\߇\ĝxP\\\\ѣ\\{\\\Zk\\Z8qq\v\\믟&_}\q\ִiS4hP\\q\ofcƌ;\\\:묺\+\9\-jmf{\쌊=g\	\Qi *\\_E5\E@E\EV\@t	HodT	1t\6yd\[\\\'\ʮJk֬YY<\/\Ad͛7￿(\\v\\w\m\'x~\mE\\n\f̘a}aÆ=\o裏\	\'`K.d\\G\DD:\.\\\0v\iKz\);\#sX*jN\晊\\\cM@Dݗ\%@$\HEF@Y	H(+^5.\" \"\0pJ\s\=v\\!b{챇\\n\Bرc\nT\\㎳m\$@p\N:Ɇn_m\ꫯZMMM&%\9\\l\.STS.z\7s\\\}\:[b%gϞN\w\}3\*6>\3\*\\u\gAۋ\yIg\Vċx+\JHW\\'`d4$>j\m\[\^\" \" \"P\\\/\0\+\`#]\0n\;ϮZ:uz\n7\z\WT%\9oV;\#)@̛7\.\\ڵkX\w\\\Gm\{-\bNx ֶ\n[Vߟy\ַo\:\"\ϊrhD.J\<2#\$@\\y	1]DBnu\"D@D@D@D \$@\\I	\'\\7\lkV\\gPĔ)S\\SO=\~\7-[\e\A|3gەA鯊\\?\Kv\3~\O?\\D&M \k\*\~\W\\\lH\k\'\O\<uβ/$@D\GIPD\=\\I{\YD@D@D@[Sgwjתj4j\\\Z?M$\M>VZɖYf\SN9ŭ*\'\={]vn:3\\\/}\\\? z@>[\\\\\[O\Z\CdJ\y<K9믿 \o.+䡇\^uj\\O]w\\\Z2dm\6\^{\nr\\/E\;!bE_|ш&\\0\0 \0IDAT.\\"v{챶\{fm\\.Ws!կ\sHqﻱ1`\0\KviU:urvm\e\8.\iz#\gu\q\l\\\Z\\:v\XǓ\gqF\\^{\5;\88W^NDJ\\Z?cA\\O\r\q\0\\s9(ޥK\KIg*O7N	rg,;#\"n\J7\H\޳+SP՘\! BC@2yR>\/p\<\D {\YgYV\\3ͪx\\L3z5 81\m]Vq$r\]v+JM-Vُ9ұ!EլY\\w)d&=z躀ys2\@o\\W#<ˀ~\Ծ`ER\c\1\\Ρ\\\!%WgΜ\\\֭\\;\j\j</^F\\\\\'a^j<A\Z,`\8 f!\ne\Q\g~\\r\dM\\?w\\\C5\ƍ10A\ZO>\\Yz\+Jv\4Ϟc̰;u2\ZH/W*B]TPW\-\" \"P$@T\󙂵Y\ߖxP1\	\.\r.=\nƌ\/x\\\\6\kBپ5+\	d\\.\M\<#暌v\"p<f\x\\\\\ǃD6mp\\'\㏻4Dj`\\	vvt\c\9\ckKS\r\:\ѣG]\\n\\\l=6\xc\'<d\Z0ſBH`\\\"5O\!\v?D(bSs=PDuC`\ִIc\ضT\XVH@D>@n 4BD@D@*M@)*큀OB`0[M\\\-Z$R4%\rjR\d:`\׎O\TF\\\|\-,\\ԋⳋUqB\ \~z\%}	r52\; h:J\q@\0~6=\r6\H\\\\Gl\&4K@(\'$H\oZHQ\0\Sr.\_\\ݻ+\σ%\"\ZH\<SDuT\r`\ZW\"PG@@	u=Iz\\K{\\0Z\"W;>\\N\&L[o\%.)HD\0\?t, \w\\d S\0Ag\ `NJg}\6\t\z]LabֹX	\?pu6Zj)iܸq\n0]\8Aw\\;J.	L)׵\"\	(Ƃ@R	uR=~@v 4:D@D@*M@D=I7\\\\'N֧	e\09inHӺuk;\Q w>О\`?)HU\a\/\l#\jUP;\Nj ɓ\';\Z\\Bcb\W\{2\; ؅J}\n]O\;\\\ـ\\ԩh֬\\v\"˙X	TS}q5-v\i\'\\\\\r\Y\"\\\HQ[\(Q\\"РTAq\f(EH(Y+\% \"e\" \"P-$@\\\I @M  ,+\7\l34g:\'.\0\oڴ\qb\r7\P\Z\\FAc\\ZP297\h#w?c=\\n\k\\{3ݬl\'E)\ܹ\z\&O!f\r\P@{\\\7)Mo\6\'\\\;\'}\\W\]PB\켸\]\-@\əPSx\_\q%\r\*b\r=\#o\7\5Rw^xA\뮻\n\rL8\\{oWF[\,~\@m\nPS\Z&\\\]uxs.\_~Y\g\5\n\\Etڙ4iR]=?aM\*_182\T\, \\8FE\\xجL0	H\(bU\	=\\:\,#0\\iU|\0\ٳ\\#v\\e 84?͇\\E\:VX\~F\l\,\b.\L	\%a;9R-\rQaCj*V\Ϝ9\\\zk\v.]\\\u)}\!\\'R\?\\w\"EAvVFBd7x\.l>j;wv	rqnݺfT\\'b\0?\\\DP@\6\nc#D1>}#\\\ra|N>\s\_}\'!=\v\:\N\r,\\۴i\\	bG\/~\\\Z\\2τ\C\T/	\\\\DT<<;T:y>UD 	\\" \" \& ܄Cj_@4\hp\$@h$TJ{ \0\\ߪg\"\0A~5\a-\0$@\d(0G\L1\31vLPq\"H(.	D@)a\I\" \" \" \" !\0\"\r6`9\mh\8	H\H4	@r\\"\\z&\" \" \" Q!\\\3\\\~tZ\e\I=H\\Ȍ\q\\<[\\	H+邀$@\D A)A\TWD@D &/\9\p\:I=$@$ճ\@I$@O\'\sls	ꕺ\' \\x٪L0uՆ@!_2\0QȈѹ\" UC@@T\Q?e5m\\:mqKe^\u\<&{Et JgD@D@\n#\F\\Zj\\T)	U\xu	Hj\" \"P/I\\ME@\ZiӬu\ցo ҉	\'$\ԩS\\}Zf\ND\\ٳm\ȑ6j\(\m֬Y.\~\6lWR0i@@\0Q}>Oj\/{\\m\I\U&\Ϸ>jo\\\n\6\ԩek6\\Tq\\Y׮]K.6|@Bh\#\{\\r;v\h\\\Z\rgLwz\\K.aÆ\Z_Eަ\"\+B\oڵ\^kgqo:qR\oz\W\5\\\ck\s\=\K\'L`\\pMaR0\\\Q5_E\\%\#P-C\=\\{\m\%\\\ڏ\\-|\[l\ر\ۮ\jru\\\Zh\#\\\\.6mڸ,H\m\\"\gy\\g\\\w_2e|\\Y B\~\P|ID8#ID\0DMMM[mU^!B@4K\08餓\\1\ӧ]w\u\71Y\\j\#F؁߇\o\}Q\fm*jo7O\s.\\/\;\Ya¸ڨRw\uZhav\Y+l\Ö^lQۿ\UJG\.	\\"vE A\\\F\q\\q\Wڜ9s\\϶&MD\AX\3\\*R\bo\1Yv\e\SNW^\O{\m\֣G8p`w`ķ\K$.`\\\z{7\7ǌ3\NO<\\[o=\K B\ZJjFD \ \b\J=r	a<J\0{̘1ֳg\z/\z3>>^~e:L\oa\_}\q_\\l۾\<L囏5\"P\ntX׊k\&[t\0Q\n`]R0i`@\#8\N\w\yǉ7\t\\\`\0\|+\-M\ǣ:ʽ#Ȥ/rb\\{\\>:}|y\\UW]\\"P,Lm}\\\.奖Z\\u]\nŗ$@\\\u_lah\?[ӦM\\YE:#<\V]uՆ1$\]X\\n2짟~g͛7ϥ\\D\nruu֩ݥ\<\\\߭\\=;\[\V/L4{\9;\\\\IgX߸zGHyz\"\\\VE \nY7\&l\1IoJ\0wT\S{\1k5\e.I? |\WR\l\p_u\\!\Im۶u\(:D\\?\Fa]ƒ\0|7=U\?s(z\\u$V0RԮ];	#\ꨛo\n\;w\r\Z4\>\z\\ߺOܻq\\n+8\s\	\z M?g7\^{\\mgڹ}\\g\\\>v\[˖-]~\GP#R=!\00V\m\\Ə>\\,4iR\Ͼ\+gz\\\=\.w,\\O\.\گoCzue~֢.\~\G m\\ 0R\\H\rpꩧ\%.[|\ĉ\O\Eqb>\nYƇ\?\rsRz\\zvP\3\>0\C|\M7u\}۩m\7S\\fC-\\.b[}\\d9H\{ӯ\'x\\\@\:묳\r\t1$\lc>\\C\\_c>O,\\>4\ּyz<S}u\w:n\Cgӧ``?S\i\\v\6x\\*71\Ή$ \"nUD\	\">\-{dW\lǨQ\\C\U6\;\;\{\\\)\]\rҗ\{(u\.\k\r\9R\1\\\]\\y\L}\'\*\pM>[}w\\\wi~ꫯ\K#\\V&޿x\A\|\7?\]_\\پ\J\=w;{x?ǯپ-.Tx\A4?>\ɡ\\\\0\#\,~\\ Az;\07^#f\r\-W\\?&\n;\Kd&$W6_\`\ތ?\}m\s\\r!o9uF@%	 ]-\"A\An\.g\\+C/ƓǺp	\0׿eݻw\\p`5+>cUV\s\;;a]vqAQy\$\۰X˴\\\rDJ\M\VZZ>^8r>\\=/v[\\/|y[\\˭P\œ\Z\o;\(|\\\t\E9/}δ1r\>syꩧ\ǁ/ ΋.\\||̇\N;\\^\0\N@z\\\"\n\7@\x㍝\W\/I|((l%x 0\\9\r\n\b-\>pk\'ؐj1;|G\0sٌД\Y\\{oC~\#&l\\5s~Gu\\s\t\\\a$\y\\.7,7\d\ݸ\\2\n-\2\cW\\"E\.;v\N~/P\np\d\\T\e\0!.R.\\"@\z\a\\S\'$NЩS\'W\\Z5Y\Zkw(\%y_̔f*m\x9\\\5R\.{	\>Ėb\]yDaAh\m\\SK\С\\B|\1}\G\\0\\Y8\6\\\yo\{\\f`\\o\\\\m`%=\;찃{Gd	|F\\'|\7X\K֯_?w\߼\"Va\m\f\E\"lcf\|| ~P\\~l\\5\\\s\A~g\g0&#<_|\&\ڵ{\}\X\\\Os\\cܗ\ZmJU\/\"\݇lo_MxѡD@\0A\9YD^by$ 32m)僇\0>gV[ӦMw\l\fEU6[yY\eտC\\|>\'ˇeu_}\8\/~\Js^O|\3g\t\t[=lk@9\y\"@\\GA\L\\nba\\n3^=lu\c`8/\W\'\l6l[M\\=V/\iZ@C\d\g\!kSwn8qOv\qG\\\\!k.\|\{n\u\*p\\\{N dL]E\\Ex]Ƽ+P\\2=(\m\mn\\uQ1STZC-cߵ~5vFgo\6\\=1\\\u\n\7<\\_˻[\0+\p\ b	J\.I\g&h#\0\w糥wWx\\\杈ov2\L\G\v!\;@\],\"Ύ\?<7\\\|[ @0\aQK7Z6RW\\\,$O\\\c\c9\VZiz\\\aWA.sq\;\<܇ub\Pwr;8\0\W\\~5gM\{=ℷB\.H@Dܬ\z\E@R	hD|\C\Bz⃪ݺu\Z\J],5k@^IR\\`r>&xaF\H?\{O\sˊuV\^K \gϱ	Sf\\\י-_(\'\P\~V#\n%;(S^vST^\z_\#8Xq\NW\0n|6\\?XG|A\\e6\?\\=Og\n\nذ{\\sD!]\#\\+L}>\\:\j@glZ\CC	R\@` ҉\"\P6wKw\c=֥aB\=\|v\1 .Luӥc\Ϳ\N]\\O~ǻ\M8\^\\\|\\\]7fvl杔 =vR٤ژ\})\w\0\i\@E b4;\\ʮb\~vrˆ>Bߧ\*V\gsI+۷\8BF6sq\;\\0)X\b6\a\宻\NH]\U\7!SūB\0\9	H\0gCD\n Tϔ-al\\X]\煗xeeǊ+-f+i\\nf{Y7{VǰM\\Ox9&MT 	D_/\{G5^?{\6Eu\Cc.6XP#A\(Q6\\bD1؍\F5b{\+6TDQ(\Z\g,1ؕx̷ߖ\ݙ\)\<O\~3;3\w\9\,I<\C=\%NAi\տVj?\˪\(\VK\0y\g\_=P\\0s7-^yu%h)T9KqUzr}|^(߮|%h\iŤV\)\Y\\**h;Dbc*S\zì\\n+ؙ\'/-\@R017 ?y ZQ:t(Ea6\̣ZeJ\o=\m\\ʷ_lg\\s\ئkR)[x\xii~*٢͵>^e	\]\T\eiż\ݽ~au\a.\\(L\,1\\r\n\\\z\\s\A\XE\\_ľR\7s\{\.VJQ\$\H\ky\'+	\"\L|D\Y\@\	T ,7ƻ]\fQ\\Ü\T\MyJT[}a=uWs@\F`^\d\R0۩)5Q0^^T\\b9\E!A\\?./¥R`k(h%R\hlU]&S4M\\\rU+vbIQc9WK[\JP\L\˙\S\\q\6-\\V\Q\%:\׋Q`*gs\"\A_/ez\iO\.\\d)ڍP\o\I/Z\7UV4hzP]Պм\\\%\\g_Q\|C\	n\/\<?\F+9 %PGI y \Su?\ssFr\<S1:\\b=\j}\{\ut=+\nj\\*=K>cMu1$@zU\SLqr%((%đJϵ>S-Ϯ\:|\/Q\Zk\0\\svXhw%D\˿kTNF\\n~	b\n~kW\)J٬#oj\ӊʟ$Zi>W_ީF*J*P}_G\\3\5\;aa\rC\+ƶ0o\\[\0\0 \0IDAT5 *͞\N|	\\@*	 \"E\ς\\xW\\KME\\ElW^HjŷRiIz\TUࡼ\n\kշ\\}{0\J.kdg4A\][z\Z%k\z	\<\\\^\U1*\\j˶8Uev{QR1Ti~K\KZY HU|L/|Pu[\</V~|F\#\@ZIse\zx\V|hŏ^\46\\C/\\_/~---)m^Z\N)p7*\s꫻\S/\1k^B7	S\E\"^J\T؆Xj\%U\\\n+\VYB\S;\;H%1F\\\\]\\ߕ\P\Oy{9`/\_VT\\\0\;&$J\^\ot\N)_)*L#Z=V	-\ZO:WsրI\\\1- \\)\@t @(\D=k\9Fd\bD}[\~N\y\yXFvF\\Zz&\b=\\\\\P \?\)@\\YR\\yQ+\uh(\3\|\Jz\\s}0h<zzRj$\JyK\x\\\\ZW\=@ѻƩ]bkܥ ww\"=\\\׫σuw\P?z\\\\\?$\Y2؆v*!pHEz	W\㴀ITw.\\ 3/@(娞5U\0[\"\\S\\ݢb!W٠&\\c\8\v47\CV\P\gz/ջz&\{\UoOs\Z\\n\n3\\%\K9$ \"(.\'<x<\ \Z;Q\i\Ճ_Cs\n\b\U7C/9\n\WAS=Xi\Zu\֡\\\njiՔ\n\\|~\n\\Q[zPת0\\w= _z\\N|h7l/zӃr\a]/wN$P\A]y\\܏G\ԯјw;/v-vN\\"h\M\"v\z0֊UB;ZM\\ü^htK\4H\ \\\ \\\\'t/\n\+@\Z\r\0uhD?ȇzȍ\\ƍs/\z\|]Z]K/\\\6b\!AE}kNY\\yz#~%^\\_	zQ\h\R)%.\q\%*\U)\~\\S[>U@z)\\B\\w\H9kˠOR\4	\nH\Q\@	\\KA@ο\r;z\\\o+4wTELU\\dd@9*x\st\:Aϖ\r\izZw\u]z\s\1}\:\ \|]\n~\a%\\\=(P:J=\^\yPf=\\[7<\s#-z֫ٵ\ZX x\\1?4Q\n\\=x{P0]\t\igo=\k|\ŦR\D\1\,TQb-\>\riwI\K;Կ޻ʵw\r7ܰuni̾~D8=c\9_ɴF\ \3_Y\[l{\|\z\\sm)\Zc9\\T\NVX\;\s1_wi7\\!}Qrl\:p:\U\\\Uj\L\@\%:B\0i! BiTԎ±pHwK۩9=*[X(Z\\\\jgDG\&]4nR;B/dzH`T,ntd%+oD.<\(\\G\0z\~^ֺm׵W@fz@ \"@\ϳՏW^q\EAq\\|گ\\w KD*mm\\\'J\0J\DG\w\aj\_H`D\E\K9&\R-B\\r\"Ei\[9/Z\ZUm\	 t\7iUò<\\n])\=?\b\\6lw\\0U\ \"GJH<Ļ*\0\\Zѿ\2˸]ڡQt\iGRIK\WZIi|\\8\\BZ04\\r^,\0\\\z\ \WJ2h_Bf&\\n 9\ \\Rm\UPf\vam\\\~ܧ\\\q<#(\'@G\S^S	a\cer[ժ6\7\RM@[\}\r\(~\=\ˢ\4)\\\S>\\"~\Ls9]6E:7$ І\J4O<[\\T6q6Z\5\\V+wl-\3L;Y>GE)~KZh\xYfRilJ7Wh_\\\#@|	\ \0Ab\J3IB<Y9f9\\?\xGPIP\\{aSi^G\Z\\nW\r:PG	2\W4\I\te⭦u\]\02I@\)J\/ۙgi\oJP]W\\1T\rLcP|-<\h\'*B_\\_J|	\"_\0@\0\	p`f@`60 \'8\\m|\C\0\0 \0F \0шyF@\n	pH\09`\* @TS\"@\npq22A\m\U31@\0\ @|	\"3+!\0\\p\tP\f̴-\mP\	N\0\"\n\(B\<fu\\/ \0 \0\\\\!\0A0A \0$\-ӬK\N֧Gd!\0W2&\0\Z\'B\0@D/!@D4h\\ZnY(\\0 \0%@\n&fG\0\">g\\0MD\ C\0	%\r\" SÑ\! \\F\Ze-\\"\1Y$\0Di\02JDF6Â\0\%\r^\\Ί\'\;R0\wICΤ~\m\f=W\\\x\6_e\\?yf\2v\\6\\0j$\0Q#8.\0 \0	_Byp! m\ \_F\0DxVP\\5<\n֡w\q\cp=\K\[Dg	c\:{A\0H\KɛX$\07D#@\0\"Nȹ	9\0cǎ6k֬6\"\Z`<ܺtMoç9$\0D	\0rFDΦ<Å\0\\ ƍ\Za\.>5쥜P\o>\[ܨϫ\!\'@\0\\\\܆\:\\e\\'\\\o\\0F\0i!\0d\l`]\q\8v@03$Pn\SC\n(a\ \0@\0_B\k\0@(nL\&\0Lh6f{ ;ր\S\r\?Հuv|\H \0@\0@R_BH\\\\@ aA$\!\4MCO\?@`*DEC~\m\f=W\\\x\6_e\\Q$e\_z\'\@,\0 \0\\j\;Z\V\n7lۭ\d>4\VX\ܛLi;2\ƎD\\z,Ɩ\L\\'\L}\!0m\L\2\\M*	 @T	\K\K\Ql\s\\5m\\{M\n3-h\^\Zyxᤙ64\<\\nO\W߱z-\\gX\LXV\"T\Y\\eylY_m\ضW?\Ю\n\\\\\\\7_+\>;7[E pBm*mB\0A\0 \0$\-ӬK\N֧Gd!P(@L\2K.a]v\̘kH\2,\\\{k\u\pϱܙpcܭ৸	7}|\xSNm]\R\\om\"\n\\\vrv@4\gz$0\n\'A\0u\wx\\\n@\0HJ\y-cw\~\r80D@ g^oOSS9\0 P7/xv\u\\}\\1\\\0x\* ?\0 0\0)	@V	TJ\0U\3<@ȳ; \0\w\ymƌ/\{-\U\0\T\`ED\0\Iߙ:ryfP:3L\@HZ\%\B\"ԉwBnu#@\0\C<\Ww?\C*6\t\"M?\/~g\{Fޖ\03\(B\ld\A\ \04\K\Ny\fL߂H\\i@\f\0D\\\ @\i)1L)qfB B¤)@\0E@񥯖\c/\{\qͣ B\k\IǞ!\\\ӌJ{\ \&\)B_\3ld:`\`\\0 \pė\:t\`\l֬Y\Z\Z;\q\:@ ,~g⼬@Ⱥ?>\(\"@\s\\r@\0\0\CDzf+B\0\r%\r\, 윜\0G7a`jt\0 \0@\09#@|	\"gS\B\0a	pKN\0\"\N ZH\z!P;R0\Ύ+!\0@6ė j9\\d\07̻$0m\L\2\\\nN@ \Ik#\0l@P:>g\\0MD\ C\0	%\r\",@ wnf]:w>=\n\8^`/C  \l\0 mė =\ P3n5\B@\0@*P:n\HDJ\0\"R4@\0!_B1M8\#ny:c.FL\@  \Y\\ \0 \hė \Z=\\H	n)qf\N\"Ա#\nH\\0)\\"KH.\\ \0d\0%\m\\ID\0<3 2\\\\"ԩu]\\ru\]\0D\Hi\0* \0@Q\ M\0\l\@vGȮoJ@`n@\0@	_Bh?@ %A\Q;\\AL).\ld:`\\\Ze\0 9ė 27 \rn\p@H\>{0S:2@\0\0 ė 2 1n\@H\2c8Df\\ @$\%@\0\02GD\&5\0!\r\"\Z~\a\G\0v&\~R0%\7X).@\0_B\\@(nL\&0m\L\2\\	x\w\\+.]ؑG\\"@$\-0\"ԙp#@U(B].N@\5Q0&1/!@$f2b ,\ \I?\ƌcw\yt\I֫Wv\?\o<\\>v衇\,Af\\\?ܱ\\\c=6#{eu\\\\H0* \\;,@ j%\\{\[lĈ\ې!C\ҒK.O MuZ[LD\'A\0\$\r\;>\;\m\\\?ڍ7\\N2eu\Qv\G[߾}\믷	&\駟n]vm\\?S=z\\M鿙~\W\g=zh#@HDZfe\nHʹ!%R0EI \S5k{NՂSN9źu\f\s=\S6j\([dEb&ϭ<6e\\i]/!@\5\.n\-#@-)Əo\_;\~O<\\o>\С͜9\<@\jl뭷θ\~\GM6K\\QL\g\\\y9/Es\p3C`\Z%0u\T\w\}ݳ\/Kwz>\p\\rm\T\\\V\5\\Ec1 \0\ԢY@ \A݃\ZP ZZZ\q\6`V\\wߵA#\ӧ۰a\l5\Hl\n8y\n~\\gm\^{m\"R0\9\6D\\I\0\"~eԥg\\s\م^hs\=w-M\|\rϭmw\&f\ra	_B\gp@\A\Ύ+E JBZ0_}\\\\3f\oW+t믿\U\\!b\~]z\6r\H\l\s\:u\dp\v\m}\/q/JA:\ꫯڎ;\h&MjTjkq6Jlw\u\\.\\bi\;v\\/\\<`W]u\\n\=|\HÇwc\ܹ}\G.jn\o9\íқ8q\O>;QN>d;\\\|V(@ \?qL\7kfSY\\/)\cFB̉J	<\\Zvq<\K| \0%\r\ \z\vx|R^Aw\n^|E\Kl\-t/\\:\,\W^\-\gT@\f֊w\\$nH)֟\\[oM7\ԝ/K;<j\\\s\$\Wr[\uN;\ds\9A\k/wD\[~\m-^zɍW\\\sK+\kqhs\=b)JY\	f\~ξ! x\g\\\_nmYk3Z r\u\ռp\\l?\:߸.\/!@d{3:@f\ jFǅ#\"RHW^):ˣ\\>¿P(Wm	$J\ܵ\\nڱ\k;G;7$BHd(<\SOuBƠ\\ZV孹\N(&$\\gy&DI\9\'\0y3@#p\\6t@EځE-ӦM\;\V\\qE{\7\b^\-\\~Vb\'ܚ\\֚&e\0%\Or\FDmܸ*{\Z%@(\0\?5A,WCZF\n\\5\\\\\.UP(%@\ѣM\0\EBn\]wu53\\p\\r\{\*\vYhOc\0Q\T\ S\P!\0\@@\\W\yKD\Rfj\\\khq%<f\I&@|	\"\A\0\Q;;\(\.\*\ׯ_+\N;\\2u9W%m_b%R%@x\c뭷}\\:t\\\~UR&V*\'	W\\q\\\\W\\@\"\1@I@\0&ݳ\?좋.y\L9\\Zw\S\Zw\fx3:_Bcp) e\ \]\V\r([Vʠ\_ܥ=R@\?w5LZRO\)b\.\t/\nԗJ袋\"\:; |\n&ɖ\Cq8ছnr霴\nOu%4\~\?pWZi\O;wVrh\\"G\rZ\\W\0D%B\#p\m\uH=\\?ɓ\'\1\cZ8\\z[\Zϼ\\\ \0\\\\ \0pg3mb\tԻg\Q)\Ѱa\ܮ\#SLq)PWQ\k\>ӭk׮E9s	w\\.];OB\AdK.dhw\G\\\\\\Z\[\\:\}\b\;1Du$\]p_cQ\*.ɦ\|kfRΝ;/`ݿ;\cǎ\\?\m\$kDGJW%\\O~9\c9\=\\^u\\~\+=r\0\nQo\&v\\\",\Ƴ\b9D~:\I5%u @4|%S}\!PH\\\\"\?\ZZq\w}-{-ϭ~n\r58)w/!@\n\3`@ n\8qj.q\I\'\\'L\D^zɥ:\Cm(	S+K\;a̘1\K\6\l\V\'U~\ȑnǅv(Pt<裮\,(\re\<\lT_	믿m\f\\K\\:$R\?\6iҤ\\\n\Q\V޽{;aDbXz\\'q\w\\k턖\\ΉJ\!>\N\X4\޽0KYj\Np/ѲObƯ\ZA{e^S\\{\uųXF\[YΝO\\~rB\"\9q4Ä@\0\!,W_}\v\qGo\k\i\26yn\sk\\y\"@|	\"_3\B\0	p!\0@\0$\0Ja4\\"\0Q>.\0 \0\Z_Ba\p	 \ \e\@-)´\9\0ML\\0C \ZϜ!\0\\0%? P\07f5\ %R0EIuz\0\0\0 \0IDAT(B\|@ @\\\@	_Bh@ A$\1\p\rGN(B͔\0D\\di\%\0\\\` \0 \0չ͸ \0:	p g\0Df\\ځ @\u7LwB r#A@\0@_@\0E	p`b@`6fB	 @4\\\\"\\-#@)ц\\r @\0@\_Bh\d#@ ]A\_X\\r8\8qV g\\0 \0@\0\ \0Q݌\l@ 7A\\\H	 @4\\\L\-#\0 \0@\0I!@|	\")s; \0\0`N\ @4\r=D\0P\Ev!\\lC\\\02GD\&5\0!\r\"\Z~\f̴-\mP\\#H%T-F#@\M	H	P:R4@\0!_B1M8\#J7\no\}}\Gy\Ø!\04\-ӬK\N֧GIG PO\nSڰa\l\\\(!q$À\0 \"\K\FNcǦhTՙڡC\`ff͚UݕM<\5>]C \'J\|\T\\/<\H\3\'c\0 \0Pj)B-\a\6a\BQ\$$\0D5\0@86; 0\# P\D&Zh!v@\K\EL\\B\0\	T#@|6dȐV\Al\v\m\3!\0@h0\0@\ @ @\n\3`@ X}mv<^ݡm\\"ge\0E\\䏏L\QZ-\\\F\g\Fx\x\L\б%\0[\3p@\0M#\0\0Ѵ\G\@	\]aAQc;w\l\}\\\o\\\arX\0[\\\6Ə?\\d>7~>\W6\٩\\\xYu\\\\6_e\\\\h\,\\}\W\\{?\IR\\{\\Ľg\Z\\J>\j\7_?g\\=+\\'o~3q~\Ѷް\ϗԀHh|\(,d\0; 2\LRv@ԅ# 0\I6sخkAk4(\Q\F; 1\v@d˟@\Z\fD\Z\)6B\0M P\-\>xq\n\\Ԁhc\\ \Z @0%\\"&\ݷ\b4j@\\څ@c	\\6~\rjc;7@\0\5\\< P@Da1\Yf&\0ibppS*\ԩSm\5!xH\1\Z\0 \04\0D\&A\0\\"P\\9\\):]#\Z\'\0i6f{ \\"@aÆ\\ѣA\0\0 \0\MR|\Zu#WZ\0G\ff@`&4\0D=\I]\n\"p\m\uH/3Z@\0\%@|͝$\07ĺ\\ZL`ڌ6e\r\ݳ=\f@`&\E Lj_\".hh,P77A\0%\0\Ā\0 OL.;YݓaVd\0Df\\\@ \0DhT@\0 \0\T@ kAdͣ\0 Ж\0)\C\0h6\K͞$\07:\ZNL\rGN@\SA&\\r 1\ \0T$@|	\$\@ A\\=P3+ML\@vGȮoJ@`n@\0@	_Bh?@ %A\Q;\\Af\ELq]$\0Dr}e\0JDV\6\\0\$\rN\\qej\0Z\%\pP\'\E\	 @D!\0@\K|I \0%\r\ 	\&\0\ld\A\ƿhC \0@a/!@4l\ .\ \\/\0D|li9p8z`W@\0\0 \0TGDu3!\0\\W3\\n \"\&\0\ldPg׷\0 \0$\0%\E\\0FD\9M#\0\4tB\\ \\"KH.\\OVMX@\0#@|	\"sA\0\\\rGZI?i3f\Ė\6w\\0D*ݖ\nI\n7a$\"%@\Hq\ \0 @|	\"\4\@ A\\\H\"[YΝO\I4RL\"\)vCF5\2@\0\0%\'B\0\&\r\"\et\0 \0\\0G\0\">g\\0MD\ C\0	%\r\" SÑ\! \ `jh@ @$\@ \'/!@\d3L@Z\ %\Y%@\z6=\\"Sz|6K)B6a/\\'\0Q?CZ\0 \0\(\\\\4\\\\\Zhcǎ\ݡC\hg͚\|\	&\GX36ܪ\P^}huze|oi!GC\0\"\ZR;P\Ύ+\\0\?\o=\d{,\_\ [l\\02B\0\"#d\0RD\\kc\=/\\/io\:S \\\@NH8ir\hg\lvf;XϪ9y&D#@$\Yb\\6v˃\]\"\gL%\0[\3p@\0!p\ٱVMMq\07aڇ\02A 7L8A\M\0n4P\':r9 \0\3}>\0G %\\C,\0H 7@\0	\\\r& \0@\0\0 y/!@de2@ VyA\\n\SC\0\"5ʬum\\\{\6M]@\0\0 ϾL\%\Π*\"7f@= \ǵi&\0f\e\vl1\r\<\\n~\i0!\0\Z	Fp\\@\0\0D\%0m\L\2\\	\Z4\0DS\S\\A\\0Es\p@\0 \07` tIA\0Y%t\4\ҹ\\=Cd\\	!@\n83 #\\4 \0\"@\nPүkaް\E7juze;\b 	p#\0 \0@\0\1;C\0H<Ɨ\ɇ@	\QNGQH\(\@\0@\ \&L\0 P\0D%B	;; \̀\0 \0\u\]).ʌ`ʌ+J@`r@\0@	 @4\!G	\ \0@\0u@ \M\"\u#(BA \ R\<L\0 )q$DJ\R0eș*U\\\ @\\0&@`b@  \cF@ \ \K\0\0 \0@\0@	t<\\3o(B\0\0 \0@f͚UWo_^\h^j\\\/\+56ch\QΞQ-\Q5\0; I[\0 \0@\0@3	-E|\"\b4/5M#@\U64m7L;5\0DCq\YL@\0\0 \0@ +Җ\;6DZ}\\'\;ۀ\\c-k\\\'l\s\96\\\ss_}U;\\.?\\pGi&\\\RK-e|\\nQQPz	 @\K\\J\0\"ˎ\\e\G\\{\6M\\A@\CZG\\\n@\0\j\\\\ @\8guPXBB\n\\+1%JQҤZ	 @\J\\N`ڌ6e\r\\3\C@H\Rh6ES\4L@(B]%0N\0 \0\6\0\\)tv,w\q΂aÆ\\\\;ڤI\\ov\\^{m\H\|\\\~\I\'dp3\6\d\\\ig\\M\O>\\g;찃]z饮n\c7\x9@vu\\;̉ Fr\^y\v\E=\\\\\\!;q\)\\"O\\+J\0@9nf]:w>=7\\0z\\rܸ\\0D\\!\0$\0)\Jf׿V\Z`\\r^\qFXW\\رc+5\߽\0 \k=-\BN8\m\.x/\AW^yŝ~L_}\{>h;\SMbBL\ZD\0HM\>\\~\"C\־}:z\\*4\z-u\\\\\(I^}\mvkHXiJ\\\I\0\4 B\4@\0@J	)\lTA\0\nX\n@\0H[|) 4k%B\~\ä`\5_~x≮Ą\r7\еYJ$r\n\0<7k!\}(%@\s/R\Z_=\\U @\{GUHB]\8%	\@\0@V @dœ@z	 @\wi\]>MG\\\"\0!A`]vi\)c\0çVRj&KA࿃\\\m \n\z\.~LT8\r R\\L@ (BIjP`J0@	 @$\=@  R\\	A^@P\\bP݇!CHv@TJj7A$,wE=C)b\}m6)\\\;5\n4\\{o1cI@\0%\0\X\֞\0E\"@\nF4\0D\\3 \0\&\06BA3\<\\YXj\n#F\ÇQIm\Ͱ\k t^\ \\N\Q(@\TjO.hk\nB!%hOa\n\߶\n;{\\']\4\0)E~M\0\\@PQ\\#\0\<@\0f͚y6B`UW\\s\|0~̘1n7R)p_\\Q7׎s\=\.\wDvDH4iR\\POF2Vz%ji	v\W\E]\>\8@B\A}B{p\ԩ\k\"\\%\fHB\LV-\g\ZG\0F\ft\r!P\r=\j5p. \0@ Ri/Q:%E#9jl\7w\\Q3ԤH\\r\"+} \糬Y\05&w<`Jo\0 \0d@\\KY\\Gao\|͙#K\ \EkL\0\"\\ɇm3\0 \0@\0@-\7D&W]uv\i\\<̓\12@Hϰ8\Z\p\	 @\Ύ+!\0@-R01# \0@\0\@@nƤ\\gy\\g<򈭳\:)B\0\"/f͘i[۠\=@h\nv:\0 IΤ[ \0\H\0\")\{W\\;		￿l묻7.\^i\n\0Jxeu\\\\$@\0@] \\\\\0 R0E\0M׿V\Z`\@\n\\Z$3},\v\gdf<$}$@\\\j5\`\Z?3\\DHk\0 \0@ \ r>> \0H[\rv@@5kV6&@\0a	 @%\yy!@\nxqB\0\0O\0\">f\0N\0\"\ɾ4\@Hɤ\LD\0\0(B͌h6R05\@ ; \KF@  R\98\n3!B)t\Z&\J\0\"V4\0EC@\@\0E\0\"&N\0 \0	 @\7ʦ I[@\0m	 @0#M\0\@\0\!\0_2@\0i%\0\!@\Q	@H\09V\ B@\@\0E@AV\ru.\'A\0\0\ \0\\D*MB\0\0m	 @0#M\0\@\0\0 \0@ *Q\<rL\0\"\\g\E	 @01M\0\@\0\0 \0@ *Ͼk\G\d\t\\f͚UWjکb*q: \0DhT9qt\0`\`\Z \0ɶ\:`J\0\0H\0b\Ǎ\Za^ocǎm{̢pPS@\\!3f̰;\\\n;\ll7ӈ;\Z1\FǮj\m\l緋.\&L`Ǟv\LԻg3\+{\\N8z\\3\;2\^{فhoy+2zh\֭io\Zy @46}A\0\6Pgۿ\0\'E|\\(y4\r!\0`W\\qq\ֿ6\s\\\_o,y\M\\gm\\Jv\\ \nϹ\{m]vig\ꫯn;찃\\ֽ{\\\\(:\Ol\w1cƔmNc=6t}]~\v\M79߯ڶ\\6\lc\z\6\\\sn[ZZ\㏷\\\\\sM`\\wgy\5\\afs\=\x\\ۺ\\\<	[lp\2\\cf\k\h\"j0*B\q\g\ֱcǈ,l\̃>\\\u\\\z.4o\7\h\la@\0\&lQA\0HR0\[`J0)$\0\\n\7έ(\\lm\\|\6r\H{\젃*5f	Z	_JP\hVksK.\C\t5jV>\\ZKd\ $.z衶\RKK\u\]\\v\=\\ɓC	GJy\#\\o\rr\_ܾ\;\'Rs\1N\0\]p\\on@儌O?\\CW^\Ə\D	b%\\\\뮻\	X\>}\\g9\>\ThGk\SO\\\py\\n\<s\L7Ƿ\j+\oe\\Gu\KYu\\\\}\8 \0@\0\@\B\0@(B\\D*MB\0@Gꫯڎ;\\˅\Q\=zN\'|v\9縀_|\\v\5׸`}\GAA>	Cn3PS\\\:u\TvSLv\\OF\Νۜ1\\=ܢ;P\2\|\O<\0!]v\e矻W,δ3mb\v)dG1(P?##N\\0\?\ga,}\r\F\\\'\y\l뭷l\Nh\oUjS\ǡE\cliS \O\02N\0\"\fx\0R@\0\"N)qfB  \\n(\\bA\B\\DaN\JNjX:bDX{\\x\Q?\.lKe\l\j R]\ZDP1N\\"\/\\\ߔ=a9\0]*J%_k5\\<\y\ԜR\[Υ	\@*mB\0 @0 \0@\ 큐#@\i@\\$@P_Wx\V+:V\\K]z\'3SNqy\Ju\-\G\gLa\)&@(x\	?Ǝ\\*>x\g\n+`o[J=\heEѧO֔@Iy냟_|ѭ\V\0Z@\[;[ԧ\\(N H׿\+uRjigv:ւ篲\*.U\\sT\5qѡJWu5dx]U\\nkg?\rV4TIC)Tx\v\\\^w\\q9묳?5\~{;\S[y\b	*J;%c\ĉ\r_z\%gvk(Я\v\hgƐ!C\\{\%lZ>ݙj Ml5_sr6I|Pj)}gQ,u&\\\'\O?\\\\\\k\|%JA\}\_\	%\?\\'k׮vᇻς>\ߴ{G\\>ֻw\v\Id\\%}ux\\M6٤\\Rn\u\]u	+5 *,p \0\H\0Fp\\@\0@e\r!@\˗\!gY .\{\]Pp\oWW\y\\p Cop\	.\\k@9GsFAr\A\nr7\\0\0 \0IDAT*\\WdZE%\Wrss\\Zkeo~*@ୂ\a\P}MJg\gqJQ=\\`\0\wO(%\\x\X\Xj\15Lj/\{\]qg\Tx\m\С.ן\'\'(p\0\#Xžקv/[\'p(\-Ꮗ\\6]\\ƉC#JQ$QɳU7_x\\\_w\W\\\\0D coLR.\\\o4nIbjVTCsMd߽ ;7\p\VB\V0_.\&1R\4\S[4\3\<\\\nx\\w\\'*0\k`x\Vݘc9{\W\񑐠\\H\\r\-\w0\\޵+JXd\Ċ\ϵ\'\\rM\#\wD\Tcd嗏\09R\Z\0 \0 @0 \0@\ 큐#@\i@\\$@?\qU :]AF}\_@\йa\Qa\;\\Ae\֡ \+pCKAB\תxjv<\\\4+\*;JRpXAr١\D\\פPUCZ3\m\\\\n\\\\_n\ITJa׎buB\Lw	]\v猄?\\z?Nw\\	L:BbJ\0]w$HP\\}\\K@<xpY\Zvps\VvdG1@~{\\Yg\n_B\\\\\n#@\\\sGG)\D?kc\Eu\oq-\b\(vv.\\X$ISj.?6\W^yō[~Zc5\UuDU8\0 \\VqB\0\0%\0-\\ZC\r-\rC &@ȡJ\ZU\J$qcǎ.E\A\"\9AҊb}@+Ճp	JW\"J\S\\0\B-\ƪ\\^$(\n\0wf\_\eR(\z.u\\~P\9%\hwÝw\\fE)\0Q\yP|\\\\AQ8\bA \n\H\c\chG%o߾N̐ \\nŎ0Ą	\\\Ec\\\x\#@H\0!L\"\/\%Va؄\%NB\B\0\0 \0@\0I&\0d\lCH0)$5By\ʼ[n.˳\>\V\+`CxK	aΉJP]\n[zaB{\^\\jU\~Ep\+@hD\w\\I\\-R\\*tR\]HAa\CB@\1\<\\\	\nMx\:\՗[Ў`}h\J)*\V\XK\d/6Wj $DU\\P\	J\\;\\h\nv@F\\0 \0@\0@\<\K.\4\X\\Pf\PzZjq> @_?@vw\~pwC.]\\\\0nV \aСs\^ntj訴\^\\@jb-\\\JlC}]0v}\馛\N?irU\\\F\TR\f\n\nΟR5 |i)t\ָCDW_\Ȑ]KZ	Z&\\\n\b5 \nw)bLkJLT:\Z\"ž{\n|k_\]z	求\@*\\\W-/`R(E;Q4ϴA|eDw\y\ՑP\\xW0ͥJ)ԞV\n\\[\ .\n\qx?\M\rw΃\0 \0 S\<=\0 tÆѸQ#\+\\j\fQ8\7H NBRHA\\7\\	\]`\Jo/~㔚F\\V[\i*֫@\\k\V+\gm\'Nt+%<\"\OAX]๊T8ȑ#]&\@(w\K,\Pp^\-\8osP \\\Um\\\c\\U<zҤI.HP\1U@XSGث-jV@Zy%4H0\!\\.c`\h\?wb{\\\W׉R)0\T鐐kN?tԖ!}\R]\>yejch\L|\P\0\\jGRh<\w\zpU\K\	\ӦMkk@\\Jb\\n\\#qDAq/\k\i\]`k[8\D\"|\7Ʈ\\ZGi\\\K/]t\V\wHt\c=\u\\":LA~[Wp\{>b](s&\KuȲB\T,z\UW\;1D\8\_y\V\A\\UK\\ｘ\N`\\#\\\"\g~\㲿\el\\F\+\~4!X#\)I[\0 $@j\ \0@:Qķ\QΎ\AUu\\@\\ \Z]\/~u{>}J\hžۥ\U\Y)k\A\%(\-\brs\\nn+\4B\n2+\91\\r\n\:\oZ/Q@\߿23b\;Aתp4WJJ\#E4fǌ\\,F\B7\U8 !A)Aň\Av(h,QċE~,\r+\\r7ܰUЀ\.\M0zh\V\\\|d\	$iվvPh\աtZ\nKDQ_|J,Wj	WVXav\1\Z*6ïW:$?\Oy\SO\\ӮI:\u\՞D(m8\z\..&\i~\١9tM\\:$hg\	\nS֜*.N\"\)톐/\4W\\Xs\58\'\4kH>\d0M?G{\r9WM\r J\\\\<@7>@vШ?\ܐ\"nŧՎRd\r\-\\@*mB\0 @0 \0@\H\l\L!Aq\Z P5\r\4Zu\\nw\4Tv!qC)\T\;\(Ul뭷#1G\"KDTi\0 \0 NB؀\0@\05@	vYhER\\`а͘i[۠\=S<\\L׮s\ΐbM\ R\r\)AB[Ju!4_\: \\"K\0 \\0 \04\0D=8\r\0D\ȸ O\\nb+\Qa`}\{\E\&\\;m\7裏\\\\\>\Չ\\\0\*u^}D{\9Fv\HXPZ-\\\AiT\>\q!@D\_Z\0 \0@`6@\0@	 @4\!G	\ \0	 @T2B@u\nT$Y5B \;XE\U\\f(ƞ\&\\Pxjt\\\C;UDcOo\0D\0\"O\f\0I\0\"~igDJH!:\rc%\0+^\Z/B\0i@\0q@,\B\0@XaI5<&;\!av.C\0DMظu\R@\0hC\ki\_{\6Xa6)% \0@Q \ZE\~ \\\@IL%\0h4F?@\0\%.B\~\͚5+\0 \0$\0D\\\R\ 8\n3!B)t\Z&\J\0\"Vh|\ԩ\b+DhT@\0H\̒gX+\0\ZJ\\w?t]r\[kg\+֫fj\'=?DS\ \0J *\\y#\07G;\\\h뭷]w\uh}@k\0L\0\"\\g\\0 aËr7juze;6\n\5j\!\0 @Ԅ2L`ڌ6e\r\\3ãdhq\01`\\7\`BD\\ޠ]@\0#\0?3b@\0I#?pY\\8v)o\"\Yb4!\0\" \0# b\u\me\04\\'\\_o---v\I\'\\\s\\0~G{\\'\\/}\\\[_\nX\\N:\\G\ԯ^\\j\\wߵ\\<@\|\\\\,;\riGnݺz䈖\0D<i\r~\ٞ{\\\+\'x\\o]tijƌv\w\\w\m\w-\M\(;^uwS8eN&L>E|\i(7΄\0 \0Eڀ\0 0@)\q\\\\/ފ\"G/\Zu\W\G\.8\\>l\k\\?!Cر\kK.d\\o\p\E\\oo\sN/\\'O?\O\c=\fN̓p\W_}e|\Z5͙s\=\\С6h\ s\9#5\\O?\\?p竸\ޮJ{\\\]V \n\\uY\\\q\g\ֱcǸ] w~hcƌq\'\\իWNݿ\\\Ns\\\[\~m\nw\u꫶\k N;\Դ|y\7v\\\t$@\\ϷVZ\=\{\n܅\ꫯn;찃6w\^i\/#.!D\s\ĉ6b\\}# \-DL\\,b$\0#\\N%R0\m1\0\\r\r\n\w\Z8n\80aB\.`\-\_\\z\-s\\.\\"\5O>\\\\ώ;\h^xaC\\^]w\\\w_\m\L\%\\\yڝp衇:Q^\ѣG\7\|c7\pWyje\K/\j\R\ά9sy\nE9#\0K]j%\jٍ7\\NP`}_\@\v>)Cbv/\$^\_j\'pm\f\>\;\s\\'p}n\'J@9\S\]tѪLP@ꫯvy{{\\_\vEh\\C=\>[fe\"y(f`U\r\\\d崛N:_~e\j\Q\D;\ \0\0\LD/C `\u\0\\\n\T	}\7`+\ǡEG\y\\|Ӧ\=ܓfۄR)SZ\\{\ j=Gv\yg\'B\u|\gn{łz0յq	\'Z\կ^\Z\\Vez1;\K$\\r>\}$qDC\0\"\Z?\^VM>\\zZc5Z/\o\nK\裏u\Q;\l\\\NB\g\Y v\\w\UX,_x\W\^%ЋGV\Y\ \\r	m]A\_\'8!0G\\t\0\0\E/C \wG\0 Ж@\NlGHĨfw+Նz\nb+E)\ r_+U\6;V$H\n<\\r^\V\/E\Zk\\\Jj|ǹqP5|/&@(xTb>[ou<\4U,Æ\rsA\\$(0z/\qW,\SO=e\lo\$5aMBvA\guABmi~ve\\0\w:(\.LKv\u\]g\\pKGȑ?\zX\8b!X\h	\"\\K\\H\0\ZB)$?\JQ\9UR/\\3O\\0\DZ\r\\~;\\Bi\Zt9:\ \n\ZS9\\[nq)1Tz\muj\\\[ouV\!٦\\\\"\]F+9\jMOUlEk\\\_\}An\\\X=\3\J\AA#]NGi\_J!\?ӎPPZ.8\m\s$4>\:P[lE1T\\rvSykh5\ה\nP\u\\񸾔\0\{\\r+~Fi\\T\\\䥗^j#Gt\W?\[t~\,A|ҤI\&I4jC\t9\Sh\}\\\#Ԇ>R\v[+Xn)\4&\l\{vL\5\G:0}W:\"	<=.e},\\;\\jh\\\\\%JR/o\\\3Hiu\gJ\`?J\'\\/\O\\TsIs\g/t^E\n\>\/\\\1g\e\sUW]e+=tO\9\[`B\\kQ\ӧuG_L\\\\owc&[ԧj\(NE\_|)i5\  b\q\B\0\"4b)v^L+@P\"\*bB5D\0\\FPV\\rtPhTA\\n+%BZ5suT:G\\cT\L\1VYe\'j(Ϡժo Vf*=:p\\\n\"\k\\>馛J\nf\\\=\n|)_\~P\n,) \n\\\\\ħ\56\`\\\\ǮA\n}MR? \nKșc9\g\n0)\f\n *Ȣk\hѸԯ\nk\\wc+,]\ά\n~ԕp<\Q?k\0\ȺVb~/u B\~Kxh@~[{\+\7o\Zk\W\\#\[mH]x\\o~\n\7W\\\nv\׎	\n\\b*٦K\nK)\\U\b\\VɖrJ(\oo\#.QAtݓtѸU,\\:ZJ\nWI	bk +A\nf\'J\\-QZd\+N\5 Ծ:Wy\\N݇t/\,Q[~2կ~\\]o٨>o\7\tK0v\B8RL\ndLLd\\+\l\\\Q\\Mq@@u!@Ċ\!X\h	 @\y	0\0N\~2!\0\\n\\[\#\nP+ լ\n\,\.%\7V\khR\IQ\Qm\1\NS`7\h\՜>zGX\{\G\\KH$h\rjK	\n\:ujű\z\p:$.(U\˧ӦMsm(\\SJ2\\\6\Jf%i(\nyᇡ\\2\<{\W\\`PO0~r~\g	D<>$@Wi~oV\\q\րp\E\~\\n\\\|Z8\yD}:#\K$RH]h\\(\\\=D \\XTK	lS=\0\\nzK8dK~ߋ	~g\'[\=S$fh7Ėb;%4\4Qu\nEOu|*>\=P(@\q\.v\\2dK\kahmnߗӃ\$\\$kܕ\(6e\g\|!;̡ص@vv(\\\;!L\7~.  b\q\B\0\"4b)v^L/%@HxP.\\p)< ฟL#@\\_\0\S\(A6ү\K,\v \IP\A+TJ\(T8F~\\\F\(u(@\Z]\Z\\Y)F\R\n\\\\E]l\n%[}Y;\c\\;}Q.Sw;\+\0߹(cyj\"o |\JW\\\nד~F`\	-+6:_A+-ۥ\2\+\\\\rrD%\\\4Pҡw\+	-WG$0Kԗ8.T|߅dS\\\~Xv\i6bE\\Z~-6߼=\/\Z\j\\>(\$@H\3val\\Q)o6\E\0\"\\E/C `\@H``\nr7\"ɄJPrT\\Q,\\w&(U\k دڡZ}Y\-\P!muV_}vC\nd\V[m\\R\U\0Qibk \T?J\-qF\=G1\a\BH*B>\쀈\\"\Z\[\\^x\?^$D:L\V\+EA\\*j/ܡj *\\wiFpG[pգ\[յJV\n|\~F\!Q[Cto+vڅR\q݅\	\	(\@\"Dp\Fa~GGA9Q\ќcD<IIo\"\9\0+^\Z@, bJ)&0m\L\2\\\Q`zHP\r\+\\6fy}\\FAEB\^oPz\\0\0 \0IDAT֣\0T\ϭV$R\\~hR1Hn*@KLݺus\\ץ\P\M#R\pЮ	\ SnZ đ;WK%֪\z\rʙ\\\Ze}\\\\\uJՀP\5I\UDůCo+J|!-fP~ѓuP\\	VP]\v\m\\uBRh߉}L}ڣb)¤`*e\\nzvv7(5P\nB^kGTy\\y[*1\\\B#د\:\s\q\ݝkJՀ\_|\*O~	~\\%\"ƅb\Ql\>5ivL*ݕ!j_)o\V\<(Vy\J?\\4w\}\g\BAݏ\Z|\u\rD3\Z\"V4X @ĂF!\0ЪbJ!AH\d<y\k\oޚC\t+╺A\$VJ]	\n\+@\*Z\\ߔ[+\U@Ry0R0\\\jj(t\nD\|Zs\U_Am\fQc;\\\n\\`\2IO/^AV+_DR\rw\y]\\ԡ\	Z\k\n( %-Xԧt/]n\n\\.hU*کR\n\\vu=z^\Ѯ\\bT\k]]tc돞={\Od\N\tO3T\\\0\"\*\^fy8_7A0\uH%J{@\nC5VaFJP\	Kݠ\\\ⅇm\oOЮ\\\~[{\k(\\^{\\\\\jc\ȑM(H/[%\\H \o~\.b\u?\\\*\\}ث~\CmjG+\W\_\9P\nb\;뭷:\*\\"{<Ȓ*H.ڥ\%\\'E#L>2J%(\>Q\\٢ԅ^pPځ\ӲAO\\\X%n\\nЋA)JM\lP P߲E1TB\	J\ѓ&Mj\\Yv=\\V\ZwM6\ĉgz\ Q[`H\3|&1H,|C,.=ڬ\'\rY<\fZmX\Dxi@+B\0M\0\"4XOԊDV<Q @\C[\PF+N\}ݲD\n\E\7h\0\\nR\9\\'s|I\'<\\r7ܰ5_\,J`P@A,|T\?Կa\j\\@~\X(@\-RLH?T$T\`:Um)ȡ)\\RT\Zږ$\jS=\n\niv(\$@N\_Y\niRQI<-\\r\ZԦV\*Hջwo7\jPQn\\]Q\\`a\R\٩\\"/K\[\䈆\0D4}+\&\I\'Ԛ\\7\tBv\\F\nKwL+\ʋ	wM\n^\CA|}o_K+KhsA_I\.1]u(\nhκJ@\=B]P8{\S\6߮ږ\C\/,\لT\\&{u/!\#x({bŧ\*M\\Z\W\,1@\"u\\.Y0\Ӝ\\׼(\U\w\\vt\\٤\\]1/g\nC\_Bt_1\-\w/kRVI\\\(;\Y3vhJȒ@\\IkI\'\0\0\E/C `\ SR\ R\8̆@v(VrT&\[oVaK∆\0D4i%Z@\nAh{+ߚDrŧWK\.\\\Zik\Z@Bdk\\\'Xg>Dxi@+\0ES켔\0R\a6\nhR_h+>\OJXs\3\#\0Q?vIU\׎\VЊF\nk7vjECu6\_u5<\x\\Ю|@@u\Q\\n)nӋ\\ƃ[\t\&\[\3 \[FVڸqU\ jgǕHժPJ*\TKiF8\P\\zPj{iT\1/@ȋ\;NV*Ւ\4}>\^#S* \;С4B@Lb\s\"T=u\{_%2۰\\'Xg~\~U>C9JA\~GBQ@&me\0D1 @\_XrHS\\/\\\\hO@Nu\\\+\n\ @\ƍM\\ov;.T\\+kU\I\T&	V\1\O+\4\4\Xg]\b<Wv\'O\\n\\} @\M8\\#@\\=fE	 @48A\0\.\A\0HX\jV>^x\\t\MbW_}eZ#SNrEo\G\\0@D	 @48A\0\.\A\0HX\jVBH\\0\ƛN\0\.@HCr`D\!\04\0D@\\r \0$\0\0\\#\;\\\n&u\\\\_};m-p\\\\>W\\c`\`\\\Km\ȑ\Qq\\'ڒK.\\+Xm\G\\0@D	 @48A\0\.\A\0HX\j\O?\\o?\;]8{\9{\\C>\z\\ӧOwE%T\o\.\\r\-mV/\\:\,{\mԨQֽ{wwD\6#@\~\n\03mb\tԻ\'l \\rL\'\0rA\0\"nf\0M\0\"\	7B0ABÜs\igq\\=zh 0`\0\3\<\ćS\\s\\vO\\\"\K\\"\0<\0 \\\\\O\\0D\0\"K\d,\0\I\0\"֙g\"(4 nF;vs\96\\\s\r; bo\"S\0\0@	 @4\t@ C 2\L@   bS- Zj\뮳%X\"\\I\ @07 Ж\0)&\0\h\@  \[F@ -  b\E]Ԏ?xR)6\`;\Sl\eu\=\6[߾}\\\}\\0( @jD	 @48A\0\.\A\0HX\jV\u\]mv}\\:v\\\\?:Ȗ\\r\V\N\\\\_\\t8\3\\ouū#<\\o\k b4N\r\\0\@`R4\0D\ \0\@Ȯo \0fx\\\\SO[n%t\'K-\'fQ8\\\k\ѧOS\^z\L3f-Ҷ\6ۘD_\A\\Ga<\\>\_}\y\my\1	]t9\!C\\j	\Z`D-k\`DXRytrƉ\0_`	 \0Xfe\߷N:Ɏ:ꨒf\"@$Ճ\@ \w^1cu\\\\sOȺҁ\0\0Qi\,\nu\b@\LQL%\0h4F?@\0\#j\K\۵kW>|xQ!\"}\b@\0I&\\?QN:U\"  b\\E+\&\0L\0s ˟\!\0@0\0\@ń4x!\0@\\'\0\0\G/D<\\i9\0b\h4F?@\0\#P,\0TL@Ho@	\"  b\i &M\\6\\9\\:\\^k\K\Y\\\s(	\"JYbƀ\0.a- \0f(\0\n\n_|\rnfIG\\f͚Ռ!\\' \0@O1!\"֩F\"V 4@H0͘i[۠\=\/\\0D~}\\!\0%&\0\\\б\5\l\\oj+r\n9\0rN\\_\.Ņu\j\m\\maË^7n\\\x;vlv}Rm!\ZҤE9\AT@\`@	\\\&L\\n\\0rF`\-~\nēﺡ\.!a\0 P%\n;\\W\=\&\|\\"@ @7U\0Q.N@\" @$\\r\\0; r\|@ $jv@tyW[g\\m?ޮuR0\i\0 \,\.;\`iYH_\\Qķ\\(\n\hMC\0E @0- Ж\0)&\0\h\@ }*.޵kWD|\\0L\\'(<q @P\"\9\0+^\Z@, bJ)&@\;/#@\q\r@J0|p\n\+\\Z2$C\!!D\A*j(B\\"F%(L\k\$c\Pz\\>\~\\\ݟO\ֵ\\\\u͘1#-B]cJ8\'\\\\\N{\\  \n}, \n\k\(D!X\\ j켚\0QS\i$ 	4dDNq(	H@C@p(@(@h(@\\%PB\i	(@\\y55]\l	H@%HvD\p(	H@CDҤ\\"<(@\°DDp\ZP(\֖Dm]W[\ j\:\r$P\Z\a\ܹ\㏏\](\%$	H`h\\z\-S-\	O@p(@\\%PB\i	(@\\y55]\l	H@$\0QAh$ !#\0\0Q\W(K\n`\\ZPjjDM\*H@N\$	H@CF@B\%\0Q(^;@! \nj5&\0Qc\\\t:N% 	TDIDK^Pv.B(@\NkL`\Ea\\)k<M:yK[% 	TDuD\\\Pv.B$b\wݲ~\\_?>\|\Moİ\0\/	H ?\n\'	H@菀D+\'\]\nA\L\"\0q\\whV\4E_ Ɨ?$ AP$}ǖ$ (@(@$(@\\%P*9\NZ\qL&`\nA{`\W>;c	H@EP(J@@V\n\nY\J_\ \\M$P!3\!qӔ$P ;$ 	t$\0\0Q\#\0Q(^;$ (@\0\!FPpAH@@^ \"i?$\/~\N 2ajALpF@@\0vّD\"\0I$ ~	(@(@v2ݧ\0	$P_\\mT{5RyPȋd%\0\$ 	Hn$ 	M@B\5\0Q(^;@ J\\`\"\0Q!g)\nC\h)	H\n%@v	H@\H@B\GDPv.R	(@\*D@B\S \\NS@	 J\$\0\e\ry\\ŋ\f\E9R͒\P	t%\0\\r\)q\\\nOK\\\4	H@5#\0Q3i$ qH.q\v\o+@pP\ٵ$\`\t\\pQ=0}\\q5/\'S]\n\I@yL{% 	?\n`*tU+@\\%P*Rq;$0\ \N]M\\}-,\\#|$\3y\"\/l\4$  \n]\\n\s	J@T\&	1!v~	S_`A\k\UW]?hQ-Z9\p\\߭\J\[\Vxի^U\~x\KG>G=P\Yen\N\\\{lxӟ\b\0}=\0\Y+\n\n.XBڹJ%0gނ8\\Ik:I`\L4h\\n\\f\C}\Cᗿexꩧ¥^\R\\n\pկ\\pAXs\5\2u\8<H\+\;\񎁌?\A賵\ZkTP\y\{^K\r\^Ǯ\$EY\ש\\Moz\\J\׾o\BWDx\\\J `\ ;\(\n.	\|\\}\{_K\g8\\\\\𒗼hS2(`32OZ	\p\xrvAsQ(lI\vz_\'\\~={vx\[\:\GKzP  \n]\n\s	H@(D	B\5P*N_\a}	\\q\+վ\x\h\fm6Рڠ\04/\\7\i.\\"A9F\*@\\Y-L\&@z\SN	ӦMԧ\\\k\\i}  ]QM)@\\%P*S0\*D@B\S<1$\4\|\x\Nn\}\rzjX}\\Zp\\X3bҤIqg>\\\m]8\CÞ{\;\\Os\=7u\Y\/KL#&L\\W\\1\\G?\p\\:԰ \\&\\^\;\Y\\/6\\\\\}\{QtW\\q	\92k֬\\o\\뮋i\_<̜93\\s\51-\QG\\K|0}ѱ\A\eY&l\q2cn\&#\'Q\~\1ǌY\0AAj=\\\\\ *\u ~\5yM|t |_ΰ\l\"\	(@(@侨\Z;T(KT.UD1$(@8\nG}4\S\NBthO\	!* \"\y\1X/})\\1\cE\9\g<c\Z\\b\N;}\yK\(\\rĐV\ǖ\/<\㎱\rt\\ӟt\e]8\X\e/{Y7\'A9蠃b{D\~\/xA\i¯~8_\\W_}uLjq[\\OYL\7\\$\0QA`R\\K\w^|\\\8V\\\M%D\\\OC~yI@~Ѫ\	(@\\FPpEM k\0!@ޮ`uV[S  g>1\\n\\\?+Ues\VAy\n6\ڍ\\^ND\oo9%qb\[lEl\\\rDD\\\}om*;i6\|(@?\ .,\u%\0\Q{_#~~\{<y\ˤ|_\^	\"\0\0Q蓡\0Q(^;@ J\\`\"\0Q!g)\nC\\N3\0,;?\ǝ^Az#\/ݷ+\\,J \ZkQг\؊;IQ\)vl.\w+l\\'%&NP\w5y_/ zU\\\\_}LS\G ߟ\7JW0\E\%\0\0Q\\T(KT\n\v\nP3\!q\0ً\0AA\]\\\N C/8ڵ R\o|cx\ۧ\")8IB*\'~\\/~D\z\"\0\\5nN\Sޝֆ}\r՞DXPv.R	(@\*D`\Ea\\)+dg\n\ٻ՘[/)M݆V\'Ψ]@+`b\\'?ɰ\z\\@>{W]u\o\9\yN,\"MAH)(\{\GdDM\.,su%˟p\GF!\\=\yOlD\ͺlDVR\l}]\	\׾hU(@(@N \n\k\(DLb\nC\Nʣ>8:A`Qu{]X}\c]\"\\nfAkѢEQ$\e]v\\?0iҤрFw:\3G\Cv⊱\¿p\1Ǆ1\9u$̝}\1\\\(@qi\M\\֤F\\K/R뭶\*w\qaZ\~}\%\=1w\ܑ{_=p2\NO>d8\\\2\,D8 oy\[Cz&rS\Z\\\~\|\\\s\(rPG  cR|NSҲrPc2\\}\|{V\\\K\fȕte\0\0 \0IDATD3BڹJ%\0Q*n\;੷J\qǏ\H E\d\}\s\~\\.vr\!#f\"Ʈڰ\\]w\5x\#\'*\'\/\:+oNG<\я~\(Pg\ӟt?\\u\]\Q\b\\\Ϛ\{\\b\s!RЎy\q\#?kG)SDaK\rK3ꪰ\[F\MozS7H\\ZkSO=5̙3\'\"̅oDu\Y\'|\\Ϗ!v0jL4ڋmO=T\5\\\9³U\ׄDM\dfu\n}_\\\PP(t\r+@\\%P*9\NZ\qL&`\nA{`\W>;c	H@EP(J@@V\n\nY\J_\ \\M$P!3\!qӔ$P ;$ 	t$\0\0Q\#\0Q(^;$ (@\0\!FPpAH@@^ \"i?$\/~\N 2ajALpF@@\0vّX\\w1G>[$ 	~\PW\ӟ$ \\	(@(@亠;S(KT.UD1$#@ <\o?\\\";\3l\FCB\iJ@@;\n3g\-E\\^{\0o\<K@&\0\0\\\rDJ@=(@\\OZ?\cg\\C\Y\U&	H@\*@4\H\J@Bbk\\n\s	J@T\V!\nrƐEX\[niIEbHӔ$Ѕ@\\x\ȉ\\ \\b$0V\n\nc]C\ns	TDu|%\P(\Ixd\\\x]x;Rp%I@\0\	?9\|&<آ \\G$0V\n\nc]C\ns	TDu|%\pQ=0}\\rv%\J@x\\}wޚD&L6$0\	4?9\\𓯜x/\:l 	H@](@(@Pv.R	(@\$ !&\,@˔?Dd\6+BX~\õ\^\}\î\\Z\\\\z=0\>(\\\IjLA\tѧ?O0Ir@\:\vy\ajt\93Äof\\\3\o\\ZmXr\\\% |(@\\\^$ 	t#\,@|i\\m~\[rz`\w\#=\3۟\\s\{`Z}PxOK@@\\n7<\\\n,\e*\<z 0gނ\z\5z˦?S0\߇uAL\\\\Ǚc\nLl$	H`\h_\bĸ_NP	(@\5\0Q(^;$ X\1@\"\_\op;RSpQI@\0\	)81hѢQi3\\\:$ PP\\Z\xDx\\\J \0Qd\,@\\},<O\@э7\ؒJ\n|x\a\̙K\n#	H@+!B	ڹCL\񅖔K@\\ގBIXe]\ꫯ\>쳄\0\J$ ^DYPpI@X	(@(@u\r)@J\\%P/\\\n\v\\k޼ya\}\" \\I$Џ\0\(Ds\1au\	\)	H@蛀Dߋ\'ˍ`\B\6zI+\'\0?S{\L\=!Dt\I\\3\$ 	H S\rR0yI@\"\0\0Q\ڊ*@\\%P*Rq;X(@T\Cb\X!A\4% 	H #,E 2´$ 	E@B&l\'\P\n\p\ \\$Hڏ$ 	K@Bߵ\>Ll$ZP4\0.\n\>O\\@\v)%	(@*$ 	H /\ny	H@藀Dk\'\}\n0\H \0Q7i$0(@\':	H@!\0QGh$ !&\0\0Q\W(KT\n\v0	H`	(@$ 	(@\\\$ 	Hg\n\n=/^nP腖m%Pms\-NF\r\:	\LL9 \"$ 	d$\0\$ 	H0\n\n-.:V(K@@	,B]dE@\!	H@yPȋH@@  ];\SȄ\F$Pa\nv\85Mb:\iI@\0@wH	H@E\0\\o\He\fͪ$<\\\\ŋWrrj\\r8\'`\nq\`זl\new<	H@㗀\3$PO<\(S\\\\V\.[\)\\V(еy8@\Z聀E{e\qE@b\\Q4R@-(@\\M\Z)	H`\-G|[%\n4Ϯ% \\\T	(@@\&\0Q6qǓ$0~	7j7h;n\A_\0\L*Gn<\\\n.\<Tyv-	@n=LͦPp\rTDܡ1jM\\\j~\׵\r$ 	H@y[\<\\\ny\\ͳk	H\n=\\"\	q\\ZLFn\H	H@$wmTK\5Z$0yķ \n\\*\<z \0\,+.\n\>O<\\dK@\2	H@u\'\\\?=uK@J#G|[@w\\ͳk	H\n=$ 1P<o$  \\ $0h`\Z2\W2<\G\sf	w\f͚\b)@\\^%0\n\0PF;g	H@\P(H@@{u/\\DOD*\<z P7\T	\R6;$ \!\01<vJ@i\5qfJ@@\	X.\ j\2\r$P\nqJ@ j\Z8J3% 	H j\\\M@v.\`	H@!\0QWi$ qK@&U4S㈀)Ƒ3JO z\e\(@\\0\.$ 	H%$ 	Ġ=q|l&	\FnM܎\\/\(@\% 	\r\8m$ \[|)\Z\.p\\ͳk	Hu\aj6@G\n.	(@M\$ 	H@$ \-G|[Օ\n4Ϯ% \\\T\nJP;4F$ 	H@ȑ@\R|\\V\q5w\n4Ϯ% (@\0˦㊀\' ƕ;k1ZI#% 	Ԓ)j\6$ \#\0QpP\ٵ$\`\t\\pQ=0}\\q5/\'S]\n\I@;P\݃\/	H@e\#\0Q\pP\ٵ$\`\T(@J@@G\n.	H@4S0\r\\\+_\`Z\\\Z\q\93Äof\\\c1\ \jAPwL	H`	(@ם$ r(@\\Q$ 	H=ŗo{\'\"h]K@=B\\\l*L\)\0į~ǎþb󗆫l\OjN@\\|	H@　DM\	8J3% 	H,B]{\n\_(\RKɫ<\\zիj77\r$ P,G$  j\n j\(͔$ \Pk?~tGXie¾[nX8	H@,wt	H@P\\ZP4Tㆀ)ƍ+H zf\	(@\\% 	-u$P+:\0QGi\}@#Ne \\0\n.	H@ȋ\0\\Q^\ُ$ 	Hgu/\Q\\\"\=/\7\\\\R(@\> da\\EnĊ+\n\RK-[nz\\\z*6$ 	H@$ :\\7>h\\o+@y8(\ \0QeǨ\"	\,L\y\\Fq,\\\\'\g¹\;nr\\\\a\\\ͥ?;$ 	H@$0(sZ^w\3K1a/\{<\\\n}\\~c\>-$ 2(@A\1HnĲ\.\\w\>8kcHV]u\\\fS0\r\\Z 	H`\0Ӹq$ \\Z\\0\Y4\\A\=@ gj 0\0{\aɵ0H\\o\{\¥^\Z^E\?}\7l\C	\\'F~_$N8!L<9\mo\cL<(ڇ$ 	TE\푀$ 	5>=\ \np*\D2P\\f0^$ `g?ٰ˷\=\M6\$\"@䍽Jĭs\e6Yki$0d \\NW@	̙ Z5u\\ZX7\X\g(\\y8@\Z聀Dl*(J\o~򕯄\;t\I\\3\\'N \\7\.,s\9Q\\:\OG3\aڴi=\3+w\q\\O+m8\Pr\W}\\'q\?4\}DLa,Nd`\\n+\ҞV\01\\\$0\(@3:	H@5$Pv|i\ޯ\0Q\"\\Ah@Fe+\Ͳ\n\'P\L]t\Hu{]\#\Z<\Cõ\^\D;\^\hvbBE\\?\Z\7\+|\_$Gy\H\w_\SN\#\M\*ӎ;\8*\rv#NpO;{R:\Ť\0Q\\0$0\0\n\$0DM\+_\\\\6\\\Ι&\}s5k\@g\01P.	H@9kjN>Ay)\\S\nIx\_\VH\8\X\1\n} V[m8f\Z\;N@|\\\)\\\>\	\{<\\6ۄ\T=\|UI0S]H@@$\0\B$ AP2\0\$ 	H@c$Pw\;\)R͆t Yj@  f\W҉֨u 8e\xa\\o>iĽ޻\\)S\"\\\iR%lH>\Il\Z^%\\VZn\q5{$ 	;a_\_\	(@\,PȄ\F@L#L\ng}vL9t\1ǌ&\|\Z\"\0ј(uͧ9\GHnNq\,8 fΜ:\x \	ڥH/_\"\@xigO?)\\\\nzU4@!\01n\\\D$ 	ԖDM\\\0QGi\? \:Rsu zN\š)\|\\\b\\X\\"eW\Z\uR2馛B	O@ :4\n\u\'\ɄN\' 4n\' \ZW\\ΞV)^ׇ\j3\01(+	H`\;\6\ZsF$PeǗ\Z\"`\xZa\ŋk\(ڸJC%0n1n9\\0 \\\'pp\Yg5 }*`\N;-\\v\eN\ZŌ\g\:\?WJȜ9s\<?\ɓ\'\\6Rh:6:v7\n4/Raϝ;7Ϋ\nD\r$ 	H@@ʎ/U@\0S\c\\#h]K@=(\l*B	\U S\n\\'@Ihēk\Wn[P\k_Z8餓\-\VZiJX\0Q	7h$ 	H@$S|5>=\ rX4\\Ah@F\nA\l\\01\Q\[\S#_ʥ\0QOh$ 0S}\$ 	H7cO~\\s\<\\ 	B@vZ.\n\>O\\kCXv\e\;\\	\-\2\x`Kh\0Qd$0$,B=$v$0B`\ޯ\0Qb\\Ah@F\nA\L&\0џ)꫇\O?\n\ֹòKOzص$ 	as$Pm`FuMG Ƒ3ʸ&\2\\:x\\zyN\\3\g\\]w]\ڗ$ 	Hr *\\r$0tʎ/uX\\.p\\ͳk	He+\=fS	Jn)VXa\RKUW]P.\M7\4q\a\u\O\r.$ %(@($ 	H`\ 큌\{\"#(I@\HnE\'Nf̘8\1\\۫BLUvH@?\H@;xP&\L	H@=ڻu\]\$ 	TDe\\!DM\\\0QGi\S0#g:(@\\P(\0]J@R\nC\x-	HB *\N(@\\Q)qD\qΩԜD\8\WNt\n*B\Nۨ\"\h$ 	#\KcQ<\E\\\y8@\Z\@\=fS	J@PvDH6$ 	H@jA\\X\\c_\e\n6\\% \\h\$P8\;@o=-#?SO&,\\϶x\p\W\N$Б\5\\J\ܵ\r$ 	H@y(;\X\\c_\"Ӧ<Tv/	d$\0\\q\\\Ob\֚EK[aw)@Tޓ\Z(	H`|sikȅ\/^<xC@\-8 \ܾdj\kƧ\zD\}\qHK@P(\V\\\S&W\V8qb1cF8\#jaF.I 	[\xK<7|\c\n.	H@\Dɏ}Q۶37]Q\"II@@e\kt}\Yf;D\\\Z\g\rB\\NpP\ٵ$\`\T$\01@9\r\0H$ 7AI\0\\\rm>733LfA:\؃v\\V\nYI\N\\'\0Q}i \0Qu\0Q:	H@U!\0QOh$ \%0\8X\\c\{\n4Ϯ% ]$\l*B	Pvނ\B\"\0I$ ~	(@(@v2ݧ\0	$ 	H\,B]a\S\ Ʃc$ P\0t$ Q  \n}$ \n\k\$P ;\(\n.	H@ȋD^$\G%\0\0\\\\tD&L6@-n\\(@\0\.;PpH@@^ \"i?$\/~\N 2ajA\"ԵpF@@\0v\0\\Z$ R(@\A$ 	HBBڹJ%\0Q*n\n9cHLĐ8\iJ@(D	B:PP(Q(KT\n\v\nP3\;z\᪫\n\>υ\'.\i6cz=<\\\_zx\\V]u\\/~1\g?gqFx\3?x\.\O|\"\E/ޤ*j\O<;\hݱ\]v\ʮ\a}.\\}\{_\^җfmv\w^:u\\up^\^&\0\0\Z՟Dx\\\P(UD1$TUno|#<\\\G\zdѢE\;\Nt\|\\ꫯӦM+̓vZ\?6\`p\E \`\\\p\\v\\3\\_\W\e]m\\\xG\u\]\\_8\\g\o,\r\Ν\R7\|wnķp\GVZ)\\z饣z*\x㍱믿>\71|\\Xy\\V[m5k}oy^s\5a}Ybޛnix\\\ꫯ;,\L\֨ü~᠃\n`l\0\0 \0IDATcx &l$ЍD52\+@	7KR *\)\\\S&8jC\{ƌ1`\UOU \+u\Y\E\?\6O\CPxӟ\\\6۬\0{\@\	ml\G\\8\\:\z\(H\\\R~\_v_\r/C9$L>=\\}\sÿx\cXH\QMp\\g\Kbp\#\\\/~{\Z	ѢQ\>\xzⓟd\~\\2\,\\׼\5=ծ\\"\yr\_\\'x89q\\r7ğ=\y\\sN<3\u9=ór\WFӕ]s<@>\#\\o\Ҟ\Q\	% 	H\0\n\n,\RPv.R	(@\$\7\U\ƪ\n\0\"0\Zk ~\ĝ\\\K/=0Ym\#\\\\f\"͟\\0as뮻\[\\?Df~\̙\\OoyB#+8sT?\_\u\u\0iO\1\\W\%\r~ꩧ\^;7c|\\|&l\\Y\oVO8\p\}\~ѯ\ώޅ^\f<3Y\\\\\\r\'7\\"@\G?\';]Y۵\A\K_R\\I\gr\\^\"O%	H@PP\g\dG\"3*J *\\"\r@$\0QPW\"\\fg6)F)>\nS;i%@d]]SV\zK\J@_\-@\]\SC\"pH\ώ\fb\\Q9\C\\n\Z\sO<-\;g\ֶ\'I\Uf*1,]\W\N/i2\\\\X\\̱>\xr\\\B\tX^W\\n=#	H@șD\Kjtw\n\s	J`μq\(u\\	i\"5\\'\s\'.)nn喸\\\~sǧ`]AQA\h]j\0tg=z\nN:)m1Q(\Z\"\튻\"n{\1;	ؑ\\/H\͋;\ow1ѷ\Q)Iv X\\\0&-i\#j\naL\\n+t]&\Ʈw\qR5Kl!K3P8ِ.\\RRQxq_\J\'((T\	EX\\\S\H\n&\ \\0:]\!B\{$1\\O\aI\O=]\\k0/\Ct\c44iRL\\'\z׻E,XN<\׽.)\B\-NX4\Rd\g\\]կ\rBiG\\}-Pje6`\~\o¬Y\@b_w\u9\yӟOذ6>{ֳ\I(6\dc\1\\ZFgw\yg8\S\3O%\@1YO\\\5\}/\t\0l\fmF곤8\a\nw\q\(AZ\r\\\\⊡\</6-J\+FL\\|QGy6\<\Õ\L\\P5?C\-\\\\\@b,W \0\0\:jۇDx\\\J `\ѐ[\*\'0GNvANy\}\&p|뭷Ɲ\y\t\6e\\u \\Ln:ujK-T\\\\n\f \<\$\K O0\3w\nl%\xP\\>\\\Ҧ\Q\\yQ$\6~\k_sg٩p\\\fw;\'~\_<0X\Ġ/n%ԑ8cmzZ-6\	R@\Z!I\0$8O\0ai\u׍)R[\\f.kJ\5\\#\:A_\G >_8)،\\@9)v\i(\A\#S\\'E\kƹt&`g<#\'3լ\\v\E4c\0^\W\\;\'Y#]	S;qd]iK.l\"(0\g~0M\^Ea#0&-\\\D\\YD\b\4D\Ϭ}lJ?\\b\0g\\"ؖ@\nҼN\X\\STb- J\cx9E)\\0\/\Pk\\$/\i\X笑]v٥e98pZ{\8n?y樉\E&\_\0ߤwR0\\F\\n \D\n%\0\0Q\S(K@@	 FCn)RR@0\E`\;HI\\jh\vO\+@t#\X9A\]w\5\\'\\E`\6\)ܸWYeTN\\Nb\Ȧm6\볝\0A:#\T`9\(\w\{I\0A]ߜ8hœ /Ag\Sv\7rFh (\=Đ\\\N/NP\%\\i\*@z\Ɉ$6}\G;\	3&v\q\X\;m\ZV\Z:\Ѽ^\ah\wo\I\!~\w#\q!S\\\\\r\\A-\p4\\'%\	ݞ\h\\nQ\0\c\cZA	l\\"@p\1\%/yIG\\HmX#I\3\K`ݴ{5ϣ];I\\l\\\rO[Z0\\/\^QDQd\WPPȺVj\0\6o@%	nѨ(@\N蔮,;B\V\' \\\RG&E\/䒸˚5\z\i(\XqfiUh7\eM@HD\R=\O\#fN7q\|;\0\Mk\\nx\s3Jh/U\\$`Ŏt\\\9\S=X>E*~Ύ^\l\m=g}O5\tI\(@t;\\*\O>A \\	vg\0\jEFJb\\\Z\\"@ fp:\\/\A \\z?*01VAL\\hn<Y\dzqti\0E$ PP\\zDWD6@mX6\М	(@/@\^vg\r\\\n\^*m$R\\r\ۜt9ՙ3gN\aL` (\vD6\n\&)Sb47\\.NmHI\)\0vړZ\\BD:\g>3A~\x5\\ٽM}\\́RvyS߃\ve \#\\nH\NH{R#@ vW`Z&Xb\Y\S\\v\C\\"\͜;	Գhw\Z<Cݞ,\' \0AhU\ K\ 8Aʫ\;/\~ -b@z7!@\#\\\ I\V\' A$ 	ԝDkXPv.R	(@\*D@?*E@\\\\tu*KV=Ra<	>(:LNr\%P\X\X\"Kr\ޅ\1l.RZ%D\ǒT \'i~\/\I1DZ˘6$ ǮnmkTӤJJ))»	BR<3́l\.҇z\rLv\w;mj@$_4\Kvm7z\"P/\x$\\ye\:/8_\#HǖV7$!\\Fm\[oXρ5v\'98\6\qϬ\Y>hӘ>U\n&|˻`=\\rb=hK\v}\jZY\*\'jTENYf\R\nwg8\9\}\̻\\'W\Z}\N\tNVO{<Qw\\k\S\ntb\' [z>x\:\\|YO$ :PP(t\*@\\%P*Rq;X(@vFL\^{\R\iWh\\\\CR0c7).\?\OAPna\r\-c/\\0\\T\\\"J!\g=\Y\lcJn\~\'Jz\$\r?o;\Z\\O`ipNik1BE\ٳcp`\\(\&\C\"\	>묳\inmҚal\\&\\Z\N\	2u%\\zd?,H\'D\0?\\g?k\\TGd#??\ZXmYL\I)֛vc\%O|\؅y\E\b#\\w\pBf\\\VRa\\!jslq\E\\\?kasZz\T	\XC\\rI}S\=D\nMRܰ˝rO*\\\;`8?f\¬7\\X\V\B\\ZQB\\05-	*\&lON0\T8\I#%]u\ru\ԯh\hOzv0~Ú\n>\9e-\q\\l\bg]r\\nQ\\EP&\nB\\݀\3\nTsڂu~O\\\4pBxB~u$x\\&4\8\Ata-pru(>[\\A\tK*d\\S\e\n#󁠈\m$]z\5DQmlh>y\\;\X~o\\\LEPO	H@腀D/\\\n=#	TDe]aP\r\0R]pZ@A\t\"K\f4N\P\\"\>蠃bp  ;l/\zK\"$\XOhm.B8@P\0!A>\s7Z\Ni~\\(\ʎb\ZY!J:A_\I\"A\\\|\9\\#Bb;`N\\y\1HK-WSj&N	#%\v\'HOpR\(d	6(\~\r	nƣ\\"\x\\)\"\׾q|j\i\\Y\>\26	8\S;80jZp!ʰ#Q5n!Ή;;\89=F\\&n<Q\\peM `4W	.ڤ8|ݸYG.2\Oc\\N`Q` 7=k42XI%<\!b\Z\\ƫQ\M?\Wi.I\7\\~0N\$qwt\6~0\\s3!\\\w\/\\"\>b<bw\9r\@\FNl \0\\3՘Z-A`!|k\n>s\')	\gvF\\Wѭ\\ZE\"NE\\v\\rCkl\x\nFO3\kfE^\nEҵ\^t|\;*\\%=\=\xxe\'\\0\,6x\Z|S\rQ\޲*v}&\\\7.6\]\\ݲ/BלDx\\\P(U\\\S&WȪ#\\"c~\+;Nv[\z\'(Ŏ[4K]\|!\'8לyVy\\GU\\|q8]Aг\n\\Z#&\nbW{ID9VE\3(pJ]ilB\\!)\"@i\0\\\|c/\\\Kh%vɫ}srqTcg8H q\@UO:ȉ6\"v 8=G\05\Xyqz\n1S`x	\$.(\\"\Z\\?\Q0Fd\4\\4!7m\\k\v4\\k:\03\\\']ٸQ\\0\0Q\zS(KT\n\v0	MJD$\m]\\pv\\;\Ê]\)J;h\{9y\8\"Nt7o|\c\0+q\~T\\r{$\\'H\\ꪳ\0gvND:\\I\roy\\ @\O\OR۹\\l@Z\S*diN-W8 \^\q8i\\!D;6ykp:uj\.Ҏds&R\'Z}\$\'9ED!N\rҋhM\\>\? +\q	\Z޵,\$\Zs&M(K9)	הj2υT\;g.\y\B-);E\澲kgS%\}\˳\\\\\Z\QP\\Z\xDx\\\P(IoU \m \L\\rRP|4<`\"o8)k\]Y Mic ^N\8\F\e\y\lʥM\\ EZx\\'c.ɤhS\]|ՙ$\'ʕ\9;\'\\\n<U \ZN\w\\\'pL\\\\0/۹\\>.\vY/v\:*Zq\q\"\\P־\jw\}\S캦FL/W\pw\uW?>Ӛh8\wS\\"nAh(yQgg\V\ō]\%@\u5w\,\\$@dm\\Ԕ13T\FVP(t)@\\%P*9\NZ\qL&`\n\h)m%/Z\\Vhb\\'%\0Apy\\K8\\j\m\\b7]\En\\?\ 9~L< |\\UW[@\n~\\ST\n\'|b\0;K[	Q\[\c/jNu HG^\zAv\{\rZ\r,\"RFr\6˼ٽ\6Z\\O:/R\j=\\\zw$PÇܭ\V\Ʊ\nCg\"\tX\\7`\Z\s\-B\\\c.N\'\r뷝\0]\';\0q\zLB\g#\}\n0\H*L\"ԝI*dK\v;\%}\0ܥ\\r{\Ͷ\*\_b|Ig;(\_K\\\\D0M$ B	\Ahӌ\\u\(L4]pa(&MԱ8+\89y\Yg\\ED\\n+\y\E6B qR\\zT\r\ns\r)o~\\ZE4~\\\\+mgs\"\\eNL;5\ZNT\L 5K;[\nܵ\Z+\r\-1\v6~aB\B\0`\\':\w75\\G\\¦v\).RKq8\\V[\_t|\clRn\\NQj\\Fa;j*2\c+Q\\r\E\0xΜ9&	\",ҕ\\r7\7\p\emq\":	\"L~_ qB\I*)\5.҉)\}ߌ\m;ﶍ\\\'_\\(\\\\N}\a\rJku\klC#	\\\l\k`?\!}we\';\ZkQdYǭK\q{\ZNNz\!A4\\\5\\\\\rb\Z>iY\3C\\O~2\Zl\\\;\cp!.n\6r\a\\WO\W~H|e;R?v6\+l\J\,f\\'XcoqAsBDx\\\J \01\Zr%\! F\$Psu \m\??\\.m=E Gzw\9\04F\Byz\nQ\/9l\1K\0H  \\ZkĔ`/\'1	\%\N7\}M@ ?k]m_\"x\*~),K\\W_-\e^ @J`կ~u8\S\\6<\\\0\\\Ӫ\D!`.\\[oM~:\\R\PIiU\B!\Mo\\	DĂeY&цy3&\5\"lF0H\' \t\0\'](oN{V\X X`\\\d9)\. B\\\?|n==K\rtbiú\d\rN>\%\KИ\vv\!Xc\.sY\_ݞn\%b@T\tP`\Cf8yH@\$@\N,\~\{\"( B1B\\Ǆ	\ }\`\)rڬ\Q\cީO8 J 4\vI\'!NZqTM)S<\"\\	\\"?\  \\_Ç$P`A  [9\򭧅^c\j\[vr\\>VWc\K$Љ@\5Mq\\\\v[Ll\\gwrJC[\/y\Kb\<\IsHA\\8ءN\\n\\nv|7:S{;miv\"\!\͖n㒞$;w\}l\rL\͛7\{\fzB\E\ ysJ\,m{:Ax\t⢗\l\BmAv\\DdBz\G\W\@Z\Vk4_\D>a- \P\\m7J\'<X7_L~o(\0tJ\7v\\8\'ʨ\\|g,\Nr҉Vv n\Cė>ƿ\\\\Jk~y.5\\U7\\_CF~腐]VE\0\0 \0IDAT\jV,Z\=\x\"wiCş]/ʸ  \n]g\n\s	J\"ԥ\v\nP\O@8 g\\H\kٓ\u \\zoLpT4\|\gzwx\\0d	j\Ͷ,v\\Zv7sQ߇\n\Jؓ\ZSD$HAF\O\\nӦyD\}\\0)k8\\|]\\GL`G;s\"\\\@{\	\Ɣ6AcN:#@\0ѩ]\~\Ϳ=~GXIU\No\AԞNt#\3\\s\\*=?HhLU<h \S\i$|\)\;1U9Ƀ\\AXkq:\\BۻzLW>o@(@T\\ZS\"ѰsNJtSˡ\ZӠ\r]b[@5	#z\mWv\f\"\&@p\'\.x\-Z\\kݶ\+\,\'xȩv킪,\Vmٖv\sZ\nwv\瞱\0;\\\M\6n\04)	N3Zw\u[\)e\\M@j\'K5\\rB\0)R\\\u\U1U\M7\\\\\K\7L\\'\G\\\t\M[2\Wh4@vj7c#Z.bY\'!$\3\\s\]\~Nqj\VB@8\\\	O҄ީJ|9\\	l0yķ\\iuSTAV\?\Nf\$0 \\\\n	(@M\$ 	T\0Dc\\>Q7;EzI\)LVtC\"\z\\8\\ԩ\\9`\09\IGC\\\?<\rOe\2;=?\!Ț\=\9ωy\%S;\@$Nb\0{\b\'[1Ax!\\'>\Z\\\\Z;je4wi]\r\4҉V!O;\6$5s\^E\;R9\hHk\x\W\]w]Ue)MYcڞ\1\\n\H?D\ 6u\ZX\r)Jޯ\0}\x\;·\iR؛R\\YkeGZ[\"\\B\tG\͎,\8\s٩DJE!\n)H\(4\n с0\x\ЏEiE\\\\cF?$X\"\\'\\#\0\;\w\\̃\P(Dx\\ *\qj\8uӒ$0m\\\M\0A*$\\p\Za\7oIa`+\\\\7ݻ\N\'xH0\"Iz7\\\"\\tC\㬳\\Z\\\/~qLӃpO<1\>\(l0Gҳp\"\0-E\%Mv\v\\&e\r\{\\#\<\_\j܉\\\@nqI7D@\7&3̱1\ʡ)\N;-Q\\IpH\~\߆\/21\>N\dbig8E\\iqMsz\;\s\@->A\g\Ev\^铝\nvH\Cm?=V& \?9\פ!U\B\\1b\1\\Z+B|\'0kq- 0\#\\r!0ɓ\'ǚ\\:E\b\\\5<0ox\Z>\\l >\CR>\Y%@Վn\\=\<`n\řa\&D q*gE{\\r\\\s\\\$qwEڙ\\ʀ\\?HqxX,suN\7\\\Fmp\H\E\Z.\DYͻ\`ڥ\Z+/\8\#i~6	sH:\\\Aok|zI\"\R\Q\od&\07Q\sӧL\|9\Y\{ՓD=\$\NHc\"DJIS\"\f&Vi	ڒև\'\n\F\Z \ 8c >)(MP\($hGP;\ç3\yID{\'M۱s#\	$Û&W\|\3cd\\'\lK\7\n!$=׳8)xeݸ\9pB -\Vŧ\ӎ\S!\\4)\'vM0#\\\1.\Xc\5[*\+#\ZS3&8L\!5{;b\|!hVYe؞)\\'5ZD&X\I\\"gBx ؽ\;DQ++l%@\>P\Ӻb 	\\Yow\19\a\\d]c/v19\\q\ER]\nN񰓟6\ܗv\\'퍩Y\\hGY\/x\HՅa$*v\G>\:Ʒ\\g\h\\j\K戠¸\\\Z\ >4X\r\z\|c,~\3\;\<\<_?{\K_\Z+\R\\\\u\{wBc]w\uP\_:\\Lr\Z\\\\=\n\nY\J_\ \\M$JE$/\n\H@ț@7\"\,DTAțŰGP\_rZ\"P|&:[\F8\\*\0Ap,Ź\"*Qp\\ժ^F=f\\vŧ\!D\'Rzu)@(@\ \n\k\(DL}P\]enT+4D@ed I \\Q/j;h\\\x9!O	0R\՜\\0)}ʸ8%oR\d-Nf\p\n\e\\D@J=U%۪dHOŉN<\,@PNkq<äs*\RP(t)@\\%P*9\NϱW/	S0\r3\F\sf\Tu\	H@\rR\F6.\l(\IQC~\f|)\rN\26$\\Hcĺ\"u\\H\c)m\H5D\|\5@y뭷\\|FW/\'Nvk\fTJUIЇIm	ƋM/30IW\\0\0Q\zS(K@@	,B]dE.	H@h&\	\\ 	ן\\ַb\\0N]z\.\}Ѱ\.r:-8j3	\-x*|0P B\\'|rL\,Rx珚/RP(t\)@\\% 	H\n%@v׀$ 	t$UIF@B\5\0Q(^;@LT*n\n9cHLĐ8\iJ@\@7YxH][\6$ B(@(@\Z\p\\K?P\߇Π?\nq	(@\\;% 	W\+\01^W$P\n\nVO@\\%P*Rq;X(@T\CbĐ8\iJ@\\0Ĵi\F\\&<\n=@$ 	d\"p[u\0\0ia\H_r\\'\PO\n\pv#\0\j$ f\nm\fm:xhOµ$	H@y\\HB\"\5D_\n\s	J@T\V!\nrƐ\01$vz$\\SW\\% 	H#~N\)@(@X)@\\%P*Rq;X\_(̞@>erjo\ĉÌ3\GQ{5rI\n\n	H@ȋD^$\G \OM\"BBڹJ%\0Q*n@\ FW *\\n\r$P{\nw$P)\d$5.\\\>w\nBDx\\\P(Io\n}̍\nqH@=ڻ\	H@nD+!BB\E\0Q(^;@\\[Ǜ:iR\u0	)\\_b|\% 	E@(+	H`8	d \Z\'x\"L\aj	\sf	w\f͚UԱƧ\z?/^I\頕s\\AYǲ$ 	H.}v\"\0\$  \t\Z\~$ 	H@m	L0!l}\G  yJ \j$PX;\(@$ 	H /ȋH@\0<\\:D\2ݥ\0	$P`4\0\n@ˎ \\ $Hڏ$ 	\"@4t&Ƨ\z?\ \n|~pP\ٵ$\P\0˦㊀ĸrg-&\0Q7i$ ZP4R@mt;\(<I)@(@ \n\k\(DB *\!1EbH\4% 	@@\!	H` .\\k.ACB\GDPv.R	(@\*D@B\S \\NS@	 J\\0Ĵi\Ff\IxH  \n}D \n\k\(DB *\!1EbH\4% 	@@\!	H` @l\ami{\DDx\\\P(U\\\S&WȪL81̘1#q\W#$\0᪐$ (@\E\~$ 	H [ZjGHBЧGPv.R	(@\$\7\U\FʸBC$ 	ԞD\]\$ 	ԞDXPv.R	(@\$\7\U\FʸBC$ 	ԞD\]\$ 	ԞDXPv.R	̙ 7u\\Z\`4S0\r\\7\\K@(DQd\WPPȺVj\0\6o$ \nu1$(@$ (@\0\!$ 	H#BBڹ$ 	@@\1B\"\0I$ ~	(@(@v2ݧ\0	$P`4\0\n@ˎ \\ $Hڏ$ 	K@Bߵ\>Ll$Zu-ܤP(\0]*@$ 	H\n`v	H@\@@B\DPv.R	(@\*D@B\S<1$vJ \0Qd$   \n}D \n\k\(DB\&@,\2\\w$ۇYf\\??Z.\nw9\Ιn:S~\s\;\\o,}Tmܢ\i׿\睖^9Wmܼ\\2u6\&\s\5\\}S7?\ߋ/{ߗ2}o̲ފ׸y\\\g\\\k\\Uw\\с;{o\\\\\]\'l\\o\^\la>\o\\\cG;~\r\\<u,\I@\P(W@\\'3f#8P#O@@$ 	H /ȋH@@\k|z\M\Փ\<aH@%P(CT\\\S&WҾf j\&\H@ZI#% 	k\n\n.pBڹJ%\0Q*n@\ FW=QWh$ \P$ \PP(t+@\\%P*Rq;&\0\7\ܨ\0QWh$ \P$ \PP(t+@\\%P*9\NZ\qL&`\nA{`\W>;c	H@EP(J@@V\n\nY\J_\ \\M$P!3\!qӔ$P ;$ 	t$\0\0Q\#\0Q(^;$ (@\0\!FPpAH@@^ \"i?$\/~\N 2ajALpF@@\0vّD\"\0I$ ~	(@(@v2ݧ\0	$P4\0\n@K׀$ 	B@\\"	H@(@(@(@\\%P*Rq;X(@T\Cb\' \\NS@	 J\$БDDx\\\P(UD1$(@$ (@\0\!$ 	H@\\Z\i!ŋ/\rrDVR@	(@T\GZXb\k{\n	H@ȋD^$\G%0\8X\\cn\n\\\\D(D	\/\\f\} L255q\\0cƌp\G\\^\\B\"\0I$ ~	(@(@v2ݧ\0	$P\npFJ (@\(@\߇\@@U(@T\\!	H`x	(@(@ \n\k\(DL}P\]enT+4D@\	(@\ޅN@@\	(@(@ \n\k\(y\xS\'Q\&A0Ӡ=0|\+@ϝ$ (@E\~% 	H +kv\n}a&	H@PW\CbĐ8\iJ@(D	B:PP(Q(K@@	 J\(@ $ 	H /\ny	H@藀Dk\'\}\n0\H `\nZI# \0Q\0T\H@\\"	H@yPȋH@@  ];\SȄ\FP\\M\ZY\0ڥk@J!\0Q\nf$   \n}@ \n\k\(DB *\!1\C\h)	H\n%@v	H@\H@B\GDPv.R	(@\*D@B\S \\NS@	 J\$\0\e\ry\\ŋ\fZ9\\nJ\"+)\I \#-,D1\\\=W$ 	\E@\"/#	H@t{\\7~WOpPal\"	@@\QI.\n\>O\\I8qb1cF8\#\n.\n\\H\g}vַڎ\]x\\mo{[!6\7M\k\w\|᳟lX~\K\ z%6~ڳ!j\ܹ\.&LG}\\\\\\\o{Xu\U\\,q\\\|\\\0\Dxы^4TŎL>à\\tP8\C\\wnr\Wg<\`	\\R_@	(@(@ \n\k\(DL}(C\\	\'\ \\w\DO}\Sa\w\o\<\[o\\=~n\yꩧ\iz\!~@V\W\\8l\V%\=k֬0s\\\fmGv\i\RKUnf<Hx\\\h\\?\m$}(s\9^i´i\O[n\\\.cnYF\9\c#\\7\<	0\K\_\Wb\&X[\\,\ԦَA	!=]b\c9&\/{\w%\`U腖m% 	H\n\nE> \n\k\(DL}(C馛\	s\a\}-\C\'h&\wD\+z7H\'\zd\@on\h>\S\;\\?~\\\~wx\k_[I@\Zke \K.$\o\|\\w]|N\\Ɠ\09_җ\\O^~\a饗ΕQ?s\b@\# Tv\a\\/~qGڤ\0A\au \\|Łw\9s\"\oQ\u,5ۑ\,m\\a\-\\|\m<k\	-Z(|\#	\Ke\Y\0\$ 	H(\n\nEدDx\\\3oAo\5J\$0h`\Z\R0E@\\"(|ꩧR8\\Q\+Z\N\`*\\??n\UzU8ꨣZ\PT\)\\%V~g\2u\\a|%w\qV\s\_q\;\[Y\Op\_r<\	^S\\n>$E\\c\bD\toēO>>τm\vg=}c[\v\q\=\\&^\nuvK@?  \n]\\n\s	H@(E H_B%\X\'p7eʔ\*P\ƚzLw\\O\\\Oo|\G\0Q\\2!:	[\\wc\0\"Ah\1m\FKİ\٩ͮ~Ƚ\8i\'\~Չ2\unY\\:\?@\x㍳t=MV\"G\⏬!@\x\\\xGROe\vY}];\yH\??peN1ױ r\ig$\>M[ $ 	TD\'\ַ\\\tE@))|\nv\r\\&\ӟ4\t^y\GW\Ufhu։u@~߇\o=\\8x\\'b{x!\0\0 \0IDAT|gy\Ek(\\=XL9ƚl\7XTTG/\\\\IF\-u*~[nO5 5|\\{HD$\nS+\)]ieY&|\~z\o\v\\K_\ش\s\v\\r7\{m\Z\~Cl\A\\[1)\\h57j*Z82G\P R2N:)\m\\\\lTI\\\Ccb\\9aNiqZԷi<\\\_p\!D?Ϟ=;\06\\_R^xae\c\6\\X\"	Fش\>D7H!\\e1cƌh\^x\\N|%\\s\\Gzβ\zFHf]&|\9\S\_q\[\\mI\l \+;l\\^7\DF\\\\x)@\\k\,	H`|PP(tE+@\\%P*S0\*D@b3H$V[mQg Rt\\\y\{FA-\0\p\/x\\ *P\lJ\'n\`\_\\\߱l7>	\\i;d	\\"<06TC=4cgqF7\D@4B	\"vr`4\wŢ\\'c\\+M\7\\;/l\Q^ܤ,\\[G\-q;\iC\\cl\\	\\_WLye	B򓟌\'H=\i$lb\mn\8b\\4Gܠ颒\0\>\\x*_#:৔\n\Z[^\\`>bBQ\0A\]kF?)p;\3{\\կ~uL\C0\Bp5b~ǿ\'j\H\'IH`ެAlc{\~du{\#__qmN\z\1,d\r[Ϭ\ $\㎑\~\v\y\k\?y\\Z\A_<<WJx>\\Z%\5\\Z+;Bڹ$ 	d \0\0a\Dv\)u\<=eP\_hW:\0vnmum\&K\\,kMu\\[O+lǰ\lz\\>VWz\'pH\0U\r|%O``Xs7$1f\n~\\	Js\M	D˞!@,\"A \rmZ1j9\\\"\n\\G\Nxj>x\'8\Ns.&ȍNΈ\դ~\"Hϕ\ :\-\Nh\?\=դ`^@\y\0\<g~\tM3?\E\\L\	\nv\74F\B `\Xni\\ci}rd\w0o\Y\\\\\\h	#4\z\\\NIAj\"TOݞ!\\\0<\,kٟ\\\s(\\;\<Z\$\n\'\\\\XO\JsK\\\fmV\WD-ݦ\\BDx\\\P(U\hg\q\"/\0+,DJl\)xz\]w\\ڤ	bW3A\. \F\n\\4\n;\[$pJ`\u׍zxRp]~N!N \\u\U1\\\p8rd\Հhn\j\ƚ?я\"W\&L\4n>EF\}\s[\ݭD\\)ݍbE\\Z\Z\A.\n\\\\fG7b\ԩQ\@\B+\0ʲV3͵܊\XNj dp\"	\#8ИVY،\ER\\\n%@v	H@\H@B\GDPv.R	(@\*D@\\S\r͹	]\7\HB`][\e\\n dG>AxR\"@2GD{\g\Z[\i\]\TG49I\CFD8\I5E[]y\\\v\mGO\\\\ƍ\8\"@c5Ω\N@*\ow??\'`OiV\$߳.HmEʩnvd \]Q\,AVL?\' HE\n^\s\,Az-<\S1mVJiָ6`\	\nO@n$ 	H PP(iP(KT\n\v\nP\\"O@,%\'wNg%O;\KHBҟt(\_\\ z\.x\*m=HvXʲK\;h)mAŜ0!bVPY\1\3@QT̊* bq\\r\=\NݦCUwWuU\Sk\\U\'<Tw\~\\\9s9IU\\\|`\\(g\-imKPp\y2\=i\$+)jCbXc5l킯Su*\~헵u68F}\'*Mj%(\D\ͥ\\\Q)ej\Y\.N\ v\m)4l5 \|s\\y啭\;޴SZ7JO\3Ϙm\\^u&\\\\SsMUWa\[\"\\\8\\}h2S0i\r\.\\tW֑ꁨ@c+Ʀz!\-)=5ޠ\9\EA\?QBJ\\\!5 }s6 \0@ P\P\8\"%\0)n:	Sf5ѨrE\\ڵk(\\rS\\se˖خR\\#\'\n\* \ܔ\\oUsEF(\iq\\\0\rEڹt\\r0\U\A\{{\Ey\Fi>[\J\V\Y\\ԧ\\V[me2\+ǵ֟\"goVԁ𫾃\n)JY첋Qݿr\	\\Wj\\nl\[i\I\=Y$tx\\80\"\\9\o(2\ \»S\Vm77LV\9\VQ\Zgi\/\vG&M\e3\;\ap\5G4\˛f\\@<\0a\+\u\"\+S5E=\J6el[\Z7C0R\uZ+edW\\\8KvTq\\\JL5kfׁ\n-q\\\!\UEu\fS`\"\M65\m\-HE\վ֥\\AkU$\\HB<\k=+\CRIQvW\]c\}gƦz|k\U!nͳ^z˙Pѽ]`Y\/KR0U>}C\0 @ @z\' @\!)Hq\&dB裏L^\oa\[o=+\\N0W\0\	:WT\G5/\gǎk\n\:E/X_(J`pr\{\\ȹ\s\Yֈrʹ\\\9\\:uj^B3^J9U\\\:U\~9{4h`w\K$\\j\'fc\\sUN|\v\!G\kf\r,ˑ.\쳏G$aC\]\\\XWm	-\h\\\޽5T3rL#[\v\\\\{KB)\VD	=N\(47~8j,Urkr\\6L۪\Vņux\o߾ekK+NQԈX_	05DT\9DP\rث=ECkLkD\\T\ZJ/C\\\\nOTDl\'qDkM\\Z\w\8d\{Hh\Rl\꾑\;[Ovw\Z\Z\`oB\\ZϵUEQmnm\Z㪗|^I ٳg\\\,\ڐ\"nv\rŧՎ\H\|\m_I= j9\\r@z @ @ B\K\\0D\E\0QC\"d4@\]P\|\!![K3(f~7YYm*\]LQ^#Q*WiCb$\H̑Ȓ\\"c\\0\0D\"T4H	L:\עцKg4R0նv\v׮xv\\Ю^9FF&W\8\ZqFicA(_VԔv+\"3\}UC{*PpE\"dl,@\wA58-AFR\K$[C\0dP\8 \0D@\"\\J\\\"S\\gU_\y7\W?A].yf͚et\b\\rh\OQ\)\\\\\\TSE)\`΋,\sP\K\T\{HRԃ\"\n\9\D\+c8@\@   B]\q@\0\0D\\/\\\\\\0\3P>\SJ\\"\Tc\fHxP\E8d+\\k-Y\r \'\\0r@@@/C R`7ň\0D @\\L@ \"L\0 \0DDxiu\,F bd\"%f\0\" \0d\0 \0k@\+c-[,1˥\ʑ_P~Iq\O\0\"6b\@+\&\0\\0 \0r@(Iځ\0 \0b	Tڏ]\\\\r\\\\r\G7D@\0\"\tK4KU\n\\\ \0DJ\0\"R\t@\0Y @ @zc @\!)Hq\Y @\\)\nDJ\4!\0D@\0\"\t@\0y	 @ @z @\!)Hq\Y̜L2\ԬIF{(\\7W\\q\ڵk\"\\ \'\0\0 \0r@(Iځ\0 \0b	 @ @v|]\0\\'A  a&	\0E\0|2@\0q!\0K0$P\#F_\r\!f\ԩcǎs\\\\rS\SL1>[\++2ݸ\"\\\k\}ӯ_?\Zkis\̱>\\z\WTi\"\5\0*^\Z@ \"\Mg(\0D\\bs!DlL@ \0$\0D0.]\|\\\7?\իYu\Uk5\?\o\\w\}f\r60\wuNg\\8[\}]#\'\\om/^l\{os\g9 \ի\\G1\mDꫯ^PC\7\K\u_|0`@暦u\\\\3\4tP\yd\ꫯ=\XBBϰa\\\?nn\Ӱaè  B]\qDJ`\\ٶ6_:@	\H_\93\0 Przʹ6h\ s\\\& \\h\o\\o\\Z\Ln\L\\\I\'df͚ew\\\K.f\W\aL\\\Ο?\\\\k5M65$>Cs\UW-\\\\\1\K/\>\\\v\e\\[\A\h\\/\.yTr7o8p\\,0\Lq6b-Zdl9\Ĉm~ױ\2Hl{\\'L\޽(m\D\\"T4@\0u\ \0C@]\M6\\:\%DtpA\\z5_\:9j|ڴi\	\կ\+7\ͮC\\3\8\\\q\rɒ%\\[o5{ݭ\\P\@=̤I\<`6\x\Z}\wV\m\̍7\X~\\\\\\B\\6\\\%5\ds+\\O\"c\ܹ6Z\\O?5O?\z\S\\E=\gϞ c\e\\N}\\@Q-rd\'\0\0꽁\0*^\Z\0 \0 @D\0.j@`A@\0@\\iXG\7m\,k\I\ ]e9\gj(\vuz\vg_B\"\afElV;\_|EӲe\Xb믿\Z\\+@M\5ט\{\7cc	CP\\"B\ό\n;\k]\siРA\\LL.VP\8\"%@\nHq\Y @\\)WA\\_2i׮]J0M\& \\\[K\+\!\'@ >s\HV\\yѶ;YN@\n \G}dS\|\YQرV\r\n\VJ\:\L8ѴiӦfr\\Q)}\\\\Z=mC):t\`ƍWӆs|KdPdm\vwvÝkl}q\M7\\|M\\5j\klt+\|rŉU=	\I84?M\ӧ\3OEwRHi\x`M\n3}4Rs\9Ǧ\\\\nU+ݔVԈ\kԨQ-E@\;\\{ΦlzꩧlkEJ(i\M7\i:O\F\7Ju\E:&=TqxkQHx\oٹl(_~\\u\]f\\\\\r\TW]qvL[K$[l>{l_v\X\FcS\\/7z\\\{Cd\\2;\-l\xmaq;v$Y?z֐\.B\\\W C@@ue\"@\!)PG\bD\0\"F\H\PĈטsk\d\x\o\.\H@UVY\\\}^91  \r{U\\\ǬP9\\1f\M\Z\\"\r	r\2\<\\\\\r\\ظq\\Z\sf~	\n/p\ԩu\_r\%Fԏ\\\kw\,aCTBNl#\B#F\䘗V\衇jv\\]\\0:\\\9\'\\\=\\;\\ȗRȵ+aAĲBc\ׯ\*\\'\\F(\B;䋒_~\\\p&K3\\|\W\㎳\\ǏZJ7e{9^\.IP\J\۷c\\:\\n7\p-x\\5!\Phr\K\P^\VZ\M\t\niK\uOx\?`ǥ$aK\\'\í\r?kP\˖\t^w\q-NgV?J%[(=\\\fE4\:\? qD\"cy\,\~׏ԧ\qd\'\0\0꽁\0*^\Z@ \"\Mg1\"\0#cd(`J& \0\\:\!7<`x|\\ 	J\"g\ݻw١.gw1CT\dڑh9\?\m\\0vo\\HβR\\\\v\Yx6qE\ M\\+@(BB\\ٝ)td\Wڵ~\GԠؠ1\^P\W_\\?P\\\\`ޙu2_9%H\\\\"(\r\\9Wt?j[!79嘗\\"f̘a\%>r;\]\~Ƒ)8\-\3gδs0\\\\0E H\\h|	\Z֑ceS9\0\g\rJ\'Msۆ>\3F\\x2Yd;/\\}\TYy啋\ZP9Dxi@7ň\0D @\\L@	\)<z\S{\"\A\\\-g\?OFiw<HӶm[3p\@Upv\kW|VK\r9z^B\Zs*7o\<g-\n?\\\s\OM	\\%\nev*\$Y<$iw\	s\+Tx\f:eHP\n+\R\"Ӧ\\[\q\\W\n?\($@(\\UW]e\َBn(bE+@\:\k葠:u\1J BlU\jP\8\"%\0)n:#%CAH& \02Ptюh]\\Au(*\"6\pÚ8{x\k۔<NT\lKN\\\\rD˹~\[\)sWgJ=yk7\ؔ&H5_\2\i\0RXI(4-Z\Op>}M\0J;T9\E@h\" \{dMK\tS\P\p\\m~%\\\eP\\U\oR(\\kڴiVLSZ* Q\nA֏\(5  m}\roT\@`Hf\[`&Lej\$\\l\2\\\H&dڍQC\0#\R\٪V+^\^\z	һ\J\'$iֲ\sXx9[]Ng\W:!@R/\U*\!ǰR8PK{\6\\\7SI0\ݭ\"\\C)~rH\"\Z\\\\R\\L\\\\EA(eR\(mj@\\Lg\U!h9]Ds+@t\e+B\l\MO8\+֨=7\\Ç[w~ơe{ՕXmՖܺP]1\b-\UZu\"6\=!1DJ\\'S.\\.5N+F\(Uj@C@R<Hp\\@Q@H@H\r \0@n		r~׶0\\\ZR1\ɓ\'[\'\Zka*\c\N\?\"\	ƍ`\\0\0 \0IDATW\s\\W~~~z\7lz\\]\\[;ᕧ\w\Rj&׆YK\֭M\]\\C\2- \r:7k\̦\R\n9-дiS\/\_?\\\\1d9\]e9\\O?H\\	\\~\R_\X\ζsѢE6M_|Ѵl\2\\\r\\Ȭ\\\n\';\\?\nG xK:\l\Z\í7g	:$(\r\Z4Ȋ[Zkz3(\Eͯ\8^~es\M7Y!jEզ֋RI8Pqf\&M[Eh(\F\I(u18\\ZZ\$^(5֩^(dw%qM\8Hd\ڔ\'!N\FZ\\S\w\Nc\It\\\\\}\m~֏Zu\nPW9Dxi@7AhEͅ1\0 xL\vMO4\BFP|9\\\0V[Eds*g\Gق\r`\ tr\\+M\09;v\Xq)\@b\\"Ƕ;\\՗\"#Ԇ9\UZQr\J\K\ehР\ݻ4r6\9տă\\czR\k\ÐcX]ي.\\~ƒ_E(m\V\\ng\lPP(JE\Ix\\EL\,\ėS\\\*Jx\\l\'E(퓜\\\aj\onΓu%\u(\瞳c\%k׮f\\\Ji$H\"	\!@k@c\dwEHҡ{CV0\:\\H\"^(\~\\\Nc	&\Lž5V\W}\\\\>\Sk\\2\	\uϵ\Mڷoo\!	\Z\ֻ\\Q\{\\r\\N\0\"\{\"T4H	L:\עцKg4R0U\\\\"}6g\\0\\"\0Y\\G@\\\;\~\r6BŧR\9\%[P\"`J%\'đlG\\\)/ic\j\\OD@u#@\!\0@ \02]\\"\0\0 \0r@(I\	J@U@\u(\Bε\?*Gv\k\RBݝ:.mPL\|9\\z\-+\$\\\nA\l]\|  J]CyG/C\0@ \"L@\0\0D(Xi4\0	J\ӯTJ\֡\???ڙ~\}\z	~E9՟z\)3v\XʪP}\v\Νk^y\IūsQ}٣y\q~F&J\$m喱W\0\0\\ZD/C R\&|lh\\|/l>R\0DZ,y[0@\0I\'\0t2T\@-TgϞ^jI9\`X믿C9$ȥ\!Y\[O%~\Gmz4T]\'\\qDJ`-\;0\@H\3O؂@\0H:[C\0\'\'@ht9ꨣr\nbP\8\"#0}tӰaÚT(\\Q	 @T\\0)\\"Fg\\0B\"\0X\0 rNPĐ!r	\.\qDF@?#G\(\\\Q @\)D\\t!\0H\0\"D4\r@ \2B;BD\nDxi1cF\hEE4h\ 1\	*I\0\\7D:\ά!\0A\0\"	@\0lB\\ٳ͒mZ=\\\\L\\cBK]\\5i+\c$,J+G~\@~\<@ \ \\M#0s\3a\,sP&\\կ_\\\q\k׮/\\\0\0\E\0\\$i\0\n	^!B>7\֜\\H\gJ@\7 }A\|D\\ \0$Wx\\	5F@\0%\\\`\\OYn>D@\\\D@\\0UF\\N3<\r\4zyᇫl\L\&\0liɷ!3\0 D@\\@u\o\r`\n\&3\nZ\0J!0v\X{\\o\5͵jժ @\nD\0QU\d2\0*J\0\@\($@xQS\Z\\qDN@y\o\\CT\0E+I?}#@\\\\Z@  J\0 K\nO?U\L>K^(B\=S8<\0\ӫ\0DU1Q@H, \0X@y \0\\ 	nr.t\qDJ`\\\f\\Ԃs:@	 @T~JFH\6 \0 @\0&!\0@8B([s\QG\"\[\"T4H	<0\S\\v\gG\/A\ *m\0>3c@\0a@,\B\0H7\'@}\9G\"Ի\"T4H	H\qf릑Kg4J[ }#@\\\@X \\"K\0 \\0ߵR\yEa\\"Ē\0D,\ \" \0dE\0@\0\\"\0Q.@\0\@@(v\\&N@\"H2\/@ @$\%\0\\A\0@!9 \0M\0\"\5\0*^\Z@$@tlӌ\"ԑR89o0e9Y8\\ׯo\\nӵkׂ\rB<	 @\\.\n@	 @$\j@u@@uE#@\!)Hq\&\0Q4\\\\0S0@\0\'\0x2@\0\'\0\0\\"F/C R \\\\H3@ `\x6D \0$\0D2\ƨ!\0TP\3Dxi8/\E\r#\\ Pi`\\?DlΌ!\0E\0\",@\0~	 @ @]+E\0Q6.\0 \0u @\\L@ \"L\0 \0DDxiPaۛn)~\$\0QI\\\"vg\\0\ \0Uڄ\0 \0   \\"@F\-`کFfٲe#@  J @> \0@\\ \Ev \0@XŮ_\!@\\IH\ئD\"\ \I\04i\?8\0@Cs \0@ La/\0*^\Z@$@t=\ǿQs@ - \b\\SĿ\3 yB\\Zy\\3hF@\0$\0K0(@\0\"\0\0\G/C R tٺi\*M \ܹs+\He[\C[)@\0fK,1+ԩs˖.5u\֭f\\r\0*L`\ҥ \\\N߫R\\R҉ÿ6:k+s9\/΃\0\%\0._Z/	\Ǐ/LFV\>Ҭ\\oV\\\@\0\%p\Gך%KM69 \0N\\s\5K6\4?}}8\aSI\\{\\rm,\K\mÿ\0Q4\\@{\@ \n \c>z\\bC`\fY\fMb3&.d֬9y\\\5qf@\0e\'mO^z|\ۥA@\0@.I\Hk\o#@x\@!!\0\0(B\0B\0(#SfWkvhA[)@\0H#4Z9C\0,j@ B\K\\0D\\0 \0@\0e\'\0Qv4@\0 @ @z @\!)Sg;\0kf\*ML\0C\0\0 P.\\"I;\0 \\0ߵR\yEa\\"@\0:R&`*H\0 \0\0\"\0 \0	 @ @\ B\K\\0  \E^f@\0@ @$\@\0_~\JQ\!@ KJ\͠}b9> @Ev@K \0@B\0\M\0\kV{\qDJ\"ԑ⦳@1R:\ZiC\0\\l\4i\0 \0DDxi@7ň\0Dҡ @\L\0 \0@\0U@\0\"\e\0*^\Z@$@t=\\ّKg4J[ X\0 \0@\0@R	 @ @v B\K\lG\b@\0\"FH R\0> \02 Sa\ \0\"\0\0\k{D\#\0?0h̜L2\ԬI4\2 @$ \0@\\(B].@\0~	 @ @]+E\0Q6.@,	H2\\0 P\OiV^١\\:E\@\0@4\@ ~\\'\SO)S뮻ά\1%CFkP\8\"%@\Hq\ \0@\0\0\N\0\HS\\\?l\\㏛\#<\\\}զQFL:\\\\:\x\gϞ˝ZN|ɒ%Vt\߿9\͝wމ\0!w\0\0\=\0*^\Z@&NmvjYlY\*ML\0C\0\0 P,:x/D\3	\\\{\5|\b-̷\~k:w\lV\\qE3`\0\F\Kf͚e.Bs\\'\߼\f\O>5\DMwѢEf\\cI\7ӦM%@|=\]w\.uP\8\"\'\&\ӧG\/B(B]I-`b@\0@N\\9/\\|u67\\}\^zI\H\ͱ\kz\m9\K\4\[\څ\[@Vn\_|Ƒ\Dl\"\瞦u\\\\M{  B B\K\\0  \E^f@\0@ %\uA	\'hN?t+D̝;לy\\\w\\/l{\1\^;h7%`s\eY!$)2Ez\\\'@(iuqq>\!\qDJ@)tha\*M\0\\\0 \0K\0Xr\\\"\\=\\ӫW/ۛ\w\q6ݒwg1c\\o~i\[/\\aT;B\n\Zk\\SVz+\l\v\'J+d{\9s\]wq\ƙ\?\\\s\56Uԥ^j\ﾚ:t\`[g}%~\7+6\\\\fo_~2d-\TSJK8\\0s\gM3t\R;.?\3\Hc\'\[\"\?o\\\sMs\\:\FkH@\\l\Z.\4o\ܬ\jvmڴ~\l;N:\Z\xc\Z[(*\\\|\#\0\0\\0*^\Z@TzȀ>f\G\/A\ *mG`\r@\0@ %\uA	\ֱՂS[w\}wYZAA\\[\ŋ\\?l\n;[\\\?E\W\Ŗ[nY\/Α\r\rK̸馛\?\r\Z4\\n\;\l\9\[\\~0v! ?~>\s}\Ǧh!\\^#\;өS\'\^{K.ļ\K6%ҿ\J롇\=b\Ӯ]\ZQ\"S\s\)9׀~UiY\n/%E9B\\C@D\6\\[=&e&>	 @\i@\r-\rC\0zUo\XLp޼y\y/Ǹ+@]\0\wB\\/u\]\^HN8hg\\\Da\l;\\\\w\nƦGY\\\86R8√/	\rǁhEM믦{\f\W7Ç V\"#Q\rsE\8Ic\c9\ז\@!!\0\0 \Ԫ\"\0QU\L\d i6\r@  ba\"m۶f\mk>B\$(-RG6!\߷\B\َRiӦ-W;x9ll\ѥKӪUZ53\JPPzUVYŦW:\SL\ƍ\)Ů$\0)B]g\qDJ@D\Cۙ_~\B\0\"-\< \kF@ \ \ndODHQ{\gɸ\"\Gu<pj?\RPg\Wlَ\n.rBoF\*ۡLoiz\Gl&d\K\>zP\8Dxi\0\\\M#\\ Pi3\-0\25kR\\J	 @\L@ @\"Md% A\[o=\\0\Z[hy\\n\fw\\\\|\78tz̒%K\\W_m\/\5\لi5ְN-Z:u꘏?\̜9\\\~9S0}R\Z\Jf8(\6)5\nO\0\"LT\\裏6F2M65m5\\Z\%HT\\\r@@(\Dxi@7A\0!0~\Lu\\r7\n \0@ @8\\'K\J*\?׺\\ϮIS4k\,tKrKx\7\\}9]\.%RH<ꫯL>Pr\KTp\ѵw\q-\=T#Ai6\tS;69\^#\nG꫶дƶ\V[C\o\L<ٜq\[ne\\k	*\WZ+RAQ\nǧ~jkUh~\ȑ/Ҝ|ɶP;l|I\\\4Sl	1{l;>\\е*;6of\̀\.\bnO:ՎW3h\7~\\\\	  \"\B(A $@\\}!A\0\0 \0@\0 Xax衇 g{\!Dwȩޭ[7\[ocQF9\\s\$\&@\9\}\{[1\|P\O<aJW$AEw\qGۧRu\\:\%Vl\VD\km\&|\x\W!\\?ފ)RBw\۷\\n\rV7\[\E%\\\P\q\W\\r7\`K6\ds\y癎;UW]ռ曶-Mb\Mn8(\"E_z饶-͹Aw\\F\B˖-\g\jlM$R\E\\\\XKtP\8\"%0q\lS\\\r\DLi6s\0 \0T\\'\0 D[P\8\"\'=9r:P\))R\0> \0 @\0K!\0@,  ʲr52T4\	(t\K$Jҧo5\\0\0%P\01c\\0 P\nR\Ok \n\"\$R0\h\h\ČB \A6J!\0Q\n=\0 n\T w\ѶXoV\\r\C\0@I  JZ@.F(D\!*B\\\M3hF\n2@(D(\0DI@	 0r\\\Zf*\0\%\\!\0L\0\EP\8\"% bȀ>f\G\/A\ *mG`\r@\0@Jt\{ｇ\0Q,|\0 \0K\0\"\[\"T4H	H\ئYlY\*M\0\\\0 \0K \0ǂws6\0Q,u\0 \0/P\P\8\"%\0)n:#CAH\6 \02\&@Hxx?\A͟,B(g\0 \0\  B? B\K\3W1j\y̄)\A͚e\\3f bf@ AWxXn]\΄B\01P\'Dxiu\@\rSfWkvhT \0@\0xGNmgf_f\jC\'i\ƌ=\^\'GѶm[3b\Xp\\wa\M\Z~g^\\15\'Bm1Jk\IQ\a\\C\0>	 @\i\0 \0@\0	\" bb@ \\\\er B\aG\@\0\6o\\\\'U\n\ Sm\ \0@\0i%@\rZyC\0R0\Z B\K\\0t\\\0(B#|`J`\0J Mpͩ&D\6\l\Z%\R@\0!\0\0\퀳2T4\	pOGc@\0\"FH(B!\0\\C\0\0 \0IDAT@ \0f{5_\L>ݜp\	5u\\w%\R@\0@R0xC\.MC bJ\~翛f͌g@e	 @T?\0*\0 \0b	 \\=\3f,\'D3ƴjժ\\\0 ` \"\\\0\"T4H	P:R\t#12FJ\0R\3m@\0e Dp\9!b\\fԨQeM@\0H3P\?Dxi@7ň\0Dҡ @\L@#@x\r\Za4@\0i&\0\0\G/C R \c>z\*M\0\\\0 \0K\>\0 \%\0\0\\0*^\Z@$@tl\̸vNg \n§kK\0\0@\0\@(\A\0@ @ @k-em\"T4H	 @D\bD`\fY\fMb4*&i6s\0 P^\\Ik\0 \0DU\\n\081\' \\\/?ΎH \0\\"0~\Lu\\r71@\0\0D\\\0\0\n@@&A/C R7A\0\0 \0@d%#@\0(\0DK(\\qDB@?:\/Zlf\wĈN P	`u\0 \0@ \A6 \0@\\"@D\	=\\{s\w0Kp\\n0u\\\0K!@\R\qm9i@:	 @\\\\Z@ @ @ B\K\W\M\\W[lY$cT\0D%ӧ\0EY\0 P,b\q \0\0D\R\v B\K\\0D$\$\ bl\r\"%f\0B \0T\0 \0@  -\'#@%\\KK\}77]kD@\\f \˓ւ@Ό+ \0@\/@\04P\`⮻\2}	u<ij|\M7M\tkFi\Z\G\0ڴm\6\\4*K\\Eʹ_曭7ZT裏\Vn\XmU\;\0 \0Y~Ĉ\0B\0\"ԥ\ZD\̽\k\Z7n\\\9sLacG0\j}i\0]T	*1dB!b\jkzku~kVmDB\˰!\0M\Z\5\'jЅrh@ @ @o5ei)\01`\0x\PǔƯ\\n\k\/<\r\e!m\\ô\ԳV`\n\\04_q`	R=?\xL@Tc\n ~!@\0H=Ӕ\wGm(}Y.\0Q\$pPv3\-0\25kv̿\W4t	@\0> @\)\0 *\o\\0\bb1cƘ6mژ\{ϴn\:\L~ws\\r\<]\c;\Ӽ\\oyXh\s\ך濕6D9(҆#\0Z\0 P9IX9z\0 \0@`@\0@	$&-\ \ 7\x#DDy *ثK\KK\}77]k`b\35@\^q\0@\	 @|0}@\01 w m\n, \n?9\Ͱa\\q:x\	s\I\'\\\\5\\\S0\\7\ڵ3\iҤIM[N8\c\\{\]Ӧ$\\tx\g\(UW]ը\>\<\v\\?y\7ͤIj\mC\(Rcm[\MϞ=\]w\ez\m\>\k9nƓͬX\U\e5TZHTM \\\'ʉ\0 \nj|\g*B\0@ I)\\)-`\'1W\]w\ro\۬\_Ǳ\k<H*I\ $f\\y\6A\|A\+B):w\l\k\Z7n\\+}6mZ-AU\k|w\}Yk\\z\\\\Fmﳦ`\\\]\Z([LIG @[@5i&@\4[sO\z\	2@\0\&P\A\>\0 I)\\Dk12	\ޥ)\;1BN}?5 t\"$XD=L>[\rX)T(RA%!A\5\bpxbG.b\\VTQo\؜x9\AD:M{_ZF\a\v\Y)R(R6e<f\M\z\p2@\0#\0:3a@\0#w \\\ B\\A\ H4\\o4_\EIx\R:劀yr׹1\s\=\8y\$e\n}TN\y晚~\'[\r#8´l\\\\~\!Z\B\"\i4\E\0QIIX$;\0 \0P \0@NĿ\0Q\@يP;l\CP\Rhݺuo*%	:75\߿rQ.\3y}Kp?\\Fmd꫚H|\\\뮻ڔU\_N\F\0\,\|@J\I \\\dA[\0 \0q \0@\\i ʻv|\@N7o\\KP4ĥ^jv\y\@5 2S)MW\ڥPʖ)S\}P\n&o!k?\jܜ\%@R\\\ƓM6F\\r/q\n\ws\y׵.!S!|tI`ǟd\g\0O\0\"6d\0N \\4A\XA䍀p\"a\쨽\x\\\\c=̉\'XkNP8\cRI\8q^mJ\E\7EVtP\;\`_<\F^\pc\\\\.w	n\#\wx\'v\9\ŋ\B\(j|i)\It\9L\z\\2.@\0i!P\Ai3\0 gI)\\5 B\\A-SC%`(cܸqU77&TY\\RY4IXu7\\\e\rf@ yY>!yc\\0@\\i\\0\b \\r1r\Hs\ZiӦ\7ĕ\B\2_ӶS\ZgeS\f\[`&Lej֤ڧ\bH \\1Dʐ \0\0D\\d!\0Ē@\\is\0\"ĥ\@\B5$Tt\o4\w\\qp5\@\$ar\\\0D\0u\0@\0&w m\n B(\@r1\\0DTi?IX7K΂\0 \0 @Ev!\0@/\o#@]e</$@\s\=f\/\s皝v\\2\'\\*J\\w\\M\\_\\Z)*j:\0)\"L9	$a\B\0@e	 @T?C\01I	\\Fb\\\\s\5f\رir\dM\z뭗\	0\Ɨ\Cg\"@\X#uI\z\Ƅ!\0Č@5>\3\\@*	$;Ԁq\1={9s\8\"\0Ɨ8?\ \mJ\>\\\G\0\N\Z\\n\@ NS\Wb!@h@	/-#0m;\\Z)J˥ \03U\ ^ab\0B\0\"!b\0@\\is\"\\@!\Z!PP\0K\0DU1H\zb3p@\0UB\0J\4 \0$@\\i *PK \0\T56o\\'\f\0\0D\A\0H\0\o#@T`A1DDA\\w\\M\\_׺L> rJ	 @$\||\\o\0&G}d\?|s\wwܱ\\\3C1~\k;\'pUv\nh\N;/؜u\Yf\UW\9\\\<\#f\W6ݺu2\"LT\z@\0(@\\i J]-E\\\@E\0\D@\Z_Z\"FUD\0$a=\#ԩS\\_oy\kN:\\\r\%f֫\\ٳͰa\̫j[ou$\+\\\\n\\>ӳgOp\Bs\W&M+\ԩS.\\?\\q\YffB\=\c\fm\sK.f\\\K/5W_}u\`\"\!P\A\H+\0 P\nӔ\w\Z\1Di@\Z_ZJ) ]ӧO\E͌\Sk7\xc\nh0\JH\zű~\V?\\\ol&L`:u\dv\i\'s뭷\W_\~\?St\R\O\N3gy\ͩeˌ3o\Q}\s\Φo߾l	\r\77}\T\A\O\0 `I;M9~w B(\02iW\ۛ\'x\ԯ_?\Ui1`\0;v\!/\'\\E\2_ӶS\ZM\\i\'.$@\\~\:O~vy洸qT1?Wi\\\\7\ִ믛:W^y\\n\c̘16QQFOQ\K?i=\"g\\0\C \\4A۹#@X\\OB\\\\nü7\`s\皣>\\%\\q\\6]\KJu\-\p\O\z\\ǚW8\"(X\/@\֋t\n/\\w=\\\\\\n f͚e\>l+j;w9\3\\\\5SV4\b Ҽj\n\0#΀\0 \0p	$&\"ܵ *\01o\<ƾ\f\<\\3~ꪫL6m\:]\"@\\)2D\@̦\\p>cӣG\AEz\LFl{*Jyxp\	C\:3\R@-Zȼ\O>fܸqf\6ݻw!3f̰\\\\.3#F0O==W5+\\fҤIϺV\"7\Y\\n1g_V\n+ՏP]޽{VZ\\nJe~\!~f\\'|bUM7\\衇\Z=\(\\\\\˼\z\2+\5>\\\_+[cИ5\Dlo\X\"f`\0RMӴ8\̬&>;y}\ĿkD@h\ *\0\\/\x\\\\7\4]v\rq\\6\0-\\}i\\\k SZWF\zmę!@$\j\\\M3pNp\J\B\"T\\g5￿M\Ժuk\d9ofs\!CV4\\֭u?\vC\>\[\\\]NXP_.Z\oT\\n}\P\رcmM1!!Qb-0x\Ϭ_c\sW:(׷\W\rg\_o\\\\yIy\\\\;\l\n}.C?x;>(;v\\{l\m\VyǮy\\\n\\Ϝ \si\"M\f\0\I@\4c\}wpwm\07%\e^\8\\0~I/\%n\\^/\ry!93\	T\KK\1I d\kR\\\pڴifРAVp\\\\\Y\EDr\)ֱ\Yg{\\F\p\͞=\H0YeU>\6\l\|\m\~퍢.z\i\p\BӥK\\\0䴗p \"[\^Ѳe˚J3\8ôj\*\\P.r+$d\w-\l\Sݏ|c\%@\\0\Y\r-W\|?C5ؐ9@\06\N\\\M1r\\\zP\[oe\"}Ձ\|S:&\\\\rw\\SN{\1KT$P!\~?\.\\^,\)|vv]t\Ey\f\V\\K_HC\\\n4`\Ғ`s0 @D\0.|@*\'\yOi\\hΡ\\{m\'裏;\\\\oܸq\K*缢&Ol\ߙ\\\\v\mg6\~\B\z\H\\\rP\9s\՟\Xe;/\gj+BsBH\頫Y>!R\t@\0 @\T2\Z\\\\_ڝL\\r\z\ٝJ\\\^Nt\B(\Z⡇yPv\\ՈSL1^x}`\U@Opz^\\\\\\5ʗ\^{\\Kf\\sαV\F\\̭rV~e38𾴌\\ô\Գ\0IG1R @Bk\M )\|\w\Z\S\ߴm\֦\uyϯ\0q\-gyƦHr\\/GzÆ\rK ԮK(mR\r\u(R IQ\r	z\B\z\'@\Y\\u\֭Ս \n}\0=g\RcƗ\3]\0;?9\"@DϜ!\0@ ?VJ]\<\U!9B+|\wV\/\0!G\	\rzQ^~\7Jh\\EG;\}p}.!P\ZET(Mԯjs\*\~\5\Zw\\\{\~!M\gu\\\ *n\!g>\1\sK5\L9U\x\׮i\\{~\A8\mEcF\\o\ԩS\EA`\"U4:j:HXw\u\\m\Q(Ֆs\=p\u껨\r\ׯM۪>VJZ9\\\sE[(ATC\\#Q͚\\ZHH\5|c\\'@\\4\0F3g@\0&\0oԌ.)/ ,\)L\\\\\Bs\ZHhѢ}RZ$t\<\\[\]Z	\c\\K>S]\E/F:}\\*iB?Ì\0D\\\ *n\!g>柀6\(Vl\(r/\\ճ\O>ik\;ܫ\WU\Z#93ViE0ffͲϤڨ\ZK.\ða\lg\LP\hZV\?l\ŋh0r\Hs\G؈/Nz\ڗx\=\F\^{m?[d;_\Zd\nTZ\\W_}e;\8qgkmB\\o߾\۷1cHf\l\lDŞ{\i\}ݼgtw\P6)2\"\}&\\\ڐ6+\'9)}l*\F\*W*3\0D5Y@\0ζi\h\DL(;ׄ\\)R̼\}Qԁv% G\\\=\0Q\s\`s/w\Pk\\\jL\I/u:}\ B\\4]C\\w\\M\\_עC\n&K@6&{>ɶ_\\崿\[\<\!\{uϚ:p6\\V\h\'\\`\Z5jUp)$,萰TBv4iR\\\\eR\n	￿\	FM|\7[A\\\PTg\g\\ݠq)\Rڥ\r7\\\h8qbj,q5$G\̙3w\qG;v:l\\f\u\~ 1Fi\n}>n\8|t\\]o|>ӻx8hL4K䛓l-\k\l\.\u\'1  \\\\@\0sCqe1P9Pk+)\\I/?\y$\'@h\'v;\\L$\G\J\ˠ\vJ\\\/;L\r\Zk=\\裏6zi\\&\R\^z\Ҡ\"ڹ>sbDkT\K\@>8@5KX>쳂ŧ\\v!P\Y>\\\ \0@ |\\A\NATNB\\|\nIVxĂo\\{0g\[HTN,\f͌v\:\\O7\\C\\J\ԭ[7K\\?\awC\«\-D,Vr\0\\\Cq\4k  RkXN\"faPe$T\h׮F\\0\K\0<i\r\0J\'@\n\F\BR^F+%@(\@\Ȋnp\\\C\\\nW\:*{a\J>Ⱦ)dZbBԕ7\E!\\\"r\M6\Ćxw\\\^\ׯoa؝Ď.]\1\\-2Hn\w\}iٯi۩g-&`J:\0Ug\DO()\|\\+B@UAU\Wd,t\nj&\0Q\\en\0I\"\	[R^F+!@$Ąe&DY0\Hf\0D\,\̧\"\T8x\gm]\NP=I(\cf\\0\0 \0IDATlH\"$Z1C\0n	o1/\ZD\ \\K\@`%\0D\,\y\p\	\'\º3ժUxO\A\0@\ BGL\0 \0D@`:=\\h\\Ju\\(W\r?}U\9\b\x\\\\w\\M\\_\\Z0)\m?F\0Dpf\\?\|K>aV^ye3r\Ț\\"<\2 \0@H\' \0@H֝<ƌ13\"bذav\۷7O<񄭩P\\\nlHv\<\f뭷\i3\nƗ\n\\@HR4\|\|,o\3e¨ZD\{\!@h0U@\0T\|?+\0\G\0\"~6\:\"aB\nT\KK)H\0\"D4@g>	\\g9YtY\bd\0@:T\<D:\.\0\0DBl\0C1LT\K\\~=L\N=k͊LU`dP\0\"N\|^\au\\\\:T\" \dA\@ *˟\!\0@`y	Y	1Ä@u)\"\0\'L@\|l\\6\!\\0Qh@ @$\X@JL:\δE\r1\rDީ1\K8X1@  \agf?8\3߿>\,iY矁֦M3zh{\r۶m[S+U3\rp\=\8\J3}\{ݽ\$\\\pA\@\0H-r\ @|讻\2={4s\\	qD4\r%\ \<\ZM$%(\Ot\;\%\"\b|\0\Mxۇ\A\0@	o\\rDvb \rA\(@5KS@\0\"FN\ c1T@\01$P\A14	C\0 z`J\ SB\0!P\n\\B$\0\"\\L \3K͒?\j\Z1s \0%P\U\\ N b(	* \}iٯi۩gY\n\j@`Aĉ@g>	\^t2aD\X \0Ĉ\0DP \0@@H\B@H&\0EL!@89d~|<¬\551cƘVZ<:\0 \0@ \0@H\֝<ƌ13\n\ZI\r\!\0#m \fx\7\3ߌ3\	\'`FmF\Z\0o\2:@\0@3@\0@\0`U\ /\'D%\\7\C\\w\\M\\_\jL\\L+!\0[0cy\ѠAA\0\0\0\0\F\0\"n\1b^F+15JPO@5Ujh瓔gdSf\0@5>\3Te \0\@H\2\Z\L	Y|3u%J#~\G\\7rj\㎵\g\]w2d9\\5\\\\9Q5}\f\\\;\û\\YgeV]u՜\\\#<bs\w\\-\*@,ZȦn|ꩧL\\\\[o]/Xtm`SNRbA@\0rY>%@\0#\0?dQR^F< @$d1\\𾴌\\ô\Գr`:u\\\?o\\\sMs\I\'K.Ĭ\z5}\\47\t\駟nv\jV_}X\$\0矛\\\\\,\\\\\y啦I&\+0u\ԉ\Zl~\wf͚\\\n5\sgm\:\.]K/\\\}Ձ\0y=\sF{\ƍ3{ｷu\]?\X^}Us\y\\\駟N\0\_\\\\7\'xb\^RA\0@\ BGL\0 ĩ\-\Zm\ʜĿkjCo˖-[VY\kR^F%@\E\[]ξ7\\L0t\\\\\N\\[oj\Z7nl\~{˞ӱcGӡC(\bΜ9\\_6zj\{s\7ꇧ(\$/\t\\\\\73\\QhذaQ|\ ^|E\J+\\E\v\m\\^{\e\r\\0,<f\FB<\\']t\\'UݐͦIy\c=\& \0N\0t\0@\0\&Ŀ\0Q\@0]B\Ǜ\of\\r|\VXx\W1k\,\\;1!\\7\lS\\\5jWQR\qkc(\^*\0s皏?\\\579uh=k\	k\\<Ea	~ 2}@\0Htٛ\B\0@	o#@ NN@Ex_Z\<\Z\(G\n̉i\v!\\\\\n6R@\D\5~嗛mۚC=\"\\2;Hr\g[P\9\<L๱\\h\\?\D.\fΜinv\*d=\\9\nA J]\\@\0 X\0 7`Er\')\	YPyT\E{\as7hРft!Lb\^[@iRV\\qŜ7o\LFl{\v{p\	<{R\nv5&$z\O>\\\1cM	\ݡk/\\>\m\4C\4i\vc6̊*ĜY|Y)T?B{\mSH\P*+\;\8\C\7\\'\kUca\M7K\q\n}:z2o^:\(k\\\S\\\VҼݡ1k>\PhNI ,Yb\\\L)\\z\׬8裏\,h\&N\:\eW\nFm|\wlu[kܭ[/=\o[\\\ޛJM\\>3\sZ\\^:\m\r\\\u\f\\\\\\\Z\\\-\\\=)q\c\5Z\\;ζx\\\rDJ\CR!\0 \0xĳ|\$\\C\0@pά\"W$\e4ȃYJt\n*Ңb\\ճ\?\(\@\SN9\\p\\rV\\\u  G\\>kJӺukF\n\9\C#S;\\^nݬ_ӫ\8\:\9JJ\nk{w;aA}9G\7\|c\HXQmC[Ǝkk\Z #Qb-0xu\\\\\$\\iH\m\\\K\"$\ζ\F\%t\\o\\'Ǭjs@Ʒ\V[\\#x\S\	Xrf\d;\\n	֌xWrl\^ۨ 	_-[4ZZ0`Ygu\\om׀	b:>\[\YkP\\tu\]wݵֽ\7:\ ۟\\\Z?묳l\\.\\\x\V|\*\?\~\g\BEԦĂ5\X\<\3Ѻ\K\ݫh\gE7\^{M%qD{Y\.]$Iy\+c\	\0 Px{Aa!\0@ 8\\*rER^F< @[J\i,\'v\㎵.\grbi\nwf㯗\=KI9\\!Yʽ;l\|N\\}iٯi۩g-\N4m\43h\ +\o\[oerb\\\\ml\j\'(\"BBsz*\9S\ug\6L6\'[\\l)m	j㩧Z96{\i\a\\\NpE\04\0\ַ>wN}E+hW\\CvǋgaZjs	(\m\\\'\\\hUN\l\Sݏ|cW[ޱj>:\n\I\%I\\Nz\\\\\\~\{f{\1kZ\$LI<\!L6\#{ZCZ\:t):A\\䘗q\GZa#PF\~\wēO>iNP\D:?\\s\=\\n\>}4F;\%(Bwd/	x#G\RǕR=)\|~\ \A\0@ \Mo\0 P\0DaF8#)/ Nj#\RCd3)\y*bX\H\cH&94ibwro\\ӬY3\~YF\2vf;\ϟo;p\>\\vj\,X`\!Fmw:J\"\}N(f~\\\Kc)\ЗTB\\-缾&Ol\\\7WMh\m\H\ۏ9\]#}\w9|N(\kg\\v\_\\V\Z9^)\>^~\	Y3/\W\\-\Jݞ{\Y=)qPbk\/ͧ~jE;\\.$E\H\<$ne\ܳ=}衇\:sLfj\Jv\<JĒ\d\rr. \0DG\0\":\@\0 @\T2Z	BN\D,D=\N\l;\|M\Y\=a\\\|v[jF\R\F)7\nj?ז\<\GωJ@\\*,T@\S\e\([nŦgUr\\j\r6,YМ}\5x\l\r\u\Wz	!\$Dȩ*~_\\fw}9glϕJ)g9\/\g\ZCK^)r\2sN{%r0\l\]+th]JLTԙR?\~\Y~\v\eS\ݫv\L\J\%@gǍg\\dGDf0\J\rI\3_\u\\0 \rh8\ \0\'\0\UE\L\\h%98\PZw(gx\+b\t/rH\\\89\UD\\ɵ\JunTt1G\y6g\\\\\\w\\M\\_\\VL#M65P\r!Ǿ\l\Y䄔\ODX)\.o\>\mdKܡ\\M;+\JLj\EA`\J\-ĝf%Ju]b\+x.jCţ\}*5j	s\16S\\\'Ev+\>\|k|Ʈy\ \)))$I|8\\ltDQ\\>\c\\\?\aA׌\y\nx\\f\\#\YP[J]Eߩ>\\\nuִiS\[M6\ĦRP;\\r޿\Wu(鞴\M/{VU$\6\r\kn\\\\j\t\(CQ\K/d\\\\Q~mg>\<@\0\0D\\r\0\n@(\(g$\eD6ɉrjצ;\\ݻM%̔4RrhwB˵]\έ\*ݷI\\:\	b\\9Q*@\A>}[\W\!\Y^H\'\\\8+os\\r6\:\\\<\\YE0\{@xWdv\wE\\XfEj\\\]E*}\?\ŋ\u&\r\+A\\)g\4ir\\*\s\\\\4.P\\PꫯSTQ`r\i\߾}{+ިSLh\앓YJ\\\\\\W}\Ն\\hg\"#/\gbH\r[9)}\rk]\J_kQ+\\r\7g<56\)S?k^\T\i~B;G	.v\C\\su>b\[7A\@\Z@K\bZ\"pփlxu\'ZS*@i(@\\n[KP\\\\\RwIַ\U\&[~\v|ZsZ\\P1jEXx#2\\|e՚P$\\\\}YuL$(l4\A\\\:\THiܡ{P\Uz\М}7dF\ZLIy\+\f\\"@\0\0D\\\0\0@R\'\e4.%rL\9\\I,\'ȏ?hs\9WHЮ^9P#3\[X\\СCm*\R@\\]r)\rvv\\\:,\\PC\\\"\v\\\\\\T\=fHNC9t\Z9%ݮM9d\t\%r\\q\"\rELN,9ZSrr\ZQaU/Gs2\\y\\\֮k]\\,\pE\\\{\\\Z\\\\\0\0!39\u~\76-֔\"\<\P*B\\\}TBڕ\\w\s\\\:7o^z.曭\?RIQ\nvs\"\\G㒓U\يO{\w1Q\\\\n&NXvaKИ9sRԾԺ/\Fm\xUԂ\99}\07\\u\]C\ݳƗ\39\\{\\暋a\I\\oܵ\~)@HX\\\C\V\)tNZjK+Z\\\^\y\=\ao\\Z\W\\\4>Sw{L\\\w\\|]h}ox\F[\'^ \"\B\\ѽv\@~]!qMW\\'\ZGs~g{J\X%>J<\zԑ\ Q\g>\<@\0\0D\\r\0\n8u=Ee)|U\\\\\5J1,\L\ \\FˡP\C;0CS\W\AYsv*@h\'\>uNjgڔ\0\"r\\)(G\5)\'\\r\r\gszkg973\A\"A\ J;!\H\`\%\b\ܑ\H\U^/\\팕\\ߔBvk\%F\\:\K]4>9\]v:\csO<]sϖ\\Ϝ \'@\\ô\Գ\-ZjD\jhO^\\\0ϸ\!L\"s\\\\lg8!\@\0ƾ\\\	\A}B\0@u(\\Dk\"\ \ a\̔\0\#ڡ\\b\\0\\)-\vIkG+\S\|y\\Р	\<UԅD	1\vU/\\\t\\\Fh\09A%H(T\V,KT\i\nnE%gaZjs5ڹ+!!Ўl\VtFik\ \nͩ\]Kq.\"\qoǡTQC\ڵɥ_\1xX\/; @\c=2\n@\0I%\0T\1n@\0 \\\cFњA\0J\\\\	\9\{m۶OQ	.\\"\N|C)3g[\V \\1[9\0y䂻UW\\v\mg6P~}˩ޥ:9\\sE(,r\\7|i,\n\\+\0Q{ה2wPQ/QըQ\5\2s闧ZC\0\\q\\계\kz@M \0$@H+ \0t SB윔\J\nrP\gJ\rYY\ \\\ n\sZ)\!vˑ^пjW9蕾HQ\ݭ\ZJ\PZ%@<\\"TV\nʋH\N(RP)\v¤Ɨ\3\\"\j\|\KK\}77]!\ޙKQ\\m\PTL~4B4q\}.ŸD[~.h\NԈ\D\\rj4\b(2}3wwz{\\\\Uu\{jf\:<MuT;AT6 j\=w\BY\n\-[\˚/~\0@\0\@(\Zm \0@ Nn}0Z+B\\\ݻ>ՐNChc_{*bZh\ZBu\o?W+\\c\V\/`%t\\# S**[;ߧ;\\	뮻+bJ%D\\n\'\rxjLRa\C9ĥc*w\\BU\r:\\ZS\'Y$1\\g118μ\' $z\˚/\	\0ҹ\\0 \0\@H^L\nZ\\\hAT)?\ku\Jߐ{i\_5Y_j\n&:жm[\H\nQ+N.)#\̙\j\"\\Ê+㏛V\\IK,q.]\D~\լЉ=k\\?vA/r~إ6ү\k\N(P\j	:1\{\=;\\\\gzם\\s\=]]O>\Տ1c\R\\l\܉v\ɞy\F.C\CE\\.W1\Z\$\Ɵg\ڵK1py_ۓ\L㯦ʆA\L#@(u> _\|qO\0 P4\\\3TF\\0 8\Ч/aQڴW\ܔEy\XmN@\\'|u\ر\0Q(eR	}\6u\Tg\\\,+EjTH@\k\УGz\\gud\e]\\mR*\B\kۨQ\@\eR\tA\ӹl\0\0 \0IDATv]vv\Wڔ)S`!tA\'Kt@\N;HИ={R\\[o\l7n\\]]\שP\/:\G\\\N;\4wrE\\\-Z\x\\\`\"_t\Z1k7A\ ~⑕+\\\M\k]]]`\\LȎqJw\Kƌ@xZU\n \0@d%\F@\0*t_F-@T\5\\|\&O\w@\C\eۮmmhL\)ߟiY]\K\8\\w\0 \0\	 @Tΐ \0@ Z\7_F b%wTÆ\r]v\ŝF\@X-W\hx\'; \~o $<q͘-vQ_ 	\.FC\0\\0!\0xF\00\0Q	B֪ՠK)j\WA\-܇r};\' (7E _xs\h\ymŲ*m\\_\Z7cǎuV]\^{&+\޻y]\\\ѣkb%q\o\:xg;\\G\nο#[i]zC.@\0@>\ \0$\0D\\"RĞJz\9\\۷\z\0+\F;\\\]\NP=\@9\\R\d@\0`Gܭ۔1X-W\"v\yg4hP=.\\^\|oq{t\\xTC\'i%q\\Ç[\\`{߄\l\S@\0\H\Z>\>C9\h@\02sg\vQ\Q|﨏fL\\\mvS\0!\A\wmGy\q\\&@Q\:@F	%\\	qM\L%嶲\+k \ZA\0@*	q-f!A\)@\0*(wR/@\PVL\\\"\h\?\#P\e\آ\\\1h\{.\ih̝\\sq\p\\\\0DT\@v @d\'\x\n@\0]̂\\n_w\l+ޥK.\\3\tS\\{\=l\\6&K\_c?\#\\R\\\ܴK?\\x&>$\{|\\\\u\\\\G.8\j\>_|\\k4%@\|\9{\?\\\]z\ߛ52aSL\0\"\\5@\0U \0Q\@\0)\\\\\\h\\\s\=\6\\;Cq\A\E]\\_|;v\h/ J?J;~̈\wuU\\A-\۬\n\\\'up\D{z\y\\\+O>\\Y{\\\Ov\2~\t\K,^`m\FO.7}\\\ra=\\$sHJ$@\\&me\\g\n!ș!Pʚ\"ԙ8\n@ 4\\h\0@\01ù\>\\\9\c#Fp)!b\u׵\?<*s\\n)b@,>(\rͳ\>k\~u\\\\~m76s\>l\UVYž\^\\\h-Zp\\f\ny\Z\wux\? \Q¬*\0 >\}<\>O~a+ \0@$\\<\\nr\/3\8#V\, b\rCli|h)\r3A\L\\t\jn4@\0@bq-f!1@\0\'\0\\d\aTBĕW^imM>=V\, b\rCli|h)\r3A\0\"a\\J\|\8\0 4\\\3\!\0@lenC_F\, ;\rH\CKs_6	 @d3\Iڗ5_Ra \0H\Z>\>C\\\0H\0\"Q)`/aL>\\4>d.8\0D(\\\3_\|1c{@\0(@\Z\a\\F3@\0\0Dp\ڗ\0(g}A :i|h=\0D\Z\O%\\0\M k0\.\A\0\0\'q\a4\\\0ɇ#Ƈ\C@c&\˚/ft@\0eH\Z>\>C\h@\012s\g\v1]\Q|﨏ffVWWWe1\\\h\0!@\<i\eH\CK(h	\'n\\'fB\0\4\\\3d.\8@\0\{\"\0B1t\r\n4\\0\# <\nB\0H 4\\\3$0$@\0\{\"Ơ	DkT@ -\i @d \\0\Q0@	q-f!!$@\0\'@\n&O/aL>\\4>d.8\0D(\\\3_\|1c{@\0(@\Z\a\\F3@\0\0Ece׾<Y @D9C\\H\CKtt\) \U}e\\/a,\0 ni\\ˇ\gHwt </aL>\\4>d.8\0D(\\\3_\|1c{@\0(@\Z\a\\F3@\0\0Dp\ڗ\0(g}A :i|h=@ @o\\m\YitF5_°a \0@\Z\a\0 <ɋIA|y\r0(&@\ק~\q\۷7\\\|\B\!,t\Q\\eN\\i\>6\\\lx\\{3K\S\3\$s)*;\\\vTG\\\\\\]|\Yg[٬/Eϰ/\}\\,\ި\\?7\v\'k1m[>w\9\Y\\_\Q}F\O\\w\\絶s\(ַQSgǎ\>7\\fΜ\\fB\0@.O\COBH-4j*±XL\S\v\\\\?B1\" \0$@\Z\a~\̨` \0l@$<Yɓɇ#Ƈ\+\"\0Q>\ZWH5_n\\0b\"Ƶ|}\- \0T@\0x\l\\\hD5gcAti|h)\{|YՒcC\0@qi\\ˇ\g`n@\0@L9\ճc\W(w\G33=\i\\\h\0!@x304c\В\n *H\\I\ZC\0@lҸ\X:\0 \0\\{\"\\&@1!P4>T$0{B<c\\9\\r	 @\:@oi\\ˇ\g;zX@\0I \D A\@\ZZ*AS@\0U%\0QU\@ uҸϐ\ \0 \'A\a4\\\0ɇ#Ƈ\!\0o	\0C\0H94\\\3<@K$l<Y @x203s\В \pEHT>\ZWH5_n\\0b\"Ƶ|}\- \0T@\0x\l\\\hD5gcAti|h)\{E$\˚\0H\Z>\>s\0G\0\"y1)h/aL>\\4>d.8\\ѸB*t\Xd]x\΋\?\ZjU\\7\|c7\t]}\\\O?ݎ?xkӦ\^c> Ƶ|}?\0E\0x0\Zfa\0\\\\\\H\CK悈\@+$\˚B73\|\̙v\E\\ok\r0~\_\z\׀\\\O\oݽ{|A\u\]\0l\2ꪫ[n\{8o\-\\"c\N k0i/A\0\0\'Q\a4\\\0ɇ#Ƈ\+\"\0Q>\ZWH5_nf~jw\q\\\6\`<yr\)\6\\\{[}\\<\Sv\W_}\^\m\\\;\\r7ܰ&\q\t\MK.\;\د~+1bD\\@q-f!!\E@\0\@$d<Y @x203s\В \pE *\G\\n	\\\L64im\&֮]zǎk\{\osBŋF*\jRJ%YM	\'NN:\F\\5w Ri\\ˇ\gHiXq\ <	/aL>\\4>d.8\\ѸB*t\!\Z\:\~\ݫKʹ\\\Msb\UW	:\{\\ZﾻIQ\w\y5B\;i\\ˇ\g`@\0@L9\ճ\<+kQ\;꣙\iA\\\\\h\0!@23k\В\oe *\G\\\\KZ$6\tj$(\\\\\ՉڕW^im۶\\\7qi\z땀\Ÿq\xp\g\믿nÇw]֧O6|[J\Z{\N\\PAiMŧ\9\7oR)t\\;\\\1\\)\nYtM0z굒:yq\7;6|Mǎ\\?_c(\\\swϨQ]\էx\\\k_|\\\2dx)֧ڶhтIoq-f@a( \0$@\;17L b]Ci|h\0M3H`6y\\׭s\\Z@u;-\\N7h^߿\_۫\6\%\"q\v\%ԟhJPj\'\\	\'`~+t\r\ӧ۟\'[{\\\߶\:\\=\\\O~b\~\\j\ȑ#m\u׵J_~%\\>\v\СvKX\\O@H \\\n\:I\\Q\K\t*d\h\\"\'h\#8Cu4^y\SO>\\&u/-X	&뷿\t\M\N;\Q}I\\/Ҹ\\K\0K \\&@1!P4>T\0J\0k:جY\\[ous\F\\\Aغ\n\1H \\\s :q\\g\;\	\0x\J쓀 C\nw\N\\	\Z祗^r%t\邗_~ىr5\\\Ӟx\	wC\KQ\ EU`W\o\?\~.{\ΝkZn]ϚN@Ҹ\P2@\0@\H3਺\a4\\\0\"\A?@\ZZ%Do\0\#\˚/>\\Y:\p\GZ\uZ\\wKT(UQ\\\\=wB}\b\O\#pz~\Og\NAl\.\Ӟ{\\N]$(\\W_\\=\_\\kRXON\n*٘x&i\\ˇ\gHS,@ZPړH0\Zfa\0\\\\\\H\CK悈\ SEh\\!_\|\\:q\}-ܲI\T\Ic9\M62+(\H\n\Ʉ TP\A5\/B*iM6qbN-\\|\.\rTKv*NjlƑJ\\	 q$r\{\\4GS\$@\Z\al\0 \0\ @x2|y\r0@daf\%sA\\P\"|4@9k>Qc\t?{\\\\\0W\B\\w6(\uS\' 6\l3W\Zut C*\Z\nB\Q)~\\on\{lр)$\HZ<\S.BbAAJ5;D^xj޼9D\BXX4\\\3[ \0@\ \\\y-wJڅY @TB*ԧz\_m\\r\Z\oÆ\r|\8\\0;\VQ+m\В\͜9\W\\>\r\\\\1cƸ\\\`.\-RT|\m5\?~)o;\\)^Z\W_5V\\\Mm۶\w\\\j]toDz\xM\G(Q=\C:YеkW{\\\\\Z\gj\'螩SS\nM\{jR\n]믿mn5VXa\v1\?\I	)?ХbP쒐Sr\\dD˖-\\N+|7k׃:;g\\BI\\ibmS>-q/Ҹϐ\ \0\	 @x\0t)\\ P\\'^|E\/{\\\~=\Kytkb\\om7\x]x\\ߺ\Ν;cW	$E(\xQhr\s\r\6$/m\~m\#F$\\\9s\8s\q\\L;\\]PiI\ri~\[\8kժ=\N\W\ɍ%K\F}5N\\GZi6>ڭ9%F\^\\\bR\CpM0\侦Z/\;\sc򗿴A\\脆l\\/R\ӧ\[$*\/\\%\HoF}1\\\"&A@EU+C>蠃\8\XJ\$Dv-Z\\\Z:It\cr%\H)\g\'ɝ}X5I_˗0\O@\0\0D|#뽔\\&MZ^aI z\![eU\C6.\w\_\\Q^z\%_\^k%$ZT\\\_W;ꨣ\ZZ\\r\\Rjb\	$\矷\{\	\F\Z\DB\p>\І\/+Pm\\7\\Rlr\!M\І~\\\fܶfπ\\ؚo\¯\\m`>\0Q\\1z\/_\diB\0HZ\\3\?m \0@ ^w\P6\ї_~鎢\]\tļ]v\W\\'9سgO68-1B:B_<\J_?\CcWܸ\!\(>HC~A\\-Z8:_f?^`\)\\Vmq\y\[\'E#f\B\F\\(\\?\^au+V\eK\B`@`ʔ)\4Asχa/)D\h@  &@hQ7h3p\\v\W:b.-J\\./\n\9ڵѪ\\\lM\Z$\X~&\*\'-O\r\M\R9O\6kѡAdWS\Z$(%RI4uob\'\!@x@\\\]\\n\Z\,*\\AO\Z\<K{8\n\\ZjJǵ|S \"\\!\0$s=;K.\\\Lh\pZF\"@\.T\0\Ɇ\7\\\-t\_~.\'|r}q<\jοP1ME$Up\Guyu=\4U\x˯K\\j\N\Ҧ\Өpa~>`ݯ\z(TA]A\r\ r\J\(7x\M7uc)5\kz\\'\/ԕ^v微\?\>p\\~SJ+PQ\\[ϥ\*\gжv$]#Т:1NF\.\\]P\Y\~{0m\}\"k\J\@suƌ.rQ~\\{\\\\ۻ6*\\:%_BuV\:\,\.R{zNv\b\ݻw;\|P\\'5xO\\\\n\D\\M\تNo(W~\\S\ܜ\;vt\n坂\0\K\i\|K6X;И@H\\\HW\\:\riM\cP\'\raoʿ(6\ZC\0\0r*\\r bOaIGڔ\\\lP6\'\ tA\w+4O\\ӆ6\\\OS^F\OiuC\o\n\\\nU\Z;v@?zh\'@\\nԀP\\Z[l+\1t)\\s\=\69YM<\٫D\;\\<L\_s\?vir$\\\+{\F}Kcؠ6YUlPj\[\8յo-:] \KJKb6:$8\\.n\\J\tJBbWSDm\\6STtsS_J)$<\\|ŮP\\p\\\\J\$L4\\n\{RW~ֿ\Oc\~}HXguܽJ\ρ./	z\'u\I\\.ճ\i\\_w\n\fW\\q}\w)2_\\"j/qr\}u,٨%}.\%fj}f/Xhg̱~ \<\0\0 \0IDAT\:b2vߞn\ͱ˖L\"j\\R_A\}\\\n\\j/+dtqк\	\\/qտR}2\\n\\f\'\0I \c&@>Z\\eP>mi\MLs@\'\"td]J\&6A6IW\n\ܹ.|\֭\Fg\ZUү%l4%@Omm*gN\\\\h\\_Am\_\'xM^~e\\N?\'Ct\\=8E\"EA~ vXm\\\4\\\gy?+TC\\\=P7\K\n\$lz\\\\\\\|\\fm\0$ \r	W_\9\\>GP\ЙI\\y\Wpv忮\\nD\\\\@\\\}݂}ʛ u\@\0m-_aJ\{ \0@HT]\eF\n\U\PߪB\\:4Qߘ		\ܹ\"0zSNe~٬\T6m]\\m\\uq\k!DF$\HѯubX\\r\\o_\J\\r 46uB8\=Š\C\ez!\\~㏝ NJ\C~M\Z\Ogq\\NH,t\Z_K*Jx(\\\[(\05 Jgŝ\0 2\\TR\@ (B̸dDUlc3\m\\p\\rnA\B\n\\\/K\\\w\PO<Kq_lk\t\\r7ti\n]I\rRjBM9k5\/G; \/\\"qPBN\\JL\\\_\\-@\d\\\\U\\"4+ \oM\}\[x\7\UZK.@\X\0\\hq$@\\R\.@)\F(NК/u݊|\\P@\0_\a\"\0B\0H\ŤE\\r6\j\yׯ\䥗^ry\\'=RJ87}I֖\"@(r\k2j\"\\\͛7DNA(~M+!\n]A\n&R\:\ڴi\~-D\X\>?*$\")w6qko\\P{A(uv-$\\\CP\\ssNi~0ZA\2UEsXʢBԚ:4F:>\"\\G)\Q)9ZݩB)\?$T\&\M\\\\\Ҡ)}T!0T/Bkq\U\s*ֶY>sF/\\|\"\;\1\\ A\0 a-6Zaq? \0d@HV<Z\0Q@)Ϻj9h;\޽{Z\n\jcO\{\o:\\0Ԧ~B\ڸ\	\\\XUv\\`Яq㏻|瘟\\:\l\/]\\#D~y\r\\Z\\\lпċ\K9\ZIi]\\Sj#FUx.m+NF7Υf\?Q\u[\g?sy\%\q\6r+bm7C\?R\Zf͚\\6s/\=VJ\>h\H$Td\%(X_\}\'\BB6\/#Kc\4Nh\\Ns\=\\Zk8C\N=(EK \"ڼWZ&\s\{Gz	J\\\{\?+-\cP\ӧ/\5\\x\"sOo\dE\q\1ǸTm|j߾=\#\\\\\A)Z鳵5\\ƹuEP`:NV\5.@\0\6\ˉD9\h@ 9 F-)\aŴnsWAPk3N\ڤ̿\E\JWM|A\'$Lt\ر\0KR\\E0^<\W\J\r@m\\jsG66gmj3S\NR*}\r^\ߴq^vI4P\~Y:Mm\jr\s\Um`nݺNlHЯ\\ꫯtV=m\F\_\\r\Z\ć\\r\i\$?h\}\\\\\]:at\M7տt\"B)\ЗpM3g J\sO1b۸޷zMcJ3f$\.\\N(\\\\0	CTE\'\'T;\"^T\\aÆ5(.\gu\J9\!B|A\Ftr$]1\rK9B\Gr_\/\c>3$6\֗	/Ja\||Ǐ\Nt\	\0 @\aȽ7\>Cc\\0\#\0\H{0\Z\!;0H\0\\T\.Q\өt\Z\ZH\CKB\r\ƊO\\Z\0Q++\P,e\"T!\0@ [Ҹϐh\- \0? @Fk\ZD-\"\/v֯Keu<(%\n.I\C)\t\ZJ5Zrk\$4ـ\0h\K9^b1 \0\E k0qq_@\0(\0D\\җ\0NFSwե,A\X%\$P\C/J>%Px\ki|Y\\rwA\0@	a\\_\\0 \0\2sg\v\\Q\Q;K__W9\k\\/`\o}\	D\\\P\|\]T|z\+/\ZO \C9\㏹j+\\C\ݝ@\"\\\@-=7M \5_\#r \0@ص\gl\0 \0d\{\'\\n\{ｮ(\e\\"v\0!@D!	RZ\\駟W\A$tRC,\3\XnkhCg\0DV#\\0!P\Z>Ѫ\K}\X\(\0 fQ|\dR0zhSp]J3bĈ\\J\0!@D!	RZ\kV	& @D:\0J\0\"\o@\0\(e-\S6\9\7&@\0HR0y\rF۪U+S\8.8\\'K\C\ן~b͘lA \'F\0\I\5_:i\ \0%\0C\0@\(B7\/\aTB\ҥKW@\Znm.tSq\C9\[EM\_\ׯ\j%3x`曭M6%\QK?\\x&\El\+\}>kc\lْ%Vbyh}\\M\	\!ȴ\2\r\!\0@& \0$\0D\\"RĞrF\g7n;\{\\QZ0`\\>\{\{\u׵}ݷ\\۶mkw\uWI>\.\9rdIGigT\O\\9p\@\'@\\Ãg>_\\'%DI\ H)65_q\\Z \0$5~\n*\\o\\` d5=LȠ\0 \(O&H%\s+D<\CG\}5 \"\O@+z%.\޽{\\][}~\"T;B\(\As A\\{\fIQ:\G묳u;\$\3xH\\#[i\?K\ \0\[n\ϾƾF\\7?\>Wa, \0@$Е\\ښki,\0\\!\"!M\|\৓\DaXeC\0@.Ǟ?\p\g\Q\0 R6ʇ\SN9\\{\=;vl\އY @D!	\n৓@H@2lBkc\u@\0m\\\kav\!\0\0\'\a4\\\0ɇ#Pp]SBD\JjFHmhp̗501\0RA \>C*\	@\0)#\0\I@}y\r0@daf\ \{\r\u\ 27UR\0DjC\c\0 \naR\0N@\0H)3\:zvl\gQ|﨏ffVWWW\\2җ\0Bfah\\"@\O>#81q\D\q\3Fw\F\0\"m\_\|~Q\Z@\0\%@\n\\\!\0@<a\0QZ	DIH	U\'P\0\Ǐg}\c	\^\&Ϙcuk@ D\\r\0 \0EC\V@\0\\F	 \Gy\z\!\Km۶\E]dfͲ\ڴiS\	\	 r\r7\0z\@ @d(ظ\n@\n \0! \0@Q`d0Z+\\\\GsԨQֿS:޽{a\l\С%π~خ\:\[cǎ+	~z\6u\T#LLD\\\"I>` \0_	\/vC\0\\ZE!\0$\0E0ZK⩧r\'Znm; \c\?\:t\Ѐm\m\-h䞀XeU쫯+V\UW]e\\C.kE\0V\7)HHd\_\|ٌ^C\0\01\b@\0i#\0\ID}y\0$@t\I6zh\ҥK\\.\L\*@\"lJ$P\'2,1ʗ5_f\0<\'\0\y\01@\n @xD_F} /^l\\{\1\m\]w!C\\']Jt\]w_\k03P9 RT\\e\\RL\0 i?\C\0HDi#|yQXp]q\֣G\n\l\ҥNd\$Jl\VMOQ\HW\\"\0Q6\ZED5_D\\\r \0\L\0\"ft@\0M@hQ2n\a4D\Z]v\}\{駟\Ga\rruq\"\\0D!\ [\˚/\q?@\0i!MAz\N}\x@\0)%\0\I`}y\r0\k\\/\W\j@\ݻ`&L^z\7\|c~\\\\\0Qq\\'>E[\ \0U,/kR\>@\0@\\3T:\!\0@ z\3G_F\,%@4UzŊ\/ڽ\kM:\Ձ\5j\(Xf4&\0Dm\ \0Q\rʌQ/k>\"@\00ղq \0@tSf\u7\خF53\\uuuu5t%\о<	P\˗\UW]\\+y晶\\Zk\\	ps\C\0\"=ē @ǍV\e\@\0q S܄\\0\F \v1\ babƌ\\gax`=\Z8p~ᜀq\u2	 @$3.XU=,\3\Xn7(#A\? \n\0 %PGI \0@ \\o#@\`F	Pw\y\1b\\N\&Ol|]r\%5GY[\\\@	 @d;x@ jQ?@\0KLa\\~_F} .\\h\'|-^\\?|[o쥗^;\Ӿ\;\# j4\v jǞ!\0\#R\0 \?ℕ\0\L\"ԞDחQ\\̙N|3f\*v\A\СC]\N:!@x\\ @Dǒ$@\n&?\}Y7~@\0H;G \0$\0Dc\,\a4iD\{\E٬Y\ꫯ6m\\\ƅ@Y \\Fu\+<D\\02I\0\"a\i@\0\"\0p7Ɨ\Z\nO=i\u\ֶ\jU}\ٲe\W_ي+쪫y\!@x\̆ Y\'\0P[}YՖC\0@ J%\}\0 \Fܯ/ PO]\\q\Z\.(h=u\Tw\\ \Z\0DT$\\WF.v\Km\0 ~\1B\0H:G\?0Z+0b& \0\E02F1¥\&	\k\n\0 \0DЦϠ^]aKF\g(w\A\0@| \ciϾ<Y\\s\5v\\#eEg@e *\Gk	 @C=К\ZuKlܸq>\\0 \0	\g(Sn\0 \0@\Z\\B!\0\	 @Ί;\I\0\"q\+@c\[\-lM\5\N\%\\0 \0TD\0\"|4\0 PsSf\u6\خ涔b@\;꣙\\\Օ2f\"\AHD0 \00\d# &póSm\UW\֦0> \0xNL!\0@\ )}\\\b\Ě\ R0UÀ(\0DI)\f/Xhg̱~\:\K\\K2$G\ \0E\"\~\k!\0@\\o1\1L b]C) \0L1\Zla\;7\0 \0,@\r@2)qh\\nR05 \0Hh\)]Sw@\0\0 \0\0DZ#_\0!@jOb\0\I0)\"\B\"Rc`q\0\0 \0\ @D \0@Lev3jg<@\0\*Pg5\Lɉ@\0\0\\~@\0@$\n3!\0@{އ\{(B\}q\0@b @$&@  <	=\'\L\0)RL\\	E\0\".n\0DP\@F	 @d4\r@ A \LA$P	\\"E\q\ j\07& \0DE@kAF\]Mi֬\\\\dl\0 \0\	\hf\/ *\\0#\\D8\\	 @0;jM\0\`|@\0H(6\@\0\\Z\\Aq	\5\\\c^xm\1ZD\@Xk\j\\vK\EmõW\~E\Zf\l\6\@\0\0*$\osB4\0 PK]+D3.L$@\1ZC\@%\\mש\B;ޝm)wK\Νo-7\\[;%\ \0Ԋ\iX\\u\]Bȸ\0 1a j09P\r\fH@\0ߎ\DDE`6y\\׭sT]\B S(\\\@\0HCj@\0&(9cĢP\\5 \0DX\\n@ Bf̶V-[Xm#앮 \0@  u|\0 ,`JV<Z\\"Ԟ\Ld\0DfC\\0 \0@\0)!\0@\ \0	\\9ㄍ\"@1G\@)\!\\\V4JLL@\0\0\B\0\"-\@\0@$v$P	@\0\ѧ\S\\\w\\0)VC\0H\"$F \0d\0\'F$P	@\0\@>\;@j\C\0C\0\"1@\0%\0\I\ <	fB EH`\J(pqs bJ\02J\0\"\m@\0	\"\0`4f\n\'\Lo_)B+5&\0Q\\00!@0	 \0@ *Z\\\5\\\0 oKQ\8u\iRz(Th\	\I/8Y\w @d+\I\"Q&@\0\0 \0@\/E\0Q\L)M*q(n\0b&\\D\8\>C 2섺\0\` \0@\0\0 o)\\F=MJoEJ;!\08	 @\IL\0\"\\Ɇmو3^B\0R0U2c@\0@D\0㌈\"@1G\@!`qk\^\&ϘcuN_8\b\0N\"\IA\0@\D\0cTP\\5 \0DX\\n@ Bf̶V-[Xm#앮 \0@  u|\0 ,`JV<Z|^\g9\ZLh\ƍG5\\\\0D8\\0 \0@\0U\'\0Qu\@\0y|\_b1\rP\\5 o\nu׸ \0 \0@HK$ <\' <	fB\0(B\}wLއ \0$\0DbB!\02K\0\#@x(̄\0 \0\	 @xB\!\@\0!\0P` \0\@$	駟vt\[_׿\8\f^6	;\sgK)\/Ǹ\\r\\v\ʞ~\a_\\\a\sT\q\?=l\_\:*;s?\\?l>\r;?\\/ts\=׏\0\0 \0IDAT\}\<Y\\Zi=_a?uQ\\Z̚a\/a\O\l{-\/_\\\zlk\LTQ8ȯgy\\\\*R\rQ\S\"Ft\r*M2K1N@8\	O\0< 5^]=!\0@ |\_b\"\\Eb4!\0|\\ZBQLZ@u\0 \0@\0oKQ\o#@D5{\nEb4!\0|\\ZB\09h\A\0\0 \0@\0!L9\\ݳcjwk\1\/\0\h]C\0! @ŭ\"	T\Kg FC\0H$R0%2,@\0	&\6D\"@1G\@!`qk\^\&ϘcuN_8\b\0N`\\\\:<\fb \0@ 1\\F1Q(F\\ZA\0\",n\0 !I3f[-{JW\0 EY:>C\0HR0%+E\_[E/\3xH{Ən-Mq\\\\#\gpTD`v\\\oѺUkokO>dE\\\0 \0@\0\pf@\0(NF\	\Q(F\\Zhf\v\\/\\h쏬 E\'@\nԇ!\0@\0!\0P\( \0\@Hlh\Z\Z\	O@ @>\7x\a\\K\'@\\Yqg<HWz\0 EY:>C\0Hdţ5\\\\\w<j\(\߿$X\^|E\\Nvء~\'Nh{\cذa6t\Њ1	 @0\' fB	P\`|@\0\!\0X\	 \0_	 @x9\%⮻\2\o\|~\6r\Ȣ\\7f\oa\/lҤI6a\\իW$6v\\\"tK\0\0\@2 @$#X@ \r \E|\0 \7O\\0}`w\yǎ:\(;\S\Z5k1\\>l\'X4uC=Ԯz`D@HD0\"8 d\O\0܇\0 !m\\5\\\n\0 \0D8^5\"z\y\9\a\+dz\m-.]4iD!a ̩g\@`*@\0\0 \0@\0i!\0\I$ T\޳\z\~ӟlDɨ1! ̨9  @d~\n\0\0\0 \0@\0!0e\\\\Kώ\YfVWWW꣙\\"$n/U\<y\\\/\?\3g\E]d\{\C1n۶\B\/\R8HUW]eSLq\ڴic˖-1c\\5\\\\\nXpv\y\\\[o]?&5 J,M\0lt4L\Cw <\Z&C\0H(R0%40@\0%\01xH\9\ZLh\ƍiPhJx\2jԨL,\?\z\m\'x;1h\ WA	\Ϸs\=\\<L\ԩ\\\	[[o\~\\v\m\\w\M7B\?\\՚\\"q\\	\^\&ϘcujB\0&\@*	P:a\)@\0@ۜHxb4A\M	A\rV;vItN@\\\'p{챶뮻O@(\n[_pľk\\\㎳s\\Ga\=\J\\{\N\@\\\\8ٍ=C\0\\"0i\lkղu\ݩJ.@\0@ \%G;@\0\0)\"s?`pF\\\^ګ!:0~x\\G\:ˆ\\\ t\/\q\N<x))5Ӆ^\N=E\DK\0\\0@\0\0 \0t@HW<(B\I\ T\"tՅPK/\\w\}\\.; \\\ŋPq\\:\B\~\۫j\s=\z\\0}\%@\L S&\0 \0L@\Dq@	 @$:<5\"@U\"@H0P͇o\	N&䟀7oK\ԿWI\\'\N;\\Lk]r\%ֳgOk޼;u1{l\c=\0N@D?\ \r\0E	&@\nZG!\0\0Dzb\'\0|%\0\I\ T1b\͠S	/L:\\\OK\+\\l6\dS\\n\m}\?\Ռ\\{o\\\SOu\'\'\bWZ)r^zLn)DS @0% \0HP\'#X@ \r \E|\0 \7O\\0}\tȑ#\\޽KԥK,\\\	J\nSO<\#F\\˭w\\m$\"~L\\\mu\q[UFWz&\k\>p2Ķ\z\~8<\@`6@\09ɈV@\0H4D \0M\0!@Db\' ) cIO+@`V@\09ɈV@\0Hm\\5\r\ \0xJ\0!@D(\ң\ \GG\Zѱ @ǍV\0 \0@\0@ @$/&-B>P\3G	 @?\0Dt,\<\q \0@\0\0 <Sf\uF\\.y\H\\\*U}43S?uT!#@V\\ P\4\߿տe\ĉ\rjJ6̆Z}C1\ R^A\0\",n\0D,X\@&	)a\i@\0\0\\!9\ZLh\ƍ\0o\MP\V\ Pr\&f/Xhg̱~\:\=|\0A\D@\0\'\L@\0H(9c8P\\5 \ \0d4cj\ºwh\0%\0\m\0@jɓPɓ@a&<&\0\q0\0 \0@\0 @0- \0@\(B]\8>D\r(\0D\\h2`JY@q\0 a>C\0H)3 \"\\!\0J	 @TJi!@\D\_?H\o\@\ @$-\"\@ { <9\'\LxL\0\\\az \"\Igeu\h@\0	 @01 \0@\ j\G(A\0e\ \\\n\\n?{\\\rKv\}\\\\-[V\\\ɒ%\Fُ~\!\&\07ao\0DS; \0J\0TR\@\0q@l\\"@D\ \0\\n\G	#/f͛5kn͚7\\m\e֬Y\\w\뫬,?]km6|p\ѣ@b @$&5\"\q@\0ЦϠ^]#\!\0@\0@(T\Cq\0 P\L|\v\mv\w\[oe첋=\S>@!J\\"\\;@\0\0 \0d\0\'\F$P		TS\\\\\!bmڴ\\@HK$\\\a9 \0@\0\0 Аs\=;y(y%PJ;Ĉm \\~@ ,Z	ou\\ўs?\"%\0)N:+\0D\h@\0	@\0G\0bĔŴ6nܸpD#;\0El\A\0%\0\;\ؖ[nicƌ<D\y\̙3\㎳_\W\>4pR;\\.\H]6G\^x?\Zk+V_|\nF;\lv\\m9֯[\\6\\\0E @05 \0@ *$@\0@VD\	gK\<\0\Z!PkB\\\W_ٔ)S\\nW]u\Z5ʵ9蠃l\С\Ep餛YV>}\Yge5o޼\1juCM\9s\ذa\\sαu\]\.\2?]~\\\\ܲƍKx\7\M4\&L`z*˾b \"\IgEL1\Zla\; \0@\"\1 \0D@L@F`eƀ@	$A\_j|-Y\`|\7\r\\Ͼ\\:-вeK9ro\޵8qt\Iv\WB\}v\i\{\G\"xb\{\\`4fv?ޮjW309\C\믏\\9 \0@\0\0O\\V@\0\$@jO\\0\I0H\0!|-Zpy~\\o۪j;7E\+\6%6?um/\\"5kV\r{	s\\u%pi[n/IQ?I!i6T*@4)ib \0@\0h\0\0jM\0\(q|Aq P6k\wO<1/\ͳ\1\\]:)\\\.\С)%\1u\\\\P\q\\϶\˗7yAB~\آE7[}\R\"\>E;)q\+@\0 \0Q\	@\0 <\n3!\1J\_|q(t\V[m\\N>\h:ur\"\{\=\I	:AQ\\FN#(\u\]W@Ď{\\f̘azK\{ｷ]y\)Tՠ\Z\mK4S\~Gv5x`\\^kPDYz\\ܣ:ʝ\x\\'\\j+E\駟\RQ\瞦M믿~}\\\"\\{\v\׺S u\\\7A\\㏯?z\[ou>&\ҥKmvr\'K;\Zn\\\~jX˱)?\b\]-[\{_3\/m\\uBK&37g\0E3?\0\0@ 2#@\0(\0D\\\\\#b\\r7tE/\PA\6u \PV/!\\w\'$\Z+@ݔ\0k\\\\n\'\^{٧~jG}KM{H!$m\\ƎkrjV4k\l4Q\\/j+1\=\\[`,\Ygwm\t\Mv\o0կ6_u\m\vsi$Hy\lРA\|\\Uq_צ\߲[4$*hC^ϣ>jG.]8G\'Pn\*6 Z+\\\\\ڤ]W\0Qj,TC1;\im\\'ې!C\\:!\j\"s3\i\0@\0Q@$@\0@ \%W\vU\p\ mk#[b@P:N)\\SLq\:	q\Jz@8c\\v\G:Ad\wwC)\\\{{\\FfmVNE_ ԧN0~\\]w\\	\\\s\G?r]\\n?\\E}Hhȿ\w_\J\DY}\\mA\@(d{p#8vʵi\u\]\\|>\&cI\QsqT\`MͅJ\Z%~@3nX\r@ \3W\$M\0 \Z@a&<&\\09%߾}m\-l\\~ѯFw\y_\\*\>/C\r7\g}֍^tBK\		c\N?ڜ/tJgq\㎮F] M\T,~\n	 \i\\hݺ|©v\\\\=z8J\0	#@sM6L5\f\0D\\0 \0@\0H)O\0\I0Tx\\\\*J0)k\\ש\ Ƚt\@VYe\rsm\K]q!\Rgym\W\'x¶\~O@\gՌPJ$	JFABhL\X{\]\4V\#8\ 1\Vh*\o[;.g>[bKt\u\O\G\n\\0 \0@\0i#0e\\\\Rώ\pMY\Tɥ>wҎ*1\"l[ĸK\\BU4߷\z˶\bC7TB\>\z\D>\/^l=\\o׮ۄR\"ipɬ\}P\\ T#pitB!Uåa\IZ\	\x\w]i\m\nq\0l\VfR\Z\\rxjR3*%ӈ#ꅗ0)rO@4ejHHȿS\ZRb!_U\\\_\\h;\	\\' \y\&,ĸ\0 s\0 \0\\\a\_\G\&6kyEZ\\\\2\s\=\EkC6Tck\\r\JPmZ+\F\n#\^?ݠ{~\\r7\"\_~{^\\݄BurB\'\0\{\=ѮMK\*<k\,\'dh\N;\ݪ\Zk=\\:uS\\wi~$J\\Ԃ\2i\[>\rV*Fl\"\x2yd;\mwǪZNHhC^\>}K7b޹\Si\\\EU\[ND|T\mZ\^{InݜtG\n\*\\\n\0(1\g\J)/m\\3\XnWbĦPЕ\Ϥ,\0\\\; \0h	P:Z@\0\\'\6\' b\'Q(F\\Zh@6ԏ:\(W8:u*q~\w\aV\n\N=T\\x\&B6I\\TצDm\\\nYdK\4s\̂DH\\sOӯA\׿v\w;a\"w|	 $4o\\\+G	\:9\5j\(\t\M\r6A*$\K8묳\g?Y\\\jFпU3CM.k_|;]\Fى\'\NN(u\Q		\":iq\g\h \I\\'}.?S\rlʏ~C\\ȏEPoBbU\%@Bjjh\\\F\U)sA\'S P*I3f[-{6\>@\0@AL@\05R0\:%O\nAq P6\'<\\~*ܣGmomns#\HM\ciw\.U2$J)/ѩ.@\0\0 \\0\I\"Ԟ\@a&<&PLX\<{+\ŻFzN\K.N\K)\cFNt\w\7S:MQ\+-DpBBSV^>Nt\dϢEl\w&ZƂ\0 \0@\0@!@\0@ *X\\\"\8\.|\ۯn\^\\Zk޲-[mp\\?KwMq\S\\j\\L6\T\\_>\:w\l7\tS郚4 c7<裮RQRo߾Ǝ\\aD%_jt\R\T\b\:\\OϿe<lW3gUѳgO[}\km&\g\0)2h܄\0 PU\\0 \(O&\'\LxL _\\]\7؊eKKJu\rru\q\K}iVmm\Ǝ>\j<ho\\x\޽+<\&T\\\0~\	&\>^.;\\	)S>c\{m\sv\\'\n\\hQo\\du\u\0|\"\0\S@:	 @xWO@\0E\\\\s^\D%n\;\\3\X>}<\0ѧ\S\\\wjB\0&\@*	 @28@+@a&<&P\K\Q\ٳ7^l˗,.\ַo_)`: \'\0Q` \0ЦϠ^]\\~@\0 <	\Z\'\LxL\0ڻ\j\\s/8o\%\5<N@0jM\0\`|@\0\0 \0@ *Q\= `M	\\0\Z?ٞ|I;\j DHx\\l=&&\0\uRa<D*\0 \0@\0M9\q\ٱ<۰f\x\w\vT\ I Ma\!b\`\Ǝk{\W6\uj @&\:\0\m\0@\)q! @\0H8C\nh\\\b\D7n\\MCEj\\0C \\ \\1c\\<`\o)\z\Z\^\&ϘcuN;\!\\0J\"\	\rfA\0@b	D\\0\0 \0IDAT\	\Eb4!\0FT\"@\0\0#0i\lkղu\\6N\	\02I\0\"a\i@\0\"@\nD1`$P		 @x<L\0 \0@\0@L@\05P\:%\0Q\"(n\0\&\0Q6:\Z\0)RP܁\0 \0d\0D\\0B\0\"!h\w@R}ZP:-\R0;,\0 4I@\0\Ob\0\I0@8x)Hq\Y(B]4@\0@AL@\05ZG\ J\m@\ \FGÔ@HY@=t\àa2 \0@Hh`0@ @xlO\0\\H	 @D\\ \0Q4@\0@A\ԫ+t \0@\05#\0Q3\Fǋ!\0 \3E:	 @3>y\0\S\0 \0@\0h\0\'@a&<&\0\q0=R⤳2 @&\0 \0@\0@\"	L9\\ճcDڗoTfͬ\"[\G33SYGY1DH`\&\0\Z\rRJ\0\"\-\0NL	\A\0@\ @R0(\G\&ڸq\j\Z(TS&\0\\\z,\3\Xn!@	v\0 JNeXq\n\0b$\6\' ͣk@L@\0\ 0i\lkղu\\6a \0xK\0\\\a8 \0\ \'$\'\LxL\0\\\a: \0@\0\0\n@`Z@\0@	P\(q|Aq P6\\0eH\ \0@ \ 2|\\\0 		DSf @4EC\0@ \\B\"\i~\\\a9 \0@HZD@ @xsO\0\\H	 @D\\ @\2\\0\n@`b@\0@	 @\:%\0Q\"(n\0\&\0Q6:\Z\0D\\;\r!\0$\0DBY\02D\0`#@x(̄\ <GJ\0\"RtV2\\0\nЦϠ^]@\070D8^\\r\'\0-\I\0\"q\+\0 \0@\0@c <\n3!\1	_Y\G\Oz\%CiM3\x	 @\˗\!\0@\0\0 \0\2sg\v\5kfuuu`>\:Ȋ B\v@ 4\?A?\w\\\\{\\'t\4O |V:mEHg\\\n@-\\0|&\01xH9\ZLh\ƍi|PM`p@oG\\"0{B<c\\9.\ @\\\\0 \P3= \0@\0\D\	p\C\EB\r\\@l bCK\\0\Z%0i\lkղu\\R\0 \0 @T\\0 R0E\0\Z]\Z\%\0|\0 \0@\0\ \C\0H\=\' bQ(F\\ZA7:k\\nF		@\0@Z @%@_Ď\n3!\0@{>\;@\n&\C\0C\0\"1@\0%\0\I\ <	fB\0 P\\\0 \0\@HL(0@f	 @xzOHR0(\0D(\\\\% \0@\h\q@ @$(\0\IjhfϞ=\\5o޼Vc\+VX\e˖\pL/\/Z\Zڪe@3I\ۥ\\EmW\\n5\\\ӞX\B+B\0\$m\\5\4 \0$\0D2\ФM\"\\rm-_\:u\yx뭷O>\\Vڕ\\\\Kg\\\fM۶SM?#\\ 2p܄\0 \0@\0\0\&\0Q6\6D.oG\С\\Z\;\h~l\i[n\z\(mo_\\\x\%@\n\6*\\{o`\ \0@\0\0 jn֬\\\U\\LT\QEVl\0XoSq衇\\_oz{\EY\Ν\\}\\\СCm\ĉv\]w\\W_mmڴdh\0\"@D2\\C\&#@T8\A\0@\HT6:\ZB\0@F	 @R0\G\&ڸq\j:5PMxrm\_~\6zh\ҥKQ\%.6+	D!C@c^ѧ?f/Xhg̱~\:c4V\0DUq3 \0T@\"\) \0d@ۜq\D\Ku\q	\ͳs\=\~\_\\o\\pAX;`\0\wԨQ\'\"\;\}\7v駻=z\)\_b=wذa\d.	$Aݻwwm>\3\ݻ\\e]\	_v\e\u\]g믿\\O>\^ٚoO	\0N@#\ \0\n\-@L1\Zla\;JB\0\0\ \0 Pk`uJL%\mD2i\ԩȄ	\S\'\\\c=\\'hRt]J\	\7~x\\?Oߤ}	UҽSLN:^hP\KBp\n##?\\\mȐ!6p\@\knjx=\r\w4 2\@\ @\0\0DT$\\0\%\\R?\DvQa\0@x\W\&\W\xm\O6͝\)<\\\/4*@h\_Y/aCř/BWo\0ۧODpo\\7s\>!_uIlk̞@H\ǉ\0\j> R0EE2 @7x@ m \Q\0 \Ob\	OUC3#G\\g֦| F\TAS5 $h\,H	\Z?R3\<Ӊ)@;W\ԩ7 =S1B\'(鷿u\Y.R~dWn\'\ZN\\@	P:AIIq`JX1\ <C\0H	O\0\Ijhfn\n&A!J rS)\ă\\\@T\E/84&@L<>m\.\ĢE\\݇\;\	-:+W(%Do3\z\Q\\\\0D\\Z;q7<;\\\\u\c.!\0@ K m|\0 LɌ\JV!@x\ZYu\	]R݄￿>\Rc\' \#ic?\p\\r7\w.V\_R.A\ZDJ\q$bjHC\`.\T\Z*\\"%Q3\\	%r\ua*S(\Y\\\\s\\g\~\\y\\\\'\Z뻞\\k6mڤN.\\(U*H\2H 5\rTU3 tD\JMð\$I\Oe-z3g̟?\b6\aL\^\\0Dfµ\/ \0\@Hn\@\\ @\%5\0\H,/9\jDW3 t\\9\#z 햂+5TDPA#]t8\Sk}.hwM\6\ljԣG<x<\a\\Z)\R @h \t+bt\\G-\\Ӯjx\m\eu@\0?\\-\J\0 \0,	vƌcPgI=ec{7HP\㏗ŋ\\hu\n:ˡ{\\SOU;:)/_.;wI&I>}vqI@X \\"\\:\\ \0@\0\0 \0p	v\6D{\ja$(B^L^rpz}\\'57\"\\\\ε ӱ$\0˴\\)Xg \0@\0\0 \0p\w\\n\0{^/\0Q1B>C3#ɗz{q\\\"8\wHqqq13\y#%%%J)nI^~e2e4i\$eN\\?$\r\\MDI_g\)l0 \0\\0-S\0 \0η \"\\na$(B^\Zv\\a\:B\>l\[ēY30҈\},\\0QZZjb?~<\3\y\\'\wԩS\'\`ժU2yd6m4k\L\"~zN\?lDn\nf jOS5s\>.;\&\\q=?o\7 @䄏!\0@ BGؘ\0 \0/q\0\V#A\\٧\_8@t\N\ʰ4|裏\馛\#G4b@߾}E?\֮]+]t\\fv\\n\\\\\\\/,\'T\\/\H\\3e\\\\\Z%0\\9 ,zu\ncfg\0 \\'҄\0&@&G\\\ \r\ˊ+-l2\\:\,8p`6y{+3a$`2w\\\ј\n\n̒?\Z5J>\\[\{I+#fΜi*\Z7nl\\jSO=\{\WN\ @\/\W~l\"HV{P\.h\ݱ \"\\,@\0#\00 \0\pm\h\\T@D\r\HP\y\\{\\\8\n뭷{Ig\K\0QUf͚e\2\y睲\V[\\+[0`~\9W|\?\t\,\\&\UN.\n\a@\0@\Z \0\&\0a;\w\`\"ÄFp\r\-\\`uLW>g\\\Ӎ\0zhSQ@n\:9E۞]|ŕ\o\I\'$&L#<J+[뮻\TXYFz\m\l\2\ҥKo:8}=0v3@?8\~\+9gq\2f\\\d\ĉfEl|]Y[Ӷ\d\\8!pY^F>#n-\\O@\0\'\0\! \0\	 @8aW \m({\}\\\LTuރ΀4h\\ƌ΃x衇d\ٲ\;}r\\JVB t\\\g-={*\F\i\ϴm\QGe\R,Y\TdPw\q\\!\\\\,0\\s[6ŔƷ\;Fֹu7\n;\;\L`S\.\\JQ\v5\\0 \0j @= \0@6\\о+&4\ \"%]*-׿\p\	j7\|\裏6\V\\.\9S\\[o\^n\\\	ԎVTh\\K/$gy\s\=Ҷm۔P\ƍ3>\Uq\`];>o\<<xiݶ\n\O\^\\\E\`*e\H*  |D!@\0v	 @\\u@\0Apdr0\0aoC!@\c\eW>g\\{\\s\=\'~ԩS\'eT\ϟ/#Fw\yǴC:\C\\o力 +]$\uT`\K+/\Z6lh;ЖPs8\\L\{\i\\\Z7m\\,S⠃_|1%J\/\n 7C+J͟\\w*q@\0@&\g@aLn\@\0@$ \"\Z\"@LWDȔUEϙ3m0Ȑ!ҨQj駟L\C\\\s\\ynBe\\?lf@l\fƗ`\\n\'OE\ZC_\\U>|jS\0\\\\f@TU\UzC53  \0@\0\0 \0[ l\Ү+Y&6\\ BХ\\	3=*>hՀV>4n\\,\GY	}-g\_~1^~e\+k+2bV8̘1C\\>3\\Z/D-v\j*Ҋ\r#r\~03-\\[o2KD&rD\\ɘEf \0@\0\0 \0	,Zթes\'\\|[\0\\\orr0F\\\I\D[F\Ǖϙ\\\my\\n?x%\\͠g=\|\Mk\\6Ir3F<\J]\jQF\ҥK\̇\JK\_bB;V~\ȣ>jPO2\믿I&\СC#X\?+k\fVWq\Ƨ\\b\֭k\*#Ď\6\{\N~\\F=?\\\\7\|cZEqQUք\0 L`Jfމ\Z\0jO m\\0Tn\0#WI \\p\3*b\7k\;\k\*M7ݴF\o\Z=aJ\\\\Z=zH\oPABExTehuù\+͚53jF\\MeDաC#hK%V\\\z왺]\rt\\ҟ\߿\ؒp\n겿\k_\rsaG!\: YbZ0%\mL\0 \0C\\n\0 \0\q\0\#AY\\6C$@\\\\k龨Ƞè⁫ꗞz\&hd\\RZ6t9s\߫x}֤\\	\̈iwJ>\\\fɄAE\\\\i\\\\E\\\\o|͚|\qE>ׯ|ܵX\n\/p\\>t\uvq\|kKnĂeRNtlQ&<rA\0\0jK\0\x\0\\"@HF+ojG\\ˮ|\»q|~\VU<\r\QG2 N;!PVZ)(}Rz2PZ\7hX\p\?_=:f]u\rR\E\e\S\R\ۭ~4ٺiXKg\%T@d7B\0\0j \0\0 \0\Bm;\w\`\"ÄFpDP+3	KKpW^-\r2)N8\3B?wuN\\ŋe\-]v\%ɈB]~Le\]Z_9H\\g\j\\ߴ\\W={l\O7R\\ƧM{ޗq\AZ1oa.Z\8n\0 \0\@\0-@\0	 @\\@]9D\0܆\0Ԅ-\\\L\\R.\\m\o\O?H۶mw\\fEV\'\\\\4S{&Ak~_jL\_^{)9\3dиk^e-*\\\AEZ\iwʡ\Kݧ\|\\"\\\\\W\'\&K\n*\\c h\ۙ \0$\0D\\0\0 \0X\'\0a=9\\ Df\.(&kMW>gA@\\\̈`jr0\"\?zLxV\\&@hD\rS\\q\:\wܜ\n}n\eMw\M\\ϳ͖h\XSaPWOL\"/Z\7lX\\\6\Hp\rWΌ0#2d\\+\\\rqV̛WC\9\\4.љu\.=O,\'sau\RaC~mW\\ؿ\\ԹqRԹ\06!\0@#%P \08J\0Ĺr0\0aoC!@\c\eW>g|\M%\yX\\zp]\\WZ%\* nj\\)\ӭ\ԯ\h1m4\z\J_\\g#7T@\kY\?ˈ*$zTsz\\{A\u>\1\\\	%ݿ\7\n~Sx\\!\=ց\n~>\ \0\ @1\0 \Gr\\ \r\0a/]7qė@ @rdP\ym8C\_\\\ɗ\K{^\'m\{a\3)ޫ+\/\0a@_\ڈ[\\nC{,m\h\|VrJtbش!\k\Tֆ*\\R* \\\Z\0 sz\3}̽\=@\0\0#\u\`\ކB\\ˮ|\8\K ]ȽAdͪ2qЉ)9bC[\r\Zx\\y\ϻ\_:\6\nJ寷̑;e=FY@E\tmԠaz^Fxl\,\}r@_\Ţr\Z\\\vh%3\`}}\\\"\tVh\%n*A|(v^Co\\#:E\e}\ \0@\0\0 \GR\\ \r\0a/]7qė@ @|d\3{ hd6 IP\\\\4B+\̀\\\?ܥi\cIf\\R\\nm[\l@I	i\#F\X`G\\\\X\0\0 \0IDATe\\˕؈;켛Z\T4\L@X)o\\5d\0VM\6ZBAJz\\'Mvf@\݇g\0 \0@\0o-]aB\Բqk/Ɍn\\ 72?/ \\<\sf\ҥCN;\4id P_~E\}]>}x\ҷo_\ۤSN\^{\[ @R&\B\[0\\78[\r-[lM\wعm*\?3\?Դ.\ʁ\.&\\nGiO7`z\y2|C\\E\5\rZ#x-5O+ 8*L\M3	\\T@\1@\0KLvc\0\#\6Dy#A\\^7/-@\k2e\\KM6y#\\eȐ!\SO\]w\%1b~\S\ǥD\\.oӿ4	\\\k^)W\r*2\z>tڝ\x+6?|/3.PV|vܫ\\ÛE\{%\\`p\L\x _\W\U\\\%\!Կrʆ[!!\S*LrR\~\I	\\n$U\=2u\\r\\2Ō\Ҥ\6)\\oڝ^?l~Em#8B\?~m9PGE!\0$\0Cv\0 \0q\0Cjz4\d\+\'\0\ȕ@ħ~*_~\\\\\Z\\'ʕ+PTTd~\k\2t\P6l\\y!Pu\\V\\(0\\|̺ \ʂ]IRY$v\0#*t\CEe{O>]X\"NS\ϔ	\Ze-*^Ъˮ\\\dD\ҟt\o\Y?o֛\=	1\CywӂeRNtl\,/{#\0 \/sKd\0\\!@&G2\`!#@DI \\rX3?=Z\g9\c}Cy P\0f_}U\\ꫯ&MD\C\'fs\IgJ\\=ʣ\\r\Z]qG+ \"\\\0 \0\@HL	@l	0:)\XXQ\05\\G\\\a}μ\;2r\H馛d\q\@UĚ5k䬳ΒN:I;\\=\,\_ܥu\|2ޫdDZCzl.\Z+\W3\"p\"<@\0~@;D@.dI\yB\2pd0},\'\\\V#B\{_,9C\|M<y4h\\5kx\ұcG\{m۶r\e\?ꫯdԨQ裏\UW]%u\\5mw~\x\\r?~<\\N;\㎓\|͙3G\9\y\\駟[nEt|\\[o\\K.\׭[\'3f̐S\\o}\ ?cj\54믿^v\uW\iӤk׮r\W\.\\U\\N_m\>L\\WYK\3h\ \e\\?\_b\5j\HJKK\\oe\nF8\ה<z\\'\/l\6r\\\ŋS?+,,L\G\7\|sy\\3v\f6TIӧO\?\\\\eܸq&\-HW\\q ҷC\o\\\G%\n#-*Ϟ3q\\/\~n3	T@Ђ\\6 \0 @O\0 \\"G\`\\\"@DM\ \\r3?9(׹_|q94?M	z\\^{\_s\5\;KϞ=\d\\\n.4\F߾}~\`\\\YoܸZ\~!Cmۣ\z\\رc\\?4\[l!7\p\KFPaࢋ.Cu~^\\؎9\\l\\\.3{9\3͡\N(\\\o5k\w\}ҫW\\\p\g}\/4\0:A\>\srꩧ\Z1䨣߆٘1c LU\|T\f͚U|QD1X\]m^\0SHH\o3->`\D%\>ly׍hBƽ\kȤIR3 H*v\;\S\jH\v(@W=\{8]a\\N{\)\n[Z켫]P\sA`uoq\0 (J7B\0%X\\Nq0P Ar\b9\=D0`9|\͛g\n*\al\w4Zq\\'\m}}\}֭[aA\+^C1௽fV?\۪{\\\ٳ́\n+VH]=\\ߛ6m*U~\Z\o\\\O j9	U\\sϕVZpnV\ی9Z5\{HŶE/*Lb\,\"b\R\k\\#<b*8Ԏ\C]멧24\\ݻVqD\mU8\rO[c\?k>\'Nh~\K+M\\'S\\K}\}{\;w\'ߢ|\\?\wh?3{?o\#x]\LQ\Y@ @$+\D@  ☕J|\n\`0\"@\r\6 \\r3UWF5	Z\p\w\v\ڙo\kł\n\0_iˣ\\3\/\\\Z[Zɐ\0\ 5\\1\E\Wz\m|ӶPzi\?O\V\zh\n\矗>\Tt\\Y6\t\j_\5@⡇^Q@+={\1i߾(\M3s\LSy)^Ř\)\\\\' 6`R!>p\DZ0!@D\f]@\0\#>\n\\'/p\"\0 \0\@M*w$|\0ʕ\@\\\a|\\M+B\2i%=փo\"y\\p]Ե~\Tr tN\L\6@*,Z\|\?BjbU	\D\@i[#j\6MZݔVD\MXv2A\M0Th{\^Z5\=Z3!Em}\\g*zhBE+&u\n6ܴ\nD* *V\5	\*}\\Z0U\zk\\d9}tkoF\ϟ\:U=\0	V\0 \0@\0\0,@\06&\8\lAȖXx#@\2+9S\[\\A3!\\\O?M\A\\\H\phhذ\T\X`Z<i.k>\n;#:\\\@\Su>\\+ tNEe]C+Τ\\\ivա6Rv:$Zg8h\n\rJ^*y\#\\Pi2\\n-\ҬVfؤv\iPt{\\VZyQ\0˴\Jo:W\ڂL\$Z0R\\0 \0@\0\0bL`\\ƻN-\\ˍqk(\7m]\8\Ga$(~h\Ǭ\7>gYs\g|\G\m}m\\\\*:聶Q\\rCց\:8y\w7\*$hEAIII\nփx(..6*~_\\\u\\[?M\o\\7z@\\7\WZe^\\-~C5S\5tVI\\Z*\Of\G\a\::Uh\tŚ\0\o6쳏ԶƮ4+\ĭl4n=\W9\*\ hP@\W*\h%De\s\uB\\:C[ait^\ZZ)\\O>\WT\\g\;\<iٲT\Z\*J+Es6m̬\n֯_/:\C\\\Z.\D	f@QZ\a\}\\"\B\0@Ђ)~9#@\070η \"\q	\=F:y	.,B9\|\~\O\-v=ֹ\0cƌe˖\k=`\k\[RB\ \!~^\W^q\ƙ*\~C_\U\ЫC\"\'\^s}\\_g}\|\?^x\3A۵\"ARAA\կF\Zo\W\5thVvRAEmk%CU>\\\nZՠ\\\t^\Z\Tq%\<l\0\ٳgj\k&$V\Zh僮,t\0ӃN:x\S\kA|\i\Ji\~j%.Mf̘a!?*\XgF\pr\5:\ZE#?<?I&M\\\D;S\@U\rx@\\L\" \0@ >B\\\	 \0A msF\"t\\\$@mT\Q\0V	\\nu끲hՍ\a\0B\\\uh1WTXy\G\DvEIgꫯ*DL\\DVkr\RΛ\㇏\珒O<\"\kQ\j\\|JI:ұEf!\0@ ,ad@\0-Z0Ֆ\\\`0j &\\q ҇\\#\gw9|rӎH\h 	|R\H`ҶP\~K\\l\*LS\r~\\\သ\J\fb`\\|\3\\Kz\r6KÒ_6ç6] ϱ@\0\ \0<% \08`u\[Q\0%\\\F=Dt8R/L/K晙\\\5B\*O@[\gmt\9m\ƴSNikK/T\@m\̏\ZC\=vީ\\\^\\q\?ϑ\kʟ/?@\\&}zi-*\*\!\\\\Q\qև\0 \0\@HN@\\	 @\53Bp$Q\D>Dxfd\ҥfNNZb\2\\\qނ_\\m\f\+_\Kޢ6\ݤTJe\\\\\\s\;q^t|\\RA?=\\å~ͬgOm\_K|@\0	 @XN\0\!\0@@ \$ʢ\GW\'+\o\|\\\\Z\ڋΖ\\8]o\\~\nqΊxlVDac\\G\\\\\\3w\0??;Y˝d\\]e\C\\7Δͷj*^3N\4\\sX\\r\\\\\KTz\\\\\\`d\9P1u\bi\\un\'t@\0@p0i@3$DYt\B\r\\\+\";w6ݏ>\Tk\e]&<\\2a\\ش\/b6mF;\#\]w\z\RXXhm<۸qc3\3\H}\5}\Ƙ	8	$\?Q[4\\\nO\>͈	*6tl?\\2\̓\\瞒\g\f\\k\9\\\ˏ\g\\5[\\\\۬\)\"\M\}SbHUt#@\\"]@\0A\0\ulB\0@:G#\\c=&W]u\~\\\\\W_->̞=[v\qG\~\\v樣O<Q,Y\"(\'V\\r\%\[oɌ3\\7\q\Fx\*>|\r\gK׮]\.0\Du\!@ @X|c:&\88+ҟ?x%sL\rvl3mlІ\z\$\)wHa\~ݪr\YeV),7:Zn>XT8놙Ro\\\\\\l\"FL\tf\e\\K\Ae\*@\\f8~Vg@P܀\0 \=P\ރH\0\\%\0\H\ IE7] T\\\݊k/\\_rǋ\n\{lާBCūgϞr\w\Zѣ׷\j+CwC6\t\9}t\n\*.@X\<\J)im\p\uhaCu\q\.U{\\+\\\rHq\RzKy\n\ߥ\rT\\J\')7\N~4\\n\w`\\B<\0@\0\0 \0@@\\&@p%StAP:RRR\"\{\u\]馛\=\#m۶\^{ʹV9s\\\Y7m\4%@\x㍦\^?\\x\r\J^O\n{\b,狀t\\0Q@8:2	\"𴪯z[d#$o%:\\1C\\;g\\)wH\C{\\\r\\r\\r-ǜ7j\\\ԳN6L\}S\\{p\t\Ҫݞrٲ\ow-|M__{\?it+:]NsTbP?\\7咇]]\\\<Gϯ\0\~?L\w\|̟?T$`eQ@\0\0 \0@EKWZ6`={zf痹\\o\\D\\"@dK,y @ZJ&Nh*\Z\\?3! ֭[\'#G\6\\\\\ÍP\"]\\t-\\\WNr\\oF@HާG\"\ꩇz(\n:wf\7?+/@\\\Y\Rxlr\{p\rp{\]c.4rC\P\Kg@\"E\0q$nh\T&p]\\jG\\n2bo\0\ٶ\\@&[\@\0Ђ\tLB\0\ 4/L/K\Iqq\ 8l<\\\\\/6\\{O&O,/l\Y\:i\ۿRi\\[0=ڴf\\M4z\#\v[x\E@\=\y\vow\`\z2E\׌\Z+ʆR\Y)S\<Y\QJ\5l(*\\v\!\s﹣\}\43Z+ \z\\\AO?Y**:t\.CnC6߲\\m+MwhY\\:B&\5+W\\r\* T8\T\\T3\"\"~oMDon\0 \0\	0\\> \0\@\\T@D0{^/w\"hBփ?$}\U$P@}<i\$:thJp\~[\\'7\p|?C)**2ӯkV\9\裏}=hɂ\0Q&@´q^gn\-4mYj¾&{9-ZH\s\'ə;/x>?ϺU;岴!Խu\yʝUw8a\o\\P!]ym\T~wl?ST\r\\Z\\#v襭\\aٿݵ2=/MubA\2W@:h\\N@\0@% \\0 `\0-lg C`\To\0y嗍b\\n袋[nS.]dĈ\[oI\\e͚5\2١CS:\ \\\nN8\Խ*B\\~妵C\O?]\Z6lh\\u\n$** ;.Q<\MT@$)\\n@\0\@/C\0@\^\n\\|s\\T@D\0{^/\\0QS\*DhUDūgϞfV[mU\29\0\0\\a\'d2\\\ڴ\\3(+̟\\)NB\0@H B\2\0 PkF\\/o @|J\\#%\BH?\r\QGIF\"MD\cA |љ>l\v\\o\l9lQ\\~Q>mNg@Ђ)8@^  \08M\0!@8(n.@^Z\r\Z$\CBxbў\K\  \"\dN@\L(< {a\@sK\us\g=@\0H%p!\0Đ\0DRK$ʢq |ICG2k\,iڴit(o)SL~ZJJJm۶һwo3\'UV\\\n\??\cǎr\=I\\IRN\Zq!R66\A\C\\\F\7\y@\\\\:\#\\\NU#@DE!\0$\0D\"\N\\0bE\0\"V\\WaoC\IG˹p\s&y?$۹\17;Ђ	±M\0bL@}\\c@\09@\^>u\`\"-{\}\\\/#\*@l6\ s\߃\^/\c>3\\"\><\0 \0@\0\0|#\0\HF]9D \Ų+K\0\0 \0IDAT3&(\'@\\M<%T@ԒA\0\0 \0@\0Ȟ+\CZ6\aOqk2j\yW.W\H+9qˈ{9\Y<v@ @:k?pǭT@\_@\0ȁ\0-rǣ\0 Hao#@Du\HP\y4\\\Kpy\0\e}d\6\\\G\i\\ x\\" \0F!ԡd!@\0H0η \"\,a$(B^\Z\\\%8`ƈ\\\S\{\?bA\2W@:h\;!\0@ \ \|\0 `r$Ϯ\"@\\P\bٕ\_xG|	\\\~\\z\\6Z0\݁g\0 \\Z\2\0#jGr\\ \r\0a/]7qėCP[0މFK\0;P\wA\0k \\\B\0\0#9u\`\ކB\\ˮ|\8\K@馛Hu\\$՚?\\y}#oF\ϟ\:U=LH( \0D@Hd\	\Z@ @\*U;\\ \r\0a/]7qėK|)L\\5N\YN4\QS\.\\JQ\v9\\\0 \0\0 \0\&\0a;\w\`\"ÄFpDP+3	K\Z \˴[I @%|\0 \0%\0>\0 \0\ lg C\"@d\nC\0jt\s&ai!\\ @\\]?L\"@G\0 z\3}B%F@\0)&[\"@\\P\bٕ\_xG|	$A\\\\Dnx\Z\0 \0@\0HGr\\ \Z6=Xv\s\\\_\M\\<CK&\0 \0@\0;EKW;lwWao\\ZHiiiA g3G b\q\s\A\$`\mS\"@\Ə!\0@ h?\X\0 \0?q\0\^#A\\^7/!@\3F lZYX\\zuh〷h\0\r\؄\0 \0\`um \0$@\\\0{^/\0\uzD^0c@\ĂeRNtl\\Z\0@\06	 @ؤm@\0P`rdr0\0aoC!@\c\eW>g|\MILяZ\\;\0 \0l$\0n\0 \0\Bm;\w\`\"ÄFpDP+3	K\Z L}\\BȍOC\0@ @\5 \0@r\W9а \Ų+3&H\j\mE-@Ђ)4 \0l$\0n\0 \0\ lg CraB#\r\"	[ҕϙp-H\0A\6V\\ԹqRԹ]n4 \0$\0D\\0\0 \0X\'\0a=9\\ Df\.(&kMy\Յ\}\Jqqqm\$AH\\RC\"d,@\0@-C\0@ 2e6\}\(\~\\\oч\\}:\R\\\k\C?\D\0\"\'|x\"i&H@\0^\C\  \0@M\\rDYt\\"|OMi , @Ђ)\0?\0 \0@\0\0C0:\\ZHiii3Fp&U\E\[î\m\",\ @?TyOL\"@\(@\0\0 \0Ě+Z6sa{\"\T\zi\k%8+\1\Z1HB\]@yp\0Rh\f\0 \0dG m\guw	\\ 7 @\&\06Q\s\kea\r\ա+.g\\'-FV\\4 \0\\0C\\ZK\0 \0η \"\a$(B^\Z\\Z	\\nvB\0ZXPL\\)-9@!\0@ \ \|\0 `r$\̀p$Q\D\S\& \0	D-@\\ @\0\06@`+@\0m/{* \"\ua$(B^\Z\\Z	\5\\n$zIL^5Ԡ B\\b\0 !\4 \0dD\0\"#Lo\~\\D\3+B\J\\0A&{\2 \0\ @Q\\0 \Gr\0\H,\0a>!\0 @x\HZ:w4_W:\\0 \0\@HN@\\	 @\53Bp$Q\D\SӴ`4U#$\\\5\\	 @3 \0@d\n?!\0K\0\\"@8(n\"@X\i\4\re@X2\0\U:	\\:F\0 \0xp\|)\pO\zi\k%8\	^@2\0*N\0 \0@\0\0<&\\R\\n\0{^/\0\uz\\_V a\KI h\\EȍOC\0\0 \0@\0\!\Z\0η \"\\a$(B^\Z\\Z	\\nvƀ@\m!@\Ə!\0@ h?\X\0 \0?\eB	\=F:VC1 lZYX\\zuhoqs\\0?\0 \0`uXc	\0 ƿ \"\a$(B^\Z\\Z	\\nvB /h\%ˤ^\آYn4 \0$\0D\\0\0 \0X\'@&\)\\=(yB\2pd0},\'\\ř-\]\`Y qKV \\\@D-@$%B\0@\ \"\\0 P#\Η\8ߦ\mQ\HP\\'Id\?\]S`\$L\\lxQ#@ǒ \0@ Z\eu@\0\0D͌bqHC@uzpp@Pӂ)\r\0A\\\\0 \0\0l@\#@d*!@$8J 	msK\us\\i@\0H<\o\0@\0N\0\z\n2s\0\"3NI\"\ُ&vZ0EÕU\O\0\"9\!\`\02%\0))\\0 \0 @DE6\u B\\r&\rHa\=\"LmX\4 \0䏀?\3%@\0@/\1!\\r\HP\y4\\kAXQ/	$A2qy\n\"1@\0\0 \08M0η \"ܲa$(B^\Z\\Z	ε @¨ LkA!@\ \0@\0\0 \0	\\;m7t	\=F:VC1 Lm4\4 \0\\0-\\ZK\0 \0η \"\a$(B^\Z\\Z	\\nvƀ\kea\r\աM\΍+Dnx\Z\0G!\c%@\0@^Fp/\zi\k%8+\1\n\\\\0G-@,(Y&\H\\rs!\0@  \0\0@:Z0YOAfhw+.GV\\KyR\\\\ق\ŁFD`3X\"Hܒpq3\"@\\\0w<\r@\0\H\0\\0@\0	v\6\0{^/\[\\իMrHJ\C\{\\l*\g6\v\\9xԴ`|\iy\ڵk\V6\ӊ\X\\\\[ˮ\*\\-\0\\'\0\~\0\ \ $ʢT@Xi@+IB\U\,u-,$\0<%\0\ib	C I#\&E\0\"\0\U:#	&jb\\\Ҹ~])\\.Y\0C\0\"9&R@\0q%\0\\TDYt\\"|OM6$\\4;f±\. \0@Hp	@L @\$5\0Q!^G`M K\0\"\4rLIq \0\&O?m7@\0	&\\R3B\#A\\^\JpaF$\0\eZC\r\n\"T,@\0\0 \0xL0η \"\\a$(B^\Z\\Z	ε @¨ LkA!@\ \0@\0\0 \0	\\;m7t	\=F:VC1 \0$\\\' \0@ ELl@\0@v\8\FȎyVwrs\0!lae=W,[V,^ڸ\2~\\0Dc\0jM!ԵFǃ\0 Pao#@Dy\HP\y4\\\\0 \0dԫS [4s.B\0@	 @\9;@ h\H=PyB\2pd0},\'\\\V#B\{_-#@Y\\0r%\0<@\0 @ \0@6\Η\8ߦ\"\]F\"t\\ N\\\S@¨h\eZC\r\n\"T,@\0@.KC\0@F 2\d&* \\ \ @\=CB!ԮdʞQ`[,C\0\0o%@\0\@p$g$ʢ\c\Z\0W\$sK\usHgQ@\0H\\H!\0ĕ\0D\\3S/Ge\M=5M&OKX5@Q\o@H\0\0 \0g @8*\0 \-GR\0\H,\0a]\\4;f±\. \0\P\>\0lp\|)\pׅ\zi\k%8\	^@2\0*N\0 \0@\0\0<&\\R\\n\0{^/\0\uz\\_V a\K^5Ԡ B\\b\0 \0@\0\\\k\6D:E\\K#@x^+!@X\@Ab\D\{\0 \"@&6 \0@ ;ao#@d\<\HPV9E\0\6+^+KKm\\q?L\0\"\1@\0&\Z\A@\0H(0η \"\<a$(B^\Z\\Z	\\nvB\0ZXPL\\)-9@!\0@ \ \|\0 `r$χz[t8R_>^\n̓\\b!@\Ï\0a |\,qA\0Z\\?\0 \0 \\0 `k\KaoS\#A\\^\Jp)\V a\K`2\0*N\0 \0	 @D!\0@ #asw \!\0\\!jW2e\ϨZ0\\-!\0F\0· \0 @83Ge\M1\rxE\0«tFL\\ԹqRԹ]$( \0$\0DrrM\0\J\0\"\#\&E%\Z	 @Ԉ(7 @$~\0\03 IB\0\0#Ep$Q\D\SӮ\i\Z\\3\0\X\p@	\\(l`@\0	vƌcPG\\HP\y4\\kAXQ/	 @x\PB\'A\0\0 \0@\0p\|)m7t	\=F:Vs\/+0\%/\\ZjP\d1@\0\0 \0@c\|\"\\rF\"t\\ N\ `\h @\ 	1w\"\	\=@\0H\0 0η c\\a$(+ܜ\"\0f\0D\DY\\V%˥W6y&\0g\\0 \0Z`u\  \0$@\\n0{^/\0\uz\0a;F!\0D-@,(Y&\H\\\0 gq\A\0HZ09\C=T~ޭPY\/L/K\IqqՈ \\G\\7\yח߮5oE_h\7\\E j\-\Zx@\0q&\0\\\ \0dp\aoS\\#A\\^7\ˠQU\|a\8)--ͫO@>	Ђ)ݴ\0\f\\Z@	 @$1\\@ ^ ╏*DYt\\"|\L\01\ʮ{7B,\S\0C\5ZSM\u@\0Ȕ\0D\0\"\0ِ\E\!@xTK!!@X\\@M*b\H\\ԹqRԹ]l\ \0A\0<\% \0	 @8]Ge\M=3\0\YB	\'kY#K\K9C\0p\0\q@\0\@p$$ʢ\{f\Z³N\ F r\0 \,=P\\Yq\0\\'\0\H IE7 ,\\4g	%	 @d,q @$.\@\0\0 \0Ԓ\0D-\1|w\{9\q\~\\0DHk\\\\9 \0@\0\0 _0;l_õ\b|\1]c]\'r\"ˇ \ BF,\:C\0TYs\\ZzC\0@h%0n\0 \0\@8\M\Rd[\$a$\j\0Gp8y1s\"f	Xz,,Y.:ɻmA\0<\% \00]\0@\0Ȏ@\\T@d\<\HPV9E\0\H \+%ˤ^\آ\0D\0\"O1@\0U#L$ʢ\{f\Z³ :\fA@\0H,Ħ!\0Ć\0Cc\Ap$Q\D\3\%p&@%\ĥ!\08K\0\\\\8 \0o @8JGe\M=3\0\YB	\'k\\ZY\ZS\C\0\0DdhY\02$\0!(۷!@\\@\#@\?Gx\0\J3*QgݨsK\us;	 \0X!\0a;F!\0@ \0#\DYt\\"|\L#@xP\ɚ\0D\\\0D\RN\0%\0\l\p7 I%#\&EF,5%\ĥ!\08K@}w\\0 \0	 @8CGe\M=3\0\YB	\'kY#K\K9C\0\0 \0@\0$\0QKp~\"\\ݳ\0\^\\\1D\\3_\"\0/\\\Ap7wx@\0\0 \0\+N-\\p-\Xiii-.{L\\DD\\m\a,%v&= \"˲\@p&U\E\\0 %Z0e	\!\0@  t0},\'\\\V7I	\Z\\ N^\\\GYBp\'\^+KKmnn@p#Ox	@\0\"f@\0\0#\6\1\\\0AnN@`3E\0\",J jbA\2W@:h\+B\\0 \0<@\h\@\0@h\\\#\&EF,N j\"tY\0K\0\"\'p@\0!\ؤzG IE7 ,\\4g	%	Ђ)kd{\0\"q)\'`@\0\@p6u8@DYt3_\ʕ+\Oh{\!f͒M~ݺu\s\\̙3e̘1Ҷm[M7\$/L2E4ibX\Mkl\L>\,ұcG\{R1\~\x<\0<\=\\\Q`re\'\\' \0@\ \0#\f\"#DTu=\C2t\Piܸq\y\͛\'gy&ŽiM\0\"l\01u\bi\\un\<\"\0 \0@\+nA\0@% \$ʢq S\cT@X|#c: bX;\0\\ \0@`;@\0m3}A%6;\O\0\W_\\\\kժU\_˷\~k~Y&k\ڵ\ˏ?(u\ԑf͚\^{\%\'|o\\N\nJ @-j\"\0Q!^\0 \0\Cv\\\0H\0#@8(n\"@؁\\0\K\7^[+[/K\\t\ME\֭+\Փ\K\raÆ\WFd\77~\\/\O>\˗\;\ \Ǐm\\\ lg  ⟣3\0\0 \0IDAT#<\0 \0@\0\0\A\0\"y\\Z%8\ɓ\'˴i\\\>}ȸq\Rs\̑\K͡~+~ҤIr\7\y\\'{ｷl\fRXX(?\r\\\+\";w#F\\G-\&HK\e]&<\\2a\Q/bSN;\4y\w\뮓[oլΪ\\gq\ڕ.@|8Ra#\p3۠\0A\\Cyߩѯ_?ѹ!\~ႀM6\a<\% \0@\0\0 `+ZsuDzXZZ]CO.Ks](\'/|\"K`	ݶ\0mw,\\\O4x&N(\\\\@u\\Ft\!\*L\\s\5\4߄4hsΑaÆ\\Jnv\v\m\ꫯG}TfϞ-;i3p\@9ꨣ\%KȀʉ\\r\[2c\9\\zzpb\\U\\\O\\ϖ]\\\`ĉ\^/((0\w\\A\\ٺ<w\qr\)A @\\"\]wr\0NLI\\@\0\@8Rf/L/K\\^W	\˶mf͒~Zn\\jG\_FLPm۶\gZ\_+B\;9ryN	* TP\\7U<\\_\r]_+/\\/\q\ǦR\P\ٳ\y\F\\\<\0\FU\"z\<׊!}o\x_^ƎkB\Z=zi\\\\֭3\"OX5e\\\ҫCM MnC\0H P\'0\@\09\|\nRP\a$(B^ڦ\0-t.BSp\8Wv8_Q\{\ofh\I\'$ZJJڲ\\{\\\\Z\^{ʹV9s\\\BT@\ߛ6m nFSUW\\hlWjz=~\Vﾻl\Rz\O[Q[|i;.\_\"CM	ho\y\M\\:Rߞy\\\I\"5\ū 4/Z\ԡC\޽i\5u\Tk\v˳@\ ,zu\ncf\0\0 0 \0@L!@\\`\em\ \\\r\-Zd-@(umsT8\vHw\qiqҊm\\	dծ~;\\+&\^n\D\\[la\\\\WMߋ\0FrF\Dyi]ڎK\,mu\Q+\{\=\_*FN:_~Y\_	a\\\z\\'evCV>X>a=; \DU@\0\0Y%&@\0n`#Bp$Qݴ)@\Fx\D:Bo.W?i߾i3Ə/*\0\^HPف\\\_|\T6hN\n`J tMm\m_5nҤztF\m\V\\*^\\\!ƤL#_?\o\\?w\9w\\e}I{Sg\ smZ[m\FRT\\q;\У|\[\;5\nqLQ\l?\F#D@ 	 eb\0 o\O\;Ge\Mp\\\\0a\0VP_~\-u@\}5\$׃\@\VI\\Fz5k&:`Ŋr\EjmӢ\X>}	T\0\~\eҤImNU-q\~m\ׯMq2>\\Vb\G}T\\\ZDt^g~L2EN=\H\~\_\\K/0b\9\CRҽ8hߥxC\\"=V\X\\5	:\\ABծgݨZ0Wm3}@\0@pd @8(n\ q\\\W_5l\n\\˴\\?\գGsoeV(<\\}\c_[ݨݺu3t\b\z\-cc͚5\\k\x\\LtyME\NHݫ\"\n$\c^\~~7l\\\S\\\mx\<L3fLtFDB\M7\dtT\nZr\;묳~uh^q\HEW^m\9+߫U\nL[Ni2ݛZ\WT(\\\]w\;\0\~Lf\0{]\\\>}\\6U\S_~\rUS_+^郰U\[P\W}=Zz%ƨTӫcǎF\\\\&*8\\\\d\VMj;6mǔV@Dn\Z\\	|\\ԹqRԹ0\0\"%\0)^\0 \0 @d\0) @\!\0a\7\|c@\HgϞfD\**\\.&\\\Ђ~f悊ZQ^\\:\0]\0܆!@\ᾊ+͛77]W\ _RѾSaM=[\MnfS\\ܣkkVk-\ԦV]v\\\L\{uȶ\#\\!ַo_Sis\rD\6h*.ju\\/|U\0\u=X1oֈ\wy6}x\ʦB\8-VRmN*\Z\\\0&M?\B3D@G>f \0E\0|!@8(n&Q\\A\Gi\\z0\>z\\0\r\\\δ_\\/\/O?9\u\]<4I\\_Ҋ=\\fmL%\\/\=i\\z\w̼\\s\=``V	i[3y\Z\:ET|\S\EXxꩧ\\\o_۠͞=;%H834T\k\ܹCc=\Y)U\r(@\z:{#D\(C\*n&\3\"Jɾ\"\\'z@\0.\C\]r_!\0@3$DYt3i~\\mWS\"ΌXx\Bp> mm5*\uM\\*l]ϵ\n\0]\Wv0\͜9\\WЊ}h%\Rs\\fօ^\\\\l\"6c5e*\"PPD\&\0A\\?llSE\RDm\Ua_ao=rJD\0 \0@\0@4 \\Z#n|A`\q\\\\7\7\\\\_\\\\j\*2wӠS\Ӿẑ9\qhdC\\\;:o@\Sz~\UW\+D\sB]\\mCt\\ҵTT\MՃV(:AԹ**@\\ʅv\!]\0\:\\"D\n\9\*:}ٲ\;\Za%rm¾ \&\\z唈 \0@\0\0 \0h,Z\,ܩehj0c3eu\r\\R\\dʞ \E\|\U\_\7\sl*h\7Uй:{@\\Z\ri\\t๶ҶBZaP\K\0SweƫKRqAŬA%mut\iL\\\nZ0\BL\\LC9\̺hݺ\g1\̍WMW\#C[?\h姃èP߂*^z\o\rjʞCk!@W\0 \#Z0Ub\0 \0(	 @Y)\%L{\rW	\˶ \\\^|\01|p\\nH\]|˥{t\\kVW+\Z\q\\'\\\\r~=ז^:\_7/u֪z\\nޣNzm\w7hŅH\!\\{X\w\}%\G\^{mj೶%R{\Vqh\o\\\P;ږLmP~\\\'5*d\\&w\qɳվ}{S9\3XZ\=\\n-g~h5\m\fLh\Զ\n+gyoOS\\\\w\u\}\M\g}fZ1\0ŵlZYX\\zuh\\H\0B!\	I4aB\0@h\8ߦ\"tz0{^/\0\uz\Z\\~ذa\z@\\Ar.\\on\2U>\\'y=i\zx^Y-.Ѓ{sG_g-Tuiɕ	\Ud\\2m\43B*THhٲh[% _|\\Y\_3f\0V\0*(w t EL[&j\Kd2KiVD\\ڲLg4͊We><\f~\Fy\\'Lň0`@JQE!uDT\\\Vn**Z\LmT\\M[P\F\	{t$E$\0dԫS [4AA\0@ @\5 \0@r`rdgЂɑDYt\\"|\Lg*@\㢢\"Yt\\\\N\\0[\tZY\ihC SQ}\0 \0 @\D\!\0@ jpH\#@\\e <NnC\D\ܹ\+UzV[B)|\ү_?ӊ\C\8U\+b`\n\k @_\0 \I,\0\$\0\H\ IE7 ,\\tu\\97\S\\י^SL1t\B߾}M\".(3&\F\e\|9QPbuTZ3jL~\\0 `\0M؆\0 \0%\0\\>@p$Q\D\3ӕ	\\Ay\Q\\o\\ﾭ1b.u\\Z\:\\7sV\\i\E\k?pȄ	\\.t@\g-\L4Iw\n\]Dy!@DI׏ \],\ו\\\0F\0 `\05\0 \0\r \\n$ʢ\{f\01gP/Ye\uGCut\raÆ\WF\\Tl\ͷ\u\޺u\\\FDM\0\"j\\0\~\0@R @$%\\	@  ⛛r!@8(n\"@X\\\\W\AG\\j#\\}Q9\#=#C8I!\0L\>Nڳ\I@\0\/=P\>F@\0H#\0\\v@p$Q\D\3\Ù\\w\;j fΜ)\'xgd\') \\ǉ\0Q{v<	@\0\0 \0$\0#Fp$Q\D\3\\\r\P\\\H?py\gL\:\!\篻\:ӷ.@p1k\"@\0\0 \0K`\\\N-;kU<\\\q]CW\Ps\"z\x\"y\G\\)\"gϖ~)\Ϗ;V.\|\rN\0\"t\-\0\]J	h\mj	\0\"\"\01pdh_>^\n̓\\\\gl	\\wU$\0@6D`s̘1r\5\\\ի͏N;\4\[\ru W\V%˥W6y1w @+<\0 tN ~@\0Ȗ@\\T@dK=\HP\5\0\!, \w\u{\r\\JQQQX. \0XZXPL\\)-\*n\0 \0 @3<\0 \Z09QZ09(n\"@X\\\\\P \0J	D-@\0 H \0Ԗ\0CkK.\\!@\\ LZL]Fibp+oh7\\\ZBp6u8@ q r\0 ;KI\!@8(n\"@X\i\J8Y`u\\@\-@d \"C\\\0 !Aپ\r\v\o\"9r\CW2Q@?\F-@LX\Zׯ+E\H \0@\n+\1\n@\0i \$ʢ\{f\Z³N\ F r\0 \,gS\\0!\0\H* IE7 ,\\4g	%	 @d,q @$.\@Yz\3\8 \0O\0\"@8(n\"@X\i\J8Y@\\ZY\@H\\\	\0 \0@\0%Z\c&\=rW \\|v\\s@\0\0 \0@ -]avj\<kiM\\JKKkt\c\&\"Nn\\E#@d	,#@$0\\0Xu\03\(5\0 \0,	Ђ)K`\@\0\'\01pd\\\`\<)..I\H\\06\0\pb\:D\;y\'lZYX\\zuhw\t\0y\K@\0a5\0\0 0ηȎyVwrs\0!,ad@WQJI:ұE3_ \0\\0D@c\0$@&G6-IE7 ,\\4g	%@ tQ;̂\0 XM=C\0\rP\&\;\0\H,\0ag <K(\dMLY#K\K9C\0p\0\q@\0\@p$$ʢ\{f\Z³N\B5\=\0A\m)\0 \в0 \0dH\0\"CPoC\G\\L\gT \"\ϺQS\.\\JQ\v@#@\0B\0\\nvB\0@\ZG#\&EF,5%\ĥ!\08K\0\\\\8 \0o @8JGe\M=3\0\YB	\'kY#K\K9C\0p(l\8@\0\@p$$ʢ\{f\Z³N\ F r\0 \0@\0\0jI\0\Dg½\\c rq\͝z\\}@\ rF\ާ\0!\0@\0\0 \0,Z¬ԩeVv=\\K\\DD\q\\0\r\"ڍ\\\>d11|pW\\\k\\i\\W͝|<\D@\0\"-\0\YB	\h\qr	\r\0\"!\01pd`_>^\n̓\\\Hgh	\\\'\0k%ra\\z\%lZYX\\zuh\\D^-6 \0B!Ԯd\n?!\0@ .\8ߦ\"\l\zi\k%8+\1\n8@ jbA\2W@:h\\0\r\\\0 \08@sv\r@2Ђɑ<ӂɑDYt\\"|OM#@xX\0r&\0,\0@\0\@\0\0@\0	v\쩀pׅ\zi\k%8\j+0\%Z0y\PB\'A\0@ \"\\\0 0ٿ\n9q\A\0`+\g\-\\\\0|#\0\[F{ \#\&E\0\"\0\U:#	&jb\\\Ҹ~])\\.Y\0C\0\ۻc;:\-\Kr!v,ՁK [G\%\F9%b#6\ՠZ4Nnh %KK`q9\;\ML\{\8o\_}~m?\U\\L	 P\0\Ό\@i\\@l\BkZg\n \$jD\0\0@iB	 XD\\n 4je\n \[GXhLk-\0\"XÔK\0ҿ\\\\hX\	 @`\\֗rq\\O],o\C\0\â\hr @o\\\'|R[0a5( @\0[@l<\y\|\0D\\\}Pm \\'@\0 @ @-s7 r==A\3433\\(Ģ\r2mS4SmQT,c}[\0Q9\ZT<C 0C@\01˥8z{rsڢ\e2qqzR\.\\\;>M \\0`Ws4`y&@`\0bK	 Q\\|iuJ\Q\rE\0-\n Z\9 @.[0\Տ\8\"HI`A5\T @\0@4\v&@@U\֗r7 \n>9\ZT<C 0C ZB=cj.%VL @`)t\< W@\0wހ\(e @@xPoa	؂)|M\0\ iB Ь\0\"H\A\ZL/ \\pu\0@T\\n @YD\ 4J$`5\Tf	 fq\0\0!	 Ш\0\ƛ6*@TԌu 4J$\bAeĖ\\0\C@\0ҿ\\\\\5q @lh\K9\8v\\dr4h\\\I@Ih_%-ݖ\0~\8[D]Q @\0\c}[\0q\'e\gr4h\\\F@ah_9ߐ\0*\\0\0\ZIDATfW:UDQ @\0mc}[\011\r~7W PR@\0QR\\5 j\N	 \\Y @``ڄ{ @ro \n>9\ZT<C 0C@\01˥8z{rsڢ\e2qqzR\.\\\;>M \\0`Ws4`y&@`\0bK	 Q\\|iuJ\Q\rE\0-\n Z\9 @.[0\Տ\\\\u/\v\\?Gt;Ow[\0bnN \0\"+ @\0l\\@\0qr7$@\0@\\ހ(\ G\nghfDKgLͥ\\n؂\B\0,E@\0N\\n \A\ZL/\\-?[0o	 @\ZD5P@i\0\"HI\0\\[~\B @@5jZ4+ \zDF)lf\,\,.@@5$\Z@4\x\&@@EDF)}A,\T, \rܾ@x @ @7\\3-m})\\L@M+	()\\@\\\Zg++j\"@\0 @\<\֗ro \LLM\(,\0\@4\\J*1\\"@\0 @`@-so f?&\?A\\\JJ\n J\\ZfD\\i6D}6KlBLPvX@mD\'\"G\nghf f`tQG\_tOuwn^[ԼL&\0\"NTJ\0\B]{\G\0	\X\@\j,\\\@\r)2\nu/\t^\8 @ED]7g\%`\\\\^\\n\\\n3@l\\	d@d\4 @\0 6N\ 0c}\\hPMh	Z[0y@ @\0 \I @@\\D\y\"HI\0\B\\'`-4T# \n!@@ @i2	 @ \0\"|\O!\\[hF@\0QM+B\0fAZ/\(eX-\LS% \\\$@@Fo\H@\0QQ3֕\"\(eX@/ћʖ[n\w\H{#\p\!@\0/\8\\!Գ\\Ѡ\ws%%}A0v[]\l5vEM @\0G \Rm\y\Ѡr}A\0|C]\T6FY @\0\\wm\\\dr4h\\\I@IDI]c\, ;m\&h\fI\0M؂i\\A\0Kȱ-(D\hPM\,.J\\\\\\\\k\\@\\J	 PCk\ @6\\]\Ѡ\\0X.%@@Fã\\\\+G5( h\\L\0lTW?VV׽\ݾw\k=|\\<}\\\\ouF9#@\0 q\\\ݐ\0F\֗ro{\\r*X	!-15X+`& \R:i+ \;o@i2	 @ C÷0l&@\0jմB!hV@\0 R&@oa	8:|M\0\ iB Ь\0\"H\A\ZLӂi*\\\\@@\0Q\0ՐhT@\0\h\M\0	 *jƺRA\ZL zSٲ\0b\\rpN\0\! @\0\\\\wwo\\Z\8 @`@g;zc29\Z4n$@@/\nK@\0\Vk\0Ʈ\0 @\0D[_ʱ-8ϓ239\Z4V.#@@/\oH@\0\P+\0\\(\0 @\0\Ѷα-L@M+	() (k\5w\m\,	 	[0mB\= @`I9ַ\r*X	! \\E	=\=9|\ݹymQ288R)jpu\R\&c}[\0Q9\ZT<C 0C@\01˥\(ppx\]\ݺz%㨆\"@\0-vݜ	 P-\\\\j\w\\zͣ\H\0U~7\'U@\0\` @\06. \8 @H \Rmo@cA\343%\3\Rkl\!@\0\" XJ\'̓\0qAz\\r R&pu-·\ P\0V(\0\\n ^\0Q\$@\0-?Po	 @\ZD5P@i\0\"HI`A`ZP3Me\0b \n\Z\0\n \Zmi @\"DE\XW\0\"HI`AѾ Do*[@ln\	 < K \\\\\\0\\cP\~L G\͕Q\\\m	 \\w@\\5 @\0 ph\K9ַ\yR&~&G&\\eQ\\r	 \ZjvS@T\e @\0 0[ \\9ַ\\Ѡ\ws%%%u]\0\\Q\0>%6!`M(,I \\0\A\3433\\(\/\'Ϻ;7-j^&G@\0W*%@@\C\#@\0\ro \nv5G\nghf f`\0˗v[Wd\P Т\0Ů3\S]XY\\\^nw\SyAq\	 \\\\n r\Z\0 @\\'wC	D[_ʱ\\rr4`y&@`@z\\\\J`-<  @RK\y @ \0\"H\Q\$@\0\\S\0@T\\n @YD\ 4J ^@\0\\'\\-4T# \n!@@ @i2	,HLj\@\\rqDTC @QD7mT$ \J@i2	,H \Ă\Me\-7\;\0r	\\ݽk8\ @\0\\֗rq\\ُ\\h\\0Ѿ JZ-D[q\Z& @\0\#m})\\0\<O\\\\h\\[\0\Ѿ \ns!DCͮtJ, @\0fD\\;\\0bc29\Z4n$@\0k@\ܝ6j@\g$@&l	e @\0%	\X\@|\"r4`y&@`\0bK%pE\Yw\\E\\d\ \J]!ԵwH} P@mD\hPM\, @ \Qw\Nw\ꕌ\Z\0Z@\us&@@]`+\\\\^^\\n߻\5>\v>\:#\Vݜ@VDVN @\0ظ\0b\\nH\0#h\K9ַQA,\\\PϘK	\0X\0b)4\@\7 4J ^!\\[~`\n\B @@5jZ4+ \HDRe @\0 @\0 @\0W]H\L\aZS+6ϱ7 <\\\\\_\?] @@po@o	 \0ho@\ @\P4hbM5IIL.*( (kh4&MwFc6]I\%DMOZV\/j\n 6\\f < @\0,E\%\R^ @@_EA\rF@\0U-T\0\֚ @\0\Z\\[\0\\cn\G@\0q5Y\0b	]=D\\05	؂n\0Z@\i$@\Bp`\/\'Ϻ;7\# \"wO\K!\uC5 І\0>%@\\\\	 pNã\\\\+\\ @ <	 m[0m￷׽\ݾw\O<z\y\\ߟ8\ ^@\0\	!@\0 [@\0\'@Z\\_\\\s @@	uqT7!`mR$ 0A@\01\% PT@\0Q7\\ހ\gi$ N!Ԟm؂i\p,G@\0^	\n tN\0Q\$@\0-?Po	 @\ZD5P@i\0\"HI`A`ZP3Me\0b \n\Z\0\n \Zmi @\"DE\XW\0\"HI`A-~A,}r\|4\0\"A @\o7X @\0	\\=nnL@$ \"G\\l<M@\01\\U @\0\/\\\0\RT \\D\J@@\0QA\Z/A\0\` @\0$\\\=B@9D9[#\- ?-T\'h\\H\0\\'ݻog37s @\X@\0\A @\$,R\\\\\\\\kI\/ G*$@@PG\:	 @`I%u\\\(& (Fk`88<\._\\n]B\0\\H@\0q!>&@\0\<=坷g-\}R%[@lnO\0 @\8\\X\%ą Ђ@\Ws<[g\0! \\'U @`\ \\\\\^^\\n߻jŏ>\v>\\H @ND}i*g@\ms%@@YDY_ @\\"\\\\}O\0QEA\0\\\Y @w?{\\\P\Z @Qg@4\x\&@\0 @\0 @E׿v\\'\oq2T??\\~ֽ\\+M\¸ϟ?\~_t\_[\V\8\\~_u\\7o~֕\\\_\\HK\Oڽ\W\I;k\ԋ_\\U\W\\?\s\Gu0\\\7\'\}\|g@Lk @\0 @\0 )\\p|\\ke/\\0\\\\nܸq|߾\\~\'U9\я\\<yr\\\\_\0\ٓU!T1\\oճ;t\W\0Q\%@\0 @\0 @)\7ҢwzS\ا\\x\Z\o\z?V\\?ɞ7 D\pyAz{#\\\k_\}\~\q_җ߸\\Hc~\\צ_7o\\i.\鳩d\>w\FzC#\_;O0;қ?я^y\d\\\\כ\r\7~c\\\XC\~^#={vL\nK7&\o-\\~U?N\\?|#]\5=\y\\?sC3i.\\a^\0\\_&K\0 @\0 @@)\\\'AI\\{\\w\\򗿜l\rDZOҢ}R\n\\"\\0b\Q\$)dH\|\\\Zo\"9\pRik7\|$HN[O\É~\Þza7RR\i\wZ\0\(\ן\SxtڛSs\^\gX_%~ԤmR\\\x\U[0\gb\\~\Uo Jmc\\ @\0 @\0oq4a\0X>\}\\n \g@:\'a臁ø\`dxB= \]\lX5u[(\r\?X\;-Xu}?;!C\ڙ\ɰ?#\"\Pg|~\>9\:W}qZ\0BTo]\0\IoU}J +\d	 @\0 @\0()\/Ʀ\O[ \j\-J5\\r\m|1\\\V<\"\W\\\@\\?zU1\Z\\\eJ\0\\S\i=Oy_\o\\2ӟt-\y\>7\lN\0\[o{>?\gL\0Qoc @\0 @\0 Д@\i\>;\\&-Ү;,\pa\\h\?\\r}3\?j_`D~\7 7(s΀HgH민juDǺyn\01\p\uo;\\o@ k\d	 @\0 @\0A\\?m}4\\h@7\\3 E\Y	\\0\1 C\q\0\\q\{\\\0\"\9<{\"}(ӟE0|.\Lt&\l\A\s\4\A\~\hx\g@ j\F\r @\0 @\04\'\6:\\ӂu5\\O?-\\3[0\\EJ[E㴰.\ZnٓO\\𬅴\\Z/p0\V)mtVCy|0TIu\\לBq]i\?\\\Z?0\r~.\mV>}?!\\i\/=C \\\?dy\m\\\\o\\ \\}\\\\\MKaKޚU\9Ss0 @\0 @\0#0<\8\\ײ\\\ @\0 @\0 @`\7\\[-\͋  @\0 @\0hO@\0\^\͘\0 @\0 @\08	 \\\r @\0 @\0 @\0\3&.Ȭ*\0\0\0\0IENDB`');
/*!40000 ALTER TABLE `merchant_store` ENABLE KEYS */;
UNLOCK TABLES;

--
-- Table structure for table `module_configuration`
--

DROP TABLE IF EXISTS `module_configuration`;
/*!40101 SET @saved_cs_client     = @@character_set_client */;
/*!50503 SET character_set_client = utf8mb4 */;
CREATE TABLE `module_configuration` (
  `MODULE_CONF_ID` bigint NOT NULL,
  `DATE_CREATED` datetime DEFAULT NULL,
  `DATE_MODIFIED` datetime DEFAULT NULL,
  `UPDT_ID` varchar(60) COLLATE utf8mb3_unicode_ci DEFAULT NULL,
  `CODE` varchar(255) COLLATE utf8mb3_unicode_ci NOT NULL,
  `DETAILS` longtext COLLATE utf8mb3_unicode_ci,
  `CONFIGURATION` varchar(4000) COLLATE utf8mb3_unicode_ci DEFAULT NULL,
  `CUSTOM_IND` bit(1) DEFAULT NULL,
  `IMAGE` varchar(255) COLLATE utf8mb3_unicode_ci DEFAULT NULL,
  `MODULE` varchar(255) COLLATE utf8mb3_unicode_ci DEFAULT NULL,
  `REGIONS` varchar(255) COLLATE utf8mb3_unicode_ci DEFAULT NULL,
  `TYPE` varchar(255) COLLATE utf8mb3_unicode_ci DEFAULT NULL,
  PRIMARY KEY (`MODULE_CONF_ID`),
  KEY `MODULE_CONFIGURATION_MODULE` (`MODULE`)
) ENGINE=InnoDB DEFAULT CHARSET=utf8mb3 COLLATE=utf8mb3_unicode_ci;
/*!40101 SET character_set_client = @saved_cs_client */;

--
-- Dumping data for table `module_configuration`
--

LOCK TABLES `module_configuration` WRITE;
/*!40000 ALTER TABLE `module_configuration` DISABLE KEYS */;
INSERT INTO `module_configuration` VALUES (1,'2023-05-17 03:35:39','2023-05-17 03:35:39',NULL,'usps',NULL,'[{\"scheme\":\"http\",\"host\":\"testing.shippingapis.com\",\"port\":\"80\",\"uri\":\"/ShippingAPI.dll\",\"env\":\"TEST\",\"config1\":null,\"config2\":null},{\"scheme\":\"http\",\"host\":\"production.shippingapis.com\",\"port\":\"80\",\"uri\":\"/ShippingAPI.dll\",\"env\":\"PROD\",\"config1\":null,\"config2\":null}]',_binary '\0','usps.jpg','SHIPPING','[\"US\"]',NULL),(2,'2023-05-17 03:35:39','2023-05-17 03:35:39',NULL,'canadapost',NULL,'[{\"scheme\":\"https\",\"host\":\"ct.soa-gw.canadapost.ca\",\"port\":\"443\",\"uri\":\"/rs/ship/price\",\"env\":\"TEST\",\"config1\":null,\"config2\":null},{\"scheme\":\"https\",\"host\":\"soa-gw.canadapost.ca\",\"port\":\"443\",\"uri\":\"/rs/ship/price\",\"env\":\"PROD\",\"config1\":null,\"config2\":null}]',_binary '\0','canadapost.jpg','SHIPPING','[\"CA\"]',NULL),(3,'2023-05-17 03:35:39','2023-05-17 03:35:39',NULL,'ups','{\"01\":\"UPS Next Day Air\",\"02\":\"UPS Second Day Air\",\"03\":\"UPS Ground\",\"07\":\"UPS Worldwide Express\",\"08\":\"UPS Worldwide Expedited\",\"11\":\"UPS Standard\",\"12\":\"UPS Three-Day Select\",\"13\":\"UPS Next Day Air Saver\",\"14\":\"UPS Next Day Air Early A.M.\",\"54\":\"UPS Worldwide Express Plus\",\"59\":\"UPS Second Day Air A.M.\",\"69\":\"UPS Saver\"}','[{\"scheme\":\"https\",\"host\":\"wwwcie.ups.com\",\"port\":\"443\",\"uri\":\"/ups.app/xml/Rate\",\"env\":\"TEST\",\"config1\":null,\"config2\":null},{\"scheme\":\"https\",\"host\":\"onlinetools.ups.com\",\"port\":\"443\",\"uri\":\"/xml/Rate\",\"env\":\"PROD\",\"config1\":null,\"config2\":null}]',_binary '\0','ups.jpg','SHIPPING','[\"US\",\"CA\",\"FR\",\"GB\"]',NULL),(4,'2023-05-17 03:35:39','2023-05-17 03:35:39',NULL,'weightBased',NULL,NULL,_binary '',NULL,'SHIPPING','[\"*\"]',NULL),(5,'2023-05-17 03:35:39','2023-05-17 03:35:39',NULL,'customQuotesRules',NULL,NULL,_binary '\0',NULL,'SHIPPING','[\"*\"]',NULL),(6,'2023-05-17 03:35:39','2023-05-17 03:35:39',NULL,'priceByDistance',NULL,NULL,_binary '\0',NULL,'SHIPPING','[\"*\"]',NULL),(7,'2023-05-17 03:35:39','2023-05-17 03:35:39',NULL,'storePickUp',NULL,NULL,_binary '\0',NULL,'SHIPPING','[\"*\"]',NULL),(8,'2023-05-17 03:35:39','2023-05-17 03:35:39',NULL,'moneyorder',NULL,NULL,_binary '\0','moneyorder.gif','PAYMENT','[\"*\"]','moneyorder'),(9,'2023-05-17 03:35:39','2023-05-17 03:35:39',NULL,'paypal-express-checkout',NULL,'[{\"scheme\":\"\",\"host\":\"\",\"port\":\"\",\"uri\":\"\",\"env\":\"TEST\",\"config1\":\"https://www.sandbox.paypal.com/cgi-bin/webscr?cmd=_express-checkout&token=\",\"config2\":null},{\"scheme\":\"\",\"host\":\"\",\"port\":\"\",\"uri\":\"\",\"env\":\"PROD\",\"config1\":\"https://www.paypal.com/cgi-bin/webscr?cmd=_express-checkout&token=\",\"config2\":null}]',_binary '\0','icon-paypal.png','PAYMENT','[\"*\"]','paypal'),(10,'2023-05-17 03:35:39','2023-05-17 03:35:39',NULL,'beanstream',NULL,'[{\"scheme\":\"https\",\"host\":\"www.beanstream.com\",\"port\":\"443\",\"uri\":\"/scripts/process_transaction.asp\",\"env\":\"TEST\",\"config1\":null,\"config2\":null},{\"scheme\":\"https\",\"host\":\"www.beanstream.com\",\"port\":\"443\",\"uri\":\"/scripts/process_transaction.asp\",\"env\":\"PROD\",\"config1\":null,\"config2\":null}]',_binary '\0','beanstream.gif','PAYMENT','[\"US\",\"CA\",\"GB\"]','creditcard'),(11,'2023-05-17 03:35:39','2023-05-17 03:35:39',NULL,'stripe',NULL,'[{\"scheme\":\"https\",\"host\":\"www.stripe.com\",\"port\":\"443\",\"uri\":\"/\",\"env\":\"TEST\",\"config1\":null,\"config2\":null},{\"scheme\":\"https\",\"host\":\"www.stripe.com\",\"port\":\"443\",\"uri\":\"/\",\"env\":\"PROD\",\"config1\":null,\"config2\":null}]',_binary '\0','stripe.png','PAYMENT','[\"US\",\"CA\",\"GB\",\"AU\",\"FI\",\"DK\",\"IE\",\"NO\",\"SE\",\"ES\",\"PT\"]','creditcard'),(12,'2023-05-17 03:35:39','2023-05-17 03:35:39',NULL,'stripe3',NULL,'[{\"scheme\":\"https\",\"host\":\"www.stripe.com\",\"port\":\"443\",\"uri\":\"/\",\"env\":\"TEST\",\"config1\":null,\"config2\":null},{\"scheme\":\"https\",\"host\":\"www.stripe.com\",\"port\":\"443\",\"uri\":\"/\",\"env\":\"PROD\",\"config1\":null,\"config2\":null}]',_binary '\0','stripe.png','PAYMENT','[\"US\",\"CA\",\"GB\",\"AU\",\"FI\",\"DK\",\"IE\",\"NO\",\"SE\",\"ES\",\"PT\"]','creditcard'),(13,'2023-05-17 03:35:39','2023-05-17 03:35:39',NULL,'braintree',NULL,'[{\"scheme\":\"https\",\"host\":\"NOTREQUIRED\",\"port\":\"NOTREQUIRED\",\"uri\":\"NOTREQUIRED\",\"env\":\"TEST\",\"config1\":null,\"config2\":null},{\"scheme\":\"https\",\"host\":\"NOTREQUIRED\",\"port\":\"NOTREQUIRED\",\"uri\":\"NOTREQUIRED\",\"env\":\"PROD\",\"config1\":null,\"config2\":null}]',_binary '\0','braintree.jpg','PAYMENT','[\"US\",\"CA\",\"GB\",\"AU\",\"FI\",\"DK\",\"IE\",\"NO\",\"SE\",\"AL\",\"AD\",\"AT\",\"BY\",\"BE\",\"BG\",\"HY\",\"CY\",\"CZ\",\"FR\",\"GR\",\"IS\",\"IE\",\"IM\",\"IT\",\"PL\",\"LU\",\"CH\",\"RS\",\"SG\",\"MY\",\"HK\",\"NZ\"]','creditcard');
/*!40000 ALTER TABLE `module_configuration` ENABLE KEYS */;
UNLOCK TABLES;

--
-- Table structure for table `optin`
--

DROP TABLE IF EXISTS `optin`;
/*!40101 SET @saved_cs_client     = @@character_set_client */;
/*!50503 SET character_set_client = utf8mb4 */;
CREATE TABLE `optin` (
  `OPTIN_ID` bigint NOT NULL,
  `CODE` varchar(255) COLLATE utf8mb3_unicode_ci NOT NULL,
  `DESCRIPTION` varchar(255) COLLATE utf8mb3_unicode_ci DEFAULT NULL,
  `END_DATE` datetime DEFAULT NULL,
  `TYPE` varchar(255) COLLATE utf8mb3_unicode_ci NOT NULL,
  `START_DATE` datetime DEFAULT NULL,
  `MERCHANT_ID` int DEFAULT NULL,
  PRIMARY KEY (`OPTIN_ID`),
  UNIQUE KEY `UKmanlx6siq6ddf14cud40k8gw6` (`MERCHANT_ID`,`CODE`),
  CONSTRAINT `FK37xvfo4the20avv7f1e1771fh` FOREIGN KEY (`MERCHANT_ID`) REFERENCES `merchant_store` (`MERCHANT_ID`)
) ENGINE=InnoDB DEFAULT CHARSET=utf8mb3 COLLATE=utf8mb3_unicode_ci;
/*!40101 SET character_set_client = @saved_cs_client */;

--
-- Dumping data for table `optin`
--

LOCK TABLES `optin` WRITE;
/*!40000 ALTER TABLE `optin` DISABLE KEYS */;
INSERT INTO `optin` VALUES (1,'NEWSLETTER',NULL,NULL,'NEWSLETTER',NULL,1);
/*!40000 ALTER TABLE `optin` ENABLE KEYS */;
UNLOCK TABLES;

--
-- Table structure for table `order_account`
--

DROP TABLE IF EXISTS `order_account`;
/*!40101 SET @saved_cs_client     = @@character_set_client */;
/*!50503 SET character_set_client = utf8mb4 */;
CREATE TABLE `order_account` (
  `ORDER_ACCOUNT_ID` bigint NOT NULL,
  `ORDER_ACCOUNT_BILL_DAY` int NOT NULL,
  `ORDER_ACCOUNT_END_DATE` date DEFAULT NULL,
  `ORDER_ACCOUNT_START_DATE` date NOT NULL,
  `ORDER_ID` bigint NOT NULL,
  PRIMARY KEY (`ORDER_ACCOUNT_ID`),
  KEY `FKi6l5isodh81m5hy8ua06hx73n` (`ORDER_ID`),
  CONSTRAINT `FKi6l5isodh81m5hy8ua06hx73n` FOREIGN KEY (`ORDER_ID`) REFERENCES `orders` (`ORDER_ID`)
) ENGINE=InnoDB DEFAULT CHARSET=utf8mb3 COLLATE=utf8mb3_unicode_ci;
/*!40101 SET character_set_client = @saved_cs_client */;

--
-- Dumping data for table `order_account`
--

LOCK TABLES `order_account` WRITE;
/*!40000 ALTER TABLE `order_account` DISABLE KEYS */;
/*!40000 ALTER TABLE `order_account` ENABLE KEYS */;
UNLOCK TABLES;

--
-- Table structure for table `order_account_product`
--

DROP TABLE IF EXISTS `order_account_product`;
/*!40101 SET @saved_cs_client     = @@character_set_client */;
/*!50503 SET character_set_client = utf8mb4 */;
CREATE TABLE `order_account_product` (
  `ORDER_ACCOUNT_PRODUCT_ID` bigint NOT NULL,
  `ORDER_ACCOUNT_PRODUCT_ACCNT_DT` date DEFAULT NULL,
  `ORDER_ACCOUNT_PRODUCT_END_DT` date DEFAULT NULL,
  `ORDER_ACCOUNT_PRODUCT_EOT` datetime DEFAULT NULL,
  `ORDER_ACCOUNT_PRODUCT_L_ST_DT` datetime DEFAULT NULL,
  `ORDER_ACCOUNT_PRODUCT_L_TRX_ST` int NOT NULL,
  `ORDER_ACCOUNT_PRODUCT_PM_FR_TY` int NOT NULL,
  `ORDER_ACCOUNT_PRODUCT_ST_DT` date NOT NULL,
  `ORDER_ACCOUNT_PRODUCT_STATUS` int NOT NULL,
  `ORDER_ACCOUNT_ID` bigint NOT NULL,
  `ORDER_PRODUCT_ID` bigint NOT NULL,
  PRIMARY KEY (`ORDER_ACCOUNT_PRODUCT_ID`),
  KEY `FK7oxc8ygov7vd2ajt185jhiwts` (`ORDER_ACCOUNT_ID`),
  KEY `FK5kiyyb8ekqi9bfowytww8atcx` (`ORDER_PRODUCT_ID`),
  CONSTRAINT `FK5kiyyb8ekqi9bfowytww8atcx` FOREIGN KEY (`ORDER_PRODUCT_ID`) REFERENCES `order_product` (`ORDER_PRODUCT_ID`),
  CONSTRAINT `FK7oxc8ygov7vd2ajt185jhiwts` FOREIGN KEY (`ORDER_ACCOUNT_ID`) REFERENCES `order_account` (`ORDER_ACCOUNT_ID`)
) ENGINE=InnoDB DEFAULT CHARSET=utf8mb3 COLLATE=utf8mb3_unicode_ci;
/*!40101 SET character_set_client = @saved_cs_client */;

--
-- Dumping data for table `order_account_product`
--

LOCK TABLES `order_account_product` WRITE;
/*!40000 ALTER TABLE `order_account_product` DISABLE KEYS */;
/*!40000 ALTER TABLE `order_account_product` ENABLE KEYS */;
UNLOCK TABLES;

--
-- Table structure for table `order_attribute`
--

DROP TABLE IF EXISTS `order_attribute`;
/*!40101 SET @saved_cs_client     = @@character_set_client */;
/*!50503 SET character_set_client = utf8mb4 */;
CREATE TABLE `order_attribute` (
  `ORDER_ATTRIBUTE_ID` bigint NOT NULL,
  `IDENTIFIER` varchar(255) COLLATE utf8mb3_unicode_ci NOT NULL,
  `VALUE` varchar(255) COLLATE utf8mb3_unicode_ci NOT NULL,
  `ORDER_ID` bigint NOT NULL,
  PRIMARY KEY (`ORDER_ATTRIBUTE_ID`),
  KEY `FK4nw5yrtgb4in6leve76bmdnua` (`ORDER_ID`),
  CONSTRAINT `FK4nw5yrtgb4in6leve76bmdnua` FOREIGN KEY (`ORDER_ID`) REFERENCES `orders` (`ORDER_ID`)
) ENGINE=InnoDB DEFAULT CHARSET=utf8mb3 COLLATE=utf8mb3_unicode_ci;
/*!40101 SET character_set_client = @saved_cs_client */;

--
-- Dumping data for table `order_attribute`
--

LOCK TABLES `order_attribute` WRITE;
/*!40000 ALTER TABLE `order_attribute` DISABLE KEYS */;
/*!40000 ALTER TABLE `order_attribute` ENABLE KEYS */;
UNLOCK TABLES;

--
-- Table structure for table `order_product`
--

DROP TABLE IF EXISTS `order_product`;
/*!40101 SET @saved_cs_client     = @@character_set_client */;
/*!50503 SET character_set_client = utf8mb4 */;
CREATE TABLE `order_product` (
  `ORDER_PRODUCT_ID` bigint NOT NULL,
  `ONETIME_CHARGE` decimal(19,2) NOT NULL,
  `PRODUCT_NAME` varchar(64) COLLATE utf8mb3_unicode_ci NOT NULL,
  `PRODUCT_QUANTITY` int DEFAULT NULL,
  `PRODUCT_SKU` varchar(255) COLLATE utf8mb3_unicode_ci DEFAULT NULL,
  `ORDER_ID` bigint NOT NULL,
  PRIMARY KEY (`ORDER_PRODUCT_ID`),
  KEY `FKf0sghmn59s14cxrjtrvkvi5yk` (`ORDER_ID`),
  CONSTRAINT `FKf0sghmn59s14cxrjtrvkvi5yk` FOREIGN KEY (`ORDER_ID`) REFERENCES `orders` (`ORDER_ID`)
) ENGINE=InnoDB DEFAULT CHARSET=utf8mb3 COLLATE=utf8mb3_unicode_ci;
/*!40101 SET character_set_client = @saved_cs_client */;

--
-- Dumping data for table `order_product`
--

LOCK TABLES `order_product` WRITE;
/*!40000 ALTER TABLE `order_product` DISABLE KEYS */;
/*!40000 ALTER TABLE `order_product` ENABLE KEYS */;
UNLOCK TABLES;

--
-- Table structure for table `order_product_attribute`
--

DROP TABLE IF EXISTS `order_product_attribute`;
/*!40101 SET @saved_cs_client     = @@character_set_client */;
/*!50503 SET character_set_client = utf8mb4 */;
CREATE TABLE `order_product_attribute` (
  `ORDER_PRODUCT_ATTRIBUTE_ID` bigint NOT NULL,
  `PRODUCT_ATTRIBUTE_IS_FREE` bit(1) NOT NULL,
  `PRODUCT_ATTRIBUTE_NAME` varchar(255) COLLATE utf8mb3_unicode_ci DEFAULT NULL,
  `PRODUCT_ATTRIBUTE_PRICE` decimal(15,4) NOT NULL,
  `PRODUCT_ATTRIBUTE_VAL_NAME` varchar(255) COLLATE utf8mb3_unicode_ci DEFAULT NULL,
  `PRODUCT_ATTRIBUTE_WEIGHT` decimal(15,4) DEFAULT NULL,
  `PRODUCT_OPTION_ID` bigint NOT NULL,
  `PRODUCT_OPTION_VALUE_ID` bigint NOT NULL,
  `ORDER_PRODUCT_ID` bigint NOT NULL,
  PRIMARY KEY (`ORDER_PRODUCT_ATTRIBUTE_ID`),
  KEY `FK7j86rvwaysbok1nuofrnmhmkx` (`ORDER_PRODUCT_ID`),
  CONSTRAINT `FK7j86rvwaysbok1nuofrnmhmkx` FOREIGN KEY (`ORDER_PRODUCT_ID`) REFERENCES `order_product` (`ORDER_PRODUCT_ID`)
) ENGINE=InnoDB DEFAULT CHARSET=utf8mb3 COLLATE=utf8mb3_unicode_ci;
/*!40101 SET character_set_client = @saved_cs_client */;

--
-- Dumping data for table `order_product_attribute`
--

LOCK TABLES `order_product_attribute` WRITE;
/*!40000 ALTER TABLE `order_product_attribute` DISABLE KEYS */;
/*!40000 ALTER TABLE `order_product_attribute` ENABLE KEYS */;
UNLOCK TABLES;

--
-- Table structure for table `order_product_download`
--

DROP TABLE IF EXISTS `order_product_download`;
/*!40101 SET @saved_cs_client     = @@character_set_client */;
/*!50503 SET character_set_client = utf8mb4 */;
CREATE TABLE `order_product_download` (
  `ORDER_PRODUCT_DOWNLOAD_ID` bigint NOT NULL,
  `DOWNLOAD_COUNT` int NOT NULL,
  `DOWNLOAD_MAXDAYS` int NOT NULL,
  `ORDER_PRODUCT_FILENAME` varchar(255) COLLATE utf8mb3_unicode_ci NOT NULL,
  `ORDER_PRODUCT_ID` bigint NOT NULL,
  PRIMARY KEY (`ORDER_PRODUCT_DOWNLOAD_ID`),
  KEY `FKstrda0eweharld63j8pxa2o2r` (`ORDER_PRODUCT_ID`),
  CONSTRAINT `FKstrda0eweharld63j8pxa2o2r` FOREIGN KEY (`ORDER_PRODUCT_ID`) REFERENCES `order_product` (`ORDER_PRODUCT_ID`)
) ENGINE=InnoDB DEFAULT CHARSET=utf8mb3 COLLATE=utf8mb3_unicode_ci;
/*!40101 SET character_set_client = @saved_cs_client */;

--
-- Dumping data for table `order_product_download`
--

LOCK TABLES `order_product_download` WRITE;
/*!40000 ALTER TABLE `order_product_download` DISABLE KEYS */;
/*!40000 ALTER TABLE `order_product_download` ENABLE KEYS */;
UNLOCK TABLES;

--
-- Table structure for table `order_product_price`
--

DROP TABLE IF EXISTS `order_product_price`;
/*!40101 SET @saved_cs_client     = @@character_set_client */;
/*!50503 SET character_set_client = utf8mb4 */;
CREATE TABLE `order_product_price` (
  `ORDER_PRODUCT_PRICE_ID` bigint NOT NULL,
  `DEFAULT_PRICE` bit(1) NOT NULL,
  `PRODUCT_PRICE` decimal(19,2) NOT NULL,
  `PRODUCT_PRICE_CODE` varchar(64) COLLATE utf8mb3_unicode_ci NOT NULL,
  `PRODUCT_PRICE_NAME` varchar(255) COLLATE utf8mb3_unicode_ci DEFAULT NULL,
  `PRODUCT_PRICE_SPECIAL` decimal(19,2) DEFAULT NULL,
  `PRD_PRICE_SPECIAL_END_DT` datetime DEFAULT NULL,
  `PRD_PRICE_SPECIAL_ST_DT` datetime DEFAULT NULL,
  `ORDER_PRODUCT_ID` bigint NOT NULL,
  PRIMARY KEY (`ORDER_PRODUCT_PRICE_ID`),
  KEY `FKnkukiqxrieonyulercgnh857s` (`ORDER_PRODUCT_ID`),
  CONSTRAINT `FKnkukiqxrieonyulercgnh857s` FOREIGN KEY (`ORDER_PRODUCT_ID`) REFERENCES `order_product` (`ORDER_PRODUCT_ID`)
) ENGINE=InnoDB DEFAULT CHARSET=utf8mb3 COLLATE=utf8mb3_unicode_ci;
/*!40101 SET character_set_client = @saved_cs_client */;

--
-- Dumping data for table `order_product_price`
--

LOCK TABLES `order_product_price` WRITE;
/*!40000 ALTER TABLE `order_product_price` DISABLE KEYS */;
/*!40000 ALTER TABLE `order_product_price` ENABLE KEYS */;
UNLOCK TABLES;

--
-- Table structure for table `order_status_history`
--

DROP TABLE IF EXISTS `order_status_history`;
/*!40101 SET @saved_cs_client     = @@character_set_client */;
/*!50503 SET character_set_client = utf8mb4 */;
CREATE TABLE `order_status_history` (
  `ORDER_STATUS_HISTORY_ID` bigint NOT NULL,
  `COMMENTS` longtext COLLATE utf8mb3_unicode_ci,
  `CUSTOMER_NOTIFIED` int DEFAULT NULL,
  `DATE_ADDED` datetime NOT NULL,
  `status` varchar(255) COLLATE utf8mb3_unicode_ci DEFAULT NULL,
  `ORDER_ID` bigint NOT NULL,
  PRIMARY KEY (`ORDER_STATUS_HISTORY_ID`),
  KEY `FKmhghgf1xy3o0npsp8xkj6wyvq` (`ORDER_ID`),
  CONSTRAINT `FKmhghgf1xy3o0npsp8xkj6wyvq` FOREIGN KEY (`ORDER_ID`) REFERENCES `orders` (`ORDER_ID`)
) ENGINE=InnoDB DEFAULT CHARSET=utf8mb3 COLLATE=utf8mb3_unicode_ci;
/*!40101 SET character_set_client = @saved_cs_client */;

--
-- Dumping data for table `order_status_history`
--

LOCK TABLES `order_status_history` WRITE;
/*!40000 ALTER TABLE `order_status_history` DISABLE KEYS */;
/*!40000 ALTER TABLE `order_status_history` ENABLE KEYS */;
UNLOCK TABLES;

--
-- Table structure for table `order_total`
--

DROP TABLE IF EXISTS `order_total`;
/*!40101 SET @saved_cs_client     = @@character_set_client */;
/*!50503 SET character_set_client = utf8mb4 */;
CREATE TABLE `order_total` (
  `ORDER_ACCOUNT_ID` bigint NOT NULL,
  `MODULE` varchar(60) COLLATE utf8mb3_unicode_ci DEFAULT NULL,
  `CODE` varchar(255) COLLATE utf8mb3_unicode_ci NOT NULL,
  `ORDER_TOTAL_TYPE` varchar(255) COLLATE utf8mb3_unicode_ci DEFAULT NULL,
  `ORDER_VALUE_TYPE` varchar(255) COLLATE utf8mb3_unicode_ci DEFAULT NULL,
  `SORT_ORDER` int NOT NULL,
  `TEXT` longtext COLLATE utf8mb3_unicode_ci,
  `TITLE` varchar(255) COLLATE utf8mb3_unicode_ci DEFAULT NULL,
  `VALUE` decimal(15,4) NOT NULL,
  `ORDER_ID` bigint NOT NULL,
  PRIMARY KEY (`ORDER_ACCOUNT_ID`),
  KEY `FK1tfvgk5smm80efdcc8uop4he3` (`ORDER_ID`),
  CONSTRAINT `FK1tfvgk5smm80efdcc8uop4he3` FOREIGN KEY (`ORDER_ID`) REFERENCES `orders` (`ORDER_ID`)
) ENGINE=InnoDB DEFAULT CHARSET=utf8mb3 COLLATE=utf8mb3_unicode_ci;
/*!40101 SET character_set_client = @saved_cs_client */;

--
-- Dumping data for table `order_total`
--

LOCK TABLES `order_total` WRITE;
/*!40000 ALTER TABLE `order_total` DISABLE KEYS */;
/*!40000 ALTER TABLE `order_total` ENABLE KEYS */;
UNLOCK TABLES;

--
-- Table structure for table `orders`
--

DROP TABLE IF EXISTS `orders`;
/*!40101 SET @saved_cs_client     = @@character_set_client */;
/*!50503 SET character_set_client = utf8mb4 */;
CREATE TABLE `orders` (
  `ORDER_ID` bigint NOT NULL,
  `BILLING_STREET_ADDRESS` varchar(256) COLLATE utf8mb3_unicode_ci DEFAULT NULL,
  `BILLING_CITY` varchar(100) COLLATE utf8mb3_unicode_ci DEFAULT NULL,
  `BILLING_COMPANY` varchar(100) COLLATE utf8mb3_unicode_ci DEFAULT NULL,
  `BILLING_FIRST_NAME` varchar(64) COLLATE utf8mb3_unicode_ci DEFAULT NULL,
  `BILLING_LAST_NAME` varchar(64) COLLATE utf8mb3_unicode_ci DEFAULT NULL,
  `LATITUDE` varchar(100) COLLATE utf8mb3_unicode_ci DEFAULT NULL,
  `LONGITUDE` varchar(100) COLLATE utf8mb3_unicode_ci DEFAULT NULL,
  `BILLING_POSTCODE` varchar(20) COLLATE utf8mb3_unicode_ci DEFAULT NULL,
  `BILLING_STATE` varchar(100) COLLATE utf8mb3_unicode_ci DEFAULT NULL,
  `BILLING_TELEPHONE` varchar(32) COLLATE utf8mb3_unicode_ci DEFAULT NULL,
  `CHANNEL` varchar(255) COLLATE utf8mb3_unicode_ci DEFAULT NULL,
  `CONFIRMED_ADDRESS` bit(1) DEFAULT NULL,
  `CARD_TYPE` varchar(255) COLLATE utf8mb3_unicode_ci DEFAULT NULL,
  `CC_CVV` varchar(255) COLLATE utf8mb3_unicode_ci DEFAULT NULL,
  `CC_EXPIRES` varchar(255) COLLATE utf8mb3_unicode_ci DEFAULT NULL,
  `CC_NUMBER` varchar(255) COLLATE utf8mb3_unicode_ci DEFAULT NULL,
  `CC_OWNER` varchar(255) COLLATE utf8mb3_unicode_ci DEFAULT NULL,
  `CURRENCY_VALUE` decimal(19,2) DEFAULT NULL,
  `CUSTOMER_AGREED` bit(1) DEFAULT NULL,
  `CUSTOMER_EMAIL_ADDRESS` varchar(50) COLLATE utf8mb3_unicode_ci NOT NULL,
  `CUSTOMER_ID` bigint DEFAULT NULL,
  `DATE_PURCHASED` date DEFAULT NULL,
  `DELIVERY_STREET_ADDRESS` varchar(256) COLLATE utf8mb3_unicode_ci DEFAULT NULL,
  `DELIVERY_CITY` varchar(100) COLLATE utf8mb3_unicode_ci DEFAULT NULL,
  `DELIVERY_COMPANY` varchar(100) COLLATE utf8mb3_unicode_ci DEFAULT NULL,
  `DELIVERY_FIRST_NAME` varchar(64) COLLATE utf8mb3_unicode_ci DEFAULT NULL,
  `DELIVERY_LAST_NAME` varchar(64) COLLATE utf8mb3_unicode_ci DEFAULT NULL,
  `DELIVERY_POSTCODE` varchar(20) COLLATE utf8mb3_unicode_ci DEFAULT NULL,
  `DELIVERY_STATE` varchar(100) COLLATE utf8mb3_unicode_ci DEFAULT NULL,
  `DELIVERY_TELEPHONE` varchar(32) COLLATE utf8mb3_unicode_ci DEFAULT NULL,
  `IP_ADDRESS` varchar(255) COLLATE utf8mb3_unicode_ci DEFAULT NULL,
  `LAST_MODIFIED` datetime DEFAULT NULL,
  `LOCALE` varchar(255) COLLATE utf8mb3_unicode_ci DEFAULT NULL,
  `ORDER_DATE_FINISHED` datetime DEFAULT NULL,
  `ORDER_TYPE` varchar(255) COLLATE utf8mb3_unicode_ci DEFAULT NULL,
  `PAYMENT_MODULE_CODE` varchar(255) COLLATE utf8mb3_unicode_ci DEFAULT NULL,
  `PAYMENT_TYPE` varchar(255) COLLATE utf8mb3_unicode_ci DEFAULT NULL,
  `SHIPPING_MODULE_CODE` varchar(255) COLLATE utf8mb3_unicode_ci DEFAULT NULL,
  `CART_CODE` varchar(255) COLLATE utf8mb3_unicode_ci DEFAULT NULL,
  `ORDER_STATUS` varchar(255) COLLATE utf8mb3_unicode_ci DEFAULT NULL,
  `ORDER_TOTAL` decimal(19,2) DEFAULT NULL,
  `BILLING_COUNTRY_ID` int DEFAULT NULL,
  `BILLING_ZONE_ID` bigint DEFAULT NULL,
  `CURRENCY_ID` bigint DEFAULT NULL,
  `DELIVERY_COUNTRY_ID` int DEFAULT NULL,
  `DELIVERY_ZONE_ID` bigint DEFAULT NULL,
  `MERCHANTID` int DEFAULT NULL,
  PRIMARY KEY (`ORDER_ID`),
  KEY `FKipesu5tupnriahutgle6xu9ed` (`BILLING_COUNTRY_ID`),
  KEY `FKit6ti99mv5uvuxqskhurv3y59` (`BILLING_ZONE_ID`),
  KEY `FKfusivmw6q3gjxnmp47n9s74qi` (`CURRENCY_ID`),
  KEY `FKnlx97vjyorunxglhy5bird06c` (`DELIVERY_COUNTRY_ID`),
  KEY `FKn9uvjl8105fsly4doo8rqnv5b` (`DELIVERY_ZONE_ID`),
  KEY `FKaodv5ffayq8x50q311o2y8m1` (`MERCHANTID`),
  CONSTRAINT `FKaodv5ffayq8x50q311o2y8m1` FOREIGN KEY (`MERCHANTID`) REFERENCES `merchant_store` (`MERCHANT_ID`),
  CONSTRAINT `FKfusivmw6q3gjxnmp47n9s74qi` FOREIGN KEY (`CURRENCY_ID`) REFERENCES `currency` (`CURRENCY_ID`),
  CONSTRAINT `FKipesu5tupnriahutgle6xu9ed` FOREIGN KEY (`BILLING_COUNTRY_ID`) REFERENCES `country` (`COUNTRY_ID`),
  CONSTRAINT `FKit6ti99mv5uvuxqskhurv3y59` FOREIGN KEY (`BILLING_ZONE_ID`) REFERENCES `zone` (`ZONE_ID`),
  CONSTRAINT `FKn9uvjl8105fsly4doo8rqnv5b` FOREIGN KEY (`DELIVERY_ZONE_ID`) REFERENCES `zone` (`ZONE_ID`),
  CONSTRAINT `FKnlx97vjyorunxglhy5bird06c` FOREIGN KEY (`DELIVERY_COUNTRY_ID`) REFERENCES `country` (`COUNTRY_ID`)
) ENGINE=InnoDB DEFAULT CHARSET=utf8mb3 COLLATE=utf8mb3_unicode_ci;
/*!40101 SET character_set_client = @saved_cs_client */;

--
-- Dumping data for table `orders`
--

LOCK TABLES `orders` WRITE;
/*!40000 ALTER TABLE `orders` DISABLE KEYS */;
/*!40000 ALTER TABLE `orders` ENABLE KEYS */;
UNLOCK TABLES;

--
-- Table structure for table `pay_cycle_description`
--

DROP TABLE IF EXISTS `pay_cycle_description`;
/*!40101 SET @saved_cs_client     = @@character_set_client */;
/*!50503 SET character_set_client = utf8mb4 */;
CREATE TABLE `pay_cycle_description` (
  `ID_PAY_CIRCLE` bigint NOT NULL AUTO_INCREMENT,
  `DATE_CREATED` datetime DEFAULT NULL,
  `DATE_MODIFIED` datetime DEFAULT NULL,
  `UPDT_ID` varchar(60) COLLATE utf8mb3_unicode_ci DEFAULT NULL,
  `code` varchar(255) COLLATE utf8mb3_unicode_ci DEFAULT NULL,
  `name` varchar(255) COLLATE utf8mb3_unicode_ci DEFAULT NULL,
  PRIMARY KEY (`ID_PAY_CIRCLE`),
  UNIQUE KEY `code_UNIQUE` (`code`)
) ENGINE=InnoDB AUTO_INCREMENT=12 DEFAULT CHARSET=utf8mb3 COLLATE=utf8mb3_unicode_ci;
/*!40101 SET character_set_client = @saved_cs_client */;

--
-- Dumping data for table `pay_cycle_description`
--

LOCK TABLES `pay_cycle_description` WRITE;
/*!40000 ALTER TABLE `pay_cycle_description` DISABLE KEYS */;
INSERT INTO `pay_cycle_description` VALUES (1,NULL,NULL,NULL,'day','Ngày'),(2,NULL,NULL,NULL,'week','Tuần'),(3,NULL,NULL,NULL,'month','Tháng'),(4,NULL,NULL,NULL,'hour','Giờ'),(11,NULL,NULL,NULL,'test3','Long chinh');
/*!40000 ALTER TABLE `pay_cycle_description` ENABLE KEYS */;
UNLOCK TABLES;

--
-- Table structure for table `permission`
--

DROP TABLE IF EXISTS `permission`;
/*!40101 SET @saved_cs_client     = @@character_set_client */;
/*!50503 SET character_set_client = utf8mb4 */;
CREATE TABLE `permission` (
  `PERMISSION_ID` int NOT NULL,
  `DATE_CREATED` datetime DEFAULT NULL,
  `DATE_MODIFIED` datetime DEFAULT NULL,
  `UPDT_ID` varchar(60) COLLATE utf8mb3_unicode_ci DEFAULT NULL,
  `PERMISSION_NAME` varchar(255) COLLATE utf8mb3_unicode_ci DEFAULT NULL,
  PRIMARY KEY (`PERMISSION_ID`),
  UNIQUE KEY `UK_ss26hgwetkj8ms5y5jn2co4j3` (`PERMISSION_NAME`)
) ENGINE=InnoDB DEFAULT CHARSET=utf8mb3 COLLATE=utf8mb3_unicode_ci;
/*!40101 SET character_set_client = @saved_cs_client */;

--
-- Dumping data for table `permission`
--

LOCK TABLES `permission` WRITE;
/*!40000 ALTER TABLE `permission` DISABLE KEYS */;
INSERT INTO `permission` VALUES (1,'2023-05-17 03:35:17','2023-05-17 03:35:17',NULL,'AUTH'),(2,'2023-05-17 03:35:17','2023-05-17 03:35:17',NULL,'SUPERADMIN'),(3,'2023-05-17 03:35:17','2023-05-17 03:35:17',NULL,'ADMIN'),(4,'2023-05-17 03:35:17','2023-05-17 03:35:17',NULL,'PRODUCTS'),(5,'2023-05-17 03:35:17','2023-05-17 03:35:17',NULL,'ORDER'),(6,'2023-05-17 03:35:17','2023-05-17 03:35:17',NULL,'CONTENT'),(7,'2023-05-17 03:35:17','2023-05-17 03:35:17',NULL,'STORE'),(8,'2023-05-17 03:35:17','2023-05-17 03:35:17',NULL,'TAX'),(9,'2023-05-17 03:35:17','2023-05-17 03:35:17',NULL,'PAYMENT'),(10,'2023-05-17 03:35:17','2023-05-17 03:35:17',NULL,'CUSTOMER'),(11,'2023-05-17 03:35:17','2023-05-17 03:35:17',NULL,'SHIPPING'),(12,'2023-05-17 03:35:17','2023-05-17 03:35:17',NULL,'AUTH_CUSTOMER');
/*!40000 ALTER TABLE `permission` ENABLE KEYS */;
UNLOCK TABLES;

--
-- Table structure for table `permission_group`
--

DROP TABLE IF EXISTS `permission_group`;
/*!40101 SET @saved_cs_client     = @@character_set_client */;
/*!50503 SET character_set_client = utf8mb4 */;
CREATE TABLE `permission_group` (
  `GROUP_ID` int NOT NULL,
  `PERMISSION_ID` int NOT NULL,
  PRIMARY KEY (`GROUP_ID`,`PERMISSION_ID`),
  KEY `FK77ly3khyuu40odly02d351s84` (`PERMISSION_ID`),
  CONSTRAINT `FK77ly3khyuu40odly02d351s84` FOREIGN KEY (`PERMISSION_ID`) REFERENCES `permission` (`PERMISSION_ID`),
  CONSTRAINT `FKr7ylutdgqp1nrlbhjwit6y17g` FOREIGN KEY (`GROUP_ID`) REFERENCES `sm_group` (`GROUP_ID`)
) ENGINE=InnoDB DEFAULT CHARSET=utf8mb3 COLLATE=utf8mb3_unicode_ci;
/*!40101 SET character_set_client = @saved_cs_client */;

--
-- Dumping data for table `permission_group`
--

LOCK TABLES `permission_group` WRITE;
/*!40000 ALTER TABLE `permission_group` DISABLE KEYS */;
INSERT INTO `permission_group` VALUES (1,1),(2,1),(3,1),(4,1),(5,1),(6,1),(7,1),(8,1),(1,2),(1,3),(2,3),(3,3),(1,4),(2,4),(3,4),(5,4),(1,5),(2,5),(3,5),(6,5),(1,6),(2,6),(3,6),(4,6),(7,6),(1,7),(2,7),(3,7),(4,7),(1,8),(2,8),(3,8),(4,8),(1,9),(2,9),(3,9),(4,9),(1,10),(2,10),(3,10),(4,10),(1,11),(2,11),(3,11),(4,11),(8,12);
/*!40000 ALTER TABLE `permission_group` ENABLE KEYS */;
UNLOCK TABLES;

--
-- Table structure for table `position_description`
--

DROP TABLE IF EXISTS `position_description`;
/*!40101 SET @saved_cs_client     = @@character_set_client */;
/*!50503 SET character_set_client = utf8mb4 */;
CREATE TABLE `position_description` (
  `ID_POSITION` bigint NOT NULL AUTO_INCREMENT,
  `DATE_CREATED` datetime DEFAULT NULL,
  `DATE_MODIFIED` datetime DEFAULT NULL,
  `UPDT_ID` varchar(60) COLLATE utf8mb3_unicode_ci DEFAULT NULL,
  `CODE` varchar(255) COLLATE utf8mb3_unicode_ci DEFAULT NULL,
  `NAME` varchar(255) COLLATE utf8mb3_unicode_ci DEFAULT NULL,
  PRIMARY KEY (`ID_POSITION`)
) ENGINE=InnoDB AUTO_INCREMENT=5 DEFAULT CHARSET=utf8mb3 COLLATE=utf8mb3_unicode_ci;
/*!40101 SET character_set_client = @saved_cs_client */;

--
-- Dumping data for table `position_description`
--

LOCK TABLES `position_description` WRITE;
/*!40000 ALTER TABLE `position_description` DISABLE KEYS */;
INSERT INTO `position_description` VALUES (1,NULL,NULL,NULL,'intern','Thực tập sinh'),(2,NULL,NULL,NULL,'associate','Nhân viên chính thức'),(3,NULL,NULL,NULL,'manager','Quản lý');
/*!40000 ALTER TABLE `position_description` ENABLE KEYS */;
UNLOCK TABLES;

--
-- Table structure for table `position_product_entry`
--

DROP TABLE IF EXISTS `position_product_entry`;
/*!40101 SET @saved_cs_client     = @@character_set_client */;
/*!50503 SET character_set_client = utf8mb4 */;
CREATE TABLE `position_product_entry` (
  `PRODUCT_ID` bigint NOT NULL,
  `ID_POSITION` bigint NOT NULL,
  PRIMARY KEY (`PRODUCT_ID`,`ID_POSITION`),
  KEY `FKfpunujjlpl9ov754r6kybwfqk` (`ID_POSITION`),
  CONSTRAINT `FK7uurt8rx3craoo3tmpnwu8a99` FOREIGN KEY (`PRODUCT_ID`) REFERENCES `product` (`PRODUCT_ID`),
  CONSTRAINT `FKfpunujjlpl9ov754r6kybwfqk` FOREIGN KEY (`ID_POSITION`) REFERENCES `position_description` (`ID_POSITION`)
) ENGINE=InnoDB DEFAULT CHARSET=utf8mb3 COLLATE=utf8mb3_unicode_ci;
/*!40101 SET character_set_client = @saved_cs_client */;

--
-- Dumping data for table `position_product_entry`
--

LOCK TABLES `position_product_entry` WRITE;
/*!40000 ALTER TABLE `position_product_entry` DISABLE KEYS */;
INSERT INTO `position_product_entry` VALUES (201,1),(251,1),(252,1),(253,1),(2,3),(100,3),(151,3),(200,3);
/*!40000 ALTER TABLE `position_product_entry` ENABLE KEYS */;
UNLOCK TABLES;

--
-- Table structure for table `product`
--

DROP TABLE IF EXISTS `product`;
/*!40101 SET @saved_cs_client     = @@character_set_client */;
/*!50503 SET character_set_client = utf8mb4 */;
CREATE TABLE `product` (
  `PRODUCT_ID` bigint NOT NULL,
  `DATE_CREATED` datetime DEFAULT NULL,
  `DATE_MODIFIED` datetime DEFAULT NULL,
  `UPDT_ID` varchar(60) COLLATE utf8mb3_unicode_ci DEFAULT NULL,
  `AVAILABLE` bit(1) DEFAULT NULL,
  `COND` int DEFAULT NULL,
  `DATE_AVAILABLE` datetime DEFAULT NULL,
  `DATE_EXPERIENCE` datetime DEFAULT NULL,
  `GENDER` varchar(255) COLLATE utf8mb3_unicode_ci DEFAULT NULL,
  `ID_PAY_CIRCL` varchar(255) COLLATE utf8mb3_unicode_ci DEFAULT NULL,
  `QUANTITY_ORDERED` int DEFAULT NULL,
  `REVIEW_AVG` decimal(19,2) DEFAULT NULL,
  `REVIEW_COUNT` int DEFAULT NULL,
  `REF_SKU` varchar(255) COLLATE utf8mb3_unicode_ci DEFAULT NULL,
  `SKU` varchar(255) COLLATE utf8mb3_unicode_ci DEFAULT NULL,
  `SORT_ORDER` int DEFAULT NULL,
  `ID_EXPERIENCE` bigint NOT NULL,
  `MANUFACTURER_ID` bigint DEFAULT NULL,
  `MERCHANT_ID` int NOT NULL,
  `CUSTOMER_ID` bigint DEFAULT NULL,
  `TAX_CLASS_ID` bigint DEFAULT NULL,
  `PRODUCT_TYPE_ID` bigint DEFAULT NULL,
  PRIMARY KEY (`PRODUCT_ID`),
  UNIQUE KEY `UKs8ofsn9pehdrstjg52j5qabxh` (`MERCHANT_ID`,`SKU`),
  KEY `FKaw7sv0umb1d7sb48ff7aosf16` (`ID_EXPERIENCE`),
  KEY `FKra5mmrdxn3ci86hod7q1u3vu9` (`MANUFACTURER_ID`),
  KEY `FKqtt5f0aht5h7ough5rbkkcb33` (`CUSTOMER_ID`),
  KEY `FKb8oqtc3j8sqo0t8xdrne7pg69` (`TAX_CLASS_ID`),
  KEY `FKeiirvj8eu40h103fth8es1mt0` (`PRODUCT_TYPE_ID`),
  CONSTRAINT `FKaw7sv0umb1d7sb48ff7aosf16` FOREIGN KEY (`ID_EXPERIENCE`) REFERENCES `experience_description` (`ID_EXPERIENCE`),
  CONSTRAINT `FKb8oqtc3j8sqo0t8xdrne7pg69` FOREIGN KEY (`TAX_CLASS_ID`) REFERENCES `tax_class` (`TAX_CLASS_ID`),
  CONSTRAINT `FKeiirvj8eu40h103fth8es1mt0` FOREIGN KEY (`PRODUCT_TYPE_ID`) REFERENCES `product_type` (`PRODUCT_TYPE_ID`),
  CONSTRAINT `FKhhoq1nd9e0i4m7rt8gkh7d67h` FOREIGN KEY (`MERCHANT_ID`) REFERENCES `merchant_store` (`MERCHANT_ID`),
  CONSTRAINT `FKqtt5f0aht5h7ough5rbkkcb33` FOREIGN KEY (`CUSTOMER_ID`) REFERENCES `customer` (`CUSTOMER_ID`),
  CONSTRAINT `FKra5mmrdxn3ci86hod7q1u3vu9` FOREIGN KEY (`MANUFACTURER_ID`) REFERENCES `manufacturer` (`MANUFACTURER_ID`)
) ENGINE=InnoDB DEFAULT CHARSET=utf8mb3 COLLATE=utf8mb3_unicode_ci;
/*!40101 SET character_set_client = @saved_cs_client */;

--
-- Dumping data for table `product`
--

LOCK TABLES `product` WRITE;
/*!40000 ALTER TABLE `product` DISABLE KEYS */;
INSERT INTO `product` VALUES (2,'2023-05-17 08:01:55','2023-05-17 08:04:35',NULL,_binary '',NULL,'2023-05-17 08:04:35','2023-05-22 00:00:00','M','month',NULL,NULL,NULL,'job2','job2',0,2,NULL,2,NULL,NULL,NULL),(100,'2023-05-17 09:13:36','2023-05-17 09:13:36',NULL,_binary '',NULL,'2023-05-17 09:13:36','2023-05-22 00:00:00','M','month',NULL,NULL,NULL,'job5','job5',0,2,NULL,2,NULL,NULL,NULL),(151,'2023-05-20 17:16:08','2023-05-20 17:16:08',NULL,_binary '',NULL,'2023-05-20 17:16:08','2023-05-22 00:00:00','M','month',NULL,NULL,NULL,'job9','job9',0,2,NULL,2,NULL,NULL,NULL),(200,'2023-06-17 16:58:27','2023-06-17 16:58:27',NULL,_binary '',NULL,'2023-06-17 16:58:14','2023-05-22 00:00:00','M','month',NULL,NULL,NULL,'thuc-tap-sinh-web-7a63b5e8-f7ef-4357-9fab-693c72ca68a9','thuc-tap-sinh-web-7a63b5e8-f7ef-4357-9fab-693c72ca68a9',0,2,NULL,2,NULL,NULL,1),(201,'2023-06-17 17:13:08','2023-06-17 17:13:08',NULL,_binary '',NULL,'2023-06-17 17:13:08','2023-05-22 00:00:00','M','month',NULL,NULL,NULL,'thuc-tap-sinh-web-7a63b5e8-dfdsdsf7ef-4357-9fab-693c72ca68a9','thuc-tap-sinh-web-7a63b5e8-dfdsdsf7ef-4357-9fab-693c72ca68a9',0,2,NULL,2,NULL,NULL,1),(251,'2023-06-18 20:58:52','2023-06-18 20:58:52',NULL,_binary '',NULL,'2023-06-18 20:58:52','2023-05-22 00:00:00','M','month',NULL,NULL,NULL,'thuc-tap-sinh-web-7a63sfsfasfb5e8-dfdsdsf7ef-4357-9fab-693c72ca68a9','thuc-tap-sinh-web-7a63sfsfasfb5e8-dfdsdsf7ef-4357-9fab-693c72ca68a9',0,2,NULL,2,NULL,NULL,1),(252,'2023-06-18 20:59:23','2023-06-18 20:59:23',NULL,_binary '',NULL,'2023-06-18 20:59:23','2023-05-22 00:00:00','M','month',NULL,NULL,NULL,'thuc-tap-sinh-web-7a63sfsfasfdsdsddsf7ef-4357-9fab-693c72ca68a9','thuc-tap-sinh-web-7a63sfsfasfdsdsddsf7ef-4357-9fab-693c72ca68a9',0,2,NULL,2,NULL,NULL,1),(253,'2023-06-18 20:59:44','2023-06-18 20:59:44',NULL,_binary '',NULL,'2023-06-18 20:59:44','2023-05-22 00:00:00','M','month',NULL,NULL,NULL,'thuc-tap-sinh-web-7a63sfsfacscsdcsfdsdsddsf7ef-4357-9fab-693c72ca68a9','thuc-tap-sinh-web-7a63sfsfacscsdcsfdsdsddsf7ef-4357-9fab-693c72ca68a9',0,2,NULL,2,NULL,NULL,1);
/*!40000 ALTER TABLE `product` ENABLE KEYS */;
UNLOCK TABLES;

--
-- Table structure for table `product_attribute`
--

DROP TABLE IF EXISTS `product_attribute`;
/*!40101 SET @saved_cs_client     = @@character_set_client */;
/*!50503 SET character_set_client = utf8mb4 */;
CREATE TABLE `product_attribute` (
  `PRODUCT_ATTRIBUTE_ID` bigint NOT NULL,
  `PRODUCT_ATTRIBUTE_DEFAULT` bit(1) DEFAULT NULL,
  `PRODUCT_ATTRIBUTE_DISCOUNTED` bit(1) DEFAULT NULL,
  `PRODUCT_ATTRIBUTE_FOR_DISP` bit(1) DEFAULT NULL,
  `PRODUCT_ATTRIBUTE_REQUIRED` bit(1) DEFAULT NULL,
  `PRODUCT_ATTRIBUTE_FREE` bit(1) DEFAULT NULL,
  `PRODUCT_ATRIBUTE_PRICE` decimal(19,2) DEFAULT NULL,
  `PRODUCT_ATTRIBUTE_WEIGHT` decimal(19,2) DEFAULT NULL,
  `PRODUCT_ATTRIBUTE_SORT_ORD` int DEFAULT NULL,
  `PRODUCT_ID` bigint NOT NULL,
  `OPTION_ID` bigint NOT NULL,
  `OPTION_VALUE_ID` bigint NOT NULL,
  PRIMARY KEY (`PRODUCT_ATTRIBUTE_ID`),
  UNIQUE KEY `UKo0c6cfxcfejwfa2877gfgpuco` (`OPTION_ID`,`OPTION_VALUE_ID`,`PRODUCT_ID`),
  KEY `IDX6h8m6ocg2jhu3bfieqa0dupb1` (`PRODUCT_ID`),
  KEY `FK3rleultg9fn2dxruefbb18d5t` (`OPTION_VALUE_ID`),
  CONSTRAINT `FK2st60u9twmvvaowwn88mt3lrx` FOREIGN KEY (`OPTION_ID`) REFERENCES `product_option` (`PRODUCT_OPTION_ID`),
  CONSTRAINT `FK3rleultg9fn2dxruefbb18d5t` FOREIGN KEY (`OPTION_VALUE_ID`) REFERENCES `product_option_value` (`PRODUCT_OPTION_VALUE_ID`),
  CONSTRAINT `FKml3nvemdjya159a7669qt1gjd` FOREIGN KEY (`PRODUCT_ID`) REFERENCES `product` (`PRODUCT_ID`)
) ENGINE=InnoDB DEFAULT CHARSET=utf8mb3 COLLATE=utf8mb3_unicode_ci;
/*!40101 SET character_set_client = @saved_cs_client */;

--
-- Dumping data for table `product_attribute`
--

LOCK TABLES `product_attribute` WRITE;
/*!40000 ALTER TABLE `product_attribute` DISABLE KEYS */;
/*!40000 ALTER TABLE `product_attribute` ENABLE KEYS */;
UNLOCK TABLES;

--
-- Table structure for table `product_availability`
--

DROP TABLE IF EXISTS `product_availability`;
/*!40101 SET @saved_cs_client     = @@character_set_client */;
/*!50503 SET character_set_client = utf8mb4 */;
CREATE TABLE `product_availability` (
  `PRODUCT_AVAIL_ID` bigint NOT NULL,
  `DATE_CREATED` datetime DEFAULT NULL,
  `DATE_MODIFIED` datetime DEFAULT NULL,
  `UPDT_ID` varchar(60) COLLATE utf8mb3_unicode_ci DEFAULT NULL,
  `AVAILABLE` bit(1) DEFAULT NULL,
  `HEIGHT` decimal(19,2) DEFAULT NULL,
  `LENGTH` decimal(19,2) DEFAULT NULL,
  `WEIGHT` decimal(19,2) DEFAULT NULL,
  `WIDTH` decimal(19,2) DEFAULT NULL,
  `OWNER` varchar(255) COLLATE utf8mb3_unicode_ci DEFAULT NULL,
  `DATE_AVAILABLE` date DEFAULT NULL,
  `FREE_SHIPPING` bit(1) DEFAULT NULL,
  `QUANTITY` int DEFAULT NULL,
  `QUANTITY_ORD_MAX` int DEFAULT NULL,
  `QUANTITY_ORD_MIN` int DEFAULT NULL,
  `STATUS` bit(1) DEFAULT NULL,
  `REGION` varchar(255) COLLATE utf8mb3_unicode_ci DEFAULT NULL,
  `REGION_VARIANT` varchar(255) COLLATE utf8mb3_unicode_ci DEFAULT NULL,
  `SKU` varchar(255) COLLATE utf8mb3_unicode_ci DEFAULT NULL,
  `MERCHANT_ID` int DEFAULT NULL,
  `PRODUCT_ID` bigint NOT NULL,
  `PRODUCT_VARIANT` bigint DEFAULT NULL,
  PRIMARY KEY (`PRODUCT_AVAIL_ID`),
  UNIQUE KEY `UKmiln9rmsc6ssih1v9vf23h1dc` (`MERCHANT_ID`,`PRODUCT_ID`,`REGION_VARIANT`),
  KEY `PRD_AVAIL_STORE_PRD_IDX` (`PRODUCT_ID`,`MERCHANT_ID`),
  KEY `PRD_AVAIL_PRD_IDX` (`PRODUCT_ID`),
  KEY `FKm9cb3uvgql005wcsqi906pjhg` (`PRODUCT_VARIANT`),
  CONSTRAINT `FK5sbh4dx25pmjcqx958hr9ys8h` FOREIGN KEY (`PRODUCT_ID`) REFERENCES `product` (`PRODUCT_ID`),
  CONSTRAINT `FKm9cb3uvgql005wcsqi906pjhg` FOREIGN KEY (`PRODUCT_VARIANT`) REFERENCES `product_variant` (`PRODUCT_VARIANT_ID`),
  CONSTRAINT `FKmjs1xqdsgji88j5uduj83bntl` FOREIGN KEY (`MERCHANT_ID`) REFERENCES `merchant_store` (`MERCHANT_ID`)
) ENGINE=InnoDB DEFAULT CHARSET=utf8mb3 COLLATE=utf8mb3_unicode_ci;
/*!40101 SET character_set_client = @saved_cs_client */;

--
-- Dumping data for table `product_availability`
--

LOCK TABLES `product_availability` WRITE;
/*!40000 ALTER TABLE `product_availability` DISABLE KEYS */;
INSERT INTO `product_availability` VALUES (2,NULL,NULL,NULL,_binary '',NULL,NULL,NULL,NULL,NULL,NULL,_binary '\0',1,1,1,_binary '','*',NULL,NULL,2,2,NULL),(100,NULL,NULL,NULL,_binary '',NULL,NULL,NULL,NULL,NULL,NULL,_binary '\0',1,1,1,_binary '','*',NULL,NULL,2,100,NULL),(151,NULL,NULL,NULL,_binary '',NULL,NULL,NULL,NULL,NULL,NULL,_binary '\0',1,1,1,_binary '','*',NULL,NULL,2,151,NULL),(200,NULL,NULL,NULL,_binary '',NULL,NULL,NULL,NULL,NULL,NULL,_binary '\0',1,1,1,_binary '','*',NULL,NULL,2,200,NULL),(201,NULL,NULL,NULL,_binary '',NULL,NULL,NULL,NULL,NULL,NULL,_binary '\0',1,1,1,_binary '','*',NULL,NULL,2,201,NULL),(251,NULL,NULL,NULL,_binary '',NULL,NULL,NULL,NULL,NULL,NULL,_binary '\0',1,1,1,_binary '','*',NULL,NULL,2,251,NULL),(252,NULL,NULL,NULL,_binary '',NULL,NULL,NULL,NULL,NULL,NULL,_binary '\0',1,1,1,_binary '','*',NULL,NULL,2,252,NULL),(253,NULL,NULL,NULL,_binary '',NULL,NULL,NULL,NULL,NULL,NULL,_binary '\0',1,1,1,_binary '','*',NULL,NULL,2,253,NULL);
/*!40000 ALTER TABLE `product_availability` ENABLE KEYS */;
UNLOCK TABLES;

--
-- Table structure for table `product_category`
--

DROP TABLE IF EXISTS `product_category`;
/*!40101 SET @saved_cs_client     = @@character_set_client */;
/*!50503 SET character_set_client = utf8mb4 */;
CREATE TABLE `product_category` (
  `PRODUCT_ID` bigint NOT NULL,
  `CATEGORY_ID` bigint NOT NULL,
  PRIMARY KEY (`PRODUCT_ID`,`CATEGORY_ID`),
  KEY `FK3xw1sbaa29r534jvedimdd7md` (`CATEGORY_ID`),
  CONSTRAINT `FK3xw1sbaa29r534jvedimdd7md` FOREIGN KEY (`CATEGORY_ID`) REFERENCES `category` (`CATEGORY_ID`),
  CONSTRAINT `FKa7245ly271mb0crlhxwhhppsq` FOREIGN KEY (`PRODUCT_ID`) REFERENCES `product` (`PRODUCT_ID`)
) ENGINE=InnoDB DEFAULT CHARSET=utf8mb3 COLLATE=utf8mb3_unicode_ci;
/*!40101 SET character_set_client = @saved_cs_client */;

--
-- Dumping data for table `product_category`
--

LOCK TABLES `product_category` WRITE;
/*!40000 ALTER TABLE `product_category` DISABLE KEYS */;
INSERT INTO `product_category` VALUES (2,50),(100,50),(151,50),(200,50),(201,50),(253,50),(251,51),(252,100);
/*!40000 ALTER TABLE `product_category` ENABLE KEYS */;
UNLOCK TABLES;

--
-- Table structure for table `product_description`
--

DROP TABLE IF EXISTS `product_description`;
/*!40101 SET @saved_cs_client     = @@character_set_client */;
/*!50503 SET character_set_client = utf8mb4 */;
CREATE TABLE `product_description` (
  `DESCRIPTION_ID` bigint NOT NULL,
  `DATE_CREATED` datetime DEFAULT NULL,
  `DATE_MODIFIED` datetime DEFAULT NULL,
  `UPDT_ID` varchar(60) COLLATE utf8mb3_unicode_ci DEFAULT NULL,
  `DESCRIPTION` longtext COLLATE utf8mb3_unicode_ci,
  `NAME` varchar(120) COLLATE utf8mb3_unicode_ci NOT NULL,
  `TITLE` varchar(100) COLLATE utf8mb3_unicode_ci DEFAULT NULL,
  `META_DESCRIPTION` varchar(255) COLLATE utf8mb3_unicode_ci DEFAULT NULL,
  `META_KEYWORDS` varchar(255) COLLATE utf8mb3_unicode_ci DEFAULT NULL,
  `META_TITLE` varchar(255) COLLATE utf8mb3_unicode_ci DEFAULT NULL,
  `DOWNLOAD_LNK` varchar(255) COLLATE utf8mb3_unicode_ci DEFAULT NULL,
  `PRODUCT_HIGHLIGHT` varchar(255) COLLATE utf8mb3_unicode_ci DEFAULT NULL,
  `SEF_URL` varchar(255) COLLATE utf8mb3_unicode_ci DEFAULT NULL,
  `LANGUAGE_ID` int NOT NULL,
  `PRODUCT_ID` bigint NOT NULL,
  PRIMARY KEY (`DESCRIPTION_ID`),
  UNIQUE KEY `UKq4dnkx5b776ayqas2h4rr2d8q` (`PRODUCT_ID`,`LANGUAGE_ID`),
  KEY `PRODUCT_DESCRIPTION_SEF_URL` (`SEF_URL`),
  KEY `FK6esjdaa6vu2t5vjin788a8og6` (`LANGUAGE_ID`),
  CONSTRAINT `FK6esjdaa6vu2t5vjin788a8og6` FOREIGN KEY (`LANGUAGE_ID`) REFERENCES `language` (`LANGUAGE_ID`),
  CONSTRAINT `FKm46yjcu59q79qrokgglwq2ove` FOREIGN KEY (`PRODUCT_ID`) REFERENCES `product` (`PRODUCT_ID`)
) ENGINE=InnoDB DEFAULT CHARSET=utf8mb3 COLLATE=utf8mb3_unicode_ci;
/*!40101 SET character_set_client = @saved_cs_client */;

--
-- Dumping data for table `product_description`
--

LOCK TABLES `product_description` WRITE;
/*!40000 ALTER TABLE `product_description` DISABLE KEYS */;
INSERT INTO `product_description` VALUES (2,'2023-05-17 08:01:55','2023-05-17 08:04:35',NULL,'Đã chỉnh nội dung','Đây là sản phẩm mới 1','Đây là sản phẩm mới 1','string','string',NULL,NULL,'string','string',4,2),(4,'2023-05-17 09:13:36','2023-05-17 09:13:36',NULL,'Caused by: org.springframework.dao.InvalidDataAccessApiUsageException: org.hibernate.hql.internal.ast.QuerySyntaxException: PositionDescription is not mapped [select distinct pd from PositionDescription as pd where pd.code=:code]; nested exception is java.lang.IllegalArgumentException: org.hibernate.hql.internal.ast.QuerySyntaxException: PositionDescription is not mapped [select distinct pd from PositionDescription as pd where pd.code=:code]','Đây là sản phẩm mới 1','Đây là sản phẩm mới 1','string','string',NULL,NULL,'string','string',4,100),(6,'2023-05-20 17:16:08','2023-05-20 17:16:08',NULL,'Caused by: org.springframework.dao.InvalidDataAccessApiUsageException: org.hibernate.hql.internal.ast.QuerySyntaxException: PositionDescription is not mapped [select distinct pd from PositionDescription as pd where pd.code=:code]; nested exception is java.lang.IllegalArgumentException: org.hibernate.hql.internal.ast.QuerySyntaxException: PositionDescription is not mapped [select distinct pd from PositionDescription as pd where pd.code=:code]','Đây là sản phẩm mới 1','Đây là sản phẩm mới 1','string','string',NULL,NULL,'string','string',4,151),(7,'2023-06-17 16:58:27','2023-06-17 16:58:27',NULL,'Caused by: org.springframework.dao.InvalidDataAccessApiUsageException: org.hibernate.hql.internal.ast.QuerySyntaxException: PositionDescription is not mapped [select distinct pd from PositionDescription as pd where pd.code=:code]; nested exception is java.lang.IllegalArgumentException: org.hibernate.hql.internal.ast.QuerySyntaxException: PositionDescription is not mapped [select distinct pd from PositionDescription as pd where pd.code=:code]','Đây là sản phẩm mới 1','Đây là sản phẩm mới 1','string','string',NULL,NULL,'string','string',4,200),(8,'2023-06-17 17:13:08','2023-06-17 17:13:08',NULL,'Caused by: org.springframework.dao.InvalidDataAccessApiUsageException: org.hibernate.hql.internal.ast.QuerySyntaxException: PositionDescription is not mapped [select distinct pd from PositionDescription as pd where pd.code=:code]; nested exception is java.lang.IllegalArgumentException: org.hibernate.hql.internal.ast.QuerySyntaxException: PositionDescription is not mapped [select distinct pd from PositionDescription as pd where pd.code=:code]','Đây là sản phẩm mới 1','Đây là sản phẩm mới 1','string','string',NULL,NULL,'string','string',4,201),(10,'2023-06-18 20:58:52','2023-06-18 20:58:52',NULL,'Caused by: org.springframework.dao.InvalidDataAccessApiUsageException: org.hibernate.hql.internal.ast.QuerySyntaxException: PositionDescription is not mapped [select distinct pd from PositionDescription as pd where pd.code=:code]; nested exception is java.lang.IllegalArgumentException: org.hibernate.hql.internal.ast.QuerySyntaxException: PositionDescription is not mapped [select distinct pd from PositionDescription as pd where pd.code=:code]','Đây là sản phẩm mới 1','Đây là sản phẩm mới 1','string','string',NULL,NULL,'string','string',4,251),(11,'2023-06-18 20:59:23','2023-06-18 20:59:23',NULL,'Caused by: org.springframework.dao.InvalidDataAccessApiUsageException: org.hibernate.hql.internal.ast.QuerySyntaxException: PositionDescription is not mapped [select distinct pd from PositionDescription as pd where pd.code=:code]; nested exception is java.lang.IllegalArgumentException: org.hibernate.hql.internal.ast.QuerySyntaxException: PositionDescription is not mapped [select distinct pd from PositionDescription as pd where pd.code=:code]','Đây là sản phẩm mới 1','Đây là sản phẩm mới 1','string','string',NULL,NULL,'string','string',4,252),(12,'2023-06-18 20:59:44','2023-06-18 20:59:44',NULL,'Caused by: org.springframework.dao.InvalidDataAccessApiUsageException: org.hibernate.hql.internal.ast.QuerySyntaxException: PositionDescription is not mapped [select distinct pd from PositionDescription as pd where pd.code=:code]; nested exception is java.lang.IllegalArgumentException: org.hibernate.hql.internal.ast.QuerySyntaxException: PositionDescription is not mapped [select distinct pd from PositionDescription as pd where pd.code=:code]','Đây là sản phẩm mới 1','Đây là sản phẩm mới 1','string','string',NULL,NULL,'string','string',4,253);
/*!40000 ALTER TABLE `product_description` ENABLE KEYS */;
UNLOCK TABLES;

--
-- Table structure for table `product_digital`
--

DROP TABLE IF EXISTS `product_digital`;
/*!40101 SET @saved_cs_client     = @@character_set_client */;
/*!50503 SET character_set_client = utf8mb4 */;
CREATE TABLE `product_digital` (
  `PRODUCT_DIGITAL_ID` bigint NOT NULL,
  `FILE_NAME` varchar(255) COLLATE utf8mb3_unicode_ci NOT NULL,
  `PRODUCT_ID` bigint NOT NULL,
  PRIMARY KEY (`PRODUCT_DIGITAL_ID`),
  UNIQUE KEY `UKjuk1qgkh9v5w7ghvb18krwo8v` (`PRODUCT_ID`,`FILE_NAME`),
  CONSTRAINT `FK47fmb5cg68pws7k26txyl1il6` FOREIGN KEY (`PRODUCT_ID`) REFERENCES `product` (`PRODUCT_ID`)
) ENGINE=InnoDB DEFAULT CHARSET=utf8mb3 COLLATE=utf8mb3_unicode_ci;
/*!40101 SET character_set_client = @saved_cs_client */;

--
-- Dumping data for table `product_digital`
--

LOCK TABLES `product_digital` WRITE;
/*!40000 ALTER TABLE `product_digital` DISABLE KEYS */;
/*!40000 ALTER TABLE `product_digital` ENABLE KEYS */;
UNLOCK TABLES;

--
-- Table structure for table `product_image`
--

DROP TABLE IF EXISTS `product_image`;
/*!40101 SET @saved_cs_client     = @@character_set_client */;
/*!50503 SET character_set_client = utf8mb4 */;
CREATE TABLE `product_image` (
  `PRODUCT_IMAGE_ID` bigint NOT NULL,
  `DEFAULT_IMAGE` bit(1) DEFAULT NULL,
  `IMAGE_CROP` bit(1) DEFAULT NULL,
  `IMAGE_TYPE` int DEFAULT NULL,
  `PRODUCT_IMAGE` varchar(255) COLLATE utf8mb3_unicode_ci DEFAULT NULL,
  `PRODUCT_IMAGE_URL` varchar(255) COLLATE utf8mb3_unicode_ci DEFAULT NULL,
  `SORT_ORDER` int DEFAULT NULL,
  `PRODUCT_ID` bigint NOT NULL,
  PRIMARY KEY (`PRODUCT_IMAGE_ID`),
  KEY `FKgab836d8rxqg8vv55nm02r65i` (`PRODUCT_ID`),
  CONSTRAINT `FKgab836d8rxqg8vv55nm02r65i` FOREIGN KEY (`PRODUCT_ID`) REFERENCES `product` (`PRODUCT_ID`)
) ENGINE=InnoDB DEFAULT CHARSET=utf8mb3 COLLATE=utf8mb3_unicode_ci;
/*!40101 SET character_set_client = @saved_cs_client */;

--
-- Dumping data for table `product_image`
--

LOCK TABLES `product_image` WRITE;
/*!40000 ALTER TABLE `product_image` DISABLE KEYS */;
/*!40000 ALTER TABLE `product_image` ENABLE KEYS */;
UNLOCK TABLES;

--
-- Table structure for table `product_image_description`
--

DROP TABLE IF EXISTS `product_image_description`;
/*!40101 SET @saved_cs_client     = @@character_set_client */;
/*!50503 SET character_set_client = utf8mb4 */;
CREATE TABLE `product_image_description` (
  `DESCRIPTION_ID` bigint NOT NULL,
  `DATE_CREATED` datetime DEFAULT NULL,
  `DATE_MODIFIED` datetime DEFAULT NULL,
  `UPDT_ID` varchar(60) COLLATE utf8mb3_unicode_ci DEFAULT NULL,
  `DESCRIPTION` longtext COLLATE utf8mb3_unicode_ci,
  `NAME` varchar(120) COLLATE utf8mb3_unicode_ci NOT NULL,
  `TITLE` varchar(100) COLLATE utf8mb3_unicode_ci DEFAULT NULL,
  `ALT_TAG` varchar(100) COLLATE utf8mb3_unicode_ci DEFAULT NULL,
  `LANGUAGE_ID` int NOT NULL,
  `PRODUCT_IMAGE_ID` bigint NOT NULL,
  PRIMARY KEY (`DESCRIPTION_ID`),
  UNIQUE KEY `UKn7yhdj6ccydgf201gibb882cd` (`PRODUCT_IMAGE_ID`,`LANGUAGE_ID`),
  KEY `FKlhdnpki4sf98wev0pcj2bvnih` (`LANGUAGE_ID`),
  CONSTRAINT `FK1dhldo18nj9l2y6qympgucynq` FOREIGN KEY (`PRODUCT_IMAGE_ID`) REFERENCES `product_image` (`PRODUCT_IMAGE_ID`),
  CONSTRAINT `FKlhdnpki4sf98wev0pcj2bvnih` FOREIGN KEY (`LANGUAGE_ID`) REFERENCES `language` (`LANGUAGE_ID`)
) ENGINE=InnoDB DEFAULT CHARSET=utf8mb3 COLLATE=utf8mb3_unicode_ci;
/*!40101 SET character_set_client = @saved_cs_client */;

--
-- Dumping data for table `product_image_description`
--

LOCK TABLES `product_image_description` WRITE;
/*!40000 ALTER TABLE `product_image_description` DISABLE KEYS */;
/*!40000 ALTER TABLE `product_image_description` ENABLE KEYS */;
UNLOCK TABLES;

--
-- Table structure for table `product_opt_set_opt_value`
--

DROP TABLE IF EXISTS `product_opt_set_opt_value`;
/*!40101 SET @saved_cs_client     = @@character_set_client */;
/*!50503 SET character_set_client = utf8mb4 */;
CREATE TABLE `product_opt_set_opt_value` (
  `ProductOptionSet_PRODUCT_OPTION_SET_ID` bigint NOT NULL,
  `values_PRODUCT_OPTION_VALUE_ID` bigint NOT NULL,
  KEY `FK9dwatblxwc64a5la3bb7qnwd8` (`values_PRODUCT_OPTION_VALUE_ID`),
  KEY `FK3u6iyag8x8w9tkt7sqcoibjq6` (`ProductOptionSet_PRODUCT_OPTION_SET_ID`),
  CONSTRAINT `FK3u6iyag8x8w9tkt7sqcoibjq6` FOREIGN KEY (`ProductOptionSet_PRODUCT_OPTION_SET_ID`) REFERENCES `product_option_set` (`PRODUCT_OPTION_SET_ID`),
  CONSTRAINT `FK9dwatblxwc64a5la3bb7qnwd8` FOREIGN KEY (`values_PRODUCT_OPTION_VALUE_ID`) REFERENCES `product_option_value` (`PRODUCT_OPTION_VALUE_ID`)
) ENGINE=InnoDB DEFAULT CHARSET=utf8mb3 COLLATE=utf8mb3_unicode_ci;
/*!40101 SET character_set_client = @saved_cs_client */;

--
-- Dumping data for table `product_opt_set_opt_value`
--

LOCK TABLES `product_opt_set_opt_value` WRITE;
/*!40000 ALTER TABLE `product_opt_set_opt_value` DISABLE KEYS */;
/*!40000 ALTER TABLE `product_opt_set_opt_value` ENABLE KEYS */;
UNLOCK TABLES;

--
-- Table structure for table `product_opt_set_prd_type`
--

DROP TABLE IF EXISTS `product_opt_set_prd_type`;
/*!40101 SET @saved_cs_client     = @@character_set_client */;
/*!50503 SET character_set_client = utf8mb4 */;
CREATE TABLE `product_opt_set_prd_type` (
  `ProductOptionSet_PRODUCT_OPTION_SET_ID` bigint NOT NULL,
  `productTypes_PRODUCT_TYPE_ID` bigint NOT NULL,
  PRIMARY KEY (`ProductOptionSet_PRODUCT_OPTION_SET_ID`,`productTypes_PRODUCT_TYPE_ID`),
  KEY `FKiem30u1enm0p25i7t53jganf4` (`productTypes_PRODUCT_TYPE_ID`),
  CONSTRAINT `FK4655h91s0eiinonako9n4h9ha` FOREIGN KEY (`ProductOptionSet_PRODUCT_OPTION_SET_ID`) REFERENCES `product_option_set` (`PRODUCT_OPTION_SET_ID`),
  CONSTRAINT `FKiem30u1enm0p25i7t53jganf4` FOREIGN KEY (`productTypes_PRODUCT_TYPE_ID`) REFERENCES `product_type` (`PRODUCT_TYPE_ID`)
) ENGINE=InnoDB DEFAULT CHARSET=utf8mb3 COLLATE=utf8mb3_unicode_ci;
/*!40101 SET character_set_client = @saved_cs_client */;

--
-- Dumping data for table `product_opt_set_prd_type`
--

LOCK TABLES `product_opt_set_prd_type` WRITE;
/*!40000 ALTER TABLE `product_opt_set_prd_type` DISABLE KEYS */;
/*!40000 ALTER TABLE `product_opt_set_prd_type` ENABLE KEYS */;
UNLOCK TABLES;

--
-- Table structure for table `product_option`
--

DROP TABLE IF EXISTS `product_option`;
/*!40101 SET @saved_cs_client     = @@character_set_client */;
/*!50503 SET character_set_client = utf8mb4 */;
CREATE TABLE `product_option` (
  `PRODUCT_OPTION_ID` bigint NOT NULL,
  `PRODUCT_OPTION_CODE` varchar(255) COLLATE utf8mb3_unicode_ci DEFAULT NULL,
  `PRODUCT_OPTION_SORT_ORD` int DEFAULT NULL,
  `PRODUCT_OPTION_TYPE` varchar(10) COLLATE utf8mb3_unicode_ci DEFAULT NULL,
  `PRODUCT_OPTION_READ` bit(1) DEFAULT NULL,
  `MERCHANT_ID` int NOT NULL,
  PRIMARY KEY (`PRODUCT_OPTION_ID`),
  UNIQUE KEY `UKhfcw5oi9ulljlog1b7ns1r9tu` (`MERCHANT_ID`,`PRODUCT_OPTION_CODE`),
  KEY `PRD_OPTION_CODE_IDX` (`PRODUCT_OPTION_CODE`),
  CONSTRAINT `FKp8cski5t5f5m4et4fw0uilcgu` FOREIGN KEY (`MERCHANT_ID`) REFERENCES `merchant_store` (`MERCHANT_ID`)
) ENGINE=InnoDB DEFAULT CHARSET=utf8mb3 COLLATE=utf8mb3_unicode_ci;
/*!40101 SET character_set_client = @saved_cs_client */;

--
-- Dumping data for table `product_option`
--

LOCK TABLES `product_option` WRITE;
/*!40000 ALTER TABLE `product_option` DISABLE KEYS */;
/*!40000 ALTER TABLE `product_option` ENABLE KEYS */;
UNLOCK TABLES;

--
-- Table structure for table `product_option_desc`
--

DROP TABLE IF EXISTS `product_option_desc`;
/*!40101 SET @saved_cs_client     = @@character_set_client */;
/*!50503 SET character_set_client = utf8mb4 */;
CREATE TABLE `product_option_desc` (
  `DESCRIPTION_ID` bigint NOT NULL,
  `DATE_CREATED` datetime DEFAULT NULL,
  `DATE_MODIFIED` datetime DEFAULT NULL,
  `UPDT_ID` varchar(60) COLLATE utf8mb3_unicode_ci DEFAULT NULL,
  `DESCRIPTION` longtext COLLATE utf8mb3_unicode_ci,
  `NAME` varchar(120) COLLATE utf8mb3_unicode_ci NOT NULL,
  `TITLE` varchar(100) COLLATE utf8mb3_unicode_ci DEFAULT NULL,
  `PRODUCT_OPTION_COMMENT` varchar(4000) COLLATE utf8mb3_unicode_ci DEFAULT NULL,
  `LANGUAGE_ID` int NOT NULL,
  `PRODUCT_OPTION_ID` bigint NOT NULL,
  PRIMARY KEY (`DESCRIPTION_ID`),
  UNIQUE KEY `UKmkcm8isyyyqbjd1yyb8mrpkuw` (`PRODUCT_OPTION_ID`,`LANGUAGE_ID`),
  KEY `FK8fiwk5o1gbn2r2u8529yaf9xt` (`LANGUAGE_ID`),
  CONSTRAINT `FK8fiwk5o1gbn2r2u8529yaf9xt` FOREIGN KEY (`LANGUAGE_ID`) REFERENCES `language` (`LANGUAGE_ID`),
  CONSTRAINT `FKgjqmfofile4hwv867irsnvuc0` FOREIGN KEY (`PRODUCT_OPTION_ID`) REFERENCES `product_option` (`PRODUCT_OPTION_ID`)
) ENGINE=InnoDB DEFAULT CHARSET=utf8mb3 COLLATE=utf8mb3_unicode_ci;
/*!40101 SET character_set_client = @saved_cs_client */;

--
-- Dumping data for table `product_option_desc`
--

LOCK TABLES `product_option_desc` WRITE;
/*!40000 ALTER TABLE `product_option_desc` DISABLE KEYS */;
/*!40000 ALTER TABLE `product_option_desc` ENABLE KEYS */;
UNLOCK TABLES;

--
-- Table structure for table `product_option_set`
--

DROP TABLE IF EXISTS `product_option_set`;
/*!40101 SET @saved_cs_client     = @@character_set_client */;
/*!50503 SET character_set_client = utf8mb4 */;
CREATE TABLE `product_option_set` (
  `PRODUCT_OPTION_SET_ID` bigint NOT NULL,
  `PRODUCT_OPTION_SET_CODE` varchar(255) COLLATE utf8mb3_unicode_ci DEFAULT NULL,
  `PRODUCT_OPTION_SET_DISP` bit(1) DEFAULT NULL,
  `PRODUCT_OPTION_ID` bigint NOT NULL,
  `MERCHANT_ID` int NOT NULL,
  PRIMARY KEY (`PRODUCT_OPTION_SET_ID`),
  UNIQUE KEY `UKk1qq8j685uj17bylgnkra1n5f` (`MERCHANT_ID`,`PRODUCT_OPTION_SET_CODE`),
  KEY `FK4njy17416fn86muojmtbav1d0` (`PRODUCT_OPTION_ID`),
  CONSTRAINT `FK4njy17416fn86muojmtbav1d0` FOREIGN KEY (`PRODUCT_OPTION_ID`) REFERENCES `product_option` (`PRODUCT_OPTION_ID`),
  CONSTRAINT `FK8d5vylmhvmckmframdehgwqau` FOREIGN KEY (`MERCHANT_ID`) REFERENCES `merchant_store` (`MERCHANT_ID`)
) ENGINE=InnoDB DEFAULT CHARSET=utf8mb3 COLLATE=utf8mb3_unicode_ci;
/*!40101 SET character_set_client = @saved_cs_client */;

--
-- Dumping data for table `product_option_set`
--

LOCK TABLES `product_option_set` WRITE;
/*!40000 ALTER TABLE `product_option_set` DISABLE KEYS */;
/*!40000 ALTER TABLE `product_option_set` ENABLE KEYS */;
UNLOCK TABLES;

--
-- Table structure for table `product_option_value`
--

DROP TABLE IF EXISTS `product_option_value`;
/*!40101 SET @saved_cs_client     = @@character_set_client */;
/*!50503 SET character_set_client = utf8mb4 */;
CREATE TABLE `product_option_value` (
  `PRODUCT_OPTION_VALUE_ID` bigint NOT NULL,
  `PRODUCT_OPTION_VAL_CODE` varchar(255) COLLATE utf8mb3_unicode_ci DEFAULT NULL,
  `PRODUCT_OPT_FOR_DISP` bit(1) DEFAULT NULL,
  `PRODUCT_OPT_VAL_IMAGE` varchar(255) COLLATE utf8mb3_unicode_ci DEFAULT NULL,
  `PRODUCT_OPT_VAL_SORT_ORD` int DEFAULT NULL,
  `MERCHANT_ID` int NOT NULL,
  PRIMARY KEY (`PRODUCT_OPTION_VALUE_ID`),
  UNIQUE KEY `UKixbpi4hxrhljh935c3xfvnvsh` (`MERCHANT_ID`,`PRODUCT_OPTION_VAL_CODE`),
  KEY `PRD_OPTION_VAL_CODE_IDX` (`PRODUCT_OPTION_VAL_CODE`),
  CONSTRAINT `FKnd3nw0mamlk8bkxo8ad5m85pq` FOREIGN KEY (`MERCHANT_ID`) REFERENCES `merchant_store` (`MERCHANT_ID`)
) ENGINE=InnoDB DEFAULT CHARSET=utf8mb3 COLLATE=utf8mb3_unicode_ci;
/*!40101 SET character_set_client = @saved_cs_client */;

--
-- Dumping data for table `product_option_value`
--

LOCK TABLES `product_option_value` WRITE;
/*!40000 ALTER TABLE `product_option_value` DISABLE KEYS */;
/*!40000 ALTER TABLE `product_option_value` ENABLE KEYS */;
UNLOCK TABLES;

--
-- Table structure for table `product_option_value_description`
--

DROP TABLE IF EXISTS `product_option_value_description`;
/*!40101 SET @saved_cs_client     = @@character_set_client */;
/*!50503 SET character_set_client = utf8mb4 */;
CREATE TABLE `product_option_value_description` (
  `DESCRIPTION_ID` bigint NOT NULL,
  `DATE_CREATED` datetime DEFAULT NULL,
  `DATE_MODIFIED` datetime DEFAULT NULL,
  `UPDT_ID` varchar(60) COLLATE utf8mb3_unicode_ci DEFAULT NULL,
  `DESCRIPTION` longtext COLLATE utf8mb3_unicode_ci,
  `NAME` varchar(120) COLLATE utf8mb3_unicode_ci NOT NULL,
  `TITLE` varchar(100) COLLATE utf8mb3_unicode_ci DEFAULT NULL,
  `LANGUAGE_ID` int NOT NULL,
  `PRODUCT_OPTION_VALUE_ID` bigint DEFAULT NULL,
  PRIMARY KEY (`DESCRIPTION_ID`),
  UNIQUE KEY `UKasgc60ot1wy0uho96n0j8429p` (`PRODUCT_OPTION_VALUE_ID`,`LANGUAGE_ID`),
  KEY `FK19mnby7atlt85exlypxdxhacx` (`LANGUAGE_ID`),
  CONSTRAINT `FK19mnby7atlt85exlypxdxhacx` FOREIGN KEY (`LANGUAGE_ID`) REFERENCES `language` (`LANGUAGE_ID`),
  CONSTRAINT `FKqttc6b79yp2s1hyrhg4thag6s` FOREIGN KEY (`PRODUCT_OPTION_VALUE_ID`) REFERENCES `product_option_value` (`PRODUCT_OPTION_VALUE_ID`)
) ENGINE=InnoDB DEFAULT CHARSET=utf8mb3 COLLATE=utf8mb3_unicode_ci;
/*!40101 SET character_set_client = @saved_cs_client */;

--
-- Dumping data for table `product_option_value_description`
--

LOCK TABLES `product_option_value_description` WRITE;
/*!40000 ALTER TABLE `product_option_value_description` DISABLE KEYS */;
/*!40000 ALTER TABLE `product_option_value_description` ENABLE KEYS */;
UNLOCK TABLES;

--
-- Table structure for table `product_price`
--

DROP TABLE IF EXISTS `product_price`;
/*!40101 SET @saved_cs_client     = @@character_set_client */;
/*!50503 SET character_set_client = utf8mb4 */;
CREATE TABLE `product_price` (
  `PRODUCT_PRICE_ID` bigint NOT NULL,
  `PRODUCT_PRICE_CODE` varchar(255) COLLATE utf8mb3_unicode_ci NOT NULL,
  `DEFAULT_PRICE` bit(1) DEFAULT NULL,
  `PRODUCT_IDENTIFIER_ID` bigint DEFAULT NULL,
  `PRODUCT_PRICE_AMOUNT` decimal(19,2) DEFAULT NULL,
  `PRODUCT_PRICE_SPECIAL_AMOUNT` decimal(19,2) DEFAULT NULL,
  `PRODUCT_PRICE_SPECIAL_END_DATE` date DEFAULT NULL,
  `PRODUCT_PRICE_SPECIAL_ST_DATE` date DEFAULT NULL,
  `PRODUCT_PRICE_TYPE` varchar(20) COLLATE utf8mb3_unicode_ci DEFAULT NULL,
  `PRODUCT_AVAIL_ID` bigint NOT NULL,
  PRIMARY KEY (`PRODUCT_PRICE_ID`),
  KEY `FK1dic7jnnk1qikgvwcrf4dw12r` (`PRODUCT_AVAIL_ID`),
  CONSTRAINT `FK1dic7jnnk1qikgvwcrf4dw12r` FOREIGN KEY (`PRODUCT_AVAIL_ID`) REFERENCES `product_availability` (`PRODUCT_AVAIL_ID`)
) ENGINE=InnoDB DEFAULT CHARSET=utf8mb3 COLLATE=utf8mb3_unicode_ci;
/*!40101 SET character_set_client = @saved_cs_client */;

--
-- Dumping data for table `product_price`
--

LOCK TABLES `product_price` WRITE;
/*!40000 ALTER TABLE `product_price` DISABLE KEYS */;
INSERT INTO `product_price` VALUES (2,'base',_binary '',NULL,50000000.00,NULL,NULL,NULL,'ONE_TIME',2),(100,'base',_binary '',NULL,50000000.00,NULL,NULL,NULL,'ONE_TIME',100),(151,'base',_binary '',NULL,50000000.00,NULL,NULL,NULL,'ONE_TIME',151),(200,'base',_binary '',NULL,50000000.00,NULL,NULL,NULL,'ONE_TIME',200),(201,'base',_binary '',NULL,50000000.00,NULL,NULL,NULL,'ONE_TIME',201),(251,'base',_binary '',NULL,50000000.00,NULL,NULL,NULL,'ONE_TIME',251),(252,'base',_binary '',NULL,50000000.00,NULL,NULL,NULL,'ONE_TIME',252),(253,'base',_binary '',NULL,50000000.00,NULL,NULL,NULL,'ONE_TIME',253);
/*!40000 ALTER TABLE `product_price` ENABLE KEYS */;
UNLOCK TABLES;

--
-- Table structure for table `product_price_description`
--

DROP TABLE IF EXISTS `product_price_description`;
/*!40101 SET @saved_cs_client     = @@character_set_client */;
/*!50503 SET character_set_client = utf8mb4 */;
CREATE TABLE `product_price_description` (
  `DESCRIPTION_ID` bigint NOT NULL,
  `DATE_CREATED` datetime DEFAULT NULL,
  `DATE_MODIFIED` datetime DEFAULT NULL,
  `UPDT_ID` varchar(60) COLLATE utf8mb3_unicode_ci DEFAULT NULL,
  `DESCRIPTION` longtext COLLATE utf8mb3_unicode_ci,
  `NAME` varchar(120) COLLATE utf8mb3_unicode_ci NOT NULL,
  `TITLE` varchar(100) COLLATE utf8mb3_unicode_ci DEFAULT NULL,
  `PRICE_APPENDER` varchar(255) COLLATE utf8mb3_unicode_ci DEFAULT NULL,
  `LANGUAGE_ID` int NOT NULL,
  `PRODUCT_PRICE_ID` bigint NOT NULL,
  PRIMARY KEY (`DESCRIPTION_ID`),
  UNIQUE KEY `UKfrsw8d41sxxogvxxoyd8nwaxu` (`PRODUCT_PRICE_ID`,`LANGUAGE_ID`),
  KEY `FK7bmbrjr8ar5icwdpt8myj6gei` (`LANGUAGE_ID`),
  CONSTRAINT `FK7bmbrjr8ar5icwdpt8myj6gei` FOREIGN KEY (`LANGUAGE_ID`) REFERENCES `language` (`LANGUAGE_ID`),
  CONSTRAINT `FKbwxw861ipjsct606j3dagdjsf` FOREIGN KEY (`PRODUCT_PRICE_ID`) REFERENCES `product_price` (`PRODUCT_PRICE_ID`)
) ENGINE=InnoDB DEFAULT CHARSET=utf8mb3 COLLATE=utf8mb3_unicode_ci;
/*!40101 SET character_set_client = @saved_cs_client */;

--
-- Dumping data for table `product_price_description`
--

LOCK TABLES `product_price_description` WRITE;
/*!40000 ALTER TABLE `product_price_description` DISABLE KEYS */;
INSERT INTO `product_price_description` VALUES (2,'2023-05-17 08:01:55','2023-05-17 08:01:55',NULL,NULL,'DEFAULT',NULL,NULL,4,2),(4,'2023-05-17 09:13:36','2023-05-17 09:13:36',NULL,NULL,'DEFAULT',NULL,NULL,4,100),(6,'2023-05-20 17:16:08','2023-05-20 17:16:08',NULL,NULL,'DEFAULT',NULL,NULL,4,151),(7,'2023-06-17 16:58:27','2023-06-17 16:58:27',NULL,NULL,'DEFAULT',NULL,NULL,4,200),(8,'2023-06-17 17:13:08','2023-06-17 17:13:08',NULL,NULL,'DEFAULT',NULL,NULL,4,201),(10,'2023-06-18 20:58:52','2023-06-18 20:58:52',NULL,NULL,'DEFAULT',NULL,NULL,4,251),(11,'2023-06-18 20:59:23','2023-06-18 20:59:23',NULL,NULL,'DEFAULT',NULL,NULL,4,252),(12,'2023-06-18 20:59:44','2023-06-18 20:59:44',NULL,NULL,'DEFAULT',NULL,NULL,4,253);
/*!40000 ALTER TABLE `product_price_description` ENABLE KEYS */;
UNLOCK TABLES;

--
-- Table structure for table `product_relationship`
--

DROP TABLE IF EXISTS `product_relationship`;
/*!40101 SET @saved_cs_client     = @@character_set_client */;
/*!50503 SET character_set_client = utf8mb4 */;
CREATE TABLE `product_relationship` (
  `PRODUCT_RELATIONSHIP_ID` bigint NOT NULL,
  `ACTIVE` bit(1) DEFAULT NULL,
  `CODE` varchar(255) COLLATE utf8mb3_unicode_ci DEFAULT NULL,
  `PRODUCT_ID` bigint DEFAULT NULL,
  `RELATED_PRODUCT_ID` bigint DEFAULT NULL,
  PRIMARY KEY (`PRODUCT_RELATIONSHIP_ID`),
  KEY `FKso3cvinykac5wdwu1tjgfotor` (`PRODUCT_ID`),
  KEY `FKfskwtawyt85g9h6761fa69ya5` (`RELATED_PRODUCT_ID`),
  CONSTRAINT `FKfskwtawyt85g9h6761fa69ya5` FOREIGN KEY (`RELATED_PRODUCT_ID`) REFERENCES `product` (`PRODUCT_ID`),
  CONSTRAINT `FKso3cvinykac5wdwu1tjgfotor` FOREIGN KEY (`PRODUCT_ID`) REFERENCES `product` (`PRODUCT_ID`)
) ENGINE=InnoDB DEFAULT CHARSET=utf8mb3 COLLATE=utf8mb3_unicode_ci;
/*!40101 SET character_set_client = @saved_cs_client */;

--
-- Dumping data for table `product_relationship`
--

LOCK TABLES `product_relationship` WRITE;
/*!40000 ALTER TABLE `product_relationship` DISABLE KEYS */;
/*!40000 ALTER TABLE `product_relationship` ENABLE KEYS */;
UNLOCK TABLES;

--
-- Table structure for table `product_review`
--

DROP TABLE IF EXISTS `product_review`;
/*!40101 SET @saved_cs_client     = @@character_set_client */;
/*!50503 SET character_set_client = utf8mb4 */;
CREATE TABLE `product_review` (
  `PRODUCT_REVIEW_ID` bigint NOT NULL,
  `DATE_CREATED` datetime DEFAULT NULL,
  `DATE_MODIFIED` datetime DEFAULT NULL,
  `UPDT_ID` varchar(60) COLLATE utf8mb3_unicode_ci DEFAULT NULL,
  `REVIEW_DATE` datetime DEFAULT NULL,
  `REVIEWS_RATING` double DEFAULT NULL,
  `REVIEWS_READ` bigint DEFAULT NULL,
  `STATUS` int DEFAULT NULL,
  `CUSTOMERS_ID` bigint DEFAULT NULL,
  `PRODUCT_ID` bigint DEFAULT NULL,
  PRIMARY KEY (`PRODUCT_REVIEW_ID`),
  UNIQUE KEY `UK9ew5idgdbk8a77534hbnhd4yb` (`CUSTOMERS_ID`,`PRODUCT_ID`),
  KEY `FKbfi8de7kxultg1vevq6jc1hn7` (`PRODUCT_ID`),
  CONSTRAINT `FK7tm0jrt0hiugo3ep49t3subou` FOREIGN KEY (`CUSTOMERS_ID`) REFERENCES `customer` (`CUSTOMER_ID`),
  CONSTRAINT `FKbfi8de7kxultg1vevq6jc1hn7` FOREIGN KEY (`PRODUCT_ID`) REFERENCES `product` (`PRODUCT_ID`)
) ENGINE=InnoDB DEFAULT CHARSET=utf8mb3 COLLATE=utf8mb3_unicode_ci;
/*!40101 SET character_set_client = @saved_cs_client */;

--
-- Dumping data for table `product_review`
--

LOCK TABLES `product_review` WRITE;
/*!40000 ALTER TABLE `product_review` DISABLE KEYS */;
/*!40000 ALTER TABLE `product_review` ENABLE KEYS */;
UNLOCK TABLES;

--
-- Table structure for table `product_review_description`
--

DROP TABLE IF EXISTS `product_review_description`;
/*!40101 SET @saved_cs_client     = @@character_set_client */;
/*!50503 SET character_set_client = utf8mb4 */;
CREATE TABLE `product_review_description` (
  `DESCRIPTION_ID` bigint NOT NULL,
  `DATE_CREATED` datetime DEFAULT NULL,
  `DATE_MODIFIED` datetime DEFAULT NULL,
  `UPDT_ID` varchar(60) COLLATE utf8mb3_unicode_ci DEFAULT NULL,
  `DESCRIPTION` longtext COLLATE utf8mb3_unicode_ci,
  `NAME` varchar(120) COLLATE utf8mb3_unicode_ci NOT NULL,
  `TITLE` varchar(100) COLLATE utf8mb3_unicode_ci DEFAULT NULL,
  `LANGUAGE_ID` int NOT NULL,
  `PRODUCT_REVIEW_ID` bigint DEFAULT NULL,
  PRIMARY KEY (`DESCRIPTION_ID`),
  UNIQUE KEY `UKqno5wjdtcj8pm3ykkkh7t4rxj` (`PRODUCT_REVIEW_ID`,`LANGUAGE_ID`),
  KEY `FK7byc5jsf5bm4lk674ac44e50m` (`LANGUAGE_ID`),
  CONSTRAINT `FK7byc5jsf5bm4lk674ac44e50m` FOREIGN KEY (`LANGUAGE_ID`) REFERENCES `language` (`LANGUAGE_ID`),
  CONSTRAINT `FKmjivhigdcxmytndlpjuhf4o25` FOREIGN KEY (`PRODUCT_REVIEW_ID`) REFERENCES `product_review` (`PRODUCT_REVIEW_ID`)
) ENGINE=InnoDB DEFAULT CHARSET=utf8mb3 COLLATE=utf8mb3_unicode_ci;
/*!40101 SET character_set_client = @saved_cs_client */;

--
-- Dumping data for table `product_review_description`
--

LOCK TABLES `product_review_description` WRITE;
/*!40000 ALTER TABLE `product_review_description` DISABLE KEYS */;
/*!40000 ALTER TABLE `product_review_description` ENABLE KEYS */;
UNLOCK TABLES;

--
-- Table structure for table `product_type`
--

DROP TABLE IF EXISTS `product_type`;
/*!40101 SET @saved_cs_client     = @@character_set_client */;
/*!50503 SET character_set_client = utf8mb4 */;
CREATE TABLE `product_type` (
  `PRODUCT_TYPE_ID` bigint NOT NULL AUTO_INCREMENT,
  `PRD_TYPE_ADD_TO_CART` bit(1) DEFAULT NULL,
  `DATE_CREATED` datetime DEFAULT NULL,
  `DATE_MODIFIED` datetime DEFAULT NULL,
  `UPDT_ID` varchar(60) COLLATE utf8mb3_unicode_ci DEFAULT NULL,
  `PRD_TYPE_CODE` varchar(255) COLLATE utf8mb3_unicode_ci DEFAULT NULL,
  `PRD_TYPE_VISIBLE` bit(1) DEFAULT NULL,
  `MERCHANT_ID` int DEFAULT NULL,
  `NAME` varchar(255) COLLATE utf8mb3_unicode_ci DEFAULT NULL,
  PRIMARY KEY (`PRODUCT_TYPE_ID`),
  UNIQUE KEY `PRD_TYPE_CODE_UNIQUE` (`PRD_TYPE_CODE`),
  KEY `FKswkvtaq4om2di6x8cd4m22ofn` (`MERCHANT_ID`),
  CONSTRAINT `FKswkvtaq4om2di6x8cd4m22ofn` FOREIGN KEY (`MERCHANT_ID`) REFERENCES `merchant_store` (`MERCHANT_ID`)
) ENGINE=InnoDB AUTO_INCREMENT=202 DEFAULT CHARSET=utf8mb3 COLLATE=utf8mb3_unicode_ci;
/*!40101 SET character_set_client = @saved_cs_client */;

--
-- Dumping data for table `product_type`
--

LOCK TABLES `product_type` WRITE;
/*!40000 ALTER TABLE `product_type` DISABLE KEYS */;
INSERT INTO `product_type` VALUES (1,NULL,'2023-05-17 03:35:39','2023-05-17 03:35:39',NULL,'GENERAL',NULL,NULL,NULL),(200,NULL,'2023-05-25 22:03:05','2023-05-25 22:03:05',NULL,'buonban',NULL,NULL,'Buôn bán');
/*!40000 ALTER TABLE `product_type` ENABLE KEYS */;
UNLOCK TABLES;

--
-- Table structure for table `product_type_description`
--

DROP TABLE IF EXISTS `product_type_description`;
/*!40101 SET @saved_cs_client     = @@character_set_client */;
/*!50503 SET character_set_client = utf8mb4 */;
CREATE TABLE `product_type_description` (
  `DESCRIPTION_ID` bigint NOT NULL,
  `DATE_CREATED` datetime DEFAULT NULL,
  `DATE_MODIFIED` datetime DEFAULT NULL,
  `UPDT_ID` varchar(60) COLLATE utf8mb3_unicode_ci DEFAULT NULL,
  `DESCRIPTION` longtext COLLATE utf8mb3_unicode_ci,
  `NAME` varchar(120) COLLATE utf8mb3_unicode_ci NOT NULL,
  `TITLE` varchar(100) COLLATE utf8mb3_unicode_ci DEFAULT NULL,
  `LANGUAGE_ID` int DEFAULT NULL,
  `PRODUCT_TYPE_ID` bigint NOT NULL,
  PRIMARY KEY (`DESCRIPTION_ID`),
  UNIQUE KEY `UKbnra4lwqjkju4yh04824sw6be` (`PRODUCT_TYPE_ID`,`LANGUAGE_ID`),
  KEY `FK81q74whco5y9fd51aa330hlc0` (`LANGUAGE_ID`),
  CONSTRAINT `FK81q74whco5y9fd51aa330hlc0` FOREIGN KEY (`LANGUAGE_ID`) REFERENCES `language` (`LANGUAGE_ID`),
  CONSTRAINT `FKpwc89ulk7c9asbp2nfy2t4x2j` FOREIGN KEY (`PRODUCT_TYPE_ID`) REFERENCES `product_type` (`PRODUCT_TYPE_ID`)
) ENGINE=InnoDB DEFAULT CHARSET=utf8mb3 COLLATE=utf8mb3_unicode_ci;
/*!40101 SET character_set_client = @saved_cs_client */;

--
-- Dumping data for table `product_type_description`
--

LOCK TABLES `product_type_description` WRITE;
/*!40000 ALTER TABLE `product_type_description` DISABLE KEYS */;
/*!40000 ALTER TABLE `product_type_description` ENABLE KEYS */;
UNLOCK TABLES;

--
-- Table structure for table `product_var_image`
--

DROP TABLE IF EXISTS `product_var_image`;
/*!40101 SET @saved_cs_client     = @@character_set_client */;
/*!50503 SET character_set_client = utf8mb4 */;
CREATE TABLE `product_var_image` (
  `PRODUCT_VAR_IMAGE_ID` bigint NOT NULL,
  `DEFAULT_IMAGE` bit(1) DEFAULT NULL,
  `PRODUCT_IMAGE` varchar(255) COLLATE utf8mb3_unicode_ci DEFAULT NULL,
  `PRODUCT_VARIANT_GROUP_ID` bigint NOT NULL,
  PRIMARY KEY (`PRODUCT_VAR_IMAGE_ID`),
  KEY `FKa691h70ypyp8liquow7qrg81h` (`PRODUCT_VARIANT_GROUP_ID`),
  CONSTRAINT `FKa691h70ypyp8liquow7qrg81h` FOREIGN KEY (`PRODUCT_VARIANT_GROUP_ID`) REFERENCES `product_variant_group` (`PRODUCT_VARIANT_GROUP_ID`)
) ENGINE=InnoDB DEFAULT CHARSET=utf8mb3 COLLATE=utf8mb3_unicode_ci;
/*!40101 SET character_set_client = @saved_cs_client */;

--
-- Dumping data for table `product_var_image`
--

LOCK TABLES `product_var_image` WRITE;
/*!40000 ALTER TABLE `product_var_image` DISABLE KEYS */;
/*!40000 ALTER TABLE `product_var_image` ENABLE KEYS */;
UNLOCK TABLES;

--
-- Table structure for table `product_var_image_description`
--

DROP TABLE IF EXISTS `product_var_image_description`;
/*!40101 SET @saved_cs_client     = @@character_set_client */;
/*!50503 SET character_set_client = utf8mb4 */;
CREATE TABLE `product_var_image_description` (
  `DESCRIPTION_ID` bigint NOT NULL,
  `DATE_CREATED` datetime DEFAULT NULL,
  `DATE_MODIFIED` datetime DEFAULT NULL,
  `UPDT_ID` varchar(60) COLLATE utf8mb3_unicode_ci DEFAULT NULL,
  `DESCRIPTION` longtext COLLATE utf8mb3_unicode_ci,
  `NAME` varchar(120) COLLATE utf8mb3_unicode_ci NOT NULL,
  `TITLE` varchar(100) COLLATE utf8mb3_unicode_ci DEFAULT NULL,
  `ALT_TAG` varchar(100) COLLATE utf8mb3_unicode_ci DEFAULT NULL,
  `LANGUAGE_ID` int NOT NULL,
  `PRODUCT_ID` bigint NOT NULL,
  `PRODUCT_VAR_IMAGE_ID` bigint NOT NULL,
  PRIMARY KEY (`DESCRIPTION_ID`),
  UNIQUE KEY `UKimi0kpikvll5gf63n36x3yrwt` (`PRODUCT_VAR_IMAGE_ID`,`LANGUAGE_ID`),
  KEY `FKinpkcxbxyg8yni5ftcvjlt1sp` (`LANGUAGE_ID`),
  KEY `FKibpkivbdn6wqe92gb40l5hffl` (`PRODUCT_ID`),
  CONSTRAINT `FKibpkivbdn6wqe92gb40l5hffl` FOREIGN KEY (`PRODUCT_ID`) REFERENCES `product` (`PRODUCT_ID`),
  CONSTRAINT `FKinpkcxbxyg8yni5ftcvjlt1sp` FOREIGN KEY (`LANGUAGE_ID`) REFERENCES `language` (`LANGUAGE_ID`),
  CONSTRAINT `FKo6dx44u06sx0mlvq15oy2wlnj` FOREIGN KEY (`PRODUCT_VAR_IMAGE_ID`) REFERENCES `product_var_image` (`PRODUCT_VAR_IMAGE_ID`)
) ENGINE=InnoDB DEFAULT CHARSET=utf8mb3 COLLATE=utf8mb3_unicode_ci;
/*!40101 SET character_set_client = @saved_cs_client */;

--
-- Dumping data for table `product_var_image_description`
--

LOCK TABLES `product_var_image_description` WRITE;
/*!40000 ALTER TABLE `product_var_image_description` DISABLE KEYS */;
/*!40000 ALTER TABLE `product_var_image_description` ENABLE KEYS */;
UNLOCK TABLES;

--
-- Table structure for table `product_variant`
--

DROP TABLE IF EXISTS `product_variant`;
/*!40101 SET @saved_cs_client     = @@character_set_client */;
/*!50503 SET character_set_client = utf8mb4 */;
CREATE TABLE `product_variant` (
  `PRODUCT_VARIANT_ID` bigint NOT NULL,
  `DATE_CREATED` datetime DEFAULT NULL,
  `DATE_MODIFIED` datetime DEFAULT NULL,
  `UPDT_ID` varchar(60) COLLATE utf8mb3_unicode_ci DEFAULT NULL,
  `AVAILABLE` bit(1) DEFAULT NULL,
  `CODE` varchar(255) COLLATE utf8mb3_unicode_ci DEFAULT NULL,
  `DATE_AVAILABLE` datetime DEFAULT NULL,
  `DEFAULT_SELECTION` bit(1) DEFAULT NULL,
  `SKU` varchar(255) COLLATE utf8mb3_unicode_ci DEFAULT NULL,
  `SORT_ORDER` int DEFAULT NULL,
  `PRODUCT_ID` bigint NOT NULL,
  `PRODUCT_VARIANT_GROUP_ID` bigint DEFAULT NULL,
  `PRODUCT_VARIATION_ID` bigint DEFAULT NULL,
  `PRODUCT_VARIATION_VALUE_ID` bigint DEFAULT NULL,
  PRIMARY KEY (`PRODUCT_VARIANT_ID`),
  UNIQUE KEY `UKlhuo20v01wa867oa7bjqagv72` (`PRODUCT_ID`,`SKU`),
  KEY `IDX9ngqm1gg8oivkujmhee4wt0ox` (`PRODUCT_ID`),
  KEY `FKs1gvb7qb19cuowmhrhuwo7lcv` (`PRODUCT_VARIANT_GROUP_ID`),
  KEY `FK8nqskhly5tfk07g0padic9am9` (`PRODUCT_VARIATION_ID`),
  KEY `FKsa5ijtdrt6dge0op121ox56a0` (`PRODUCT_VARIATION_VALUE_ID`),
  CONSTRAINT `FK88qb5xufd31481gt7epc8scau` FOREIGN KEY (`PRODUCT_ID`) REFERENCES `product` (`PRODUCT_ID`),
  CONSTRAINT `FK8nqskhly5tfk07g0padic9am9` FOREIGN KEY (`PRODUCT_VARIATION_ID`) REFERENCES `product_variation` (`PRODUCT_VARIATION_ID`),
  CONSTRAINT `FKs1gvb7qb19cuowmhrhuwo7lcv` FOREIGN KEY (`PRODUCT_VARIANT_GROUP_ID`) REFERENCES `product_variant_group` (`PRODUCT_VARIANT_GROUP_ID`),
  CONSTRAINT `FKsa5ijtdrt6dge0op121ox56a0` FOREIGN KEY (`PRODUCT_VARIATION_VALUE_ID`) REFERENCES `product_variation` (`PRODUCT_VARIATION_ID`)
) ENGINE=InnoDB DEFAULT CHARSET=utf8mb3 COLLATE=utf8mb3_unicode_ci;
/*!40101 SET character_set_client = @saved_cs_client */;

--
-- Dumping data for table `product_variant`
--

LOCK TABLES `product_variant` WRITE;
/*!40000 ALTER TABLE `product_variant` DISABLE KEYS */;
/*!40000 ALTER TABLE `product_variant` ENABLE KEYS */;
UNLOCK TABLES;

--
-- Table structure for table `product_variant_group`
--

DROP TABLE IF EXISTS `product_variant_group`;
/*!40101 SET @saved_cs_client     = @@character_set_client */;
/*!50503 SET character_set_client = utf8mb4 */;
CREATE TABLE `product_variant_group` (
  `PRODUCT_VARIANT_GROUP_ID` bigint NOT NULL,
  `MERCHANT_ID` int NOT NULL,
  PRIMARY KEY (`PRODUCT_VARIANT_GROUP_ID`),
  KEY `FKqkn1or09hw4s03b8n1kdwhcsr` (`MERCHANT_ID`),
  CONSTRAINT `FKqkn1or09hw4s03b8n1kdwhcsr` FOREIGN KEY (`MERCHANT_ID`) REFERENCES `merchant_store` (`MERCHANT_ID`)
) ENGINE=InnoDB DEFAULT CHARSET=utf8mb3 COLLATE=utf8mb3_unicode_ci;
/*!40101 SET character_set_client = @saved_cs_client */;

--
-- Dumping data for table `product_variant_group`
--

LOCK TABLES `product_variant_group` WRITE;
/*!40000 ALTER TABLE `product_variant_group` DISABLE KEYS */;
/*!40000 ALTER TABLE `product_variant_group` ENABLE KEYS */;
UNLOCK TABLES;

--
-- Table structure for table `product_variation`
--

DROP TABLE IF EXISTS `product_variation`;
/*!40101 SET @saved_cs_client     = @@character_set_client */;
/*!50503 SET character_set_client = utf8mb4 */;
CREATE TABLE `product_variation` (
  `PRODUCT_VARIATION_ID` bigint NOT NULL,
  `DATE_CREATED` datetime DEFAULT NULL,
  `DATE_MODIFIED` datetime DEFAULT NULL,
  `UPDT_ID` varchar(60) COLLATE utf8mb3_unicode_ci DEFAULT NULL,
  `CODE` varchar(100) COLLATE utf8mb3_unicode_ci NOT NULL,
  `SORT_ORDER` int DEFAULT NULL,
  `VARIANT_DEFAULT` bit(1) DEFAULT NULL,
  `MERCHANT_ID` int NOT NULL,
  `PRODUCT_OPTION_ID` bigint NOT NULL,
  `OPTION_VALUE_ID` bigint NOT NULL,
  PRIMARY KEY (`PRODUCT_VARIATION_ID`),
  UNIQUE KEY `UKi8sa74fv4io0sigmgvqxypp0d` (`MERCHANT_ID`,`PRODUCT_OPTION_ID`,`OPTION_VALUE_ID`),
  KEY `FK5jr2rc6t2p27nwdo5eqwa7658` (`PRODUCT_OPTION_ID`),
  KEY `FKy6gamyvrpds502pdcqq4voyg` (`OPTION_VALUE_ID`),
  CONSTRAINT `FK5jr2rc6t2p27nwdo5eqwa7658` FOREIGN KEY (`PRODUCT_OPTION_ID`) REFERENCES `product_option` (`PRODUCT_OPTION_ID`),
  CONSTRAINT `FKqlm3c2178neue84l5kx51ovoq` FOREIGN KEY (`MERCHANT_ID`) REFERENCES `merchant_store` (`MERCHANT_ID`),
  CONSTRAINT `FKy6gamyvrpds502pdcqq4voyg` FOREIGN KEY (`OPTION_VALUE_ID`) REFERENCES `product_option_value` (`PRODUCT_OPTION_VALUE_ID`)
) ENGINE=InnoDB DEFAULT CHARSET=utf8mb3 COLLATE=utf8mb3_unicode_ci;
/*!40101 SET character_set_client = @saved_cs_client */;

--
-- Dumping data for table `product_variation`
--

LOCK TABLES `product_variation` WRITE;
/*!40000 ALTER TABLE `product_variation` DISABLE KEYS */;
/*!40000 ALTER TABLE `product_variation` ENABLE KEYS */;
UNLOCK TABLES;

--
-- Table structure for table `profile`
--

DROP TABLE IF EXISTS `profile`;
/*!40101 SET @saved_cs_client     = @@character_set_client */;
/*!50503 SET character_set_client = utf8mb4 */;
CREATE TABLE `profile` (
  `ID` bigint NOT NULL AUTO_INCREMENT,
  `AVATAR` longblob,
  `goal` text COLLATE utf8mb3_unicode_ci,
  `introduce` text COLLATE utf8mb3_unicode_ci,
  `YEAR_OF_BIRTH` varchar(255) COLLATE utf8mb3_unicode_ci DEFAULT NULL,
  `PRODUCT_TYPE_ID` bigint DEFAULT NULL,
  `ID_FORM_WORK` bigint DEFAULT NULL,
  `CUSTOMER_ID` bigint NOT NULL,
  `ENGLISH_LEVEL_ID` bigint NOT NULL,
  `EXPERIENCE_ID` bigint DEFAULT NULL,
  `PAY_CYCLE_ID` bigint DEFAULT NULL,
  PRIMARY KEY (`ID`),
  UNIQUE KEY `UK_s7lmtmwhag7mmonvrtf0u09jr` (`CUSTOMER_ID`),
  KEY `FKtnfmgixikk2kthg3cjb3qbrr7` (`PRODUCT_TYPE_ID`),
  KEY `FK77h1pcx2raxmhol2kctl9hl7q` (`ID_FORM_WORK`),
  KEY `FKgliiak8ymnujw4kfho0okk7yy` (`ENGLISH_LEVEL_ID`),
  KEY `FKjihm3u22rdmjfworlmov6o3v0` (`EXPERIENCE_ID`),
  KEY `FK27f2w23bw1ii9yuujrf3dvs4t` (`PAY_CYCLE_ID`),
  CONSTRAINT `FK27f2w23bw1ii9yuujrf3dvs4t` FOREIGN KEY (`PAY_CYCLE_ID`) REFERENCES `pay_cycle_description` (`ID_PAY_CIRCLE`),
  CONSTRAINT `FK77h1pcx2raxmhol2kctl9hl7q` FOREIGN KEY (`ID_FORM_WORK`) REFERENCES `category` (`CATEGORY_ID`),
  CONSTRAINT `FKcwb067710din9s7q7d7l8qm3t` FOREIGN KEY (`CUSTOMER_ID`) REFERENCES `customer` (`CUSTOMER_ID`),
  CONSTRAINT `FKgliiak8ymnujw4kfho0okk7yy` FOREIGN KEY (`ENGLISH_LEVEL_ID`) REFERENCES `english_level` (`ID`),
  CONSTRAINT `FKjihm3u22rdmjfworlmov6o3v0` FOREIGN KEY (`EXPERIENCE_ID`) REFERENCES `experience_description` (`ID_EXPERIENCE`),
  CONSTRAINT `FKtnfmgixikk2kthg3cjb3qbrr7` FOREIGN KEY (`PRODUCT_TYPE_ID`) REFERENCES `product_type` (`PRODUCT_TYPE_ID`)
) ENGINE=InnoDB AUTO_INCREMENT=4 DEFAULT CHARSET=utf8mb3 COLLATE=utf8mb3_unicode_ci;
/*!40101 SET character_set_client = @saved_cs_client */;

--
-- Dumping data for table `profile`
--

LOCK TABLES `profile` WRITE;
/*!40000 ALTER TABLE `profile` DISABLE KEYS */;
INSERT INTO `profile` VALUES (3,_binary '\\\0JFIF\0\0\0\0\0\0\\ICC_PROFILE\0\0\0\lcms\0\0mntrRGB XYZ \\0\0\0	\0\0acspMSFT\0\0\0\0sawsctrl\0\0\0\0\0\0\0\0\0\0\0\0\0\0\\0\0\0\0\0\-hand\0=@=@t,\"\0\0\0\0\0\0\0\0\0\0\0\0\0\0\0\0\0\0\0\0\0\0\0\0\0\0\0\0\0\0\0	desc\0\0\0\0\0\0_cprt\0\0\0\0\0wtpt\0\0\0\0\0rXYZ\0\0,\0\0\0gXYZ\0\0@\0\0\0bXYZ\0\0T\0\0\0rTRC\0\0h\0\0\0`gTRC\0\0h\0\0\0`bTRC\0\0h\0\0\0`desc\0\0\0\0\0\0\0uRGB\0\0\0\0\0\0\0\0\0\0\0\0text\0\0\0\0CC0\0XYZ \0\0\0\0\0\0T\0\0\0\0\XYZ \0\0\0\0\0\0o\0\08\0\0XYZ \0\0\0\0\0\0b\0\0\0\0\XYZ \0\0\0\0\0\0$\0\0\0\0\curv\0\0\0\0\0\0\0*\0\0\0|\0u\N\nb\j. C$)j.~3\9?\FWM6Tv\\dluV~,6۾\\\e\w\\0C\0		\Z\Z&\"\"&0-0>>T\\0C		\Z\Z&\"\"&0-0>>T\0\0\"\0\\0\0\0\0\0\0\0\0\0\0\0	\n\\0\0\0\0}\0!1AQa\"q2#BR\$3br	\n\Z%&\'()*456789:CDEFGHIJSTUVWXYZcdefghijstuvwxyz\\\\\\\\\\\\\\\\\\\\\\\\\\\\\\0\0\0\0\0\0\0\0	\n\\0\0\0w\0!1AQaq\"2B	#3Rbr\\n$4\%\Z&\'()*56789:CDEFGHIJSTUVWXYZcdefghijstuvwxyz\\\\\\\\\\\\\\\\\\\\\\\\\\\\\0\0\0?\0\p)q&1ƅ9lvtw\\\6}iG8\@\y\*k6\\jR\T\\ҁ\y&I\\9\\u6H\4ᴶ\I\Ӝ\\38ݓ\0}\Z\-ITcPz\"\\A\kzɝ^\\ZL;U\+U*\P\r]#s⺩u׌dG۟`+ە\=Z\\\Y\~Y\vu\_]-(.\b\\^\6H\؜SEB@zTJG\0Q\&9c\I\sJO\O\r\Z&)	c8\ɧF*\\Z!O\0qƤX9\R285!i\mޣ*LJbʜ#9\\\6-?\\8Qqw \T\r\:T^\4z=\+y\<G\oLUѣ\\1B>RipSlݩ8\\zƑU\"r##CR\s\ϥX\Pԛyr\([?)\qR ՐZU\ԁLX\\<sS?\'z\\()Dj\"z~И\'n\\O\"\Hc\0I\&\\*\Rx朩zb\Q 8ZyP21\zTc\(\9\\rI*\\\nxpޑ\\%@OZM#VJ4m\9\J&r)Ȅuy9ɧ\+D@*B02:Ԡ`\\ɥr\\Zw\.\R@Fh\#EKf̾G\LW\\V|~8V#\\I\R\*(U\\ɧ_\OPsS\v\>w1V`E8(\((k~HBi\OqvK\oi\iʽr*YE!\Pc994y<`⡢2\]\0\\0R\\\6D@\B0sSmj \$\,d\Z\ّNqӥDP5\'<`R\nxAց(\Gju<4\0\R\L;\	\8p],ܜZӞ?0 \Ph\<\rF4cP\\\`ˏ\jV\fl\I\QyRfi\\t#K+\\±\\\t\X]~g\"֏p9\)y\å\0\8\\;\G\ҨUC6`py\O\#u#LRv\\\mPW9ͽ~\\'<75\y\\ӊO\0ǗP.treҭ\Z\\xr|{Z\\ϕU+9\}x\lԵڏ<})>\rN޴\\\ZFoq\\\?\\JmnzG^9\\}\R,m9P-\\Gک\sFi|\9\u0\\00z$>NsLc09Ȩ\)Xw1\Z\\\\h:8\դD \Et\"ܜ\[f\\\\<\<NOs]A\?\b E(\]Oِ\yG?J_\Ps\$\\Ulc\\Z\Ͳ)\#Its\\\r)$Hr\utmg8ϥ4\MSB0뒡K\0g\"?(imn2\\\"c!\AI\'HKS[\oqjO\\\#ZK\MXw|öS\8~9\EYKX\g\'b\1$i$#4\\.|bcЛH2q=9\泹n\0؀\\>Y\Z\\è=k_쐓\gڏ\:5&8T{C/%:T\ZR\\Ι!i9\rQ=lO\)XwZ#_\&\\yw<V|}KO \4%(g\\~\\.~95\\\MKU@wfq4R4\\ff\F\/\\5uU\"ւLt\;\e*\s\}\f\r\y3LFI\]+iNC/\U9tD\\ᅯ\jq{+\Ici4ddS\5i\*\j_\\\;ܞ)uegs\#\0\'5\XghQ\̟\^	}լuvQ\\L \P\r5\"X8#51y-\\\'\*KЪ\n3Ht\9⥂\L\\Zږ&\r181qӟ\Q\0g\\[5t\rb.\\s2\>\\D1\Xl\,\\\r\r۽Z	[0\ V~\h-Pm\{l\ \\r\E.\kV;{u\!a\n~t\\?+2\&x\G>ܓMKCq\h\2r{Yw+j]\˻|\\H\H(02օOx<\CJ$x\\95\I;E9=\r*Z3~\Q\jSc\sR3P\*\qRjL\H.CsVUZ\nDi8Jm!\ +K?A\\y8`i\c5 DFhw~	5Z\TNN=\]s\4\5.cg\ZH2j)9\'.	\c\c;\rl㊽EFTӓB@ʄڗoXۃ`\\r\\n\3ڤ~OZ\\\G\UT8 	dEW\y\Gn\c\z\Zz6\u4zԃ\zbI\\"\\:ӔA	\0>¥Tn\\uEr#8:S;*԰ NP8@\bh\\PTdTE	L\:Sq؃ڎMJPc>&?:Ab\"31J8PZ\c\rSipx\f\Dm\s<\px\K-\Fsn{Rds\ڢ\n\\U\\9+@_=Oj\0\:\T\TR6x=A-:*`v\\ \8\9qX)ariCt\<\4\D\njr\K\n\\)b \ϰr\/<‱\1R1\N)8<\+z8\\?BH\(\\r\\09>\ c\@A<_S\0\G \\e#\nrE8*:8۞r\0\R0*\\r=GB\0\\ښ$d\LTH\K\ҝ\hA\\\8	\?i\_RTcd\j\I\ M\n\v\R	}\\r\I5\0zW\\s)=@ϯO<goӭ0#r\\SN\ve9\'148!85\\\x\+\Qyaq@\\0\@ \\p\NMFr`Re[\΢<n$rA=i$fU?Z$\0&\rs\R@XpA\\\0{Y9lå[YShݒJ<FJ\r\n\\\GL>P@\tWX\-L\F\c\\'DE\jv~<\\\\FJ\0\ּɨ6N\b>\ҽ^6-{\ނl؃ߟj;U(sqzb0:\=\TsH\?HĀgv5Q~1XPl\ۊԀgw-;\ăv9\Jvr){!\lb4\>P\+\\A\;l\#iHǥc{\0i:Oe8\\Qv\\0\5 D03ӊ(,cWީ\\0H\G4\\O>\'\o\\>0+w\hd\EL5/]E+\H\f~\5\;gHB.q\>fXN>Tbs\*K|,j5\\"\\OL \+\\?i\M6L<˙_Տ&`q֥i3f\\nzE\w\FjUN\\0e\޵L\ͤt\ޓn@\Z\ssL\v\U&f\"\p1ެ\0\t\65+ڬc\0w\$4)\Z\Z)\'<\ BMJc\\ǩ4\\$\\F\Ҥx\^6u9>\\H	\H\\\I\M\GԸ\\S<.Kg=(\AzgV\0ǭMЂO\\'Qq\C*3\\8)\0\E;kZ#4\\|1N@J\R74R\0R\HrNsO\ݱSh\'*nRԊ=zS\\\\"\H\`v\F(#j|dsڐ\PRRNE(\\\Mڜ#\D#;jULTу\K)!q\nR\\\\\\@\\r8/(8\M.Τ\ =q\i;TiFx9\v \L\\O\n\r8\>\!:|x^\0O*I\4RD-֟*O,g8\'\ړe$FR\ҧT(\\\\T\v\"\0Ӯi@5&̜TL\Z.2sN(x8\S9\G9ZWQ\Q֤Q\\\\ԅ3\pL\\pCUpN>\b`R(=;T\\rG0#E?o96\Zv\cԔ `֝\8@\zb	@/)J\Z/QFZ\" t\n}*}zz\L\Zfm\fZL\i\"0){UOΛv\\pEX`~R \NR\\MsڋW\GJPj\,c9Xg\5jjLiam\Z\\Ze1\(+k\-gq<\s13 \G!x$Ѭ\BV^:PɌqO\\\GG\\PbO0+e\\8\)2\\ÓIa)#Ѭ\\^c\\n]{S\}\\%ݘM\\y+\O\\\\[EH\\\\gݜlW\\A\\WA1\=mO\\"<?}\\n\(,qR8\\\O9Ձ*\0G\0-tSv\4vs\\Zo_(T2kM\0\0\OBS\bugݜ#:o,#o\؈\Y\\QvADY9/E깥\pG|\'\R\}h\\\ݜSJN<a\"\B+m\0$qZ]ʋI:iͽ\\\',J\\cѐ\Z\ΰ#&5\\.z\T\r\\\n\1U\[2\\\#\C ǈ\\9j.盟AӦ*\\v zWB\;8\>\ɨukyF\\\\WV\\lV\cn1\kԢ\mI\0\[{T{\\A\\|/\(\^E0|6F0+\`\rb}jY5=N VI\\+6oڽ\]GM\'<U_\=).){\<\\m{Wѩ&ˍ°)lC&V\Nn+I@ Y\#5\PmH5\g^\y\' E9\0M\\޽&zSsdfs\\0\Uv$۲Q\\kS<dpAB2\u潑v\\n¡c\\7-\\\56\\\s^\\\\<T:UN*\'\Z\b9\+\R}	\n^\<ơ\0GP%\qo{V/H\mL})\pU{\\0S\Q\G\\\\ZK\hz(\Z\H\=Hʷ\׎\t։\kzs_@\X4\aԺ}gM:E}1Ht\p\sE}0\\1?J^\>\|\\qL:}1\П`\k\ٶ\s\J=\|\l/H\/\.,W\\K\0K\\J*˓\/\K\rb|\r\\\6_Dc\\& *\l\G:\"ۿs\RsM\Z`	I&\Oc#Me\NНt\,GV*b\\Y6qBW<}*\;g4X\!Q>1P9`rhhi.1\\{\(@\i0MN\:\dP,90\F\ @r3Y\rr\\\rj2m4歴)yy\j\R\0~\F\dQb \\\֥@:\\1֒n\0DGjƫ3gvQ\>9)56\[j&\9\HNG4сA,]\nڡ=\Se\0\&Ty~`.Sr5F]\0\8ssR1R\Ԥ?\n\0\dgh\\0rziQy<\nn\G׵ +rGXc֔^qP<\6S`ی\1m#\0Ѱ!\\i\\Ke$@FM.\΂8⥲Dj1N FcHi\0SH\&4x\K)!\3IRF9\OZ78¥>\\PKC0\R\{\8\GQ\\ƚTcw\\ԙ\Kӊ\B).sO3\cJ\\Z\%@4\*8=\0N?\n	\繦zT\\ҙ\EsN={Sqɠ\'A\@\Z~8<g`@\N\FA<ɤ\)ݰ\\nir91L\\GcS\r9\J\؃S8\r+/X!X\0\S08㠢\eav\=I\Z\p\\\.}M5yc=\%\nǶ=\\c\S;SdgSǵ\O`v#&:q@]\\Oj.MkF[\\i덧ޜ\`\\rzz\M\\c?>\BX0#\0#߿4\AN1@  j\pt\1\\\\\{w~OnhdTRl\\r\zS\\\Pc\\$T\O=r͸\I\G;@ݒx5HE#[\>\UӾUTj\0\rD\$ܤ\\k\Z\\+\\"\\0\\n49\0+)yX\0}KZ\j\^Fk\\`};b\J>Etbz\q\z`\\rq^N2>>)\\vn\\h8\:V5ծXx5\4{hc\'4\0g?qH:f\\'*K<\ZӶ~x޲ 3Cж\\h5	\8\G4Ϙ\|ǊNT\08RD\3\\1?\JG\IZc\r\\K\4\\W\Ƣ\riZH85B\0=}^brx<\n\\&=\\\j&\`G\ڭޱu.rVw#OU\em\\0\t硯5\/=\\ˌ\#\ײ\P(`A\x\\\+Y{iP9{œ?x\錚\1\Z\xt]\0\,$oV\)raj\3\\v\ҮS\pj!\ԑV\\\}L^\S܋o{)\W8玕aWf\+T\Zs\ɩ\rJ1ӝBG^h#3V\\JT\0#\`l\\=)\\v\jD@7\52\"_\\J8\\ܻ\r\Xu==\\\\S\6\Lqq\Ab\uSJ\0\\IfV\"\)v\\q\=G4\"\	\׽+e86\NzWe0#\"\\\\8\\rJF\\\\\\@BWޑIc8\;<\J\Xf\0?ʞ\A=L\n\4\b\j`$t\Jj9#\c5:\\nU\\g?`_CH*{\84\\\gjb<`擒HX\8\()\ZW\n`h\XSXw\l$ԁGB\rJ\03Tc\+\`1<s@_\Z\\F\\:RN=Q\6p9\J\\"E\H&E\Jq\0~7)\"\r\NT\|r*9br\\S@G\\\'Wmҗo \#\N\#\"\0Tލ\ \0wnqޟsҋާv\w)\\`F\0銛8\{\O\J\!@\\\\3N\\w\ƅ\3K\\'R\\\0K#@`F	T(\\PBR\0E\n:\Bi\0\\*N\-\CPӇ ┌\\VTR\R\\\0#gn>HM4!}ii\sȥ\n3֝hQQsSy0{Qt]\\Ҧ\7^\"\n8\!OjiJZe.*LPGb1\=z\\>5\i\9\S\u=*nRE]l8\>\rG.\3VJ\JQ\+K)C\\B@4\\1L#4\Z$A\\r@8\OQާ|\lT_Sx\x_5\=^hbj~<Qi֙\kY\W>g8\\h7ߕt>~&<\'sO\k\Zw%z\p[.k.b^MEzxjPrqH\\FrnOD@4\9o7v<ח\\uw \0a[v\Z_$y/\*N\#\ds\wy@\">3%;U\H>Fk\2\ؐc?J\9\.[%hc`\\\\u_\\3\za񴃍uzrL*x5\&\Z_d\\8=\H\0\,\GN3J|kPs^jywW\Yϡ?n\\';[(P\+xt79\3Wi.v\{N\b\\Ov\\\\Ԇ6ɩQ/+4D\"#A*lciFMG8\"\0	HsSs\((:SsVsӥ11\K)2MWu=j\\\JhR5cf@i\nv\\zSpV\9㊛r-J\\4l\q/(R}\X:MKt\0a:M{th¼rj<5.z晌T4O#\\J\0\~co4`Qq<u\)v\\\^\9\ +m40\mFNO\"\idv9-\F24ݧ5;v縥rj\"3VJ\l=h9\&9iUG5#qF6\ c\Z6`\h\\0\咆\'5^0\mzv\\E\e\'uF\\r\\uZx4\4Uq3ғ\0\֧aJ\\0qLW<b\\W\0g9Ozg>\\\@scΚE D`dҨ$TcʓqޤcH\IӇ9\=\Î)\\{\rz\\<v\TBpw=\M`OX \4\u>\\q\Ӛ!\\h\8ϥK21M#jb*2?Z1F\R\ ю\n͚m\\֎F*l֓\Rʱ]H8ǮjVP{ЫzT\vA\`56ܑJF{TvЊ\n\ \y\\r\})\\~rF9$V\*Lz<.+@\\K\\9jd^\m◞\P1\ڀ\~\\04dڀ! \rj~	\i6\4\n\rzAMl\\"\\ZqS\r\x<\rd\\0)=6U\a==i\nsq\}i\u ʹ|#)\X<\Wz09\\ h2XHNOsҧ ?\0*\c\5Ib-]I\qk]chz\a\Hv\\O\L\\oPq\QI zӻ\"G\s&6\?\A\r\rc\0@\P(^\նA늛\ZY\$\S㰫r c\\0#N##h#{\L\'$#\\\~>C8\ &4RmΤ}\\0:H\@\J@\'c~lu\N;ӡT\g8=7\0Z\\\zvYF231Qv\\jb`;\P\\\T2~G<\TM\p\\S\\\\Q\\8C-\{Hy\޽Ac^gWR2ry\s^\F݊)3g\\\^o\0\Uqƶ=\rl\'b+\{Ds`t\i\w\ӕ;h\\\\\85n>`+86&^\\\ϯҚ4\g\0gɦ{\\y\I$C~=,1ړ\0AAS\\Z\1\jv\¥p\n\\np0q\\\\\\\G@D\\\\\[Î{v\v-?y\\+\\;FrujA\W<_¨L0\-{>%T\z\\oA\#5\:89bq\\vTMD\\nw/1H\\$\N;\g^C\B\#\!\k/Wy\p<%\\Hl(\n22>Rq\\``	\\}\">\ƀ \\1\E!\0c\"\00Yq۵YٹT\\Q7\@{U\\\B\Z\ aެ,l9<\ZH=\\"#\0*@6@\R/\'{L! {\\8\ڞ8\9\R\B:4Ni\ri\N\X֌ס>n1GJ&OR㞴\5 _o$7\\>i2\0\\\>Rx4\\Zs(\I7=)\):\\814T\wR\r\Zzf\nk2*AΣh\Zi	jQ\J*\DEO`iUI9(dS\`MCe*\\:\\N=\\Ԁ\}\県Ct\\\\\P!vu\i\A\``--;~#\xiv1Rm\N\?JM\\E<F=i\\0\EV(^2\rINh\\Ԍ`Pi@\SR\zU\Ri\s8CWP3wA\O\ZWiا2h\=:\n\ZG)\\.)\'4y\ځ\\\`\0$KN\)ރP>\1Ҁ\n>)\\'lөv椱ާ0zRu1@\\{\O;H\\rIC6RR\!1X`\ I@\RPP`\b+\px犌\\ZhDsi@ʎiG\UZa<\*)Di\n)\11XæjZ\#sҫsR\5%\r \IN\'4\`Ԁ{\0\05D\hS\4\"\H}{\7Ju9\"\䉎2qYu3֮\\޳\"c\<}%e\\z\}ZE#)^󑛩\!{\\rR\A\\\|[!X\,\Z\\Ru}vwlgUXɫ\m$t~\ZіYT\J\b!\\\,%@WD\\A\\*\-S[\"R1V%r\E#(#j%>s\r٤|\\IF\\!\bA4o\N\\\\ZK_<Kj\1\=k\˱աUE\\fk\\\:Rb	64m\.EU8\\\\b\\r\ĝ\q_]J~Ғs\dG\>41\f|WjS\c\\\ ۢ@T\\\Jv8\|-\Q\0yGC\0\n3\>с\D\;ԡk$C\T}\MʍȈL\\\KޚVA\4\n8	K<\[v4M\R(f4G<4ݤ6-2>SH[<SJ#\")!\\\n~ږRerRl\0dLTr6\ؠ\\CM \Rb\J␯~\1\\\+\1RL\x4n)\7\)\)\0r)\\,[$iǚ1Cab,u\CO8\7H5t\j,8\*s\\X\C\0\Z\\0Fp)v\`y5E\!\0Rm\&\\ZCE\l\SUg֫O2B\yl8͞GqQyӵ	\Liϥ2Id\{T\r\I5${\&W9,q׵;i\Ԅ3Mn!\{q<i<c$iqߵ9x\qIFi@\^4\06\0\/\0*Jp1\M\\4\ъ\0n\\q\\w4\9\N\\M\\r\\K\Z{u\569b(RsN\q\\"e v\%O\\TAɤn	\\\C,a\rT{3\R\nH;esMɧ\&\ۧ&\\O \RS\Rc\0<\Z0*Za\@sOj^{\I\?JB\\\03\SriO8c={\pJ8\I\8o\oL\nCO~i\\\֗}\#dcO)Ł!΂03Rc8t\\\V#\\c#8\\!\=\9F;Sp\\?=Jc\0\\h␌\T\3\A \PKDC\ϵ7\SqOCIc4I{\8<qRlr3Ы\EQ,\;j\04\Q\\[\a\AD\';\>\N\A\\"\'`q\!\g\⟳,1\\qB&\\:S\a1O ϓAMb\i9\&\	\L@\\'5\\#\i\nA\$f0p\0\\j$jN99\ebA\ީ-~8&\fQ\\\J\\3QF7F\cC[pW\\\-\~UH=y5\\.\\q7W-{3\\ejw8\\خqV,HA\kj&\\W-Ϩ[w`\׭4y}\H\fZ=*\\\t2Wp\1V\l)5\z{M)@3\MG	lcԣ\ڨ\TSs\<w\4\'\5 Pz\\-*לSi0N:S0\N\)A^q\A\Wx\\[\[>k\$וx\E\2O˖>\n\\;AXuy.\Bz#+\2S9\w\G[.\uF@9\GYUF̋\n\Z\s\0\\r\\g#\־\ӏ\\5y\\oU\>?\'j]\cZ$\wyd\\^GƱ\g\\5)B\\TaH\}*\`2dU$\0FNs*1:g<Avdv4\0=8jrI5cCw\0h<\\Jq\\fq\N\ ǭe\0x9#\8PA\#s\\\94\3ɩ,Lr)\֔\'\iQ\&O.x\vP\\4{\n~KaJI# P\ҕX@\E(\0\ZU\w\\;SH{S{\Za\x\\\m\4(\\0\8\0qMs\(#<\6Z<r;S 89\4-\1Ҥ@ڔ-*rjw;I\)p\E5[\'\&b\\RP\\6(\\0{@sK\Mt\&P\S-j\<p\\gE.FzsHO9:SWJPH\I`@\\IM?Q\\\0r)ASɤ 4\8\;u{Pq@\\z\X\\qO\F1Ky\xvѸ{\g3TڌS\()!\Ӏ{\cD@\jN(\sN\\⤡\ng-\n\0a ǭ4\\0}\;⟎\f9~sM#\O\1I\ \\*R\.1PrzR@\9\7\A9\\0zlni:\x\\\RD67n8d\n\\fr>iSӈ\)gKIDA\MP\0\sH@=iF(	җ$1I\V\oj\\ю8#B\?⣼`\"v>ڮ[\RԆ @U~5\n\djLC\AG3\N	\i\B($\\\J_#\ܪ|\KTNV\G 7sW\I1ao\\\#W\ٔ\#NI\\\\\@H\kشB+\\ϯ5\XhbP_\]_\X,\\b3\M#<e\=a\:V8\f$B\\3\kSTk\OwG<զ\r\s\^%m\*8K\\6\c-H2_\\\\\`e\U\\޶$EQo5-Y|L{*\[\\\T].\io\b\\\0S\}\\n\WV5\S\?\nEE+f\\U?\r]\Z\cY-hܦ\\\;ןtըC( bA\H\"\\b\\0b{!3#\\HFE&8h李i1\I%0\5.\iZi&zq@\=:\N#4\\\AHf\i:\n~r8\\n\03\5#Jy\;R#Q\r3\!\;S\\\0u4;e \9\*Jn\r&\k8p)\" #RԘ\c24\4\A^z\*0\&4Fz\0y cP3\.*KL\5#TMd\2\\\\qR1b\09\\ZkgJ)\" \\T\dL\4O\\H\\\\0h\\M\V_ibEB\\\"$\Z)\S<\@7*Bluxj<LLi@\ӾHI\41M#67$\M\!#\(\isRa\ޔJT2czQޟ\\@ƕ5lT\\S\B\" zgڏO\")aIqF84i\nHcwem\0y\P\Cy S\\N*i\\\UxS?7o\\f\D]\I\A략6)\npG$\rsM=*R\x\9\LHp;Q\\\敐\\`3i\8oSy\ \;sH8P=\r&9\iq\\x&2.R*asiB0($nN9\s\ڔ{R@\r\s\A\K\0h\\l鞴7#jC\\qMٜ֐\r\`t\\<G\'\nP;\r\=3\|Ԁ\?JN=E\qsQFp*SȤu\n\;n\)\06F\3KϧJavs\GYi\n\ˊhHcڽ\rS\n9D40d74C\0:ӈ\\zSpG\T@Hs\>S3R\=\"s*I\"|\\~+\Nh@\y\?g!X&0\0\\4s\v\'\0\Қ\})\98\}Zy<pp\3h9=9r)}zt\$u8\֧b<Tc\r\Ug?\i2d\q\\\r\rU\'s\$b0\n.x\'\)N\<c8\V$nTe^VW@A\\XsC`VH#Oj\|= {zvlc\0\J\\\nG<\\zl\ZN=c؃\VD<lI\^4>\Z	&8\'b\²4Ev\0F\0jx9\\\>,$`PiD\Ay\'k\V\'\Ւ\oX\p}\U0;&r})\6z\NiXb	\B85/~Gjk\r\bb>^גKkv\!#$I\^\q\kȵB\\.APp}\k`U\\KM\\n!9\0NR Rp+\nSlAji\0ROA\_9_H&O\\\}M}\\Y\IlBO\_;S#?bO&)\\)\J>%\ޣPp\n2OQG=\{>X&G:R\@HS֓8\nO-\;6=2j\Q\"\r\\\\0\nHcPq\4\'<\޵!\'<)\v;\0g@9\\X98\Ȧ\\0q1\R\\Ҹ\4i\\HӑUU\\i}I/\0}W#\\*PH\ \\0{Tr)B\ti\qI\)1I=\\\NjE1d|nH\OU\=)\\2($68\.\\i\r\@\\9@l\>=qSq3\#($\HFdi\\R\\r \=zԠb5M8\K\KcE$x\S@\\P;\r\\\֤\i9V?ZA<\np5#Hi8<S\\\R\s@\\pjA\N\KI\1\\0\\ڢ3)\S)G\nF@\*\N\0Z\x{Sӗq\?\n3N\4d7T`Rx\+\qҗ1ޞi\yb<uiy@C!\sҔ.1\JhњLTs1L\(\zPR\\\(\J<SޗCCq\()Hzaj\\K$F1ךd2	6*l9<r(:\8\\\JR	+\nd)sGz\rP\nM0ө1M\SsR\\0\o!\)\(=E;)qN\a&N\g(((a\N\0bn3@\0\Zi=\4pqA\"\0qJ2q@*&ժoYZ\U8Cտb\\Z\D\tۣ\\t\\Ew:*釛\>gF\\?3\GF޹㨮@!/dW\bSK+>3\\R\h\vk:\04yAzo\<x\|il\?q٫eJb6ķ\\\+*\\\_\\\M\\zGl$\\\z\\5\{\c~<\7lrm4)sn\\纇\\nr\H\\+\&Fqz\\\r˜5w<h\Ŵ2\\\0\3u\\Z\&@@aǭzȊr\KH\\'5t߾\߱\~,--w^mo:X\;jpr~po\o6if5R+ٌc)qW\ˏSU4V\j\\\\\\MެZWh!M3,/֢ݞ\a\i9i5fdGy4\I*JLzX\h4\D8*mZB1@\NE7TqA)Za\n@G6\\Rl<f\3IC\Zzn6\PQ\\4\3L\4\n\\SOZ\0e7z\MAddf\i44\\43(IDt\)\i\0\ÞjNH\LO4\ޥr*\"L\޽))G\7֘G#Ҁ#\4\\~U.	\0ڠ9\<T+C	#Gi\faȠC\n\`\Fi\rRC\\Z0yB\"<ю\O#)@\\0\4)\\ƀ)ʼӱH\T4R\L\z\ȣjl\r2O@)\nӈRD\\\Jy/R(OԸ5\\&R\:Pp=\q\MFjƓȣ\)\\\<\\};\H\\"\=N})MpyHAKӜb9\88PZ\"\I#\\@\"\֘G@jnQ_\8\zs֣a\\0\L\42{\S	l\eh8\>¤\恵\Ґ\ތ\\r8JAמS-G=3ҞpI?u\z4.\9⁎h\v@\#۟5T\\4((onq\3 d!Nz\PB\\R\\c5ys\it8\s\Q39&Fh\\r&*@)\Zy\"c9\*\y#\r\\0E\\r\؞\U#6E\0\\sIFޙ\q)CCv6\J\\sӞ\\c=\Za;z}hђ.{84\\\q\8w\n@1\\	=\\9<P\r\\')J\֞\Iʜ\H\B\J\Y\s\\s\\Y\\7rA\+1jhBv\nMɀ\0\\ZzdQz\lu\"&NG5F\.7t=^d=sPɜ>y\#\-?\C3;2Dĝ٩.\'\Ҩ܀\\\[ZndB\2\Y\r$s׮x\j\\ǨF\0\Y\n\¾قvSllϭk\9Q1ڱ\\0\sֵ\dqϷj\T4$\\c<PP\Ƴf\\\\RC\Gj|\'#2\0`j\Sݐ\l\ӹ,a@\F#څ\\\N8<&7i\0MM\18\2\rDA)\q\\[fu\'n\ZRC\V\\6<W)\*ݒIkX8\\@ɢK}+v_aSAvaB=\l\\\yX\\^\\Y\z3^Au5\i?/zܮ6\y\&+cz  P@9\8T7\0M%G׭z\ϓHN21cp S\|/\<\n?`<\7c\QN\\n@\b\0|\ZV-\{S {fGҞ\e$728\0Ԕ\߽<gO \\"c\i\\=(\rR\rւЛ@4=3ԝ/8\1\*/8 =9(\O#o\Js\H2-9\I\G!$*#9<\9ϡ:bzgZ\\Z\~8?g\"\_N*F8\'8(=\0FqRM!\\qN\E\{ӆ8\$D*3Rx\0~8e\0ʏ`9\&\\"\Z)\r/\I\hE8\08?\@\\4jL\ZB1@\r\=i\c֜9\E.jAiHӱ\ږ\\\\OU=\0\nb\0\nPPy\Phc\ni{\J\^R\ޙ\Re<\Zv\x\`1E\0J4\d\Z+\n\;ԝ(Pm/cJi\@\l\ғmJy\Z\0a\0fd\n\RX\KT\3҆@󞔇\90\\"#4c4\w\\07\5!\M9\\֩\\H	N\\\@)f\\DcIҗc֕\\E;)h\4\0iݩ\$R\zRp`ހ\=iIRmU\ Dc\\ix\)@aIEemv\q\)rE\=|WhWm\\Y\nhwC\1F\Z<ؚk\x\˅A?\iZ\CSs\\5,oiE5c\c>Y?,O\O|\\r6;H\zTVR!XWSg\ZJ\lW\gyzHT%?_\ \_\-(_Rڜ\\DBcֹ~≯%\S\+MBpq`={׈\\Z6}MLl\\\:\cjӃA6k\-\\\H<\\=k\]3O\\s\\̸<I\Z}֝;{vqG@{Ҕcќ\\\\Qs0]ڳ.`\L}o\\!p\xȯ6E\\`s]^bqqVx2x,s\h\՜淨\};;t\\+<\O\1$\[\\Şs\"\\\K*\#RUksIݷ>dʥJhG@)/T\r¾\I/ݘn2j%SHj\"~\\+\j2	*ÊnƝ\\+\T̴\\E\0B:TqIqH\G=i\\AD@t&n)r	Zi\EY\QEXLS)*[\\)\r!\))\-Sph\ZC1I\\"*);Pe )q\Z1R\0*F0a.\M\\'4(ri\\"3L\\\"\C\r{ԅM7!Sq\R\ȩ*\EEF\nq\Q\+b\3iOZqo\\\_1\EY#j<\nƑXc\\'zf`y4%>brqڦ\0E/gڝ\U#\3\r\\"\b\\!\A;\O b\1F\r<FzҁSi8&p)қ$3\\Nw4\0s\R`\nh\{Tف\ITϨy\4bҥ c=IsI#=)HE3\8\0iv\k6Z#3\N\{T=M\iG1\v\#k&RU{\@!z\R\0id\Ve隍Ԓ:T4\20jJ#9\\*=?^qR\i\\h2s\u\oEJ#MoX\jM\@\Lߌ~\)\ߌ\3qRx`ӵ(\ޝ\0\0\	8\=*\\ch\aL\<fg\8\0H⸣1\i\Q\h\й<p#?\VL\\7jeB\Q\HHC۸\'#\\0\\q\\@&ph\&H\'43<\S(%1\O\\PT`\4q\P\#ƐA⑆x\\0}\r4\>jȉ\\=8 r=\9= B\O&(4qgoC\@XB9\'&/^\8\)q1,E\Ҙ\\\qQ$\HH?zh#\瓚x\\\Dsh\AHBr\\5*\3p\\\F>!\\G\L\G\\4\'˜wǦMFLQ=\vzϷP9\2qU\{`qTGQa\0 Ri`}	\\㞵J7t\,LNq\\cS\fw\R/Gx,Zv\1YlI`\hN\\xu7>ҋQ\Z;Rg#0\qŝ\\\n|C/RO$y}\\2p\\'v\0@\re\@r:Vg ƂY\\\r$\ӱ\\i:\}S<1N RJ#QJ\j\2ÊR\\\U\\@z!9\݄Ay\9\"HSK$@덲\'\FyyC\¯tԲȺ\J\Ђ\3i\rv{v\n\1\uS;d\\-Ea\\\^\\Ш;vn?S\\	Rsھ\/\\|\ڞV_0_\\Rq)\[nXO\\\"\\<<!8\L\݈^<\T*\\DʏXE.8\0TJ܏z>L	D\A\\:Ԁc<\ZT\QsR٢C\0GR6\\4\r\r.ӸzE\0(\B\\Rc\1\ Vɩ$\qP+ c4\3w\KzdF\/\+ހriG\rרa\Sx8\hǡ\pzw\\\T9>Hcf0䐦cHR/\0\ni\\OHxB=X\`zbb*pA\4*<pzԎ\j\\*\C(DR@\\JӀ^sӷ\R٩(`\nv9.~\0\ا(\(\0?ҖG4TS\3O\nSJ㰀\3nᑚ\􁐪s\<R\ixC\'\P1cK\\</=h\\3;u\ZR)H\vr)\`\\bH0{SRc)lPPtpi#Hh(i\\3\069$V1R\">\"Eҁ6L.8\i\OJx\\\nr5QO.(qfaG8N47y08\0SvA,h\o4\4\r\r TdS\H\@\\`Ԅg?Jo9J1R8Z1\(PW4\5dr(vqҚTPgM#mJTn\\?Q\Z\n\nRրS6\KS\q]cƬJz烊\niӥ\0B3\<\ƃsTIU=B|ڞz}(\Z[bJn>aSB%Q\	f:)T+\!4)=7(\3\Z\\?\n\\5xqƇ遭x(ɧ*TF\'q_os\\Ze+\R	p\Az\K\\9\Z>%Ӯ\JlיJ(ɫ\D{Y2\CNpMG)>dZtj:u\?\5gN+%v>[\\'|9q %mν\\+{r3_*^\\#\nQ)k\\\0\Fp0H=\ζH\W\\\\\4zQE\\ۅb[xKA;	5J6Ԭ.:u\I\,\c\S^ӡ\\\\\\q\<{O\n$\,\dգC\Mbv\<\[Ӑ=\\0̜\y#h؂9\0k\j5\~iF-և\rR?:\VN8aھ|g\VsR)=\Z\\'&b[DH\0PGZ9D}\>&)cqO42=GZ0;y\E!\4qRSx\NjH4;S\7E\7\"\"SX`SHؠ\BH\\<i0h(i .3җz	#:RO\4\恦4S[ڤ\@ĦpqO\1@\r&Ԡg4皂\z`\\\nLR\SzfdDsF:f\ZL\$ey⍦AL\rC4H\dT\(簩V+\9\YJ\h\nL{TqIB \iA\z@\\4.G.	$S:\={T\\HP+\t\88\6s\\%iMZe\\-Qm\0Vc\})ԧ\rP\rЃ9`Q\0ݜSM;N\y\n\v)\Om\\\00婣HTP\ib {\H\\E\)\LH)R<\9\'\\\P٢\)\\ӿ\Q\-:`\py\8ɥ\͔ʃ\&9\*LRYM!\֞ZCǷID-A\9\q\HFA\)9\\Ke0bq\\4	\\\0q\TI!Ob?W/u\.\\aR\'2j#:s*dsR\u\br\r\r\8w\)\d\D#\0\\j@:(\p	\0Ai\\V`1\(^O9\\)\gZplcyq-\4\1ެ1Pzz\1֋Wb9s\1\ws\\'\;\aK\9U\T_Jb\:\p0iA$B\0\*N\dc=\  \\!\[c)rOO֚\7\&nZF=?1㯽yc\PH\I4\̸8\\0{RocN\h)zPPbO\21E\\G&aT\}E;acMI\H,4\0$ޤ1\n\\n\Lu\pH! 23M\\\nh@9\^ix \OLAp;Q\\\GN\r2ùFi\󚝔0\\\3*0=\\A\rf \0Tg\\W;?w\%^?\Z[\ zu#8P8898\Zz\iw=c\\0qڣ\\Eg7/\,\&\P7w}eV\J\\\\iD\I1U\\*ҜsW9\9\SI}\1\*B?*a#^()GfTonk0\05!OJv!\\0\`ޜ\Zi^\\Y\0\nsG8Px0ɌT@qP\\"q~.%9wr֤xY1+\+B\n\\5\Ww\R4kh˙NGB1];Qr\Zt\OZ\\$\\Z\íǉ{3\i|\XF9\n:W0rz\\\Ku\z\k, #`\_eVMu\\>*#\+\{\V=:n@?\L\hXU\r枫åL\N\1UNOO\\OR3SJ\\5 \qO\0f\=\~!U\n;\0;9zS.\\\\T\ܓJ\ó$tsN6\@f+=Sp\uԮ;\r0y\\\S\ha\ZLH9\\Tzc4!\1\(\Z#\+z\\n\N\A0߅Hn3\0\\',jE\x0\)죁\ڦ\XjI)\\UZTsJ\X\rTNy\fP!Rl\0\0})H)0(\jA\\rJG\0uP=\rw\gڀ\RO\\\\'(ND\=z\ZpR\c&\r?h\9l02zS\@e9!a\CRb;\{GoJ~0( E!S\N>6ZC&G)]\p3Nȥ J&\0\jB9\0\n\0Ld\ZU\zzcKb\.=i\q\NێzP\r\\\Z6T4\;\=G\03ҏ\ӱǽ-\04\c\Ԙ\d=)p\r%\P1\:\SZn1@XiSsҧ=j2D>n­j\0*9,d \<\n:f@\nF\\4CTu\#ӱI\b#:)\n=s\jA\=\zV\\O\4cC\2YF}juS\9\j\r\0Dy\jpP9\恑\w8ch?7&R\R4\?Q#J\ijsF\n\Bd8\\\05(FhrOl\S8\\\Mӧ6ѷtTzi\\\GjI+\\\\x\\Z΍H\J\,\\\UJ\H\?9SȮ\0ܻwR\"\0*0sf昪m\4%+{O)\\VV\zztiΖо7#Lzj\ R\W{R׵\\\7\=+T\w;\N1I#K\n|\01\.\\;M,C<\Z+(\1\\\3^&ڲ>:#mKm\wfB\\l\\6\Ziy6gb܎%ВO\2o\N;\n&+Sۃ\7\qQ\0^A,\n\fƝ\{ǖ^\\*?$09;\<3a\+#I\'}&Sj\\\	Pqӌ׭C6\S鶦Ҿ\&eV+&\\"\n\5̂VQ9\\y\3e9\\dL8<κ5\g)*]\3Ua\1Ԥu♊\Z\\r%;L\i\юjYHx<~0i3T2\\8RF\r\ZC#=\n\F@4f1I\`\\"\M\"#❁\\PXJy\hh\b04ݠT20	\ԝs\S{R\1\Iyc!<fELE3M\"	\\Js\7o\Zm\zԍ\^*YD\K\0z\\87\ZW4¤Uq\57*\P8\8!}4\U`	!4c9A_i*b1ޣ\\0DEG*}\ qGLT7<S\ng56i8\	[ ex\LA\\\9$qVd$ʙ\FsBE.:Ԙ\\r8q!\0M< \4\0.2\".h\0\1\3%Os\		9\HqPx\^:S\$w51Nٞ1L\\\0:Ը^ri\\,c\0ʜz3֔bf!4ݣaҥ*9\\"׊\\\Zw\0I\JNR(\_C(n;\m51^5^cQ\\Ҳe\\N߽Wl\\#\5\n\$@&bl\0p:Rcm\"нP22MDus\\O\]<MZK:NH\^\T˰)\'ԆMMr\\fMrdm\p1&\\=*&\d\\\eT\dW*Ўe\O,pFV\g7\0䃞\E\9vqN\U\\g{SE\#\'\\Ve幇|zf\'+?\BɌqӣ#O#+)\\\\0y{i\\\,qٗĀ=E#L2y-d\NٰscZ\\>?yEƓ,\rNkYH\=1\~\s\B\L\\NH44FqQ\\9	$\9,[\\\*Cuo3\dN+#4xn\o8\SfSӑ޵.`\\\>YR\\G\#=8PʩtLu34\;cǂ#Pp;ƀǵ\Ӻ0\v#\\SR;\\d\#@ҜGʽ\\0\'R݁*Q\֝`M\\\֦\a\'\ڛ[\5)\ң\\\&K\rc\0I\' Q\z\U\ʅl2N\0\n1ޔ޽:B嶜U|\0\'=Ddd/;늈ǽ4@\#˞y\\0\\~jd\r@bBI L\\Ds\|e\3\\Zp\0\?JsC\z~gD.\:=Y)\\#5\qk\\'\\<\-\l>\WϬ\:IvGE \\\u\qҪB{r3\DH\~RcJ\\)8i\r`t\Ё\c<\C\Q\\\na:j=㨧|\\*=9\06M};<A\\:ԄӊCȤ1\NT\\V	&\6횉\|B\@\p\\\rjư\M]$E>Wvz\SҚ:Ny\[\#Cʨ\l~<U\\k)=5\P[#\\;)3)Lڄ\[w\\\ޢ3\gީ\HO=`\c\+7*e\=\@\NFx5\y\ԋJ;	\\tQ=2EU\nL\玼Ӂc\i\\*\rR&\9H\0RO\\QrA珥</=jKHy\Z\$z8ۏqjx+⁎aeR\0\{Hۺ#p\<gH[\;У9FA\ZR#ҸY(`?qN7#&W=\0W@\;i%y \B&^:\s#PiC\\0jYhp\'q\\'\4`g⳹h{\Z(\ҁ^(\\8qH2N(PO)p1\\ɧ? P\084\0Q@\\\\(@\3JG74RPZ\\TCˊx\0Hm\|P.jv\Z\<f8\\\sC;QR\zS\\iJzӈ\\r\9q\iƗRjCHy$-\\޷Z<c\M)\"JN;fܵcBf3*\n0{R t\\Td\Sp(\\sMnEI1H0{ԀR9RU\'6\\;83\u;~e8b&h:GZO8\_z\01\/^)v\Lځpx\ҟZNhKO&QH\'\L\*]i`h3֓\IHT\\c\RCH[\ Q4\\\Fj3\GZ\(+\DW^8\P\rc2(\"\\pj\#\0\O\4m\Gl\\0\\0)p:ӗz\qSz\h 7CO=\r &9\0\Z\=\1tcąc\\g֦3pVs:\wC,;X7F\\V\\\\\\\:Ȏ|@\>]]\rk\	C\P\x7&qڟfյW\"ԁ^IҬh\'9\_AMG7A\.ft\\g\\KE;}F-Fy\\\c\saj_X\\\1i:ߔ̲>%\޽\pD\\/\\\\\Zc\\cjT=QE)ցX؏G9&HT05\'\VzL\V#\\L\njc\zg\b<\"jc܌\FG	1\Q\0f)Ը\Ա\i\\R\Hen\"\s!EK3LRDd\nCOl\zR6\<HsځRT߅0@ȆqM<T\PI\Hs\nCy\4LRc\'yҚW4\HE&\\\3\M\Id,isO=)\0Ɔȣ)@\)zq\zVr6\\\3\\\ўy>ƪo8\Z\GLG\\l\,d\jf\0T:`T)#mB\u\ f!iڨ͑M\Z@٧\\Z\0a\"@ɩx\0@FF)J\QI\\$\!$S\ZF\Qf3\F@T9 \LW#\cz)\4f$mx\zӀ#9\\PQ\iH\۟D\\SցLٴ3V3\6``uɠV+=zb`\p\;\!*;TX \̸ޚ2횖\KQ\\Nr\rC-\r\ڎ)[9⛒*C\ZRMAC1F\sޗ4ӚR\ZI\\U\ct\T\s\\"\\C-2$q=\\jƻx\b\\\v\Ίu\\\4GFɚE_ey\ӥk\xrF\rA<j\P}\`\r\+4\\\g9\Uç\cR֣\\`\\\(Oe\'\ZiҬbkX\s߱\3c$i6|G4\\k>F+`\g깘\"d\*Alz_\qʗ\\5=Aϥ\9t̍ɣ4\yⓎs1r#-1:\2H\:\\0\M<\Z9ʌgt\\\\B\P$\oj\\0⋇)\};I1}j\\\S[>\\^\\\Zkք)h\\\wq>\\kgQH\nq\Z0\C4\*<W	5Bt[kҫ\V\N:֌ĵo=\\sQBKG\ϧz\'\M\0w\\ߊM˞Fi\r\$\zzPI\\NGnhb{S\\\8<N\':f\\?#\֞3\Q\\\ECx\ǽGsRaՎO=h\\\\"\Z\\{bn(R2)\#\\UF?HÑ\\\5(Q{4@\'ئK\"b\Q}yg#\ϷlR\V<i\i`W$ZFޣ\\T\dVf+Gҙ\"p\0\'iX)C\`M+r:\\Gb?zOb3$E\HV\$<\\]yc?z1_>-F-}X|QT:\\#\HN)4\\\T?\\\\ۯ֭\\D3\pM.x4#\\Zz\\q\ޟ\I\J\\"l\j	\늲s\Q}aֳƐ<ٵ\'\>a#\\"n<\rE\"︙e9~׎3ɯy\cjgi`#^\LiM\[M_J\|^\-\"~\\O5\\#zך<<\|z\\0Wd\Nd\\o~O]T\\Y\rTU\Q\O\QPx튰\\VדM\\n l\ZA\}\H1\<T\2	\Pq\Jw8:gҞ9\sRR\0;JS8sQ\R<\=1ɧr3K\<qL\8`\0\g\nr}iP@\'#HV\Z:Rz\\R(\~l\A\ \Z`\AՀM)\o\ڌn#;?@\\9\CJzV.\\u\'\(\\\P\iX\x\\\r.>\(	\E.;R\\0Fz\ڗ\\#Ҁ>\ޜ\0\4d\`.\\3\$S\'9\n1>\5\"\^&\A\*KHT)N)v:N\\Բ\7h\0!QS\0\\\H\4\1\@\`Q\i\88\(S\6)B{pR\vҔ/\0\I\"ҀF\OǷj`GR(\)G2 8\6=R\00#Q\Gon1L\ZrQ,!\?i\@Tc)1\\ZCZ1\ȧc\V#Ͻ?\HE<\\ZH\xQ1@X`\n`qAB\z\\\(#sHFzԄb($jz8\4R\5H34u`z\x\5H͆0h9ZoS\W`\so\"\M8ɦH\瞕 \S\\"LR\-\0i\r\n3N\M\x\Қ\0MyqN\\ZXu\d(=\gI\ZΦ\\\H؜!\gII\+N^e5J\=G̓FX\ZqU9ZdSq\+8\\\\'.r:b[5Lr*\0O!Z2\mƔ\O>\ayuOТO\cx\P]f\n]#<\DE&*B)sM\X@\2\rcj\\\\V yv\\\\ح\nq\tFFj3\M*&\v#ʑ\6\Q\\n?N\"\iH0i\O\"QR\)q\HG#Ґ栴HȦ\Tƚz\\b㚒Ԍn\ڙARqK56c+HA \\i\L1ԄsH@\؄/\A=\1z\nHn;Qn6:\4\nLv 4\Zo4\ԅqI\h\\bZLT\=j,fH\'a\1\\sI\QK,\\ҁf3Ҥ\7\ZycmS<=3Y]\\\Dþ\0\r@N\\)\"HJ\\>\D64\@R`\ZI\Z\0aRp)W}\1֜x\0\&0Eg!@\3i\\Hqi\\*G҂)\qrh$`I\"\K@ӆ\\0R\u\\\AHcp|Tlz\Lr1ߚa\@27\\W\Za{\==\F\`t<U\"H	1<S؂O6\0#9<Q~\"pNIX\ni80\)\C)4Js~4JX\\0\\ZN\HBzS\8\52:\2\\q\\:V#w\#ս\JȱM\\\+>\M\08.v\\v^\]\@Wo\0MST\,$\3b乼edu7\wMi\\&b\\\\\Z_}\%)\;sP\6Z\zN\-&W8Q\%ڤ\[h\>/i_1\2=\U)1#љ\UbN03\\%\Ęا\t\ R>b;T\Z&kRI\Zɴ6K09T\Br=Q\2is\\>WqZz\6\'Q\\̎.\wا8\\\ծ)ɩt״$`\Ϟ3G#c<\6<Eb3v\sZj6֨\Zi\0\\M\uH<##Y\[\*4\\'j\cY駱wGRwņO8Q\\Hdw\\g8V\})r\{qALq\\I\\U\\x\zU$ɑ\_ǻR\\*On\\W\\\Iy1U\.@ϥ6vp۹=\TrIc \'\"a\A\*\\F>Q\\O\'iĎí7<\nw@@ZfN9Gz\\13Ef\0~zҜ\Tm\rKcHL\I\CQ\y9\{t\;p#pjFF1\AԤ=֑l\h R\)cy8\F\'DXg\晁=h\\n\99C#\qQ8<@8\RzAcM\\Ƿ֪XǊ::qCU\Wd\.\\p:\\q\ \v98\\LksSE\\kS\Z\\R\!\z\\0a^^){\\\R6\;w\{֨\\,xe8{Vdq^{GY\0yc94\jJ\	\Jc\':s\j}rOsHA\)\\>1g4qM\ݩ\`\9\R\09\Yw)I\5\\l\\\;\raU\-R^<\/\jӲ\rԌ5V\|jױ\\[:[,#\"\n=I@\\y`\.?x\ۀ+L@4\{h\Zr޼\&ㄩ\<c\;歩\\00\8\}J\&d\rH\JP˻nMX\njAҀC\qޜ94\Z\"B{E?,\SFǽ=8\H=K1R\$zԝz\\1I\0zPF>QJ1\*YCr\9\Lp)qڞĂ<\?BjFBF=OѸ\r\nd\01\@\n2	\(\2\0\(8$t\ڀ{R=\)\F)\h~\\\ndqQ\'Ҝb\|\@\Ecޝ\0xǭ(F\(\)\\@!1N ^h\\Z)f\hO<R\&\M\<\\~)zӁƃ4i$3\4\0O\\nAb\I@\MK)\MB\n\/\;!<XN\N裙Y\"\#kp\ʎ\\&\\\\n\M\\;\0SC`zy9յ\v\0p3~\Hbq\3C \'\lXI\}zd{\.*\@#ҀjXeI:G\'R\U\Z<F;U\曹Oª\M\HͱI\j<ڢ7\Z\\\\`t0ʁ\\k˵\\/\\nX\\xp\R\\XӜ\h\JFWgKJ=iN894i{r)\мi\\"\*B1\sI\Ԯ>Q\\T\\X7HXj\")\9E9qH	\Ȣ\\5A4\qN\\3JLJzqQ\\n.iO\0bgP\.KD$Ұ\J	\\\3;)\Oe<*a\jћ\ l\\\\nN\ZJL▘h4N?\'4\+!iG7=rxw}&\\\q\0p\ZH\8\$Iq[ZBrqҲ	\4\k0,2\re;ٝt9T\\by\|\\\\Q4ӭ\b}+}O	\Jo¤\Z\<\f}S\AJ#>4\\`qHޒs\\\}\J+\&sBڴ\ҧ\\=HbI=2qP\\FXԢ6}\2ӦhƗ,1:񯼧\!SZ\\Na*uu?\P\g\wH\*i6\qk\\*HyÌ}hK^	^b\_ukX>j\^yu,2\+JsQz4u,\0iЧx\i\\vFJǕ(4\\*`84\\\rh\n{ԻZa\\HG5i$f\iՂ3\)EM\P!\0gnM?JU\7.1M(M+@\ՂJ\\E\SsS\拇)r*2LV\&7Gjw(\qFъyRmp	bi6.\Z(<\?ڐ`{ԶUL+SM4#  aqS04\b]ڙ9\\'  \b:\\4\\nPp3\)qϭ),2y\MJ?Zk\\PȨFNsJ1f`{T#8\i\7ޥlޣǥ\04t\59\@\Za\)\\PKC=\iԇށ\r\3Rc?\0T\SXQp#\\y<Ԙ\CA\ҘbR\\\{R\E8ޓici\TD\\\n\q\\TĜ\\Ҩ&g8\ݺRz~y\K(8Zz\\Ӹ$T\>jwiv!))NOJR\ZMFI݌\z\s\)g9\p?\n\==iX|\P\P\:z\\bZl.\\\\\L\#l\%\94x\\BQ\c\\'J\Q<Fe\\9ŴIf\>q\W;vcn]\\\qP1k\ne-pZ\-OL.N\㈿<q\\\n̍$,v>Vǭw\:6\<@⸇4&9\\'沏SGbki=95{M_%\\"a޳7uay{I\\\\t<\L\K/\$dև#F6~\r+3N#@\&u.KH\=k7H\4c\0H@\ҠxmnTg#߱\Q[m\\F\;TQ\M\\,\Tw:+K3\z\\C,q\ϧ$cI\E\|\4\0 $X\0GGQ8h\\1\5[5\\\'/\\9ϥd6\<\\'\$,\`@N*\J4\\q\ry \^0嶟\\2}q\\$3\{\5(Ȓ\\\N\e-ҩ\ڿڢ\M\\')\c\IHJ#k8j;\0z\Zn\GF7\\>Lg9\JҘ\ިL\\\Hz**q֠9\\}j\95W3hi\0w\J9`:R/ҐLV\Zzq֛Ӛ\\\g4\4\ӂi\r?L\cKe$*.\8\}y&Qx\\	\'AG(qc9\0N}U6+rɦ\\0\\\Ҩ1\\)qo\=*0\=5\'\,3RIeI\sQ1n\\V\W;{w\Vs `}})<\;sji$\Q\qMC\\$ua\'\\\ZLc\\\op:\5\1x\rd\tl\\Oλ#{~\\LhҶ8#j\]\nǷ?2\'9h\I\Zc%\'\Oa\\\*0\\0r\t\V,vހ>\i\8\\(\rR\"69\\0\(8ZARc@[#r$%\r\WPp8\kT\-bUUm`\.!\꠯8ɽKn<kF`\ʰ\3(\\4Spy\U\w\\\'J\0t\^W\Y(\\\z\\/\\'(\\q\+\\U\z&|w+a\IpNi\\nNw\\ԧnG\0zEa7\0S\i\\<^\"rG\"\&=	4(\0jQ\8\0 \,z䑎Ss\cc$\Ҡh9\\sFF\S\b{R\\\A\0aJF\Hr1ނq)\\#MQ\G4);ȩ6\\\;\0\'j\\s\iFsz\P	9\*@\\\'N\rK)	\\p\N`6O\Hb\\w\p\@й\\3K:SȩУ58iT5 \Hf1PsO\G<qOGJ\\u\#I֎sb\#\')p;R\~TC:H]T\On\&\\@v\SvLR4\\\=\\\5\n2Ă}ke0\q\\\s\\O\2-#I\0cWQH^OJ<T)ǔuj)@?\\8>\=b	\])r&R>BJg\\rU\\&$q\Jm\x/v/-4ŵEY$n\;\w!H}-\bx\\5s\rʓ\>ޝ\Z\\\<\0\Q8&ȁDN\/ЌdTbev\\\7\M)q.c\IqȪu߁ެ~\!\zA9y0d\ \\\'wA`\KH`#>\4l+=\\\Lu<APݍ9\"gғ\	sXhC\"\_&\"\P`\\Cf*[i\\\֭WV\`1-YcBr&P\Jw9\Zf?\}\\\\\đCqUrk6\h%\T\,\jAWnm~Wl\hю\\\\~̇n)6#𭏳[\0\\;W8WD\Z\\nNwj67\TNi$\f\\@9giI\i\&\\҄=q[\zRe[|\V\ӭD\ߞk:E\C\/E5j3x93+[d\\\UMJEn\h\\Wej\\I#!\'\S8\֕Pӊ\l84\@~\\"\@\'_lWa	\%)\Q\;\\\RT8\8\O\q]g#˜	R\\/m\\nc\\@+\0oD\xw\n~\*ݎS1HA\à}G\0\|գ\D>Sʀi\uB\qN\'T\4\r\\rٮvL}i\rj]hZݎWNF+\0n~1\"%ҩ!\\kL>_LۊBֺ\n;Vn\4\hw\\\8⼳\W&e<\ZR{׺ɠ\\zׅ\\\ݬ\"C\\\Î|\RZ:\\,\R\Z7Ì\nWo\8^}\Z	gr_cy{D\W=+\=\\v\=0\0}\gJO]j\ȹcz\vEl\rnB\4[\m\\"\#B_\̦v\Sێ\[GF=cj\5\\{sY\qiU\\&\rqrJ\{Vb.\\\K.}\!\g8	\1;\\ϩyM:n\2ePqy\nk\O\Z@\9үƯFD\U9NM\"\#qz}r`j\\G>\N:S\i,;\\\irbʥ\\eا֭Y\i<~F9R\Pe\8\"Zhd#\\L\Q\R\I\\X\&~\g\F\\\`*T\WkzPT\U6jiS\is\\[e4Ǌv4\G0{2\CS\\.BS`\\ g>r]2Fqn\Si#\O![JOZ\\\\\cz ~tf\p*2\\1G\>VCMjQi\\9YSQ\rX\"`3Ix\\L\na\\St\z\`S\\\\\%/Z3\S_RqI4HNqQԛ*6a۠;1\j4y\§<P+\r\ߑRb<f\\NiR9\"J\`4\}&q4Gފw\\ZE N1@X1\ӽ \0\ZN1HHh^h4qA4\+j1PI5\\\\\nqMb\kpJ`8\-\r\#ڼWd3HNI9 gu>bm\+I\i\\\\}\{P\)qq֟p}{E\)#5&\\\\v\T\N:Ԫ3I㷽D\@L08|\8\HgO4S搎z\2\\=\09ɦ\\'͖\Mr0i\\0i͚Deq\j\"S\kF\\nn3K^f\$\\g\\:fL`\U\3+<$\3[\\0sK\3\=\QvB	/&FOc޳\ty0y_Q\\W0ǂv\z{gݍ\G$\"K6G!p\0k}JK$נxq1ۊ\훃Ы1{3\e)r& \r:\A\f20\x4L\0!\\n\N>\\yK\G@bfr\'*\>ZB9v\Pt\B\6\l\1\\Q:lϕȹĞ:T@I#ݝ&̏G^F4Dr\v{\\6q\\#.\!\\5\\\\Z[G\m\\9\5\Iu&͜x~s)M=:EZ\t4yk\?6|463\M\Er\ 3watmTG$ 2;	\ٯCǞM۲noҒ\\\cS\\\nio,\\{u\]6lK#[	01MԸJF\\\͏(sָ\\n̓>Y\\'֒fRCa\\@g񃚫Bե\x\ŉѱ\0GqS9n\ބU&!\~)FF	3\MF(lv!y9\4\\dt4#w\nStL6{\ZU=\M8\gҚ!a\\|Tc\T(nGz~j\\-یS9#\9\\jb9\xp\0ʌ\SIf\\\z{PK@\UyQN\@~\5\0\Zh\D29h\pEW\0ٜ\V\׏\$\\0pà&J|ހh\\On)X\;x<\\<\<~2]{t\u^-N*l\0ǲ\\$Q\q\q+C\\Siv4읝A\nTջ\\\5m\+n=\yLX\j9\8\\J\3\;¢\DX\\ɫ`ǡ*WN\=E45X9\\<t8oDxj\E\zRq\RܚC\>@9>\,R`T}\\+\dS+\K;dr\rq\hUy(\\0\+Ґ3\\\"<Wis*;F%P֦F\\'n\{\ڼr\Wbk\2\M$|n}?r\\\ zz\*1\0\zT\b;c\{p\LӰ8><g5hC\\\}?7w\\0b=\L\ZW6\z\y\M\8\5hm\\4	iˀ8#\\s\rA\q\Ҟ>\C\"\\\ڂ\\'\*U@)\\v#\\AR`t\\@TҸ\.^229r)ݱO\c\"\0*ENӓҐ1N\n]$c\\0FqxPy4\sҞ\J\aJi1\\?m\R(^R\\5[$j@BR͙\S\mU\\"e\0\JhU9\i\zf\?ozpOlP;\r\nxۚ9\\zF0W\')Q]c`>ң*3n:A\\0vԐ\0n\"\&4\moF\GPU:_7\xR\RLlg\\d٢\y(k\{\\1\\'9*rSI6m\pc\\Z\0L}qT+ޠ\\@G?4\\gn|g9 ρ\ҷg\0:t1j\dҪ2D\K=\n\]\\q1<zQ\'Fq\#+YR\*Op>\͌*\+k+ld\5Ց5\\'.9\G v\n\\\\# 8Q\5۲{u%d\#Rv\Rx\]*duې\iW\;wҸ+;qȪA\\\nO\g\V*w\aj\\\k\7 s\\\D9\vzUf8\r|@\\\7 WtJe\\}Q1\҃+R\\Zn,\j\"\;#7^\z\,]I65f?kR\"?J?X{!ra}b\z$\0u{`j>\'j\E\\y\\y\E\	\\\K_~\\=}&\18\ZW~LMy\dҺ\XG\Nn\0xV\\9[\\2rAJ\0=~)\\6hoWL\lc\Lt\&󊤠	\1_G7\+Ю8O+\\\xcR\ګʅ\W\|H\\'Da2:S#}\na^=Xד)\T\\0*\\0\\\\K\ <\0zԇ\\<\L׋\9҃T\T^\\0\\\~,\\CϡnD~s\5\=E0i:_\?\gg\؟\'6\j#n\\\x\^)){*ʊ\\\\~0\\"\kSN~1\\1jq\W֖y3~ۏ\+\\\TkW=}H\\U\Z_\C̱\\I5ƕ~1\ej\nwBic?\\x?&\0f׷\'\\'	䞴\\n_ʅ\0\\!6dcV\\@\r\0Lk\ߥ(j=/\C\Ưzϣ\E{9ZO\{\rw҇\sSz]Y\=\\a3ؠȂBi\N\yq\\\V>\V\?1\^/M~4\p`~I\'T\ϥ|\dSSA9\\Q\\'\?}\\\r{\R:FG\!$=Vc\h\\3\}*<\0jqC\\\\Ԫr0@\K\\\Zϳ\0/c\\\p\UK\d\>k\%j9#0\r/R5\\C-\><0́s5|W\\yٞxG2\8\Pt\aĘ׿\'\}W\0Gà\30\\W\p.k\:*x\>y:v\Wōn\\\}R~)xl\0\\+Լi\MNPm.\o\+\U\VT\7*\b\ˋI\"<wKq\עA\\!ۢhWȬ᱔$~Q\TPt\<G_f>\ǖuRq󊸟|7 $_C\08\\j)ڏ\\\\0Yk]\>\>>\\\Ё\\R|>ǋ؏\_)\jDH\ԾIa\\0\\3\?L<:H&\U?\(\\\\0zW\-9$bs\g4\8Q\!\0ط\0.b\\_\0`\+F?\RE\'\xY\T9OçQ\kqkzP>\>)\NO\!\0\3M}W\\"g Ӽ\\0\\?\0>a\\M .\9\i\\?O\\0}p\\{\\@1\\K\Pf?\00϶\\?{ȇ\*)<M>\sn2\ʇ!\rĤ\q\X(3\:\]@i|I8\,/YsX\Ρ&N\uhx(\03.<EW\\\ڶ8\0]\k\#Ώ8WP|\o4\\oXnf\Pk\|h\\\.j\'Z\\Ŀn\\>\\\4}~%xX\00\0\	?sl\0iY\OΝ#\\\p+\u\5n\0\<j\w8\0/\*9{\O\$\r\\5wSww5?V\\/qϟ\%\?sT\\>85$:9k\Q\r{P\\w.ޤ\%\O]~\'\F\8\g	\X$d\Z뗤\:k\\N\5O]~\'\{\\ҏ\0\4\J_\j_Α<iM\׊\\fp\0l\͠\F=\\ZK|.nޔ\|s\ &\\0{T[\\0F}T\jx3@-I\s_)/9X3S\0\u\\\?\HK0eyDs_.BH^=\E\%}-\R\\IIV\TF+b{\\C\\Bqҟ\0X\'\'1~H\\~MG{a^\0>!j	\R/\}LU5-yc?#ߍfjo\\\0z<\3A}J\0t{?B\N)\rdd9u7T!\MJ.F7EۜzR-b籵=5\0Ib%hsQ\\q\\\W\(m_0S\Z\c;\ybi\8\	#\Z\OWhH8\r@c<0⼼F?\Xf\\\&\'\hHQ\8\yxl_rB\ZL~֑\[aF&\2x\\b8\Ol\$s\QqJg|\\\`:\0o#p\9ߌ\Zsx\M\0~\)6\o\!c\\q2x\L 0U?\5\,\Ba\i的ݐ3\e&@j]#2\w!\\'\(^rq\\$+\r\L0=\\Q5@.\5\\A\S\\\W$Q\2l\Zꑐ\i\u\0\	\\rN\Zl@\s\q2\1\ɡ|E\bqY\\qTϾ7V\G\G`ZҊ	!\~Yh+ykWD\t\0bF\\<Qr\ssޱ4e\\\+T\\d$P3&F\a\\GpB\`@3׵J1H>\	\'}jRNI\^E0/_|N\\\~4\\<\)\QIM\\y\SrpqqP\Dx\0s֣⠰\\'\ZX\4A\zS\-d\\"%*WQ\\=9	]E\rqXI\ttF\x\Z$5\"\B1\\r;\a\2x\e\\\]eRJ=j9#zqQI,q.\@RBrN7Jԭf\A\\dA)Ì9\Z\u\N\0v\Rd\wF _7\\z1\G\N)8,Ҩ\;\4`#\\KOqA\ \M\'U&g%\tg\s\Z\6\AY$m\X\Dp\\f\0qUb<\ՠ\\ƵG<P1\M)\0 㞵e\\\nq\;cM1!0n\*\H䚏#+=x\7o\'#~\8\SX\\A\"OsN\@&\#\\"\\\%qƚ\:t<c5,3TC\FI\rǾi\P\r\F&3E;\\\0j.0@\ҟ\<㸦\ޙNJ\%\\\0R\y\!\ߕ\*\O_X r\0\@\(q\|\Tf\X\Sz\)x\2:ǽ	[,p8\g\r)1\c\0x`\iE=	uPNEn\\|\0dN3\\_+UF\,prkn\'\\s8\LVŠ\Tc\0W-ϩF{ޔd\zbg\{\ֲfl\\ARO#:\n:t\VA\ЙQ\'\0␸\H\<Tds\\\<)Joj\"*X\tא\N_j`\0z\傞k\\\\\\T5\\ߺC\h\R<QX\`\\7rkx\\Q\+\n\8(-M\,G\-\!VR\FH&\\.9\W\\k\2\~g\gX.\%\y\H\ZS^\<\0a❒{Sr8\=\>a4[\9\@c\\\\r\\08\5)JE\\S9\\Hp\sF0	\UF@Njc\\0*i\;sR8Uc\gH\-Dg89u95\'#]\4>R2s\\@<i\Np> Q\\6܀M8.{Ѵ~t\ө\4e\94qɣhu@Σ{WrLbi\<\n; \3~z6\Ҧ\3\#r\&ycR@\<f\0\S`W)!\{ԛz})\A\\!֔\r\Ԙ\0\+җ\nv\S\\\\9#izT\E\j#\Un\\KcHng_/CnR3_!\7N\%Lɢ8\\3݃޲G%޷\\6Iq$K&@\8\z4Әշ#4\$`t㚪59\h\\S:\\kg*\p%>n\ږy\\\'!s`\7^\09\n\M=ᵀΐ#⤖\OO9#t\<ְqBl\+\rXAL\OC\]9\\9Yy9@>a\\ny-Ŗ(ʨ<U8+),/\\cR#\0\nҾ\\\n\Ŗ)\qR\.\qBl\' S\9?\F\0Faތf)V\Lojn98EȀ4\4\b\`\Zx捹\\4T\LRUr0+ s(\"[\Z\Zt\ 5 DW#\;j\+\(\)\Z\\{sM )-\:\N¸h\LS\\\\H\78v\rFr&\ɣKR\1N{\!\\n\r(<j\X\XM\rKVE\5\+N\L\nD{Ԣ\\\J\WRG Ձ&x\H\d0qHTa\)\0\r]hTh\\\nGS֍\3N1\0@FM4EԾa\\TaO$7\\g5\\҂TqR	\r\46i\\;.\)\\SyA\T8\rE119\9gi=RD!g\'Nhڤ9H]\ٕ95#|T`\Z\c@\&*KsL1\[\	\55-\\9\pjq\\Q,qh\d\Qp*ɋ\nF266ѝ$TUqH=E@P \"\3FE\M\Sq\r%%-K-EG\E?&1Y\LT\\"G8\Fj uL\r$v\T\F*E0\y\\ڣ+\F\ \'R1N cޓf͐8\%;\sP\CY0\\+4`cސ\\\3\tq׊N\\e4\R\-r7\aކϧ5:P\-X9\/֡\Pr*[f\"\Ss;\zP1\-\6\~p9x\i\,M.f]3R߮\r!r=)ݎÝ\\\<\r;\\lGj\+<\\Z\(\0psQj9N\T-ך\\\ELsM3P@֡ȮTLel\9\\4\Q\\#;3R\&\Ē*OJG\\dK\8=zU&Xdg\\_Bs4[fY\VŠ\\'f\Q=1Y\^Q^m&IPå]\gY\sv\"\ gnj\kvXaggۗa[6Ϧ\@#|v\9\@jt{hA]\'t1\昬q\\\Zg`x\:S.\\³\\k\.\ɪW\r;ɺRKQ\U+\2N\\|D7A	\d5LU`$}¥r+E#7\J\\V6zԓI\bi\ܚ߄\~\ZnoPNt\ze!TVHʰX\'jlV\I\]\tWIK@$g\ސ8\\s>qL\'r)r&\\7\\pzw\<\6Z\3u:PPi\\qQ1\K,N\\I\-F@\k5I`c\Y\@ԟL{\41\&,\-\6\\x\-Μ\'M\\g`X\~+Ȩ\\Y\\Qhu\\\"9N&I\b\\_:U&\"\yet1b;T\`\\*\MhmGs41o\nkkDB<#}\[\Zz;Z# \\;vD\qWvP\\\"{{\#\*ծ~f\\r]H\bH\\݌(8\)7+\ZӧIt_\&fA\ZG\\'ҕu[n\c٬\aǽ[YEJ.\Z*\T1cV֪\$ke\lρm\W9qnbhm+F\\\nP\l\0Ls\4^j+lYI\YR:\ \/\\'&X\Wv\EFb\|\WU(rO\2kJ\w=ES\3\5\h\\\-uH݅\lfmb\\5Αhu9\T\c\3@\ܚ7k\\p\Z\\'P@ 5qʮT|uM`р0@~յ:L\\a\N:\Zs	\ێ9@c\\b\"xG \\'*89 \q\9>g\=h@\\Lp\?!M\# ]\\@^v9ɠq\0\0 i\\^)\=\b\dQ\L\9 \\鎔ӝ\\2c\@v\0*\\r>{\#<暼#d1>\?\rzdҜ\:h^>\\A,\AQڑ^\杌p8\18\j\dYP\y\j\"\\\A\֬m\'\W\'ns\\Fmǎ\d\6R\O\'SG|{\\cB2d󏯽liLs\\I\\AZZ_\6\\n\;n\F|<\\lBx\nFcwrk^\t\<Jnϫ\j1О}i\p}1s\w+n@9S\]۽q\)3\.;\#M\\'ۭ)<_X|¸\\$\ۑ֑AcE)\5\PJ\\!\n}zMQ\Bkʴ\LJt%ּ\SHFή\S\%A\\2\\\\yly\\@JtVU\x\]rlyDH\׽zOЦy.qǵy\*\\k\rjͳ\ssbP$fv\J:I\#W$>ML6};Ћz 5@n1Rm9qR\\\O7*Ĉj~sP!<jn\i \\qA\\0p\j-!8\s\0n9\l\!\.	\Zz<椫!p\/\\3HW8\{\1LMߎsF\ޜ\\r**,N0W)\qK{\%<b9K)\ \ZTiIJ\\SuR8\H4H\ZW)!sլqL\n)⥲\JQ\SN\cjW\E\"c\dc\r\\ɧc~bE33ޥ*{\wd\qǥ\ֆ\\#8c\'])\0\}5\?$\`~f̑3HN:o\̅-\"l\\	/0r\F\\^E?\9\m\\ҵ\\\3~J\%\I:pTbEX\\KHL*rkm\ְ\*\\0ҽ\n#qk_</ w\\5$\Ȫ0\\\櫢\\T*X\\\\\<ֿ;f\,>PE][0\Z0#Kݤ\RJ<rjKrwP1/-Àx\Rx\VO\q֫kZg\\Zp\<R634T\\rZFdT\)\9\SZ1li$P1VE\\S(!\\\*AZ(n\O\NuJG>PR+\9jq`\ChZ\nAi\\$M\>\DsO\F*cHg9ҏ\E\)1m\0hi\\P\r;\n\\ZL\:9r)K_a4<\5)=j\!,)ȫ RȦ<\*֧\\n\"b*r\5\';Ҙ\6\rr05\"\G\*\H\(\Z*{TAq\\Ny3d\bJ`Z\@\4\m\'>R#N\ gޤ:\r(jY\\S\1Cّ1\A\\\\#5\\ִ\G3\4FxZB1Ҭ)~uDy4\#\"ZMA@\'?{5/\'\Z\\#=*\.ӑS-\qOY	\F`⥳ETxA=\T>fY\0ɪ9\1J\ↈ\\OjLI\\i\~t\O)G\5\i\m3\\4\\\\+i-W\VWLe\\;\"\\\\r\1\\R\^K \Z.6ș\;\n\japz\ҹ\Cڟ0J\qUȫȨ\\n9\B55rB:Թ\'4\nLR*\\HJw5\"y \ȧԹW&5lM?\Q\\횖\TJtqS\\\W\K%m¡Dg=\X#8xXyHV)\C4)99S\\=2+\Z1ӎ4Vl\)\Q84)m/\Ke!\0y\i\rK)\֓.x\/JE\nQH\\'4T3D!\q\	Q\\$ӷ\0g\L g\Ph\\7T*\0O)\\\N\lq֌sQ1\0\n#D\0q?7\S	&D\RBq\\T\\'M\H3HyBF:bT\v\Z~\?S\Fzpjn;c\'5=\uUw5\"\'~4iꨱ\\fTUX*\>kVS\\.emq$\gɄrZ]څ\ςsOi#XÜ*y\W|iY\t\JNȇ$\5s7\\\M`\Yż)\0\\R<\#;3\\@U\wqLa\\ L\Їcr\.IwbjN)\\T8c&\K\\bx\ك\\0J{\\Cz2/\#ֵ*+\ko\\}kkJ/\/9&\ph\\c@\ڶ\9\\r8b;T|sN\>\ZA\H?Ji\\(lgg44I\'nL\'Ҧ\\0Fz\\\^Ca9>&\\Zж\sY󀺑\\\ٝ[T=h\0u}\I`wZ]ǥyug+\Zsq\\q\)\"\6gҲ$\\R/[\d\:\uTs#j\\3\\)PXz^FΊF\XI&$Wf\\rUQe\0\:\\eb\\*\j4bw\䨋HPc\\/ b\J\\\YR\04aL.~)U/\\n.\3f8UcQ\gop::9C&\\`Pf!$Urfcv<\\rQ\}\0\_=jSq,@JJ\\\1Ҟ\6\\G=hUA\\\#5*\>nKK\[[32+d\?Wƴ.\ŏ\\Aۼu\HL\i\&m\)nTA\J\\Uڹ\{З%\0/T\ҝrVs\"?,V,hǮkm\\r:\]<6\j\ס\\r00i޵\C\G\\v\$c⎙\hf;?ʙN\p\C֓	\I\Zk4\\R]\\KNir\n@\n+\7p`=|❜cNwC!=G6O?6~_\\M\Pi\0z\OlՈ8\\\#jh\}h BA#qҪJ\9\N8\'_U\ϽQ\\H\#|Srq)&\\\\=i+:\\{\ąsx\*֟.ې	0$\\U];q\S\\۔ᏵaWc\QzRv5j\/raȭ[lӚ\\}]#UH\0뚔9\ZW\0+t!\jHp\\}ǵwf)E\N\Ҍ\n6\W֟<\\\\9\j2\_|THr }iJ\ndq\|Q*\\\z\%h!<Z.O\T*v\\\Ё\\\hB #\'<\T6\\]\y%\=c=K\f?0T\\+L\5x8ڄ=\e͊+}Ĺ\r\\dS\\x8(\\t\Q]\%\\{T\0\sQ\wd2[wC(a\\RG?wڜzqh$q\)\0\0I\S\$q߭&>cJ<gEMƉ\QS縨7aAԑ\n,\%\03N\\?0 j\(\M\֔R3S\\sL<K,P&\/\nfO\0N\pji\U5 ^G\"z❁R;\O\\H\ҟAh\\/9T,`i\\SI\'I\\\052;\Z֦F\0~5erE;}\F(\qHv#(28\"-Rczi\&\\uh#\0zw\nzt4Ab}64D\+GL_\\x\\tM43\>-\Bę8|,C\\{\\\nrk\l\\\\)&Lם\T\AP<䂠`zWKdLH۸\GGzfMq\\:F\C\\e\d	$\j\̦	y:\\[Ձ\\$\y,\0Êӷn\w0{es\O\\"9Lޡ\03S{ZZɔ&1OB8=1MKd\L>2\zCRg4\+S&2\\R㊣6\'J(\Ni.1NjЮ(T0\n~*+(r28\h=i\bO\h\3Ɯ\\sR\P+`Zw(X9\ZpS֤\r38\B\* \*CdLy\F_6`flҬd63<LU\"\ZjTlSq\I\	׹#\<\~\Sl椲\\\Z4FU\mydqȤ\@A]\ڔ\r\09	\jMS\zn\ة`V-!<s\n\n\#i\9攃ǽ\"(<\N\})\I8=\rdE8^f\n\z\RNj\Z9YP\\V6\F\\nw\ߵ8@ȧ-U\\\\\ULi|⡳UBUB\\3\ڦ1d<{G\*9$ŉ\CH*1\\n\gjq2\N3HrA[\z\\d9\8{\"$cH#?]\M&Z\\\E&#Da\'\ T *y\\\\b\]\<Q@ \Q\\a>Z)\S\%Ӱ\\?F\҉U[|\r\=\\r!\cR\5\h&\\KjE1\"f棘\D@\Ji?Gi擑\\*\\ĩ \<r4Q.p%LQ֖XJ\w/\"\=b\F\N$gץBNqP٤b)=(cM\{\Znq\XhS8\j*ă=zSEGLbb\j٦V$\!\0=7>.E$IN\D\0\y<R\-!\i\0\\f4-!\<\nh`\nw\\\ܴ:z2k\㚖\\o5].I\S?TvbI\l\!:\L9;M7k9\4)\\\38\j.j\\)crƛ9\\Zzb;R\\4\\H2M!=\<v\@=)	?)\\Q\@t:1D<\K\nH\\p-^,lv/\T,\ݲЇUجjI*\J#\0UD`s\HoY#s z/ҩ\\I[w\Z\ZD\w\"\\\_>j\\,[\F:\k\JAV.OÎg|\qG&\\s\4!t\\W|+bZ\$y\'q\\ҽწbqކcyS\\\s÷\[zöȁ\\\Mq+\9#\\G4\[\\尹ǥ!=(1Hy4\ZB\c\\7&\	\\rqM\\N*n4\{\3W\\\.\0vcC`ܬV\Z\y8rK}k>\#RN:XK[\\!088\0n˜}렞\;8\\>\M\a2y&\\\0\c\ZV8K讚F|\`HU~b6b	O~5Utewm{\Q\\=Jxb\\\rF\Zs\Zŗk[\n(9<\N{(H<g\'8>}y\<\\aPıP;WG\\YH݃\M]\rNp;U\J\D\R\\ *q<\Һk:9Oo\I\n\AX=\E5:}+>\HQ,N\9\ӣO/p\\\\\9\'\jށ4\2r;\Zm%ڼn\Wn\^{u)\n{\MMq\'aH<\e6{\yt}cv\\nVіd\cYK\\\v<QZ6,\A@\Zd:-\(Ԣ{\\Z9\'+qL\8]30Alz\\m!9\'\nr\\\F\B/\5io\\'=Gňq,0=\'ans\\# \Z\T۞\ƨ 9⟷p\SR\'\Z\\ #\ݞ\r+\TGzІ\0\\($v>ԜOAI\zf|\AR0y` #\\ҜE.\QHL\)Ϡ\'Uƃ\I\4\At\v=sI\!\O\\ct\qF\0\sM\SD\nz\4q\v2ix)yl\n2#:n[#<~u34\m\\\Tf\[\0<{Zb\?⚮\㨧F@p)2V\\00:~e㹋\G\Y9 \z\G|v\g\G\L\\\h[0x\e|q\\\ѳ\\F\x\N*1\ʬ\9Иi\\q\ڤ\z{\eU\0E$\ZLy\ҏN\zW\	rx4\<b\\nzb\5\>6v1Jq\R\\Ų3\jC\jE܀r3\kYjH\tè\0f0t\\'=ڶd\?|WmpW{-Uu=e\Ջ7\L}\\䚌NA_]ErӊG縙sV\&\"O◧\Ӑ9\#<\\%\ܒ2j}\\ԡ20:\HiqSRH\F.Ku\\\O5#T\UU\'\0zn\\\AH@\@F1Q\\֗&Z&\\S\0ǽBg\rRxId:R\P8\\=x\0\@m<`\\0fl \n񞴘.1O\0sL\t5#d0{Srh\ZԜ\xZ$&Rd\\gbP\DA\r;4:c\B9\\i\`\r*\~t~>\c\0\\i`iPsO\ڀH٭9O\\\VD\Z޴S!\A>,M!\WZ^]\\Gc^I\e\/i \T\\֤\0\\;}X,LYI?ۈf\'\M֢wo?wTsJ\\"\0l	\0VT34yi\kH\r\ҫ?\0bFB\\2;U\\w3,J\Y	=M\'D\\#\S+Alh~)b\N\H18=)\BFlZ:њ\\U6\`Ni\Fjڒq@RդKbR\Sޘ*E!ةTSG4Ubn&\04\R\\\n91:Ҏ\11vp\\o~M;p\t\jp#U│iTc\ni\\"wS1}i\S&\˜SH\BIA-c4\\Ƥ\gj(\d~\0\0֍\\\@\\dU<Rf<VݎT\4\={\Cf\%\j/\8\\}c\'#R*(aJ\Vӊ\K&F)\NHT\2(2\0\3j\#8=435?\RY]#5}\bђI`R*9 	ր/>ՕPI\nzRJsN*F05&r2&\\4\\\l\\#dr3\3;N;T\Z*d>\\<iP\hC繥`[(ڣ$sM,:\Nf\4\\'?J\sY\F\y\\\\M\'\F?dtޢ\r8\H\ڠ`B\4s]0-\=:\eI\RQU)oܜ{R\fY\ɚ\\9\L}d)_*	\zЦ\'LF\*V\Ps\RZT㊪Nv\8sG9]9)Ҭ\r#~j\\\ِ<u\cש5#G\P9\K)@\\Jx\\\9WM d)s\"\I\34P)HMFM\'\"Gx\4&H\)D~zsM$i)5.F M) \%\M3y砨lI5	9\\L\-\"^1L\\)3\E\a}A7Z)\\vZi\\0Sr*nRB\/\\\nuJ\{Q\\D҆\\\H#.\rM\Hp\\4\函0Rl\;\Zh\d\by\84H\q3R\z\e\v\asM\Ry\f\P\G~23Hǧo%q\Jy4ݴ6H\0sڌPzb\\0cژrp=\@4uri6]6\UJwz`U\¶\b*ϟ!S\\Ƶw,\_\DY~^\yE\Z\f\\g3$\繣@[c\yAd*9\0kv14lƑ\V$\F9	Ny~y\np\\tib\\\a\0(L\MdƜ\ F)\\,\\F\_p\\\\\x\\\\{\'\s\֔h\Տ\:\\"\l\Z\uwRMq1\\\0\<RsRsJ\\%\Rtw\ZAIS\@\ަ\7$sޙݜgT\T5\R`u\0㎸\⋔74\g\\\\N\W\\\P\\_\\+\{Ell\ylTP\\669}d6S\zW^\{8j*Pڛ\\21\֣7Qڼ\o*\ʤ\[f]Y*\a|\pd*`as^hr\j6\8 \͕Ib\A&TK\\K2\MV\\\\\C_5ͻ3;cx\\5P4R\O84\te6UynUVe\\aDk\I\U>\ZQ:\faRWrC3ݩCJ9\\\l][\n&\"gI\'k^B_z\\0\'	\\\rn\;Dnw0\|\reK\\'G,\!TeUXb./\E(\\?Z.8R҉G$\͕ W4%\4l q\\Zv5\<F\\4\*}\rG%!A\\T3\r\%a\[PȘZ\Wg5jN17?\\C9\	ɭa\\re\\\\\+cל\q\\0T\H\$\sJ\\'$\\ힴ8߯)@\\" A	9\r0W\ho4MITMק!w}iL\\nl\89=\0*A\8؅cӃ\0֧`g5\\R3b\'#\H\\6s\\\<\z\!0I4\9\\S-\\3Cc\\5HBej`4o<\z6\\M	\X\\ϧL\Q\\5W!H#\'w=@8=\\\GjL\\0>\5X\ \\\=Z\0\\H*-縬mOtu\\\\\"G!jZ\V&elz\\zֵ#\WV>+ӏ\0j\LUXx\I\VA\;W+gr0A\;*o2q\M;c\V\<Ru)+\\ni<栓@85!\N\1\OB\%fYE\6&jk5۴\0	\\!F0kv\1\nGq^<O^>\%\u\օ\V8\U[]ӭGpOC^yEwhqR\\'\3\&o2\\wc\A\Ue([x\Мu\Z\\Lc/]\*%\!EJ\Y(z)\J\\\s@H$hK\JW*%\q\0\\qRR&:qN\qQڤ{\IHHVQ^v8\II\\泥р\0\})\\KeE\\\4i\ߊr\\\r\w3> L(\\0S@\E?Szpu>\z\Z,\"LjA*AR\qvM3<NҤiI9\BOqL\WTCTT3DǮ\\098\EN\.I\KE\r\㚓R\ta(\)\\qQK\\Z,;sN\G\\Ԃ\Jq\G6sAH<q[|c\W?\I\ \䨑vg\_fݬ?\^\\4r\rw\6ϫ\\OA+!	9\xW4.\\1\3}\\ǵZU\\q֔*Ell;TޭE{m:E\d\\Fsެ# \#EhyVaLROPj\-\Kg\-\[\\\|\4)R\ZoCA\+	M0vM \\9\RC\0i\tw4l\0֑2M&?+Ddؘ\m<\n\\	ьrCc\)í4c4Ψdc\"^\W\\Sc4X)hjq0i)\J]Ѓ4\\"j\\\ӽ0NE\T)츧\rI\\z	\K/R{Xg,!V/ޥP;Х\~j\s(\\05K 0<$\\q\ЍXbﰌ\Q\c5\iw6E哐1ԪP\0*\r\"LM;\PP\IW6& g=#FATP3H\۽\0rs\J%9&\Co~7h8\8\@u*3P\k\nUa\G\l\4P\0\\SFn.Fm\G:\\J\\\\4\Dzgړ?.j5\\C>Ch\SL\\\8\0*\0u\r\"\\~9\,2\{\\4Ty\XPU\'2Is\\'L?JN5P\\y^\I;˒\d19\\\\I!|J\\ny\\q{0\\'Fۗ<Ғ9\\tʷ%\=*K$歾\qTUy\9\t\%`sP6\z\>W\0)9َ\\=j \v\x\"O0\r\rNOLqK\\`g>\&\r\\/\'j\⩇fM\0r3)=j#\'^\m<~)sq\3$\Q\"q\-Dy[q>\x\Z2\I2q\\Mg\\Q\ȮRl\	95l3֥Ȥ	D\M\\XSލ\ޠ\rA45F\'dQ4W( \қSw2ED}\Z\Hz󚩾֥\\֞\Z\\'zTܴ!\\b\i\{\L\;~fpZk?LQr\Tz\d\iH\5\"#+\S9R8\i$p{Բ\\j 1\R\D@\ry=Њ>y\j\ӥ\\Sܜ\T`Ui\s:1Oʂٵ$\Ҍrs\d71?v>=+fP:O\X\\$wZ`ST(l*7G۽\Ӭaps\\*Yh3u\'6?Rڼ\0\1պ\b,HO\W,\\nyȎ\*Kri\MiZ22/\hLa@\r\^\-\$\m\vZTK\\]3\,\hͬR!pZ\\H`Xޕ)Y8y9\o\r8QFy<\҆ɰfrj<\\t(~\h\r1MϨ\q\\{I)N\$\㚇%1O\\xƆş5\\\v]\T5.2\bzP\$\~J 5\DsޥR\yiE\\hUI\\\BsSUn\,@8\Evo\\\Xr\$OJ\$R\\\2n.9\W-h\oF\*jr\\{\\\'\\'Gv=j\[\\\BH\09\;WKߊi.\E\-mGb^Y\eDI2sq]!!qܤd\Z\Z&5\\uoi$rT\(\\G%͡BzfSIXF\\b=,18Y!\"\1ni9	\l\纒HpH6}\:\[}qT\Z\1\*/-q֋\ZF.\Ǵ$\\'\'\_\So?Z=3ڎ>\H\U.qң-\&\XpElZ\H\2I\j^!*\=\\\n\\Q؏O~(?inնr1ֱ.3\xMM[!bT\zՌ\rܜ\nr[tWMnI\!\3\JvA Z\"j2\\X\4\M \0t\(搏zv$oP\0\T\'\I\\Zv\\zĶ3\r\\89R3B\!?^{\)\I\?Z7V\\;3zg\\h-|Zq9\l~\c\o 4\R\n/\r\5f	\\~\c{H7g\5^FAԌT\\\W|\pLP&Vu;ϯ\Q!ʐ:v>_`q\AGd>\\\\cJ\Lwg8#,L`zGFHbm0\\w\\s\I;=0s\+v	^N!{\|I#~,sVԀͅQW\Ӝ\=HA\F\?2<\ȩ\V<\\nM\"ϥN8Ә\S>\9Q\8g\\Z3\rj\ڥpYcrMe7p\\ڭ\\ Kj\t\9z\\\\!{\\;p{z\Q\\+ɎZN\\\\dO+H|\zܵ ;\\%+a\Z\\{8U<\|j\@ sgfG\\\r}Tv>[SRd:<)3Ϡ%!\Ky\Js\jh@}\rHR3Qǭ&ZN\'CLC\;\\bbqRrxg41\C)\n\\Hj?!o\\\\T\\?g<\qv3\SbOCLC%\F6H!8=iz\*Fq\RaL\^NicҜ3\\$\9@\3O5#v\R\Z杚Lhw\c4w5%elu隕A\'\V\hL/S\ddwTذ\\J:\%S#8\'8aܑ4.9\Ji_Sh(8\*\<L	\Ա^\r!#\L~\nѲe}+ZbYh\pz֖\0$\rCj札Ax\0\mqs!\\޲DH\$j\Y	܌1sXo\0\Mm|ʃj71(\l\\!\@\ =@\N7y\\J\0@z\`Qr\Z%\8\>\4N\\\nn{S7ZZ.\c\r 4SD6(4\$SU#6K\Z>R3Qc5 2d\h\M\4\\rkd\\;Ӱ)-hf\\Ԙ)i[:RG5D(v\:ӅP4jJr\Jar<R4h\\ҝv&;\\\)\L.\n*P\զqwn&<f\!\\nP\E}PMH\p1Lڔ\\iy v]/\PO\J`QaT\ZBޔXTpA`.:Յ\\5\LU,PE\"≕T٩\AnS9\;\3xUF:S\\01$U\\0Pr)yR\Cf\\@\0qҐ\\"dg\\\@^Ԝch\KP\l=FFK\0\\\>VRi\\tӚGہ\qQi\\38M*\\\U1\0\Lv\\\<Ԅ\p*Fk	T71q)\Z*u攺\zUS:c\c)1d\S]c\Ay\N;U7`\==\'P\R&HAsޢ2\\O֘uFI\'ڣn&\E4\d\b9\h\\7(p9\isT[\\Hc^\֙\\\reN[l֎r0\۲}Ho[\SddeqQK!\'\u:j\t\I	\\\N!꼑\M\'\"y<U-\&䊬\\\\ \\Hd\\\IN\\4\\(r\\'#(\upQsIilf\S\Z\\\z\1\qF\v\A\\h \nBz\Kq\OWp̶)\'5&iTaW4Is^+`\~ԅw~܌f\a	\TLi\\Z`Ɛ\"g=\r&*AI\ns8\H\ZnSNZD3\\O#T\\ \',0\rK\PN>\]q\i\T\}jsh\e`=qM9\z\\\0\\sQ\r})\z)h(`lz\\\Zv\\4݌\\$Rz\n\ZB\)\i\N\.)\\5\\\\\V<A\[n\Z\ϥ	ĒTXZ\;0X\\y\0t\{\\T~\z5U7\$Ry=\YHi40,n\\Ґ+l\Nq\j\ -j\5`]xt`Is{*xnh錩9\"D-eNN23\6(\\9?+-\r$\v{\TgF\\\\y\i6ȁ=W|3\\YA)^KY\Y~j\i+@GYOf*Δ;11ԜiSc\3Zn*zG;Ո3\\Ґ	:TH\\Rs\֐s\\\"L⓯\\'c^AW+p|h\\S~cۥ!Kȯ5SQ\i)ꭶ\,7$Մ\rD\\Ye\w3eI*\O,gR+Mu!^V!\TV=,`黖\ukpRS\'U\Z\\\dr\^RE\\\ny\īu!r\8\Y)H\ҥȴ[Ō\m\\\3\Si\\J~\28<\gb|\}k[艅89I46b2(\q\l=Fイ\-$re:]N%K$#\clU)\MXeޡq,\\n\\92\p\\I2\卣\fX^І8R84&ٜ\k\48-Ӛ#ף3\\Q\\\YQ_z@oZ\0\\$\Tc5<\7Go.%\\\ԍ!\M.\\2\ \\ޱY 8\$}kD\F)\jnG QNr\\\W=}\p}}\I\oSH\>)]ܿc[n+ub85f\V\aG,}F\w\doS\z~\D\G*FZ{Q浊o[\[\ۊ|\Z\ӈUd\\UV~nu+%\\\q-\ʼ tthI_Nnm\sڵ\0\\񬻰\\êW\'6 {z\O>B\\N9\\\\"<Z\"x\r(\;Rd\CT\`H>\\\31\=\\L\0*2\Ϡ͎ܣ\\\\0:\0A3\\M\3\zh\'\nx\'#4w>\rQ!cL\\ޜA>\H\\\\\r\\M\r\␘c\1ڪJ[$\\0\g\y\"˵\\zS%˱\4llJz9G\\Nz\(@\}[nG\'<>l\@D+66\?ʡ\sWH\(z\9\"w\gK\r\\<\rt\^^%j}]/v\ū98Ϩ\\nȶ#\'\Zqܚ\gh\gnzԃ$q\I )\,E)\ސW\3\H+Te\ɭS{W%♄\Zm\\ܡ*BF\J\L\nw\\\N쑖\\y\\\R\Ju\.`c8Ǹ1@y@8\;W\gkb\\n&\h9\\Y\Ty\\}jQ}}i#\+\8}s\0֯G\=	\\H\Q\`#\0S\t2\\Fx&?/\@@\j#-f͜T\\/==OHHqLPq>dKA\O=O\H\nG\0Z\\zg֥A\s\z^NVjPzԖF\0\(\\LPLuM\n3O\d\T!\f;g?;-\'?\&Ȥ\F\qHc80#ךE8dI~4ޡ\J9-\Oj1\r87\'\O\i\\nxړcHc=&P\n85\\ӡ2*\\\@b{Ś\\E\m\W&.)\'Gn\bSԤe~\'1ي\"\\^\'p5bd3\ȼ\\3\Qʿ\\\Ϣ4\0h\?,u\\\V?\K\\rLpXvfHQ$pMܭi\\Hc+uS\QVLE\g\{-%n\cu6ydb\P5\\\@ r*캓OtӿV<\{x\z\^2\.y9Es\x\\T\]4e-\ϽI+\5W<R)㸯\?&9[& RL`F\\͡Ro^;Ӕm⋙4J	\稦O g͡\\8\S\0\9Tq\4ћZ\Z@9FLn*dQ\\"\H0Ej؁9\"\88`zSOG\9Q\"u\QN\)\\fbJJwZhiV\nJ\\M\*q\\0ii9u)oZ0iاЮq^\DRFQ\ŉ=M&8\nE;	)sA\*Ø%@:yɡj`8@W_fV#R=6e6F*0h\n`\\7c٤\\L\.;\2`)뵔T6k	p}j\0A\Y?\f\\}=1Rsh\5d\uB$\i?Tt\tۮ+)H\n1\>bI4\&r:0e/\r\1\0gB\\R71\\0ɥ<\n\S:#L\c\4櫸9$\Nf\U\j/1O$\mN*\@\cORq\70\Uι*FjNՋҩV8婤L\d\.FA\<sN11Q\px\\p#NT\"\0JcJy\\n\ZG5<\\D!9\[҅AК;様\\eO)\0=3L\\\%FI\&;\r!}\$w\\W\r\02:\je\b\p!s\jC\"\\r\rU\\xR3\L\\#S\r׊D*pGJFȧqr`0) <W\0\Vpۅ!C \U\\03ǽLr÷¬3֙\r\n£9\&&@@㚬\W3hiS;YhX\XlҸXVqTlya\H-H\`T^&b\OJ2(4*\|<\0\iN)\\iD\E3I\X\8`)I8\S\nh݊7dz*<p*C\\SvT\cvpiBML\ZGz.;	\0)@\)3S\\9\(\AhD#8\RpO4u튓H=9O>Ԙ\0\rQCg9\Ji\\\Tex#4g\n0M0Zi\z\0i,)N\0\Px\q@?\e\\\\r\/\5&d	\d\Qdu\\0\\sN\=I9V!H\7g t}jnRC{\ht\ޑi	\n\O\'\J\$\'l\n:`Pw{LR\v\0\joG\5\?\}\#\S7\3Z\nա\{\.\@11\\\\\*@\g\"wWZy\)y^:Tf 5g$g7\ǭAZ#\r9{b)jRcq\KG^n\SLSC@\\H)I\-o<U-g\\[D\?\Z&\\v6[#I|XV\$\S7\"\\y\\jq^mYAJǫB3q\\kx\\a\"0ѩ\#[\xj3ZL;\w\V˾X\0\01Ҡ6\'\>ޕlC#>iuKGp@M	\\\\]˾LX\E85;Q\'\.x\\`rYG\N\9*泶tS^jQ[\n}(h\U俴W\\߭=ck*\"e( \\{VE<\\\FZT\\g\ZH+\\p\rH\\XW{\b\\W\'\\#d%\\U~쭝N\Q6\F\>j9\E\+\C*\\nVA\PlpG:d\YG$\\\hzs֟M$K\(KZKp\'#\(\.̣(1\\|q\n\\Z&TLf\\\1\0teh4@ˇ\nz`z\\ϵӎ\g-\\A\24\.M;$\Z\q\<\i?\n1\118<zPq8\M\r߽R%\\\'ޤ@q\3Cd1)qӵI\\\0lf63QKc*ہTqu\\0aN.E~\\Wy8\Қ\l1\;~8\FO_5F\b$V\0\\8\%*)B;&T9%@}h}R\ڤv\\\` 9$ph#21\?\ns)ٌg44O&s\00s¢F%\\яӤ\;m\eֺ\k{.z\ٷB\jPk&\!d$\8\^t}\y\Zhy\5\\L-\CNq\\3\nW\iGcF:\n+\_]*Gvipy\\C\A{\\\!\d\\\5\\\N\W5b_-ێ\Y\8\8*+S\\@9\oŮe՝A\ccBJ\r~A.p{-_~Q>[:Ew28\F\rzq\v\\0Wbd9\N\\"\qҤU5bH\=H`~Zx楔\9\FAb	\H8 1ґhzS?Zj)\Jdqp\z\`d\\\\$#@0\\\r\0t4,ޫ9\JM\q6\r8b@u\z~\(ǥ.ph*RsNAֆ\\E\8S\"ǵ;8\Z`\i@h\A,)\8N1\\50j,dT1\K)Tc\"UbLxeLT\iqN\C4C$dE\AY7Bn\@I\y\\\qۓ\\J.ث\\rb63\\[T9?8\^Sf&\\\\c3\nwd~d06\4ںغ:օ\O\MeWU\)k:;`:2\\%\\\q̲Iv\'\\n3^\k\n4\+br0H\\崫(\\n\u\D\5m\\iK,9\|55CuqH\09\w\_*A\\'!{\$3iFI&;k9qUW\Ie\ڼ\\W\ak{Zi\~\>w&\L|0fsҺ\r<\\=Ol\S )95fRp\' \)&;4RuFlrRzԹQڎF[4\{UC\SQ\\\\Zd8dT\9\H\ZL\IqށM\i㹪2aɧ\nNUM\(4\\ai\\Yf1XiR\U\ 4`уM8\n\\RO\Ve9HZ`Y\rZTS8\Y\uj\I8qj܊Fwd\ T.\FP1\HDO\\怙D$ᛚJS T7cE7q\J.N*\#$\-X:aF[EpO\\\ڰ#M\]q\k@Ku9\\\Zo6i\9ȭ#/aS0e\\\	2H\\\n`asNF沔@i!9=1۵P\\Fr_q\׊132 RO5\\qln\\P:R5i}sM>+7#x,O&\b\Z K(5M\i\r{Ԟkc\0\wN+)H\0 `\S=)\ga8\ɳd\Ձ8\r\{\Z˰\̽*3\\\}i\P\j$!;x\X[f|e\s\\\\DO$r-@\m\Ǎ\94\̽[Td*\բ3Q1	\\QL/cq\\P\\"\<Q\ʄJx\{Ҙ\j#HԐïl\YUq3ڠd\rZ\\8v\DSVA@D2\<{\pO5S&Cx\\&*n\qLt\0s߹C*\`\\rJc\jΌ1L	sU\r53\&\\	*\)@\0\_JM\nh(a\X?V$\ث8\\E<\Ld9@ȱCGznq\"=3o&$Sz\\\d\'M9\Ii	\\G$\ZQȩCFO Ry┞)H=@\\L89\L\p8\16IyMʰ\T\\PR47_Zo#;f\"\\>\aס\\jaT\4#!֛\ns>94\Gz\nCyC\;R\M/ۊ7\'jRڛ	;O\'\0t\:\:\ZQ\(\0\NjN@\B\q\z׽48\<5 qN\\\wzBTPf)M.09ycO\" `i2Иi\\T[\"zԔ(\vpJN&\Exr\r{\e>m\ \52Y/\G\Wc=q6nɭYD6׌\SVGmg\\Z\n\Zkca\'\\iEly_\$\\+DsH)GLS:sȫ3\bN4\@8\\N\y\h\.qF\h\0?5WXϙ \ryk\0\\\'d7[\䉗X`ұ%m\)u<\f76l# PXhlss\\k\\R&k	Z\9\(e\\\\\\r#L*\ֻtؤ,\\P\">\g\zRh\-VGY\D\nȺg\'\n1+MˑLJb=*H;gj2\"\\UWqn!uF\\]\YA\@.\\\ݸ\JeOJZ\o0\\זK\'*\ߊmY>F8=EY\\/\\t0h:Ϥ\I\\0lֵ\i!\'ZӛDAVaVmՏf\Pw4&͜2ʎ\\\+Cy.\\\\v\ŗ\\reK\]T\\\ׂ;\<=Rj(\'\zf\\ZűI\]X\\8\Y\~\wOC)Vge}\Wu\I=\tq\J\\rEVЛ)c\'&nPZ;\\I\Z9 ǵP\ %8+\ZP\1Z\'.H\\0\7\\.eM&\\\Zvv1S\Ռ)n.\4,/\t1\"D\ъ\G=\yh\qɮ\\n%?5*\=!F*`\ڻbxr~ \O\ҟ\VɱvF\~\M1j\'G(ܴ\#\{\\Ȥ8\Zp\nNz~Dlv\I\\0~ђz4/1B3NR\攁ߞ)\(\yS\u>\;w\Gɖ\\րNGQӃQ\\0?=<q\\H1\3A-aʂx=*rG>\\B{\[sFMU\dnUH$\M \\\)\`sv@\0t2Dqzk4I\\0sӮ}\rK*\"+20EuK+f%\\SjqC\\\iPc5NG=\\\[1{W#\\N4\@\0\\mϦ*MXf\zӛ\0iȯ>td;ȯ%kڍM\\\rz\\<ה\\d{~,K:\EtvyWSc.ܮ01Y$Hj\\~\jƒG{.\x\x5\	o8\\\ZMKvR>z)\_?ؓ\k\2C\s\>P;SE\\ڜvle\(#ӊC&\\r\MXq\\ޗ\緰\\\͜9eCr6\я\\b\0>\,8sߊ\\\)\Kbc3\\!J^O\0\3y#vX8\\0H\0}Lg@S\r\I\\=8\\O}i@\\zc\"O\\H?\O\0\\0ǭ8n\\\Z0\0\0/1ސ\0inq\8t\ӓ֓q\8+\"\֥I\2#9FqVFEK-\r\LGZ=\\3׌\2Ǟ1gڤS$1\zP\G!jR\\\0\-[P+ח=3\\_lep|\k7\\<=NRٽO\'\/\Z\\n泽\ִ\=9\z\\\\JסA8\`V\V\p8jlu#MrKoHU\+W	\Z9B\\\\Z\Q\[V\\\dz\gI\l*{)\@\#)5C\5D^\A\\ZGs\n\\\R\+\+|\bXZP\\\^zIpƽN^\\SMs\In\HTțax\{Wn\)\0\z8*6\#j\\\\\'\"]ةZb\\<dR\01N\4b8L=/<Q\ J\o\0\T\Zj\8lLD\c͇2sڲ%\\\\\}+\\\5+HZg\#\=C{KvI[\6\d^zןy`\ޛPr3\%\]e\x9l\g[\\8M_S\׍\\>ǚ\t\K	pK/@\\C3v\x\P?^ Ae[_Ct2U\\BqM4\>F\n\8\ng4\4\=js%NOc6S\>l752=\hGva=\'\\;\n\s\{\VcoONx-F\s!ˀErK3Z\ڣ\xڴ\\\\\0FjU5\i\\"_l\1]D:\s]14\<v[\*kT\Q<ukD۱ێ\QLII$\\:UpW,*\ݤQ\\s\\\qSz\Z\\	X\,A\qYNV6K0e\=\|aA]\zW5\Mz\\\\GX\e\'\fg\'\'\nN\=d}O\T#[WP\\o]\!\\=(]8;}A\/$]\&e>5e\\ט+Bv\\N\)6ϲJ\(\v\ݬ\(^~bMz\;+\38ִ7\\Q{W0Aۚ֎6\'ܣ\r^9f[\\\'Bd櫞p \Wx7\\TX\\F\\\n\"5̏\\j`\s^44އPQO\r>R\0RǠ4ȤI2\\\^ب1{\n\R:ae4dv\cd\А\ap*r?f٬Q)l\YߌPҌfy7#U@riZMޘN\0\3ڣɳu\"B@9v\2\Tc\E(n\,\\f\"\\P\E\0SrM*H\\_\-hܧ\PhK(\'=[4&O|\0̽hڡb\ϭ#g\0c7\	\N*\+d񚅲OZh\Dn@\Zj3VX\b\ooE(E74\y\;B@un<rj,Sy\G5Rd.f3/q\G&p8\T\[\iMQ\0\\׭Q#\P3\ZF\\\w\\\Xɰ-z\PO<\\\$\UNOl\EȤ+\\ZI\\'\\Nj;OPh\+?^i\*rsң!\#\\O	\\\i\psN݌)攮֕\e\ri\K\a48\.\M\\"ڞG9*\\SԚn7P85%Fi\\i\\Z\n@\u\1\\A\r&1)3Jw˴HR)dR\\K\\0RsIX`b\\\AaRhG\5)wǸ\\\\0B\\[ӥ4\j\nC)0S\\?\Zv8\p(\ZG>SH\3AV\CO\\v\z\Za:Q׽(S\Ai\0wd\)^8\4}\R\w\"\\QC)\"2h#&$TY\I\ҙ\n)#\Z&\\4\\I۟ǵ{\ڏdjeJ_Ň\oݑ\X09]#\5֊	\_I<\1n1Q\kds9\r\'RzsJ\0\\Iڗ\\r4\\\:{\OJ\'ڨuϨ#4⦓A#N/P\\\Ha3j\tJI\ՄV֡y\/9\GSK\VBWq\҆\@,I5\s\Vg]\j:q@\持XX\Le:ɠEشɢJCޝL{P+\h\S\_JB*O0\zC\;zLp(s\r#5g\'!SsE\'{Z~\8aЊ,\8\0)H\N\:SK\qVo\f_*\nq\s\Z>z\"\(nõmrV#᰹\\\X\<sSA\\b:r8#/NEZ$L&3\=gɻ<Rq\ڝB\3Қ2=3Rl\ҜI\^vޝ\5,\0/ H\ *9#E31?\\\nrۀ\\G ƀ\\\HFs\Mn\\\`0\Fv>ni\n\`\+[ r3Q\nr}\\S\`y#f\{w2~nf\Ig	9\\'\j\0W8\QD9玄\dNOZT\\ \0\98\JLN\\H\\0B	>%\'䯳=\\F\s[rs;\Ejy\^L>\"\)\b\q\A׭0ez*F9\~Tǵ}[>|p˴)E\\W\*5\m2;ҼGcs\[\~\#8\\\lvz\n&$Qt\tvc\t91)@&\~ q9\F\\2h\=!\^9|Ă:W\e\}\|~w+֊\P܃S\n\S\{枈 r\rzǄ q\r<5\Z\8\9\\0T\Ihp2sQ瞕*ÎƤ\	;-\\\8rI^JC`L܆R\Q`\\\`\Ԁ\\(9 u\i>_@\K<\\n\v\'\0\EH9\ڢӃ3RR&r84\01\\\\n&\\\Z0{\nqݟLP\(\AQ\&\\01M)Ê\)\\\\Qpҧ\0\A{x\%S\a@<\Xt\r\K,y\'Ӛ8\UԎߍJI\楔1؜\ܸ\v5l<s޲P\j[\:ЗQ	\3ީ_9\d\\mBW]V\\Aی\\c\\VG\\ԕ*lk[\\\@px\Vk\'Sq\+\mot[\1\'\\\Zٹ\/a(ѫ)W*w>Ύ=ӌc˥	\n1FT\P\wIq^\ei\v\j\kK\"~&n(+>}\.g!U	$SJתG\%ə\0>çH\Zg<ŷ\xT9\&M\KJ&+\Q\z׉-\\"\sSA\IP\(\D<}Fh\ӮdҶI\Wkv2Y\Ȯe	\\1C\+g>\d\0k\\U{\\Ҕ軤x&\*D?yH\5\4r/\0iW\\'si\\'\:)@\@l\KdwsӷLɢn)ÑQi\\\X\\ӳڠ\4;&]*\\H\\nPzZDv>rO&X\U[Q$W6}\[\\{?dO\\cEv\%u\Z_\\\0ǳ\\\)\,<\\WZ\H\\a@EY4@\r	j\׉԰5;\yveEVgd#\Ҿ\3r^+\/M\^6/l\Bf\aW:K]Q_\<ף\ͽ9l׏BJ>\r\ruj[\j`wQ\	B\KC\aBI̏N\rUh\\frsڥe\r\Zn\\\R\c\vO\r\V}\\\\NIy\\ЎO\\+sMAc\85]^P\u\\\qQQVQ\֒\Ѻ0!b+\pN[\F\\a\\\ \C\\"3%ҋ\{n\=m\\0nlF\\I@kLk\M\J!\\coZg\#209׊\-uE\WΈp\qׄ\:c+\}O+4\\3	:ikk\\92j2\Ea\FEX\r_]	)$֦\7ӳ9\R85#\\Z\\!d`S[7yn;T^\ti90?Xnq\ijV`-f$W\a[(aF/Is\\Z\|At \F+\dw7,{\x9*tڧk\c*SZ<\2J(ݲ\/5K9\{G>٢\#HXg\\$c\y\6VW\Vމ`p\j\\ZegРۓ\- rh{n+z~\+d*\<#c}l\,y$WxO㷜W\1*\\,6\QŜ<\'\r>-_:7\V\oЯOIwǮ+\_\r+S\'\K%[eқn\ܝȾ\L%w\n_I\'\\j\r\ާ\\\h@\qWϵRǖ\0\\Tr+\\e\\ aC\1T6mX,:Tl\{ŷLTNY\l\(C\Zx\Q\m;`\5Y.\:\\~\l\R6P$\\*UN)pVw4\r@j.3U=)\\J\n\\\Ҕ{ϲ\M\6\<\u\\1 E\㊖Ze\\³\\OkR9\R\/h\'r:ЀLU\\V1ޘFy3e~wv\EY#h͑FGzTg\0\Kǽ7y^ԧb@^y\T\|ir3O%Xb(<3lqEBX\\\ny<\ZϦj3la\0\?\rR\ӭCLɋT2?)X\֣\B«s\V$u\\{b8\&ȃ\K$۲1MiޑDEO4SX\(sK\\\M>o\j&3I\s4\r\r%@\(.s\)\\%!\'8 7S*Yhx9\Mq@8=rjHF\0\)X^>\N9\HvsIx枌FpzԀ\gjQj\0枌jYq${\}v@npH\G~jA9\҂\@\J¬>9\U<\M~\~޴&\3$ߚ@={юFx9=\Ezc֢\qy\li\\1H~^σSr\92\\`{Rn^PQ\Z\\\~\Bևl\2(+\\\Ӌc\*>&\q$8\J:\.p%iN8!(I\gGJ\c}׻+\{>\nvMոny?\\(\0>\\w=1Y+ȭ`\0Ʊ\JtlG\:4s8\[\o\"sG\"\Z	T\1֓\"cI\\\\'h\#t\3?4ӌN\0\{fM\ #^%5[Y\l\\յ8\媚\p8Ȥ$73ò\\q]9\\\\\J\+rMK\z\X\1\"WGf]*Mx^X\\Z;]3\F\W/\-R7vg׊\;e\pJ\]k\~(j8/\nӸ/\x\4G\&~5\\1\\0&]\ں.VdA\E)I$\54J\)\'5V\'oOaI\.\SHH\Zd0\\N<Q杅\	\-T`:\\\'^?)7pr)\=M&ᴜ\\\l¹]B飻Tn\=]˷V\0u\MtS9+OCqz\\'}\rB_z}ޢ\z\zRӎlN{T\ޚ8 fم\{g0\ޚ\;\'\:i\\0\i\0cs\qϽ)\#c@G\p\0)\I\jq \irFsM :\\@\W#1N\\\\5RH\x㞔\\0SG\q\\$u\G#<\Hy\zcr\{y\ZiRA\\\\'J\$=I\\ޥ\\MВ8\"q]P3\\\Swpqn\r\rq\\\JEĉ\9\zװ0\nMdM&@\xح\r519\'#+ǣv:(ZR]m\z\\\9\0r+iVBF8漉\}E\'x]q\9:0?\Zr*\~Zc\\sMb@\\'8\}[>z;\V8#s^_\$2\\:\d?C\dhnOD=\b\f\0\Ǩ5\b\\g@WGh^x\"\EKq\I\3ܬ(v+\\z\b\'>!*s_KV6\\,.Gyn/\L\\\0i:k\G\\׭M~\ZO\rJ*\$\'8F\󊈒0\0\j\{qޡ+\r&S7g*J%F<f	$R\Ҕg\08\ZnzS\t4NO\sT^\G\\F\31J\\m=QEr)\;Ec략gY\\V	\c\\?Njy\\E:T*\6{T\ð\8m\\Ӛ_ƣ\\)>ԟ7|\I	板r\	=\0KWE:\n\WacyW\v\k\۟[I[3Vnul\w \\4ontu}Ok6{\'5b5^\\49\n&\'x\\[lE:>@\U!-tjGxuJTv\GP\4eg4s *Oߑiw,5\z\<ExʯF+*kϵ%}F\cQ\\ؚѥMxL4֊KiILI\\MtV\`gr\\-\ӽc\\CR\w\Jsg\t!\ZP\4m\Zk\Lɰ\w0\\8\gMT,v\u\"_xJ7\"b\ggDt)@_Pj\FĪ\"\K}N\\3G\+}(\\,هm\*\\VWq`<lx\EtČ\5u5X|w\y\\>$\c1^[\@p\~`M\T\0\vht\}B~q_>Y\\\j\\=\\(Y<f3opO!ԌWjzj\\c?-\\#w3QV/\K{u5\\Ō\=\r|I\o˥ܨv\yֵl3Wg>x\W<\ƞ1\\1&+\A+\+\GOK\X79+<Mᩴ̱\$\tSM*rzg\gd\'\kƀMOV&H\ߥzGɸ6\0O5 C\\W79|C\O\\+7u	{sR\Anѽ<z݃k8\Rx\öeV-1\˶*1\ҲI$~?YƯ&\Z\f}\\SD\Ξ_\\0xbt\\\J0\'k*(IWZ\W2H-`ֽj9\'\5c\Z\y\+հfv9\S\V*v>ITqOc׆mX̃q^\t\6a@Q\\\vwhB\v\0ǥz&Tp\\wg\+EX\F\UD\WBw\\(űM\jP*x׊\\"xcOJ\QR\^3\c\\Fu\pgΗ(F\֬\&\\p#\M/\kԽ\9X}$\.\\5\&*D	V	Sk\lt¬S\\5k;#\\\\#w\\\!fH=T44ny\^0>QU.D9%y\a\$o*Pgk~\\\#\<qǥy\\A5\+\ﴋ܃+wg\r|,wHΦ\rMvZ\\\W\<\y*Q\݋\uMn\q~L\EvhAO\r\\1ed\u$4\hlq\F+\be`jBT:UP{S\\$\S\\b\Tl\*[49_m:oa\y\Zs0㩯\\-\'\\\ZdF\P0>\n\\\ں\?N\|=>R \nղ^S\\U$t\n\>˩\\T{\=O\)Xwk\ m+㸭\\*.mf\\Z|\\0\n\/R7\;t\\F\\\\\@8\h\M\\\:xi\f\\<ZKbFHQr>ls^-\]\:\Q\Գ^Lqt\[z\2#\r\dK\nX}E}g\\\\\t\(9\\w6Ҙd\qQd\sN5\rE	{\\\4\\Y9\$ߎ*<\\ql\\_9\G	4:T$\1ҕD9\'4҄Od\\[A#$>I;V\n\\\\p;\m%vLc*I+P\m\H\4\\0@h\\\0\\\:ۥ\'hڲ+u_Cءs\;g\\#?Z\\'c\\1\>\t\=IVy\ϵv2\+\\=/\\ZQ4\)\\\֑\歁\\&{+G\\uh\1+їC[\0\Ll\&IŴ՚\ߞ\'\\qM>FL\ZnHGLPC!`3Q	\[Ga\j=\'\T\]\\\\*jbrOJ\Y*\6C5.\\*\\}MU\\lA\qP@\'?Z[Ӑk:\\\О{Q̑>\Odh)\=i7`\\Z\\D\\uJ\\ezg\nI\\n\9\\H\\~֍w\'ݓPɌ)	+Bs@[\'2\\\"\0\ӽi\SE8J1SN2jSuzT\ʏ\TD\f\\\\\\҅L¹Y\21\r:Vz|-ǜd\A)@eL\>\\.j=M^__7\6k:\\3+^\\\'@\'5R,ʦ5yD?\L\O5Mؕ}ӯzq\\jY>Qߎ\\\\nG#g\㸥cD:l1UGJ*\"A4DD\0\Zp\'Z\ݩ;i$\Ҕ	5!\/OjǓQv%c\\\\)99\θa\\\B\_JȒ\F\[\̃ך\7xBߕf\v\ä#37yG;YM6\\S\Z\`>\{S\\[QğSWI0;Y^[\AS:V裣n*r}\\\mnО=+T\9C\P3N2x\\G\RI\xNi0CNH\Ҝ@\ք\P^\\_	\y\\\\\\\2\\$l\i\'\\%>[\Z\|\5\:	}f-%/ь֨\ciz\Z\0H\RI\\0b{\H@ǽ;܌P\"wcRw\\b-\\-q\l\n2Ϟ4\.I5\35\\泔\\\unwĒ\|+\kvgb\wS\!~A\\\\FR|ӭ0O\.ҵ&\^qA݌\;֘G9\@Xm^\'*á\\ֲr\*kΏ1Mne:|\\\~\'5dbpA\\Z\\6N\0\\\^\\\YDV\0qR*-׌WDTZ\\NM6uO]!n	\\Y#Y>q\\r]\\\2j(\L.M\\Yv\':_\[\04u\'gҐ\`\{mCj\0rS_\:3u\nE\\r\y9\\T\'Z`}n:<Gx\ms݆*#\ecYw\\\Z\\\B3\qN\\Ms(\@1BERYqB\Yv\sB\Zp\r\UF\%8Pcsk\Wx{B\\Zn\J̩\VF*o1Tv]\\\\\'G\"$CAO_\8;SDb\\v\0ȂAc\qڭ`\#f\\Dr^\j)\1q֤v8 4\\\\x1\\07o҃\y\"q;rj4\ax.\=7\\0*a;uu\\i\94[8\C0/Z^\\r\'\'##4j$lua{qHx?*@c=ښJb*\'\0x9Sҫ\Zn\9<\Zb2\@\(\'0H錊6Vl\\'=!\}1J\\zKT{\H\Ӛf\rzi@aԌޔ\ǯO\R\\wZp9 w\]Ӊ˨ǩCr8=:\\/C\rs\Y݇\h\`l6+~\Ϩv\'Ac[\`\/`b\>\lFj\\2~F\>uNOΓ\:\0\;2B1s_V\\\\<S9L<c7G}a,8ɮƥNc \Vm,vȟ\QҼ\J\N\\*/u1%sz\]*!	\\\\\=^\Q\\rUz}km\\I\\|\bN#+\0/\k\0\!\|.=b?\\0\ښܚc*\߽!\\g&\8l	\*tRI\zUAҨ\\=1N\$LxLϽ5s9R\\\Dr\\Z\F*y1<w;h$jor\l.~\*\\\36M&\9Gj\5Zi\K\ӌ\Wⅱj8-_=jΣ335\\\\Y,/\\o|I\[m\\u\mn\=Ԁ`7ӓ^%L]jY\(\0.6z\oXԯ\X\B95fϵ<dXY3:}?|N׬]D҉\\!\zF\y޽+\\\\'t}\H\(\kSk[\⭗a\\\\t:2Cjҟ\߀<e\860Ol׾\\D1\\\"5\Z<\\N\Zxy,8\S\c?J\9<Ntd!H8\l䒻g+n\5\Ml7S_9_V9$zgk7z\o\k \'k\\cW\\"}.T9\/Ș6A==\\>n\\\_\n\:4\yg=\\4$a\Z\:ơa 	z5[}\\=*\.cښg\\\\\0\![}LoBxq\WZj0^\\*¾\\B\lOOtZ\'nc>ޞ߇\8^/.RNT՟c\ M#\0\\Tl/bxq*\F)\xF\[M,5I\PKRˢ\\\I\'\$9c2r[:ƫ38W\\13\pZxZi?[\!\c\'pnzUmVQc\'\V\Zh\wUVrނ\\Vc[\iiծ\\HU\\\@+;d\S\tmהz\\6[v\kG/h\zǄeI%\^oĪ6\n\\jX薰y\n+̓m\8FV(\0gF5scJ\PςzXjSGx3*l\+\\\\)ezz\ZفRH\b.,3+jS\\*\\\\;׷|>3\K3My\r\٥*xe$銛L{Yуt\"R97}ct\rz\rG\":\\\"\5\(1\TΦR\Z<G9eɌj\/5!\Zҽk\Nt2H\#\\$\'<\tq54\Ǖay5/Z[\l+v\r\\\+O\\\a*\=Y\R¾_v:\9\i%N\W?7`\0qk:\\!b3K\\4\Zk\r%lr*H\Lf]$xʛL&\'Tg\\Z\,\<fDF޼*\\a\'\\E}\[ȯmS+\ǣQM]/4,,:p\\\\1ŶKWpx\\n8>kW6\QuP\$\o#+\uH\3\+=\o\q\swq8mHx\ּ\^i\:O8q^\0pӋs{W\r\hP9ls\n\l\9^2q^\\\\0~b0}+X%+ ɯKҴƘ\\\ܱɄyz\Z\\nW]Z\DTu\5\Ze͛8\"=\\dA\\'6}>=\"\:\Mu!حt0\\j\]IQS\##S\f9*Tםk KF\r\\rYWGxNiUiÜ׹x\&X<\0\5\\>\З54xXrՑ\xjM}+W\n\\+\m~\}VY\'\l~g\KxȩJئE{׫s\\6@~\(lj$]\)C\FP=:ӷ#\j9bY\tR\\8\J{oO\R$\\F\í8tn\\6lob\H\0x\Z<\\5\g\64gJӍOx\45eV9\<Su}\\\\mʿ*>\\VtA\\ 8r?F\Ce%(\@	\'%\hA>Rnj\Gwl\F\\ri\<c\\xoJG[a$-Y[YvKǣV\6A<\48b\V\"\06\\hvo\'ڡwg\w:\(ǵy~\\\˕Grx\H\\9>/b|ml◿s\R[i6\)%Rkm}5\'jq?3\\\\I\\\\4\a*\b58\n14\6\\M~4T[N\1XɝC\$\iO\"Ph\\I\<w\'ښD6\r\+\,	yX|\D\̥K\\\nI+;\o$\@+\sz`Ӽ<\~\r5\]\\z\}%\\-؈\E\U\=+\\jx\H##֑hG4\j\\g\\r\NA1r rq\i\G}9aT\a\\Y$Ѣs<:lcOj\\'~S\\hQo;b}*	\\\\0ϭOA5S\6\ܹ\Gz\<VǑ)#\\&1A\r\\֚W\\Rނy\ZD2\'<VVӈ\\DVzc\5M]ySC\:\&JI$a\DdyNViݹ\>y+O>P\0<\Ct\G\3\Nk̯\[Q˕F\s1\\^̲,r?8Zk\׳\h6ѠU\0\<sWWF\}+\On:_#ßN\.J;\\g\M\"cf\\+\|3>bF\Qn\\\ۛɣ:\aLa^J\\`\\s\:Qn\B\ݞ&\'I\Q\XAdӀc~8C\>VD 1J\\t|#:3qKӑG&!@\kC\L\w@\T`iO\\SFI7Ja\sOȨONa\{s\#1V\\@\sZ5Y	C\\#>{\f$\u\9\C5\6>#V21A\'M?\Fr76:ZrI$L\n\rF)?ƨAIf\\@z\Y F$WWl\HчBkxM\\a]\4\ӑy\SO~kc̛0OCP:?c{\7\C ɨXq֥\$\D3R7TL}ϽI\j6\\w\A\ޓ4\"f\*ý؁?ε[<\\+930S\Fߓ\})N2YD\,{FAzųӄNL\IzW}k\\\EliaMv\p\0ȫ^Rl4!y\0,t)$қk?uM\\kL+5RH\<cP\bt\a\ԁ纵[>x=+\{\8\}\x\0lcF,u\7.V\+0\C)|A\\Vʹ\\r\bsV\i+^Yu`n%~\ڤ\=98$2	\iM!\3Sd5CH8u\	\I\\Mx^\0H=\/\\5L}SYEk\.\ڪ\k_\P\r(\n\0=(\(=\\t\!\E\a(4\\'zLSv#>\)Q\5:\Z\/\;kO&H8 _2_\\\\\~c_@x\Mv=NM|\.w\US\\G\d9\zLri\\\RGQd\hؕ\mYh\"b	\H\v\\\\C\5\61\'\\\\WLMQGe,\'2NLx<s \ʈ*\LJ7_i\\I\"k5^\\xθ\)v>\RaT\+\kw\\\ї6( 7V\bec{zx}L\\\f\\&K+[k\\_\$a{\Z\[NSv~oʽ\\1\WF\\\\tyd@lt\j\nc\T\\~\ۧ\$\88\ҙq\\\)\ʌR:Gj\nǵ2H\b^\\~ojBj\0\\:E\" Eby\LR\*\f4\8\k[FQ\l\\A3\\\1^\\*VGP\{)#G@H\&\\0\\v\JqN*R\\\4\=(|\\ց\$\\'\K\ژFsJv9jFzV\w`=Za\N]\\p9\sE\@O8\K`֗9#$g\r2lFI\GZ\n\ڂ^Ozfӻ\qK\\R`\q@\n\z\\r;9\M\?A-3z*\\\4Tm\\1\\w<1ϧR@\\zh\\1\>BFp\0\*RK\◑\\@\\'9\l6\qߊ\\;<xeH\3\4\T~\a=\GI#߹\nqgV$[H<וYj}6\\}r{A\y gӚM`u\}\I\0Ҍ\0ME#8Oc\\\4PDܗpEV\ʌ\r;ň\\Y\0\ǹ⤆;o+ʪ\U-)Ɯd~\"Bq\ai\gn\X-\߀溩*\Fx~)S\݊w\\'\.䓨f&=+\hX%\]Ք\*rx4\\=\Lx\#<҄p0,\0>\*ˢ \0\9\07# b|qIH8\\ԙ#>\(\L\5I򣪍>i\ra&@\\ҰQvAǮk\ZU:+\QCOȽq\\7o[28\\]\8k}$\'檯YR\rҠ\U;\Z[r\\0+\֥Hzt\]\8*9Ig\Ѡ\1\#\H8murFC\7_0qN\\5:\ܜSD\Ƥ\`qS\Rmr*\O\\W^1޾N.b#\F\\E\@\^\\\\7d\\gk\y5:-G]Nc~ \\Pxȯh\\D6퓚C\׍u\]x\\4\0=&\h\b\i\\<\~f.\\#I*Îd}}\Z.MhXӴRBap8\r`zWIa\+\\\\\\{XA>s\QI\p\nQ^\4u*8\jh\v\\=	D\\W#\\\\<_D^i\\\6+DQWN\ZZ+;\\\n-2w\0	=+\\iq$-ּ/\\mAW\`m\s$\L\I+С7++\\\[\͞^#\mbMB\F$g5\xZ <q}k>xnA9$\n\\\\1\Zrܷ\\nM̙N8>دfM\O\r\liun\\0#\Zp7F\څ>D|\z\>G\\\Z$*e\s\u7syɓkR\I[F\WxYQg\\JU(Dzp\dǭv}ϑ#tq|1\x\\洕R\\W\1\=\NFxb\\2\$\\$!WJ\G47_\o=3\\Z\5=1-y \r\Ґ|*\sZKm(hMh\zv>~4Q]N2k\ѧp9CC\Z%T\Z7~\Z\m\v>\\FQvGSe4E?j-_Dst9\\\\YI,+_/LΧp\\wZ\5\W^N\X<jqo\\Y\> 1\#O7r(\3XWh\Rwiϱ\\\\$\\\R7]=\k\P/\\\"\\0+G\0\g`8v\m\kR\a>\\\\Jr\'ڹ}Z\00~j\E\^I\S!OZ\/m\ھ\l\r=k\ufU\'\"(U\\\Ty\\\zO~A\s^gwpo\\wQ8Sߨ\\\V\'\\\\0O\\c5-\D?]\"p\)<{V\Oq^{Gb\#ʐI1|\r9ED\۪\Z(6y=il&Cĭ\p\żN\1\n]{Q`\nS0\s$~j\g\Tbۺ8\Ԃ1!\\,DǑe\,\RFL\kCմVl]vb\0F\0(-\hB1W/\t\h78\gj\\.t\\\H<u\I\0Ս\\0Q#kS\Vze$\n0\;3E\Z\\.\KM\ݽ\Ȏ*I-R݁P\\&\rն\{\\\m!\FEbj\(Gk`\<\$DF2z\L>[30\S&)#\\i\i\n\kB;\\z\\\s\t_\D\8\\ng&5\}\\Zb\nO|Wp1ҸEPXwWyn0}v[/u\(ui\"\|\S\"\50\n{ׯ\|w(5>Lx#\nMi~L\R&f\\:b3\~I4\r6J\}\\8$qW|%͜UE\\n1\\\0\S&|F}k\.\KM[|jHI\\\\o\XB\\I+\s÷A \8&\\\\\\$f@\\\KAJIhk\rQT-f\\Ӹ5l|j\\m+\\n\(ڠs\gs#Zh[$;d>\5\\__\I\'+r\Y~\\cI~\"&	Fq\|\\#q\[\<hN@\ֽ\ZY\\J\Lבxj\n\2&\x\va)\3GEyqFtP1SUCR^vG\\M,\\\GjhaI\"`\4\TUdgd\mE+\Yw\L4\5\\;\"enK5[JM4\KE\n\D\R85\.2*\k\"bHMiˡ\\\\A\QIǹI\\5nV\$$\0\\q\?:*>i}N΄#\\4\"oCRf^\\-\F/TгX+y\f\ԙkffR\6me3\2~Y:\q;O+T3T9愬a\n\\\U\\\\n\Ѵf\9C\ޢ)Eo/\\T\\XJ\1\\u$	\3]w11R\&X觇~\I&rA=H\zv>UaaNɦ\\.8=71T\r.(\x\0^o\\RTbb]wL2O(?8@=۸?WdD\+&{+9\t\҅\\!Ezō\ʨ\\s^H\J\\ B\^+\3s>F4\.\V[p1R㈕\\\)ꤌV\\(\2\\\Z\'\+*\P@\z\\=Tט׿^\Ls^Cٵ\0\F\?5G\\\_\ZQ\\\NEuveEpLQJ\\}.䌚>/7T\i\=\<k6\\"\\\8?\Zn\d\r֙ޝ\b&1qQ\;{\n\\\"Xԡ=NFyHoJ\.,qq\\~j\\HE\n\H\\IbiV<<Whz\0tuםV\\\Y\PlU\\\Wf\W\\V#[)ۅPk\;#ЎX\\ݼ+6 #m\g\RzWӏ\"7\Z@h\\ǥ\\1WvdU˜U\sö\\0kWNkiHr:Ux$*H\w\x\\-x$\1N\0VYv.;u\ެF\a\uE5Jv\'=9\`M\\N})\\=\Ţ$Ɠy[n:c֡e>ԉ<銁1R95<\fEyԚ\\s]$\5\Ɍ\X\\Y\\<[z\?J\\Ȯ\\3\\g>\U\\ǞQ\\Z\\D\"\vn\\j\\%Q\\s]\;\0X\ϥ\\Kx\Uk\P2ۄ%cK>`\0+ͼC78\k\;E\A\\\r\\Tc<U\n2L²S\\\ \-\\+a^\\t\\\ӒS>GIJ,\Qo˝å4yЏ*Ai\s\L\ROZ&\}B\u⁀8yP\\\dƼ.EÐ?:υ۾\/}[K\Gj\,k$V\&cY89Ƶ~!h\E\50b\\\8\!sG\Ȥ0BI\\1Uq\\R\Z@hϵ\'J\<z\\\\2OA+\\en\5}C\\Oi\\|\vP\\~<kB\jι!wv5@&\\Os\Z3\nG\=x\g4azW=gkgۇNI$$\^\\\\Z9\\/\S:$mY4>\'89\3\]\rl\kRy&-[VB\wώA\`r>a\f\,\Sy=*Z\;dx\*M&\^\k\:FI\`\+D\#n+\|`\k\\c{V|cK\z<E:S\\P(=+\F\{4\:\*A\0\\L=pLM2M\\H\\p?zU\qN\:R8\3\S\{ҕ\G~)\'\ژ{񜚓x]Ğxd\\*&  7C҆~\ b${\jB\=8⍤lThGs\Z\'\)br}EF@\\g/^i6\\\\\̐\\]=\~?M#\'\E\0mo^)\9v@\1(\1wZi\g\7`p;ijb\ZTiCʞ\)U@\'LP\"&\<`ga\^\\\0\O#Fn((\~\\\N\u\i6)\M`D\9$Srip\ڝ\h\}\\E@\'ӡ#j}\>Q\\>`z\U\Z!҄\G\z`gq\M$Ȥ\v\PƑ,X\C\_L\\?\:4`H!s׎R\Y@\\V;)-1O[sװ\a\\:Vx2\\\_oł`q:\hS9 \r>b\0\t\|j\\[[O5\\I\LQZ\bWِAU<k.s<&2}\5\[F<\\^[֫=4u2x5gWp\Z\</\UIm\;+<K9&xdJc\\y\\\Ms\A\\#=\飱\@{g(9AϷ.H\x\V $\\\\q\OJ>\6\\"Y\nĚʥH]R*\\Zʱb?.qDRʮA\n\\\\\)h\ᰲG=}Af[88\cO\\"\cTߚ\7\~=\M\r.zc5	\ue\]D%ׂ\\r\pg\ڽ\Uā\xG<Bu	\mݎËĹ\\nԻ8\3M2L8\5\Z>0\0d\\'\yc}\@}+Ɯg\Q\\b<yω<qm%\0v<W闖Sé\\m\*AsJ3qZQ\\8v\\*E/U5j@Έ\"g\W\杨\RseTRGŔ<j\QzKw2\\\F\r81\=+D̬tIpN\·\\*x\}+\D\r\\@\\\f5i{H8GxXh\HVe\\\\|\\=}k\;\*-B\ZF$0\\V\m-nw\1\ t\bF,TS\vC\:G8+ش;jdz\<1}+\b]ȯ&\g\QI.WIeZn\n8\rnh\\ʘ4\PO<\CrA#+a\-[\&؀5LM1\x[UXϵu\Wj VDq\QI$qs\ZNNxA\V;vfx\yt2/y\9,P\}*.GV*iF\0-W_DKS\a\\\O?m̋\\\^b\rG7#\q\\\́S\D\=*v\t\Tt\\)g\kH\\cT:i\i<G3\\\\\Z3-Ԏk\s4\V}\:(a.ݫ$p=+Z\$X<XfdAW>\ZohvHA5z\ʄ)˨\YdB0D\\*\$3^x!ks n}+ȼK1Vd=\&Sy\U$g&ڜ\r1iT+Ś(\\2\\g,\\d3 \\ᦓ8=+E=\fƏ$^&dݎ\\%ylnĀ1\+\\tϸ`[Q\rzuax5\Y/2+OjP\r\{+:\Z\lt\m6́\upj1Z)h\\0>b+­\.Ji=7LЧ#ڻK8P漫D\\mY\\0ukD\B:\J\k\밂,g\`\8R8Wn7I\F\0\=Q	Y8׋=\&~^+\5s4D	<\r}:N\&y\\uʘR3\VA\Rrg\\ą8\'\4J\wΤm\ѥ5$\=J]ޣ\"\r=fG85\n\.\V3\\'WS\\\I0O5\{bzbwX9\i\Kw\it\\#g\5@Z\UH46l\<E\"C(/X\.\\\\[$a\\Qeh-N7g\\9=\\\,lmр bP\i\\	\\\_GxSX\+\q=Gmw#\<VsnW<LcS޴\\0UEB\\$\=Ԉ#8m%Â6N\mC&y\\Z:	0pq\\^\I\o\\\0\\\yνᑁ\AM\e\'ʮ\y}}NA\GB\D\H20=s:\	\c\\I\\~\[f\4O\'\F\R\\qJqp͝W]>Pv\y\y<\jىk\r\n~uİ|\ߩ\rI>\HzTϭz\\\(\34o\KjSU\nj&r6Q\&9R{\Z\-2\\۱$\>Y\1\ʞrEq⒕9zZ\E9/\0|1>)\\\}A^	cI\_*=<\Q1\\\\u,吨;+\qiFg\4\R]\R|\AT	al@\'k{\}Yx;\Y\\6$\rLy(ܒ8\D18lvORD\9\s:\\knK\l\8k{_0\\ZÓJ\ĳ[\A\^\\\8g|uRM\\\+OMC\zW>fĬ:\d\e\\"\ZW)\"P[5&j\0s\N#=*\'V\\\"a\qO\ӽ$\oB`sO_ZR\n\11\sڜ*0}\q\D\\f\\\\ǈXl\'n2k,^y\ivX\u\{\\zq\$y\"ILv\SqZ\ĒRN\\\Z,e\"z3}Xς/\\?zpc{\\XC$\!\0ZOS\\\*I)8>S\N\'\%(\q\z\\\\%TtR\EAwH\Tw<bbǨ9W=x`\\πcP̧\ak\cCXd30\ļ\5\}m,i#FXy+W\X/\Z}\"bTm&\]\\\\*]\L\\at\r3(,rǖ9&e5h]MOu\>\[0Pp3QM\ST\5*>\+{8\˃N\"N2MNkڱM\\\R\\!b)\#)_Z8惊\y׌\ f\*\\nSð.}u5\\\g0Jǎ/BkԨ|`>\ct>%5\nf{$6$qEmT-]%c!U2c\k\H\rJ\w\\r>uHd0xSZuE>Udk1%cFn\0vҴ\n1\\$\[k6\\a/q3\V:b\\OqFU=k/P\l<2 u\*w{߷H\\B;#r8yͣ\,hI\re{eg(\+q\yaa,z\(!rs\\+\<I.,RcJe\\>4pcU;\m0\\)Af\0z]{!0\0\#\3.X\؊o^N\d\\Ϛ{\rḣ~*&:\v9:\TBtjlgF\⡛\ԋ\05\7+Ѵ\[mCR\U\\W\\-A)Tj12Jv>+覑\q\uʧN;\\q,jnq>\\ӢA\ybzh`W\#\0T=5u4\V ZenqlJl\z(ù\A\\ƥ\&k\.-\;KC\I9g.gk\\\<9\W\vۭxE\~\\\\0\z\ng\ʌa;iB	ۼ{֝N@\l\3kz\a\0\פb\2\gi8\\3t\WsDo\\%H;\4\0I\L@\\z\dޤ\\0y\"\\0\kq\\d9<`u\\<s\u*I\\X\>\\zׇ,; \NXW\6n/\{\'aͺ=1^v.MF\\e\^]v\L}꥘*\\W\z\̶\K\'-kz\|\!\'*[/\ni:<SX~k~I$owVjƼ_\UTdj5vI^\l\\G)u\-\"\\\	ZL\T&\~\rA\G5\]GJK\cc29\He\-\c\\5]\e\7{\ǔNԅ\\v녋D\\x!\"s\\8U\OC\z&okC\\ֻ\%uvxY59gh\q\G\\&sjLuM1!\0\<K\SzSQ@\0\1M\\0\nx\x4\\dI<\r{·s\r0c\@\{ow%\R\RwP\\>5{U?@ᱭO\r-7fl\\R\n]Թ\\r)4\@J	\!\c\H\\m齸41LE-B/>\E\\\B_\nC\\1;\׼VB7\\U7Ps\/\tz\y63\"\V<3jt$/ʎ@\+\5\.=\#\\y\\\\\=\:ţۍ.Yz3\1\VԴF\N\\`j旆\y\]q.\\-ٞNK\^\Ggk&\'##Z\6\\\V-ӤM\s(5Qz?x{n\\\\\#\3O,+aOs]ך9SֽJ\ӱ\ڎpBW\0,V085p	ɮKC\|5\\\s\XZަR@ F	\aR`\zx[&\i\֘=i5i\OQH\v?P\\>\*BښG\'@7aɣ\\i\֘ZA\0u0#\M!#\\\\"=^\0I\\N\}:lc\'\jW\r\"t\}\(l\.MQd\{\x\4\\LRC\0\zSy\G\\HBn) 1.+\\H˂H\O8\kX\\rHc\H\gS\0;\\\0Ȋ\\;3\Xl\0;\)6JrZ!*x9#ZR;>٥#\qhX+9\Mu\c\J\\r23N\&GLe \Nj_\\SJ}2Z1Y\R8 jV\n\qp92 \0(\ӎ\;x<=;zӹ\%F\sڝ*\s\c4\qyX\084\Z@l\QQI[c^js\a\?J \n\rqsJ\L\:{V\}FkA\#bRG\܄=r+>#\[\\5\\ޏ؞zUI\j1sV\V]e\sOn+\&\\nS\jwr\\<q]Vw\\IJ*\<\\\sȬ=1#\BZA8`fc!M$\౭D\\\g\Z\ƽ*XzN9څO[v\EbN3P(fL`{\"Wך4|s\YX*Ű\#Z\C\\kR8.T80M՚\\RaTdx\Ifɬ\\r6F\n	<guv\\\^:umvW\n\zh閧`cК\I\*=x\6_e;NJw1yV!VW=*xrc&\x\Fs\<\n\<m$ks6*[j\eR\<F\ưM\?\\nN:ׁ\3\œ[\mPAs\sג\\\04.=VAX\YsyAm\\kb-gK´- }I<{\nu\\6n\1Fzה\E{\\\[FT\WSi#.x]\"\\\&;\ncr\Mx~R3ؓ^{\6ċ_3q\W5\+\\M	\dYI\yX¥\'$|\\:6#Im\\N@qpW6\I\ʼ\<t5ցd\0dqҼ\\\=\\V\R\\3ҶsFO+.x;qS\\#18XOFIe\\j\\\Tqӷ5\'~\f)!WJ&7Ks\\3m6zt⤕ZG$\v\\\0Mf鶿*v6\\01X\δ8\[\kzvp3\\[I$amnƽ[@\V٣N]L]\\\{\\R\찖\{U\tpG\\D\<N\\\j^\";\\\cK\!iT`\]\\$\o|\rp\Z%#ҺiZM$y(ŷa=l\v\_Tx<\\g4Ϋ\_G[C\r<5G\vgY\Gini\Z(ߥ^+Ԍ\<*\\\qM\\}ȣPkSI\x\{pŗ<{W5^a9r/f\^\qt>\(\QY\S~U\fT#R\d\*	]L\\\v!/_\S:VF	qw\A\0p\_,՝\\\W*SPd\0S\0\0:\\r:Ի.\nz\^\B^E\)R]B(Fv\R\"rh\\L\hg\\\-7En\\Iu+D\"+m\"\RXbN21\mIG6y\\T6q钹\Ns\],0\P\j>LI?<\h\w&\1*q>Rj8T \0m1Λ\k4\\ \",<浜ora\\X3\4\?ΝH9Wy`2+\\\\'\fap-;\M\"N\Z\8l,,Gъh\b\>>Ni\5\آZӚ\7 9\\e\4\\\!\\'=+Դɕ\Ҵ\aS#9\Hy`=>t=\0\Z\$-!P3=]6+c\\BKJ\ڣQ]\\`\\P+\\e\"\v*0W\F-\\\ݏaZI\0$\\\&#J\ӕ,:t܃n\Zխ\\\\rJaZ-+\\nu{ی#jɓL,<\N\ǁ\]\\Bq\\Z:5\\x~h\y0MgWF3\\Uׇkkqt-\\\Q3\\\e\Z\'\9jK6\8\\1\zfC\\\Z3e!p2[fX=宥\H!1=\ʜ\G|Վ7\\n\LеI\'5a?\Z\Ō78=_<~e\rZ8\,:\\ϴ\A4\'\\X\\\0\p\K1\NuRd \Z\}Md\͞=Qzr9iM\5MpR\\&\WULWh\\\Ik\G+\t㩯G`aR8W\hy5\\QQpx\zk%đ.֍\4k\\>E@HfیPdu\I\n\4P9S\*\ۃL\\\'ڳcL\85hrj03\\;\`E\*8\k\x@\\0F@\\\\Q\}	d\\#K\ϸr\\\\q2 \+<\rc\"	\I\e>\\\[\\@n6\\0GC_+9\\\!GH+\\\Fj?嘫(-\gsKWVv\\ŀ\g\FG\\\\܌u3)\\5wz\\w<LCۿO	v\Hc\n溋{k\媚\mжyfc:z\^\\'\\#4ʾE($GT\:G`F3\rֺK};M\1[ĮT5b\j\\Ok\Z,D\^\\\BN\\\\\ʒrtI]W\\(I\0\zG5 \\\]JY\\n\ŗ\\\i#p7<\Z@\ӹ-\0W-Ӟjd洂1\N5!\1q\J\Ny\zu\r2zT(^\0fg1N+\q\"6~q^2X\"d!nIV(+8#B9\]w(5^\<\T\XID/o\\n%ts\R~S^\r{;yeZ)@\\p\"\֋$=N\鏔+K͉WϫKCQb[1\W\Q\\Wz\#\2m\ڥ\N\1ɭGk-Бz`\فiG\#a7\ͱW)@G{.Dvr\ ȯͫO\v5\e\B\p\0=13l\dd\}*G\\Vdl\4\\N\)\{#\'4*	\qL\\\=)\P\:\\\\\\\hh-+C׭p1~\\\Cs#\r\n:\i\z}es#|:\S+\0VњX$fOz\\\\\(T\'e\!\"Doc]Lvכ\WR\\W\+onǺ\\p=\\Ks\Y \5\[$yskvYaecU\Z\\\0x5s(\v9\MP\F3Pȍ\ܞ*H0smy:0\#a\\I\>1Af A\68]\tW\q5\\;WׁҮ\91\x彻\5wQ/bxHFU$(\\ֵ\\\\}&	\\\\-5g9\\x\\Ik\ySU\@cҊxG`Nôw\gRis\3Mc\\EjSi\\P8)q$@\'\?\rE\=r3W\\%\\9@{\\n\\\T϶\#ђ}\Zh׷\\r\\7Wș|U\\)\#\"\\0\/)\\2O\Њ>\)\u\`,4O\u.\%HLе{5f\|#v\\\+\\DA\Q#e{Pf\+\,T\\vQ/\̳;\\x\x\OHJW3d~\wܦRlΤVŭSSi!qgPGSڼOS5׳rҭ\A·\\krF;H\^\\#\[䌟r[x\d֌c\0tUddg&t&\\'\'E5a\֓o;yUXȧղqW#\W<\=}z\n!9\)Ԇ\\"D{bg\0CӜ\r6k\\G}\\\ﭬ&Y\a\0<\z#k( \=x\"\P\\n[(\ zz\.7gO-FX\zGm$VU\ǯ\,|\F\r\I\\zcU\\\'GZu	4r&x\+P+v\0P.B.c\W.S\03@\_E\ݰ^kjP\m\0x\3\A]\Mʤq\p3O!ɯ_|iYc<cւ}/g&	\ہKzR\3S9\\4<U]hF#eR0nG+ƠF1 ^\K4\t\\\Z<\sTEY\\]\}9ᱵO~h\8\jii)sL.)\\u&\P\G&@4\\h\q@\m\"\C@H\y/\\]E^$N1\\w,ݙu]\\'=\)ǚ&\'\Q3\\h\3Y\=¬e[\Z\o`x݃q\U\Zyb&r\y\p\){1\\\&{N)\n]崻\$b\Nvk#$^T=_\n7|\\\I\5n\3X׺\A\H\λ[\nW=Ku+-\Z\\\\\ֳl:d1Kodps\;SX\t\"5}:מ\]\\ \c^`G9-\&l-Ϙ\jTQF7\\'/8\\]ǎ4䞼\:#3<Sq\\0OC\jD\\$S\0\#\n3ڀ#\0y恜q\418\\I\\PHz[\\3uG=\~0qN᳜\;\ \N\\@TR1\&\0\n\7 t\N\U砥ۄ\O;~GN\#?{Ԛ\0\8$\\!\isct\9\\h,0\(a=)\a\\})\VzFBss簦ˎ)\\V\ pir\0P*]y9\\\0Xc!`F2*6v݂wM\zF\\<gpڎrۊvv=ܓ\\\h ;#\Ҙϰwi2\n\4\O)>r7\\rcQ\Nb!A\'\0!@铜M5w\\)\ \ԍTLxqs\j\6 ǡ5jA\3\\&xe-\0vm@\s\Wfz^\$\Wq\T 㩫\W)\\0\V(\|Ml\gs\"q3㱯\\xth\U\rlr71$ck\49-W\I⸭!@U\\\n\\X\\ȯ6\}M/\\b\26\;ףB`&\ϿQ\迀W{\\ݰY\\\\Ϩ\cHg8\<\\xz\\\R\\0b3\\r]#\n>\\jQk\dLJo\\UK\r.?U~\|AmX\\b\U\\\\\Z\\am0\b_8,qXQ<e\s\~\-gQȍy_j1\9\մ=\\n\'\\[\#Ď\pk̇\\8\->\Vgs<WEZ(Cswнk^\\\vɮ\\P2D\ZM\\ăRLѿ\\P\\\r\D#.Fw:Lhq\+%9\\Z\\>`x8\"\\\\k\z3\\g}B\8\\y5.OZ\0\6iΌ0)\\n4R\0Aakw8\|zn\nƭ	\&{\NDn\\\W]\2\\דxz\\\9%y҃<Zfg\F9\Zl\'RS%-zIO1\\\[\e\\\7K)8\k\ \sM{7I\r+Gm{\'\t\\\7`ɭ\LՒ\l g8\\X\\\)@MBe!a\@5\\d]I\\g]\]Z\Ȃ˔<\ڋ	vA\\^M\>\\nD\\dWj1\Z\/1\Wg*.p\F\0?\\ɯtUUP\0⸿\Pʉi=\ɮ魙\}eMj|\2\P-B\U\``\5%}.;,`\]tl\'\\t`\r?k\2~\(m\p2(\xX*\A9\a\UfY\0ȮZ\du[bٱ<Ex߈\g\\;z\nW\\\\w}>mI\\ܓq\\\a:N1geաI\\;bE\A[6mx\NRJ\\ٵ2DAɯ{n\\8\)%\5G/R!ҽ\B[\#\%p+J*##6s֩#&0m8\9\\AW\']3\R\\ZQa[iP!Z~\<Qݗ& ~U\\\a\%sY\\\uu96͂g9ow}8Hӊ3\\\n\F\\\E%>JJm\y\3\\W\\/ו	Xd gϵq^\t\?it\0\ªJ-gB_i\\0~\مz,\\\oeѮ#w\'aa;{[\a\"\Z\l7\0\\E\13Z\v!ұ}=ʚ6\=A٭td=+\	9Uiij\\ra&zG\_8\:͉Ϲq^j^e+\0\w\'%)`\\\Y~OKy4y͵3\u֫|_cÓ^\t	avVnmq(\\z\Z\\S\[\nƪ5\\\%x;\q=*\ʹփX\j6\1\\DA\\\n=#?Tf\\\r]r\YlSs\:DlUS\\\k@Usy\A\[\>5,\\Xp{Wxr\\C}xCF\\b]\Rw\}|n7\n\_\\Ӓ&*s\"|;\W\\i\>M)\ψ\!k(\nfc\z\r\u߯8\+R\\2lQ\K\FKT\\]G\r\*h)w01\G^sWt@\*УH\^gԤSmxȜ$ӊø\)\k \08\\5\r^k|\\\_9x\^\P/zwUu\]I/d\\ZPv\ZJ3\\r\"g\֣DZ1\5k\LjCM1y\"A\\Z\\ *\]5\{\\tZZ&ϏϤ8G,#ϽDdczS»Ϛ`_i8\F͸\w\	\dz\\z\Z\ٌ\ҹk\\з<\s\\|vc\z.j;\\0\fA\˕#&m#\izK\p}\[F\56\-\\\x5\\xF\7ױy?b*\\ƮHE	\\\nnTq\\`+=+*\jhb{9~\#קjճVư?KԾr2yi_RYc\rktŊ\|\Z\')6\?P\(a`҂RR4O\-\\Z\\ߏ\S vHգ\L`\I\Z\+DxKr!s7I\v\kn컣pk3\+\{t\բ85c\\Ӧ\`\O\`ݮ*na((ǙpkQF`Gj.CLF t\/I\5eyOZ\\Y^k\0Q\'\'\\4Tb\9\-Z\1\\\E\\P\N,\r?[\\\w\֬\hϥ\1\k\_|oCR\\\"K\4y\m!ٞ\֕ΔE\|֭@x:\\)L\nWPm\\tof\bQyey\\G\07o\0Q<-\4GG\`9.R\\wQ\D^I\\bC\n䧶\\K{\s\' /5ꚖzFK\\,RPzsU[Э<`\}Ew\H{\\J\3\\\r,5f\IE\J*\Cb:T*MB\\U\9ɯ?)\\ qJڠc\^\\'$(\"\r4w)\,G!՞HoV\)hc5\\S\s^?\[\s\Cn+׮\\%q*Ns\^}t..\tw5vWv{y7:\'͖-#i\Pj\\n\? u\'\ֱrJ\'̸\kǒ>ʛqktϮŒ\)w\l\\N\}S\\d_\׫B\\\μiY4}m\/\ԏX2S\Qr\lP}w\\\0Mhɹ[\0vgͪY\ZdrA\p\\ZmS\+^\\\-^YHrTw>\'dcV۲G-X\p\I?A\\-K-\<J\\\\ԤV?7;(SX鑡<5\\d\g񴗡Lb7Z&\1LD-{v>nj=\\'\\\\8<\\]\\ӱ 8\^Y\ Xm\\U42>\	/I\}\t?\:q\217\\\a\\761\w|\y.\\O#,.bfH+\\\Rt}^Gt\\ߕS=wz\z݅\\\A=\\nǆu+/U?64\R+A\\\rٟeدkN\\	F\#mF\\"wj\&ƈR\z\ZTuۦv\\g\ON2]:V\F%݋Ԛ`Iu#9n\׆\7vc/Jwv滟-.\\0xN;v$\\f\Z\\x*\0ש+ܓNs\k\\i \\OBk\\ng\iD\\^\\V>C4=7Ȥlǥ#$\n\g+\>Yx\0\\/\wv4@J%}CT$\BÌ\)6R@x\2\	\J\\rg\I\'gLɸ,A\$\ޕ\I\O0D7\8<\\W\\LVdC\\q;v0<W>,\IY۹fp%\\%R \5\>8\0\Gk\-z\\OF})A2[p*t5.\n늧\?A\Aa\rp\9ɩ\r||\J\0#u\9\\'SJ\=\\\8\\򯚦\\Z\\<4pyeƱM6`aW\X>\"L\Z+\\j\\f\y \\\l.0:ҩ^\>Lw\$\r8\;\1\4\y\\j\@\T\\\Xe#Mf\P\\Q^Mb]ck\s\\Mg#ҡ\'\rt~Վ&>Vp\].kkvZ\\\c8Ewғ\\\+Nx/ \K\1\BE{)\8z\wKH*{kƩg+M\`ϩr\\L woj>XL\J4\\i\Y=k3ζPfRfj7Q%A׶q:k\<E\ޫCR<H\QYX\\\\r\#\Z\\F\2;\n\Z>\H\ZQ\^\)E%\EGRrݖ!<iLѐMQ\\\\Jr\r4d\\{\6J\*lj-)8jO\EwPĀ+پn0ݒ\r9l(|ie^\0~ J\8\(\\\ތk\\⓾)\M1\Q\)sI\@\0/3L\RdRnM\PR\)\ri\Ǌk\\")#$z\C:n\\Ҡw\|C\\Y\"\\0C`+\ͬ{y+\y:\&a\\yZ7=,\r\.Rr\"Wem*\0\k\\\EHn\؍ţ\O\knf}e;l9\*X/P\G#7:\.J\3\\-1\[M\G\'f\U\AqVc\\rb{8\\9/r:׫ۦ0~55\#+Ϸzlcc\R$>;QԪ\.\'L\;\\\09	DTf\\pA\A\\u\\:T<\Ā]o(\sLL\\sR`\\r;9\A i6\\S\攐W%1\4\\Zq#4\SJ\)nu\:\ӭ\'\\'9\ץKcC\\)nqS\g\p\'\?CBb#(\\\":\\N={6\\\'*\#	KnM7\l\n.PA<I\??#\4s(F\\\\FOU\?w1qژwspj[qc\\B~\z\Nq،;\\PsR\\8\\\)\\}*\"pA\\S\\5\=;qrΙ\\1AB\ڤ\'-\\Q7)\I*\"\Tdrx\jzzcr-D\D6H╖Y\ds\\\JÒ#\n\ZsgzV.>R+#de^\7sң$l[2\>1\5\kXaG5ޏ\9\Er~$+b\NϘEuC\\gI1\}&!(/ym#1V=z4\\nq\\\Z fQy\\\\\\"uY\xߊek2FZh\b+\\m?9_5wy	\NzL8\F\9-Aq,1&I\n\0VsQWg\nnODU\"\\Si	7̧\\79p[\Zm\i\q1UV\\\\vtL6s\: <\\S\&@\\r\e\k\Z؜\\&\r\Y\\\\8\'\Z\\5Gr\'\\[\M<)lU\B<Ew-iw2V=2qֽ\D\`\\\#\	?\o\n\ɴ\\aqy\VZVJ\Y;\"I\\nW\ry\\g\\\\\\;\\=MEnNPz+\\r1a\Q5\\	p^$epy/X0?X\:\\Է;>\wN/ȫė`$մ4[L\\	d{I\Et8C\Nj\g^i7Pr%UX^\;\WgI)#%\I\L϶6>\\,Rq\\fdu\^E(mBrH\\wa0o.?\\\-yR6gtP\ېp+]:[?1\\\k\\rGS\X)$\\Z=,)D8܊}*\\n$Wo\\{Kt8\A^&.I\\l9F\X\4\Z\\$\\\u\\7\f)%k3\2FsY%ƛ 1\ͥ\\+qUV	#e8\U&M\\#\Z\\\]\\nO\"	\\^Ux-7El۟@\Zs\n:/\Ph[\<q\U?\2\Z\ mF\\3n\,=k\m\-2ҴF	ɶϠ4]SE\r\Iq\<\\T<Zj+O@\͎+^\\Ob,Wp\_\vR\r֦3۵;\m^1#U\!{y\\&!s\T\:\o*5	\Tt%ì1y2:M]\\'a\\X\+	Vl\)\\\\t+[g9\ZDp\$N!\_\\f՜tt\	F\ \n)nzz\\ִA$y5f-\8՛\Bxז\ņ\Hreew-d\BW;\\0\\<{Vԩ\(c\\\S\\1\8\G\=\t#\ny\&\\"\tP\=IbojL|{a\rGR9o?Jnnk\\n?\nҼ;\21=I\kYV\Zj\<lO$7:$|\5w,TW_^+-^w\0\ڹM۹їҌ#\\\k\q\u\f5c~\\f#\\s\\[\\W=Ϩ\\\\`\j\m>}k\ \\l1\\ib\<\\\$	kcp:\#H\u0\\^e%W\⵫hETuh\\\\x&\_j%\WҾa\0\5\ڞ`\j\\w\_\&@z\\\&\|\+?\\\AЎƻhWҠ[X\\[Te\TjTQ8\y\\1	pA߸\kdy\w\s\-!\Y\-Dj\4\	\C{WQ&68\i9Z>>\nJjUԚ͛b\QȰV,U\\Z\\\j\&2\\D\,4\[[5\%\"k\\\-)\?4SN\=df\\\D[UW\<Vo2Lp+\\\c6\\pE|⯅s\\\Ed919\\k:?Twh+\]_\\\,CWx\n\\k臖\y\XG%\Z\\F\\icW\\s 8%kǨ\vg\Q\n%*-N\K,F\FL\=踽EK\;}ibd\"\̮+#\2c=xmGTӬ\"2O:jnPI6r+\\Fwۻ\\\\"0\\'\"\kV\ʕ\0g=^}<\<jXp\0t5tN\:sM\oz@P}ER\'\_L&\If\\\[>\8$\`\\2\\n\38T\\4|9\<\ch\RC.\k1\ {\\ V\<J\k\\\\2Q^\tl9\\\x妁\\P3\5f\\+7{\jG\\~\\R$*\re`,^&8zRes̱}L\t]3J\^S,4u;yۅ4T \i\q4PUxy\걅S_#^M\N\\ZTJټR\\\\.\?xgɹc%U\U#LI呛5PCቋw7@i3ьlf\;j-Cw5v\\mkF\\8l\ta̖M2\rI3\\˂\\Z\o\\Y붣;@Փ\\rgsgtջ~\$\4y9\FÂ\.\\\"W\\sξtMn\R89\+_\1\\Z\\\(\n&ܤt]gIf\.uTݜLt5oM־\Β!t?<f\Bj\g8Hs}=+b\Q\<I@7:\\\"j\\|\Dd\s\\H\G\"\\ŷ^{Wd\\\KQ$7\\J뤞+xYN\NA߈tG\0ݟaȩL\?\hyH\Dk۳u\{K5\\\7\\7lrFi_j<\Ŵxn\۟>̒Et\cNM\aDw\`o\1O\Z_DF<\\i\\	\\L4:g\\rgj\n,ke <NJq}O\EYJ\d\Y>q\\V}C\\.$.Q#{\\j}nk\\	\kq&\\t5Ys42_cZEٙʟ<9{\e^\S6 \\nMzͮGD.\'\\r\\%}ж\\)5Y~.5\#\I}\\C\\ۯ\ri\vk[&\<栊\\0\)\rM?{\Z\Sr;\ntj *\5FyرQ\[Z\3m/\6\r\$`s^66\\|WG5\\\\$g\>\\9\xxʊV\\l\a*$5adX)<\0\\Gϥ\qڣ\\e֊\	\\\++\\C,\n\!{\Zﳇ\\^g\P}eymrE \<SW?w\\[\\	9C~nc!\_9fkڝ0\	#ZfU}oA\"\\|½\\3GSc:日\xb\Y0@0#\z<\\\rmlǌh\k2/\0=Gz\J8\+\'ȷ(\j|:WKĆ\"N@\})С$x\\lJM.$\\\!\\0\\q^3ֺVGh\3Ư\a\\ҜvS)Mfn*qkb\\I\f\H\Rc9\'\"p@\Mm\\`r8dDWo\g)z0Ri\\OH̎䏗\+(@\)/\Ybt\kn\iЌ\"/_\NTUVݻ\m\3Zcq\ZCZ7l\l3B\r\ڴ\MF3\1(\h}^K^\rr7g</\J\rFͣ\$VZʞ\)2J)+\ZMלO\xos\\\Ge6jC:/\pƹ\hw\݅WJ$\jRF\N65]/\t]^\\rC\iv(6F=x\VF`\r}\Z}ލe#Xpwz\Ms\\ZUftv*wF\\\^\\'\\w3\\VΚ\+9d\\Ze\H\Z\0\q\Z\^\̶Q\\"\x\~\I5$y)R\\`M\\Gŗ\\N+\N\\'8r;$S7zR\Gқ\n!\\A5\0FGCFѤ\BfW\d\3*\\Gqts\:\99%Q#\Zr[B?+ŝ4\\AqDT\r:\5Y\(\\\\<){ugk7Qk\"\P{WYߨXj[K}e-\A;XD{\kj\m\'7\z0\n>\\n!\\X\\a\U\5\\8ʐEaDȌ~\\\%\;\XXb́hW>\GTO,\#\(\oh\\0\0?c`yǵmJ<9U\\ZnLnڝBQ63°\\' 5\\\\\{\z\d\sTRrwl\P!\'0\r(\k&H\p^\SGRnN:Tz\\m#888d9\\U\F\"2OM\\Vlޜ.̛I\UQ֑رɨ{\M\)Ǖ5\hvd\0nH\\n\\P\\0{?\4ȯ\z9[5M)+47j\\Hr\Ay|Y\<>X\\\0d9>\\N\׿;>	eM$Q\s\5^\\7S\\\I\|\\H^\5\'X-k\ݾX\H	p \n\nI\Ԫ\nǾ\4m\\bk	+I&y8x;J\q\\'Q$l\`O֦F\>\a\ƾB>V9Hma;b}ss\\h\uMu?\Eg(\\Fm\'zR6L\ng\'lǃSj\OBsA<0 t\\0\g\'~MxM{\\+\}F=ai#\\\y\\9\\}>qN;{-@\jnh\LM\'#TE\\P+dSK\s\\\m+F}\o#NI#\>\'jSQ$(z\zNI\ZS9\x\\" \'zeV9\E|{\7\\Gcw\Z@s̫cQ\\\:ܡb28\04\JMY,%pA\+\U\.e\Ǳ\2Lʥ)\u襏zPåc\j\q+^\<V̯Ӛ$Zf7{ԡ\n$\ɦKxG\5\\ֳ.6h/g+Ѽ_5\XSjM߾/&H$\\\N\ݏ\0և;ݞ\gսMt\[,G5\\\\Z\'Xd#n\JyD<\v\"y+#.]:\nt5}q̾WY)85rF\³9kP\S\+t<X뻨\6F@\\Wf3\޺3\\ÙeFcoP88u \Z\o\J6\{Q\>R9BRLߊS\4\\\Ps9\\A\'gJ@\<v4\\#8\\4qߧZ8\)\9CN2=ia\y \1\M0\\)z\0 zJB\\\=8\0s\s@X$\\hǨ\N\}z\T\0v\J\\qO({\ZR\5\n{\ޤ|˒y\@\I3\ڂCPKC9\n^X\0i\IҪ㰎\H<A##;v	\\R\`\wF\ӈ݌T\08\	\v+|\\<\\zԣ#b\0bab6A?J\0\O\5&1\Zk\Z؏ľ\nL\9=S\3ry\UGx\b|c9\s9E zUR8N\b`r8W<q֤u$1R\\HŸH8$b\A<:UP\\\SȬ\=I܍TNsRT\K|\Ү۬\\p\\\5m\R2zx\:Vrf\֦|\rorTx8VmTFq0֯0PFs\`\\S4\q\[[=s5\j}\r( מxc\J\\06F+Ц$5\ZK6|\~澇\\ïx؆\I29\`kz\3kΤ`zWOi*EsCDmSS^I \#i\ӊ\V\W$\\"\P+NsXھo	\\\\Oֽ5Hӻg*)#M\BNx\ɬ9mJB`Un&A\A]C\Z\`\\c\\/P-]sެ1E\\R\\+\UX䏥yg\G{x#\'\I\\\\V95\\i7:Z\D\0v\ֻh\l\\VQ8}?Vvf\5\\\\ih\\$=bc/LmmrфTQ\NNL̊\` \=x\]\6ǅ\XgtF\~\ئ	\0\\\\P\WxH/˼\n}\\5\(\\\&k\nԎ\Z\xbLd\,n^\r\rSkY78l]\Equ\k\\\&}}(#Z\>W+]t;\'\y.o\\Aȭ\\r!#ҜYlߺS\y+Ze\R]\F~b1Vt!\\\\\l\uP\ǉ\NM;Ynxu!pE\O\Z\Ze?\W\^\\$exU\:\re\\'&#9\'+\iSQH\n\$ܷ\\t1)+6d\Ц\Cju\\qh|\I\֧RԴ4\\)b2O\'\r<׶\AgHp3^	\n=ONf!\8\|\]OP4=<Ƥ@P\`1\9\k\\\w\\\!s2^i$#9j0\0Y2\\\$\	\\)\\'\\Q\Ok}\+vi\X)\\_Z\\l[4g\'5\\\rJ{Y܍T{WG3@[+J2W<\M\II~uv\Gzp\\"\޸Nh\@7Ps\\rmcΒ;?oytrHG־X܏؏\c\Б\^C\\7QIs\"\'ZuI[S9+ryauRcgk\\j6\\qWz\v\`@671&\C\b-/\rxK\\5~x5\>.\Mzŝ\h\\q&\꤬.yU85VK\7~\k@3d6LS\Zн%ŵ\;\Z\uw9G\\N\V1Ԯme-\\n_\\7:nMhEJъz>\uo4\")˓^פ\\Y$ϯki-n!zڎpH^+\x8K&\V|FpOJL\rtlcC\z\\\%1\ \\0\=WH\\\t\rk\nMZs=\"l1\'8\W$ڝ.˓\QDOZ]H	!M`ia\E\޼\vg\\Qq8AA$gmF+R3%\\:ޕ\Tn\X=qW\=;btI\'֥2\ndq^3\K.\Et>$ׄw=\ry\a<O\r\WD ThJJ\hf\de=\Zk\r0+ʼ)cU^\\\ʐcz\'k\\9!7t\\0+h\!\\0{B\1iR\\aVV[_Qf\is\*h-\\vGU:^\6gs\m7\\#Brs_A[YD\Y}܎\/EPZA\^\Zaq[\hSWZ8\:ة(v\Z\"Htx5ױ\^\Rtql\Zc1\C)I\G \\?24˓yl!\G\nk\RI\r([\:\3pё8eRٞ\MO\v>a\d\n~ZHe5\Z\e\n#+%I\~x\'9\V de\\\j*8^\\\c\7\;F\\Wq=\\唻\橇\0&\nx^TFx\\E\fUa\_D\\xW:\3Xz={|>\\\1sرӠX\\\\բkԥB4\9iWV\|(\l)\\QDݫfhV\'5<\swl	<\Zx\\rZ8\Uݍ}xCN\\"F%\X\T\&~\5\Clmnu2N3\\\\\QIk\KF*`ms֮\\\TR\{\\0K\i\r)#\-\\\}5\&\;|\QW}I~\\D\\\13\\\\V`\:\\బpZ\T15kfe\޳<39\nW\'h=\=d\D_>jj\o\rN|\C5ݴR{\\ns\rz@+K\F\\\Itܸ>K\\}r\N($jTa\\[\`jni.h\E5燯N$d\ˋ1\LoV>\a\\¹{Rk2-j\&CH\e\\\>%\ɼHm\:2\>+O\0۾Kb[kKa\\[8E0n\>\+5=c̗N\-\\C#A]M\0Kn\7\\0\N\n j-\(u\\~48\\":>++\n;UOojl\0\0Y\qkz~\2\vd\\`]\A\\Y|\xD\s~\0\ZcV[\;\Vvi{\7\\W\M\Fm\bY\\\LCM\!*֯~u\r\DfDV_b*\5\&u7\6\Q<AC\k\rgE=\;V\\ki%2\\~)\0xˡْjĒaH|/ϥ]sgrp\t?\\\\ZDcWȑ\?5\;I\\5ke-,QPqKTluˍ(]Kl/\m\b\F^*9T\F\Iy9\'\ݑԫ5|\a}aj֑\[\}N+\}a\t>⾿i-\\w\rڻ9\oݚ\Z\<I\r*7Hӿ\W60=\\3p{d\+\jL0\y$Sdd\=\\Һ1\\`\w\qeVgW\OH<F\d\Ԛ\Z9ˌ\W>\*ȇ9n\\\\zTxBcґks\\Y\q\bNpEĺ<RɷlLb\y+Ȭ\'\}Vޜ_^U<\n2	\=z\ih\9k\\1\/<1qx\\Z/\8\sϰ~%C\\\"\\n~;<\?i.\:bXm\!%yn\+\-#\t̩F+ָ3\f\Ȑ`Y\[pEV\<o\+\#[Jr\;\#\^\\'\n\0X\R|\;I\=\\\>\Dh\=)]\\:y%]\4Y\n꧆\0\7\\^\IVߣ槍fuf_-\\\\\ntx\cy }\kO\\6\\chS^S,\vrzSȯXH\j\\f\mc\\^\=\\\v+\x\3\es\4nU*gvM36^4{dr|\\q\g	^x\8{Bt5\\q\'cZw7Cݙ9\"9\<E:g\-x荻%\S\\\½gI;n<\x[\\\WkOwq3o»\n\w:TR\ݓ\"\\\ ꂰ\Pq\ɵ\\˧͉\\X|d\t\"\\&kq$q18u\W\\]\nC\k\\Z\*4\B+jeI[;1Yw\]\n\\\I.\Z\xY\$qI-:E\\\\Zs)r#q\<\V\r\\oۢDr̪\\^Q\BS\f\}l4P̄,V\r}O{xϕ\oCJԞxmKg\']c&ḯ@غ\\f\\n\\ͪ\\kJlW:2y5T\\H\\fMOE؏sNa[\n3\I\\nE7$\lMM^\g3uJi\0y\M%J㓊\\.٤e\TQ9p\GR^E\\n\[7$\n\F\\S\SJŗ\\0U\(Ȥ \mnN\qTC4\H\\\þ\"Of;@<g5\:B?}k\5\wVR\rʉ\iZ\u-V磇Ÿ4>\,gu\\+EMlSz\;\\f\Rl]\WTrs^l+=sRiΥ=\rA\\rk\<yCftǌ`\k^\Ŵ`g5\c.tTZ[\\ˎW/\@\v\R^qn2^,|2؎ݳ^>ziq\"\WGݯA$3YDw\\\nMG\ֳ\0wtNs]\nHjP3ihy\)\֦\</yF\"qۭh,U\r\9+\|!u|\\Տ\QR\(\Q٫\\Ȣ\0dcgR\C\j8\/\r\Zd\nb2N+\{}qyu[ZF\aL/\\sZ\8\|\+Eד\A`W:vw\n	)qGZxLS26F\Q\ӹia\^k\u\h\FQr\{f\0	3U\a[U\\3\\\]*\;dbhJzb\FrM̼5<7psnPX\]C\Yz~`H\(\\0J\b\*r<^^)\'&\c)r\-\D\\\JpY\\\`Mb.fH6+$MLӴ\1VQ4ܞ¢T[ؖo\0\݆]`\{!X\P1	s\*\Ðkz%\yG\\[g\\\Z\\y\\'͚%|粜Ϝb\n,@sWR(-\Np7	GG\(r \U@\f\\n¦!OdW\\#\<gr)n\My.\inD\\b:Wx\VC\.8.F#=k\5ok:\è8D]+.b-t(q\ZX`V]K]L\h:\"FGZO\0\m\\\kؾL2=\\\r\C\L\\\\P\}\\=\a=]pp\Ʀ\:\\MF\\\0hvo+\|TJW.\ޝB\\\Α~S^\y\\x\fmcW\.ZYݓ\\n\\X\lu{\\\4\\5R2mΤ\"\2>\P1\\\n7x\A+\E3\$fNsnL\Z\}Xy\5\~\Z\\N=\*\\,<d}e:\F\&\y\=\IXܱܸ\5%޹\9\K:6vg;\-=\\\\2}xybNR>\\\\Y1\l仁IǦ	9\8Z\'P3=0k\=o1޸!v\=;S\ vt~OEa8Eoc\g8< <V&Ayn@nǢl\.܎3k\%i%Ä^k[VN\\h8ɭM\Z̓\Z\Vj6MX\\WE(\s\2Gv;=\\\0W)\<`׺\bT\-.\vȌ\nqt\O	\Q\\	[C\\\MsX\g&\\\փ\"m\c#Ȝ8eqiYߊ	sZb\\\N)㸧d9\\\5D\\h$Ҝ\I4=M\07\\svs\\0z\r!F\r/ip!`bF0iqt\!\9\\	=s\4sϭ!`~?,S0?\4܎zӋSdc\A\ u\\\\\1\wG8	N6O\'08ܡw<i\\!\0ԧS\)sc\"÷5A\8qǡ\\v\\IʜsL\\:\\rs\\0yq\g\\01\L$0\=~S\j`\YR\0\SP;b&Fiʎh&\,\\zSl{\ZfM>2{)\N}qK!s\5\\rݹ\J\*2G=\j@<\"O8\OV\r\\o]\y\3Cs&\\\\ QF@b	Ar}j\N\\Gm3BN\{\\ch9<\nŃ;Z񑷧n=q>\\_#Pz5Ӑ+]\\d\0\ڽ\K+:\|\Z\m\\\\\\Hu\`qXI#Ʒc\۷\_7YX\w?9%\\\\~:\tFL\- !c^j*Tk@(\\\_zY\W9W?yv\\\\n\&ʹ%\=EX\g\\J#\r\B\\\\'eȄ~\v0[DT`\0+\8\\\M-\Zi\[@\mհ:\x\-*n\\xA,Qe3\նD+c!E\<\\\茓p	QQJMVf\zP\D\ZL.ݶKQ\\rA0Fz^\4,[H\ׄx\\\@\0nF \n\\:\\PV-_\M%w-\(ǧ>%8<\5	j+Y I v\ZQ>T\?BD\\mբ8%kx:ջM%\$®s\Nsi$s\J\n\\yYS\zgt[q3zWexv\\wc\\u\F\n0\gJ\{&+\\+CL3Zia\CW\"9;\5c#|߫x2\\V#\,q\}pv\{W?i!as\ֱՙ\Bn3\\\Q\9btdHY\Z\e\\\L\\\\G,\ׇVЛ8EϺ>\/⾳DlsP\\H7;\Z& =릐;\s3*94\RElhJp8\\V[!z\ZE\niE{\v\Y\_.\5a*D2\+\\UݠO\'\Z7~!\Y\rcBv20+AYhynz\Y3O&wH\<j\Ԡ1ϱ\Hy\\ZH2\\\\_\#^\¯8\\Zid\\+2S\WKk\KO&F2D:+s\\\\GP2y464zx\\0\zĠ8l\\Z]\\\L^\ᛰ \8\"+M؛\"^\c#\X2\։J\hҥ\<\@~\\\"xN\ᰁ#E\0\Čt\q^\Zj*\^\\"\\J(=WQ\(\Hr\r)<\i\3RS)1޶\m\\0w55\Z\\޾\o!J`KM\wq\Y>zuOy\XfAf<%fXj!\1	XZ쬃.\;^tg\nm\;\'\5\*\\46֥]\\eZ\\|ou0)jXa˞Ih\-\1\0N[tѺ\\\ؔ\=Jzս:ѯn \<V\\\^\#HOR+\<-\=\I\\+\'R\6#KK[^\a\YX#H3( \n\"tB;\(UQSe\9Z0QG\W\U\Vx7\HYF1Ԋ_\r[\7rI;a*@`r1BI\\0\0=+\\Pj\\lʚ\K$m>\\m2gX.-\\hw\D.j~lQ4\E6d\mSDXVt\\\\rk\ӚO\#N\g(F\\\n\\MB~G~\iӎ>q5ؼծdU\\;kd,zgw-!\0\\\\^]O֡\\Hh:\% {w55(\"JC\Z\ZR\r}ImxV\\rA\a%uG\$*´%v\%E3#5	a\\Wl1Wh\0=kCg5?&8=ӒWp\0ޓrYu\0IS\\\'\\8xUzsY\\.K\n\\\kJ7\v\OHe\(\ɷI+\0\Wx&z*\Ԝv>x\0\\V\\F}\ǋo\QӢ0Zc}B\C\\dc\A5\\\2K#\s\\V\\=kgM\U\\GSL\<O\"\~~s\|kw-\N.I\\\׭\\\um\VU0ڝ\\ƝGi\\Z\{\\Ҵ8\\T6}ꟍ.\nÈ\X0s>&խ4l\\0^%=\\q\;W+=h}J!\\>eʯ\v\^\Z|{\T\ZdcRŸ9x\EhU\\\- \=K\z2-\fV\HW\+ҳt\\\N|\^W=jσ$1M{b\\1\qUtu:\0M\}y\\l\:\k\\獼9\ڨɥwk%\sg3nO\nJ{\\n\Uxu}\P,\\894\r\kePJ\T=\b\7Bo8;F=b\մ\G$gAR\V-4I\\\A\'˝fAh팓\6\pԳo\;\\\\\\\Z܏׶j\\RQ䤩]fEo9\9\"sv9kT{oXa`\:\z}ֳd\Enw[^\۰\7/P*͜2xWV}6\#ٿ\\}1xg\OUJ\s$L_L7\r5+\\\˨\T:/d\A\?`\:v\-ސ\Tg\b\\K\\0\n/\{c\'\\Z}\0\\0\'^\V\aNx\|L\\\U\gJv\\^\\I\\0\\6͢먫&\,ٽU\]\\2sJ*@\L{D]̰\\ud\yo\@\}Es6IE%Irw}+2\Am{\\\42\\L\s\@\k\\v\mP\\0\r	\>K8\RM%$\+Kq\0)\\5\\찌+\\\"\0\0U\+׽5ӗb%\	R|)mH\ʝ\j`v\F@u\\"\\\Gyy\u^I5EX\D3?\\\J\\\k\>\+qLXy\0j\\[M#jN*i\]&2MZ\XbA9Ĝ\\1A1t\%!\:\\SFE\\:\&`~#&ԼZ\Ւ\\b~V{`*\NK>\\8Q\iIh\1\G2eaá\xƛ_蒁咄?]\tI#N2W)\J/w\&\Zh0\ָ=_Y\\g31%\\a6s3ֽ\Ɓ5=N\}ta\JDa:9vm\2\_e\0J\\pLxs\+\u;xy\MlUۻk\k\<?\#lV\M{\\#\BOkQuhpZ#o\+-ri\,~\ëki\"\QDi1\@9&\\\\\xY^lZԛ2\s,=F\UW*]s\rSg\0\욙\烜UrH\\\\(\6\dVdr*.\j\Rrd\Z,\\\'⑬K	v|z\\nu	\-˖]\^?\z+mb|:zW\R\=,.u_ \b4v@\|s\\0G\+Ub\TE\\$Y\ #xX\(rt\\aui\3泋L[EL\r(\g!\}Eݱ9\}>_x\!!][}p|\\#qg\\TZ.\u?Zs=\\9Hf>gN،F5kP\~\-\]¢n\OErrRGru#u5c񥦯hdS\\\ԁҹ\j\\\RDr;q+\~\\yiTnXAG|x\\ڕ\\R\2\n_ASrmi䳹PQ\ovUv\1\0]&Ϥ,p\\\\2\\'q>kU;\0jyC\"=B\\v\!Ps\U{\cn:sXMFvI\fꚬ/˓\\,qT=)\0\Zr\ҧE$u\ڞT\ZnA\`l&{Sy\'i\\\s@\*^@\\\ i8\H>\gE{d/\\\J\\9픞\\T\py\zu+LQ#c\i+J\t=<\r~Yr>;%\摻`Wx\P\m\\@U\\\g\R=3OFl6\\0=\ZKmA.\\\\VT!i\\\JO:\\F:;TVy=CjyuMl|앛>=\Zφ$_6\yr)9㱯S\%\\\Z\%\z\\\\\z3\{Q_]\\muS\"Ȍ\F^Ɠl\Df\3Vh.H\\\\Z\\>Я\&C,2!	=z\ZN³Q\F\dgjS	3抚fg9E˟Ry5ӿȨGl\r\\8jYIsy2\jIv?\'&k(#U\܇@[WL9<cW)܌\|Z\n̐i!9Q+}\\\\]N\O+,NjXmkir\\\'\n>@+O\3<Ո\-\,-\\",\\\?\v}\7\\\rxG\zRq\ҋ\\V\<]\\4S!K\"*\L\Z[R\\\\3A}܏y,rI\쬇! \Ai\\b1\W-jM\o)\Q\'\ZYu=LDrƉxv\07\r]\ܟ1\\:(\\|+.Cg5\wZL\n\|WHģ\#ޯZNTD\W{! \+\uLh\g!@Y~(I\"]\0#\\m\=)79>\աJS3;]+M[;t(3Zr\0UP\*\\\\Ru{\r\31\'Ҿc\vVv\\\b(x[\\V\?y\7\5Ng8\\CJeq21NR֝\b)vQSI\	4@=\!)\wŷ\Wq\\hpwW񯠬58n\\P:u\\׳xZ\\:o@r=kZr\\ѷ\~QJ\\\o>,a+\ \q \0k\ONf\n<o85S،2ODr{iA\5\SG^IHvA\'$\\N\0|\mc0\*s\'kJ\\ڽꆆ\\H\c\KV\\ZF[&\L\ޓ\A?5a`\сy-\#R))\\\Z!\0g.FN(\\Y\\Ėż݂=}9\\"zھ+қnlA 8<<\\0\ XT*\\A\+?\&S\\'k\?\8;p\Zt\(#ɛ\\ð[;y\1\+\\=(\\+\ZIv\\Z\\f{F\y!}\rr7Pk:	\\fDQ\Ikݜ\\\{\3;QQxW?;;{WE\0-=\'S\\O\6z½o\m\\Ү>6w[NifHpxj\-|}\y|Ѳ&D \\rbh\LF1߽PlÑyNn\\\\t\y\؅2&H$s\\G\\MӠ\'}\0յ\5ą\\IP\Ƥa\N_%GjQH.R3\\+~\ƚ\,<\̣+04}0%\8\\ڥ c5\<kk{\Z	0N\n+)(\s\0y58\\ѡ\H曹A\M\\\\'<S\\9CBL\\\CO\\3\IHP{v 旧9>KHN)(n\\Z5\P)2ܓ5%$<\\%U\V\\\0\3\\MO_ԥy$\0$i\Z.G\\\m{N>VteطK9=|\\3?T{\\2\}e\rr\YP9\5wք~(\Wl\\G\亣\]R\\n;W\\%B#\͟\^\R@RPNc7E\uE\wc~c\\M3\\n{\\d\0\\'2*%}\\\O/\=\&\`xuO\M\c\0H46OpsRg9r҆\;\_8\Y\\s\z\jC*\\ךoB\FzsT\'\0Խ\4X6\'\\PH\N+6V`roNi\2\\JSPӠ\P+;1\\06={\6?x#&\4e\rQQ(\z\}wPXS\'֡Pu=\0\JH$c\0,1\+Q;\LԉcV\m2@\ۚ9\lt9;\">8\r-\\bkygFGJbn8>潪f\\u޹%q]e+4[8\ȩa\nɚ\\P$+:[DqК1XOY\ZC\wwz]GV\r.DC=VӬ\\.*Ǡ\VP\@t=}^\.&V[坜P\" @ڸ\\"2=EZ\\פ\\wdڀ8F;Ӹ\3ޙZt`i8&q\r\?J&\R>*\`zqL_\\PRC\:w\Z\er+X\\\*&6Zg\>9\N\A!\c\-}#\v\Z/\Hs\+I\<>\{y\/ߨ\֡*m,m<E%NzL\l\i\\0\\ze1 U\k\|%-\\hұP\+\5Gq\\VlsIr\(\"Q<w9@\E?fiX\J{UBPЏ\SUwAUW\7Ki+G \A/\\\\]!4\p\nZf\\\}>GmP<\\\1Mzޕ\}Exlך\\\͵ґ\\yvg\֧\Z\\tz^w+y$+\\0S\")%Ur6\}MzuOq8.\\Z\19\-O\C2qU\c4\PO5m\nq\\(ᲙOk\n\A\=N{W_\\\IWc^豐¹^\\\o#\{n\	\qNxnH\\@\\*\~*\r\Oc_\u>g:U\\ZŻ\Z%\\3A&<ȯ8\t\&+(\7cU­ٌ\rlK}\\zgvH\kIy%@\"h<W@\kIkQj#\\\K\z\SExǅ5 \a^\k.\PvguEs\.\s\tcy\22\Mw+q^\Z\g<<]\'-?Zx\F)7]g&}\&\r)p\04ӎ\1sڼ\0\\\\\\TzƥXjΪj\hF\ֲ`85&\=JtC\\ǎO\\qש\Y\ӓqUI-\Z>\%\\\r^e\']\0J\u`-Vl(힂u\iv-q{.WyՎso\'\;\}+\l\'\\H\3;pI-QN]\\\\6\*($s67W1[\/\\\k\|)\\\,n3\v\Wx{\\Z\\qį6\\\\p\0^*ͫ#\+kK\a\\\Q<cվЬJh\0Rz\IEY+\\nm Ju?$ij2)d T\\9Bz\\"껶x5\r\r6h*0\G\\\'(Ӄdd\Z3楌֦\؞\^F\\\KeE]Ͷ6>\Gčl\\%9\"\]\\WI\]v\n\.v\\c]#\k	z֑V^˚U8\wm\B\\մ\E2\e:\m[N\j \^\\A^c }\\+\\\\\Z\ m5է\\G\^s.\VWi4yC,X\-֜Jί@\\\nNuu)\0W|9O] \/#`\\$WH\m᧐p3\4\\"\\Z\y\0j[פ\.\!$\e^\\w;\3fl\,s\5\)ӥm^\\ܓ@~@#84\a\'&DČ\~sM\1fTn^\8\O\'?\Lʲѵ\\ZN\\AF{u;9u\Kʎ\\0\WK\M\B\\\ýrWg\JP[<=]WQfH\'\'\u=FŎ>sUE\\',n\[Ƭ\\0x\	\\֏+YӼc,L01Ǿ\~M5\?$s\1ND~^a2m?F<\\\\\\I\ZE\\_O/^\nNv\R\Z<Y߭aw\3w[ő:\Q	L\blSëGǘypk|\yn\+{\j(+ܳW;\.l5K-B\\ys8\\\"]lsNvړOM\jٺ\t$l\UWq,6E\\\=\ot\r^e \\-͈\Ӥ\Gi\6\V׍\\\Olk#P\C6:A$,d;tʑ^A\7:kb\{\nᎫ~Gڧ\\\>\4zL\|NV{\\i\\\\E_\\\\\3\֓1ټ\ۚ9,9\\Zߖ\s\kh0oU\'\v}7k{x3Qg߆хl}\\LW\ZaC\M)\n?0z޼B@W6\\\\'\'ou[\^\'\ֲ\V(𯕁ޞT\3WW5SFOXUQ\u=\0\b[A僌d	G5K(6|\c\&H%96M\\\do\n><C\'\u#\\;*s+\ݞ:O${_Gb\\v$5},E\rf\_a\rO=c\0@:z*sڹ;KF\\=+돂\Nt\n\S|)\p+\x䃝}XSJ\\\}ۚҚN\:B~\\9u\W\]J`Ԣ>_(2)\\\\k\&+\c^s\94\a+^O0a̍\n\iX\R|\\å\>qd)<Wx\=+s\\'\\a\7\xR\\-)\\n0Q	\"oNNb\~b\Z\Rm\9\\\n\\ZLL֖\{\aa@\W\\	|Cl5EME\\'`z_H,\\\\*kݳ\|{ZU1ﴆW\99V\0RW\n+F\\fy\0\;\c\\¶֝%k\\^^C\\z\sef\"0d`=O\\,\v\N\\f\2V\)D\\犁l3\L^9pD\@RO\\\YŖ[Xdv\(=뀹k\8¼\u\\\\\u=\=;(c\|ېy=\W\W:rg\ҥ\nQQRH\\\"g8<*\r{G8\0Ӕ\24RG*H\"l\x\\"1\"na\P:\\jPǹʞ\\5g\rՋXin\q$ڞ\\!=\`\0by\@z潌*J1GroC^?\V5iqG4Ў\\q\y\dK/\Y\095Pj\\C\S\\\6tᤜ\qH\)fxX\OH5\\\^\y\Q\Zn\zx҄\\\Za\ֹ\4Ҕ\A +9`\rDѰ\1^Iљ\d\k6\\*y\;{V~\=;Sɵ!!0)8Y\:-أڤ\\6\O8azh\R=_g\\\\\\\\@\\\Z\6.n\Rg*R\\++WE\VVte\"֬x#\f9Cd\0:St\'ٞiqd%\\D\qGթ4a\-{2 \it V-F|\n\V\\\#V,\asج\n\I\g9\V]GZ\/{:7<p\\++oĭI\RC\B9\ؚB\\\%I	2?\0^\+wfTm^\??gK+&\u\0sּخFiXld1^j\IpCeA\\ \\\c{\\Z\3\\ZT?TA]\\y^Ts\Zީo\]^Lv\\nonٯQ\mOė\{;\\A\=k\3\,\iÂX\q_=I\' U\\\'\"z\R4\\QHy<Ӂ P+\r8\\'z\q\U\aGz@✻I\\)4	ٚ7\n\s\\]#6Goz\Y\\&NA\rק\\\8\))\Bc\\8.=E}/f\P\\VW\Z}!]L\}:]>\;[HacL)\'s9Eo{\\x\'ź\hE\\<!;ƺj⧊%48	%\\d#s\I#\.\$\F$^9RH\WlN6d\*\d\*\YT2,(\?vZg\F4-\nE\|fU#v\!Jsv<\ eA\x\F7<{f\|7,.z5\i7~ǋMBk#p=\rrWzM\Ĉ@\\U¤%2\nљR}4pE\^\0^Yg!OZ/\n8\Z\w~K:\>\&\8Ö3?0\(\\r\n(ĉT<֖g-#cP\i7s\`\dWwF\5E@\\^՝|,K%\m\,\X\ѱ$*1G&\y39\\\*0\\Xo*0j~\fD>ױNB+n3҄\\BKTxOY+\\^\uk&\\\:\ՙ\bʞ[\0=W_gx~\"PtQ\)֭wS_d\\nl\V\X#dR\01\L\Nr9M\9Jq\*2}sL.ˍ\L_4xv{\X;Qb-e>M|⋃\Æ,x\ۇd\w\\\	-b\n\)n\s!<ޣ-Ƿ@pMtC^U^@\\\9\)h\'<\n\㰙h\\I\r:\E8\\):p(\r\/~\L&婭\el\i	\\EMyZZܬ\su*}\yw{\0F?09\^xl+[}[L\:\%qIOR/&H\ZC\Za\oA\2\\\[B;\\	_./\\S$m\\Z\\"5GI$*T\+y#e\\\\\Q\7:\\3\Ac~\w\i3:Q^\q\L篭j\\Z|\$gk#E(<\ҕ\\=\KZjU\\+Nֶ\Bű\W\V\2[JF\Xs⽓\\ZA\Q\RA\9\ȩ\$=x\\m\\"Csg0Lsf\'wNA5R-2\\'s7>\'BBN1\	&Gf:\{H3\yם\\k]-[5^OX2Hl񎔬W+\zN񓓊Nk\vW\[xWI\R`g#8I4Ya׎㯯4Ǔp!0I\^9\0\ֆc!GS\P\\\\08+g?0\vO^(1\ \\\)L.7`<nJG\I\`t5%\F|\ۜ1\\MjXF3N3\8#5z\o\0\\;V3m	j^ 	\jƈa+Z<0\\W;GM\}K\ZY͸\\"l	\02juC=ZY`vn\B^@\z\]\s\V\\\NEu\Db\\\k~JKs\#]Ղn\\綶:\\\>\\x\N*焧KIx\1\Vi\'R\\UIJҠӭ\$o\>I\,E>PgNX^\8\֛\w\'iNy楎\Kج&.{SDB#iccy\'8hdcmf@cɭ9~L\/9\BsO483fH4\\nD[@\(\F3\OL$\nZ*H\0y\\]qǽz:\g5\0<Buȼ\l9\qڸIXr\5\'UIm\\C0g<׹\0A\\0m\\^:\MfrvhN\G4(%yA\<KȩF1Q0\j\"\9J0)\:\"\\>XӤ0\S\^s\nȤ6\rL\&\\\\\\\K[\cn\\+!?,g\r\D6O$8\+\\ r=+\\\s\g9^=נ\W\c<\&ɐ\:\_K\8\k9H.WE+#[\n@\41\\<SI\UU#&\E[x\1>\TiYz)fM.\\*vp;W}é\YVѲ\3]vh7J\Gކ1P\n~uѨj@3g5B\0\\nr+[\ݻ=Wkr\O֥n\\\\G\0E.j\\oa\Z\\WwZG\Z+\ܾ:\=Ij#8&\HF<W\p^ \q׬\\"H\3\L\6\.7=\kgG\r\\^d|Gij}sY\89T/$\WU\\?\8}\ZޠyBIp9\OF\dG^kӌ\G84\\%\Og\{V=\N=y\Tۥ7+\n<\Ǻ\P\Ulq\\B\\\_qw\"\AWUl\"xcX\m\E_@OZy{圩{4!\m\N~_|\:f\0x5ɊF\\\\4Hd|QNi-ە`凢\=%.ɂɯ<\حm#x\\cx􇸻q3g\YBc\0c1T<<\J}\̀Qj\)0\\\a^rM \n5\Ń8>Ю(\\Z\\L\<bbbS\\\Զ3LrEf\y\"J<6O5ovqY\D\9\O*I⩒zVW6H\QJS5]_\U;\x\nMD(sI$x\0\?37أ\[\׆jm\;k\Q+Ox[\ɯ3\\5\\\f:曗v~6\"ߛ2@F8+fm\\+5\0\\[+3i\i\@\Ct\-\Z\\"+>䔮QsZ\\07:w\^q\N\F)\#\0+\OC\%\\\r\\r|9\mZ}W]b\6*\0k\?\\Ze\g\0%|7\V\\\\ezX3֣$\\`yX\'\8Q@\5\)$vF\rXm+Pt5\lM0\\	\\\\qoK\\\rdA\\\T*Els}4\Eh9V\Z\\\I0Cp9\T\E\\G3\akHXO\S\\I%1\S\D\Q\\|gl\\5l;qPe\Cw\Z\kҵӴ\K塐/]\4\Rμw\nx83.+\5a[Ҕv\^Me\6\΄$\#vN\|\?	6֋|\jG\\\\0Snrz\׉~M\g\b*\-gPi/%4\(ǘ}\'xI*⋛\\(\Z0X1hW\\Һ5ӭ\Zk-\\P\\";$\!}G:nrH\\\!Fv\9\0\\\\K[q2\\\0ŏ&uicuS4>:j\\7vƅg8\j8}+E\Zx\֗q8\)W*=\0\S$C3ޭ\\\\Պ\\Ҫ\<1\04\&G5}*\\U\'\}(\=E~`#3	 G\rck|@o\M\Q]\\>\F\\Zh0:u\81ZJc\淊?8\0\s\_bSv:,8(\\q_1k!g\|g\\WY]#jr<X\*0pMD\x6*s+\E1\d@p>_gҾٻv\\\\6\\\8\'hti\Z;vc\\ޥ#\3Ae\)\\\\s\\u\\\n^d\\׎j\3Mu<l\QiZ5?ǁ\+9NRݗ%\Z9AAgm88`~\Tl\\]D%\6\\\}\3;\\x\n\nF\\\r+\!{YVP\\{\j9s3Ov&KW\<U?\^!ops&\º_Qv[ \c_\~ \W \F\A+ݼ\Xj\\ZU6\9\]\i\SI\y\T$\\ՙ\'I\\\\:\2~l\n{r/o.& ,\L\V0\E}=!䏇ó\m\\Te>`jWz\\91\s\%TjC\Z\~^շ>\\v\n\|v9\+4牗\etp\ԕ_\n3W \+gA\\^ce\\n\\#<`W<M86{԰ujEJ1<\\\*\dN\KkTWG87^%\\X<e;\vt,Wm#\\gPv\m\\;n575Н慉5\\l\iy\u\\I\R[\IP]\x=+\\/W0l\\\h\n;סpc\")R\\\"\9\H t\}\*H\\\\spѪ\\t\m\sz\\0Ҹ\R;0.L\g=\\~TEɭ\\>\\2\q_7V,Y\zNF`\Y\¶&\!6]<ֆL2`Ȯ\u,d*N3^L껟CK\r#\lZ\\\\ynݎ\0\if]B\.\\\z56x\0zW\r\\r޵\\\ԩ[Sjņ!Eq\r!\\0+\?$ry\d\\)\D\ξe\\\/<l\q^wrD\\TpZ(f\tў*\teK\d\r8m4ˉ\Z9\j(}3Mw2gd-B\\0\\\\±A\"\i}n+%\WiX\ϏYqY\")cg\\ڹ\y9YE,}#mp]$1r+\<C\GkA PR\F\\S#\\t\[<wzS/lS3\z鋺LkBTjJ,\\\Ki^)\0\1J?	i\\0c\I\Zyix\\n?\Z\<Oc5uK1=\s^\\\K\\4[\\y\%*\b\\\*D\0\UXFK~Qj\'m\'8X\\>;\{\yJ;\0Óx5rGk˖qܟ&\Ω\=+M6)M(V,T\}kY\\"M\\2N㍯\\Z\XE\uCVJ<\}(BN\@Jt\STlLvϥq}R*[\j\R\\\W*G5 \0V\el\\\\\\\0\\g9TcfMܒ3RM\7\nLۓ+KKɼKmɬ\\\\n̮q}i5t\J5%g\^vap\*\0Q\\׆\\\MEv$\\\h\D\\\\"\rtXP\H5\rͬ:854\Ud\\BzgkJ,jBni\\{oJ\w\Nķ\HblkOCТ0\/\\\]\R\\j,w?\湪\\\;hᮯ#c\^\ZҬp>cנB6\0+\\\\IrS\Wio3	ާJTREeT\\Xy\'8⹛زRY\\DF\q\\~EuUN}맒($^	\\74\fsJI<\t\S\@s^\\ɜ\!\׏H0\WB\\h)4t\~\\\BDNG#T~_3c3Lx>`|\rj\Z4\u\ϟ\l\ٴ3\#N\'\倚 3\\+\m\sW,^\'Oi\Cao\\$]x\\\g\\\қsYZs\1^|=h%z\nJVh1^YOot,Q4`\\Y\d\Zɛ\Sn\\\KrZcq*\\\rTg+\oۅr\\?W\*1N\<\\\M*\y5\%\ܡL\Ԭ\\\\\\iK5<L_\niKp_Vii\۠\\^\[!X\\)!Л8e:O\0bI޵F`NF*.{Ԝӌ\\\r`g\9Y!7\s\\CM\b+\\bէ\0\k	z)&{\4\r·\Ġ\\r\V\ߌv\Ve<z\r@&\\0,lդ\\C>J\2H\\nmm\0g6\\\0W\|bq4V8\\0cL\TI\\\^,\NT`\^\r|_}\c\&\\0b\?̙\\nI\:\n\X.M9ـ\?ʬf \yI9<\>\*\\\\0Py*Yks\<b\\\AW<]^\F<\0:\\8\k&zPPΘ\\F܎\rHӚT?#M1\(f\Rm+qޘ -J\ ў\49\hXB;\\\\d\%kNsR\ U~j\̚>\R\TP+;Xd\Z~\\ \B\Y#\\F0خJk%}W\O\\K\ڍe\\0\0+u@\\=\\\\TM֥1H<\S\QoJ\ZnI4\l\p\#\\rP\\"c\6\'V\(\e\\\#v\<]֝CyrN8㷜Ga\]nf\nێ38\q\H\Bɴ{L{_ \#\pJ\\ap\0\d$=;gܨɀ@\\@j\\@t\\v*#qpqUg 0${\Z\H\ȥ\sc3\\ZH\[\ZԌub$>\zԉkHiP{ڞ	@K}+Y\BA|\Z\5\\\0\9\nE$:Wc*ͱ\kўdC\;\$!S8\Ѩ3\K@Q\[H[H\1\\M\">K\\\\\\0\r\0Az`03\\$4Fize\m\\JRs\Vz%l\{\r~Sǭ`\\=Ր#<{ZeOQ_S^\5h+=ZW\vf\xE^GS[1>F0E|w]_\\3	<\0q^\\-B\\\r͸g84bIm̒3\kA\0~Fүĕ%\"Ҟ*NqQ	x\0RZa`b	sAh\05jj\ܬNֲ6&\^<\-Y\"N:׆Z9|휓Z.\[Q\%Pے3YT{\PGq^,\:o\}	\ZHj\\#1\Os]\5\xQ\\\\\׵G\^\\\rf\"8j\ҭ\>Z\{$\'L*!H4\pi䔠Ssu\	\j9$\n\rs\p>f\\+9\1Z\nr\kp4_5\Asq*ʩbF+\5\0\yng\\\!\Ƥ\\\1\r+56{tgF{\]Y\̤ˑ,\\{p0\hR$cz\Z\*?\\\\\g}E\\\w\ZZE\?\^mn8bqY\U 1s$\\Dс\0IP\\֊kiʔ2\Z\.<F\\OZݶH\UAu>lJ2\U\\~ZbAĺDRTp!2+\NןkwV\6!uS\IN!FJ\}kD\c\\N?9\=\˫\\\\T6C18Q\=)/P\pI\#ޱ\fx\;\\N;3NT+#lۜc5Pjs\\0k\wU\L\93f]J\RwJ\\3\w2|\W\\R\Jz\R#r\0TwfAu*V\"VRgڮ\Þ=jCοJ\<j\W9eѾ/ݱف [NV /jۭ\aA\MZ洹!4\SI\}	wr\LK\I\-\\t~\w`ǵo\\ܓ\p>\\n\⠤BZ6o\k5z\Wؤ\\ww\\\Rq{\'\\!\f\0(a_2%;\\|\r2.\x\\"㠯\CG\o\\\~z(\;V\\0}ER\JZ\<h<THE$\\C)2}͞\\\VV\2N:e9n\\>ȟTBp\\V2EN\\;F\zוM\9F\\\FEF~,2\18\\"\E5.\\\Z\Xl\s]T\\\$\@N285\\įK+Q(9\\\E\M\\\(\z\\-\\`g\ז\ϱ\8#5\v؈\8.\0\qc^\\\\9\\'泍h\c\iYL\CeEs\!Xl^u\{\3\<(ɨ;Amid\q\ĳM3^Am]FTN\W\]I3\I\ZAq;\[bMySG\ӫb4̕V\\~F	V}*s[\mQYmB|\۴\N\^\q.I$\e2\{~N\~\\޹\g9h(_YH\\'+\x\@\*Nq]>9/RG\\1\k\aep\w\\!KY\0Tb)}r9&|\-!gpפZYBʹP\\\χ\#ɮ\fxrQ+6ݑ\a)b\\cDt\\\n\SգK	%Etz_P\\HI\\\\r\el$VPFS\Y0xo\3>\%Z(vΛՁ\-.X\<\\\y0\\5M.KT\{5Z2q\\γ\\tgp浅I\ni3\NGe\rǌ^P[|H\\{\\;\0kN\x(\$v\Z?gW9xZ&Ns\\[=><`\&ҡ\r\1\\.iS鰱\\}k\Ug\?\䶥\-jߟ\V?uG57¿4\\Rt/>\4\\A3I\\{C_\\GԾFOi\r9E\-o\h&te\8t\x\\\\\n\\c\(\^\\+fms7[\\\-\\9,k\s\\\\]8(\1ך4 \Y\~Z̑\c\\#\Rl\1P\0	\\aXӡf&K?y>_K`;V\\\"#\zU`͖<\\3\uUH0E{xJ\'aݞ{U\o.\⓭Ex\Z%\|\\UnmEMH1\澰\v\Zm#DNH\G4v\gُ̝\)ӫ\+\nӍ\s\Rj:\:\7W\g\kd*\|\\2FNc\Z\\\Gѿ/*\x\n\\i\01\\޽c\\ce\k]~\y<r5MF=1v\\%v\\Zk\9\،w I\\n\L\\s\vipǝ\\=\swL \+9E39,e\*\\'S\5\ZBC\]-\ \z+&osǎB߭:H@@\'\]hG(+\քi)6Nk;UN]6\4݌r\\ZR\~}=N\\r$Q,$\RuGRJ<WO&6\Hx	+I}pH\\\'\\U\0èb0N\<\}b\u\kOI}:f^J04\F\[\%B\f\Z\Q\q^\U\Pѫ3ՠ4`IT\\"sC\NH\'\o\\%_mB\ϱ}yó\\%\<8\[=!8E\\L\5\w\\Q[G5,QLcOZ<\\\տv~|=/\\m@\\\\ >\\߉ᳵ}=w6Z.o\\0\a_/_ޓg\\%m\u\j\\\09Z}\\*EF \[k:\%fvQsl1ȮZ0\j7\a\0s\\]ݎq\\\j\)\\rx☮]qэzޯke&U؏\ϭy\lcxG+i\rJV\\s\[Z$yuBEb\tD[DH7%}+\Aβ}>g0겁,))\:\N\͌$<\r\sZ\p\hLdՙuk\ĞGJ\\\u)4ENِC@E\-\Z\F@?G\\\a@=)[&IL\v\|^1<֟F7l\Q&aE5cIex\\HPe\ÂOn\\*\UyHaFf)n?ynH\if$3;r@\_W	y	\0zu6R1\+#tH\\c\\\r\C3,lݴ\ϥtmnU\gV\\:vu<\hy\08I9)_A.\,{ƹmM1o*\)t\f\\k\+*	C\kMꌪ\\g\\>*h\ `0S[v5ޡs\\a\Z\	58,\W\5\:\<>N|\uEAȬ՞ib\2gnEv~+[jw1`?*\c]s<e\\CSծ\,]6\64RvA\_S\7\\r\\7\z¾RmC\On\"W\A\E\\VїC\\P抟Ur\U[j.s\Z\c\`tNQd#AT\\Q\2p\n>Yf\s\\^\`;\rkFj\^98AI\\QʾSόkGC^\X\ƺ@\<4[B-	e3\\'Ҡ\[3E*\v:|~\\\\\\\"/5\\\n\$u\3)\y\\\rV;hñ\:+ּ\e-k>8+\WUkFj\w\*c7*t5f|\kcO\\V\+\=jMR\\\Sү\\X\`\5\O<\%{\{oueW9q\+\ntm?%Q\#pŲWNN+E;\\ҕ;\\T\Z2\jH#vޣQH\v6}sl ?\Ӄۊ\\Zc\v*\rf\2\c˹I\\0ymeiFZ&\\{ۅ$6^\\\)\0hTMtZmǺ<\CkQZ?}e\"{[\\\μ$W{nhI\ӏ-8]\\Cgp\\ǵuQ\?>\z\bGj˲I>b\'5\rtF**\Вfs\\^\\@B\F\\\^\']\I\nx\\SN`^W/S\4>_\\+h\~QEN\0Sl\~#)}kĬt]DZ\\9$\0W\\\rz\	\Mos$+z7z\W,\\\D^\/S\j5{\)@F$\\\(BpH2u\"\xqUr*iZ\zH~\g#!=G+\t+\1\w#<\Z\\\l7\# W5j\\v\p֨\쭄\\]B0G檐EG蝰+Wo\ڼ6\\)\\ N\&\=4AW0\<1T\"lK:5Wq\]x\GJmڎz\\$\^\\\-\m\q\s\|0dbVգI1\8[\n^c\Rq\\/:/2\\'H\08\J<z\v\\\\"\4Tf0y&8\O\\r\0RC_/E=Ff\s\,vm\\5\\c\4\\i*<R19@\\w2HE\'\xe%s(E\I\"Ɨ\9&Avzoo񁀣mr\r÷Ҷm\ֲ\0z\WM(A-49\\btgsҹ럇Z3)vSԭ\5jo=y\i\\\>N_dG\ڒwu\W\j\Z\\{#\dW\P\$m\\5o\\\x\0ְ\\\\S\F\\	H8^\\w\ֻmB\O% |Wsn!v+RG:n\KE\:/P[_Hl\޾sɻXb\\8\5/:Db60A\=_*\\2$\ԑYa\\\?{#\N\Y\T|\ul\7k\|{\\bQٺy\0;\\\\\=\`# \\F\{>T\`!\'=qO\1B۶=묷\\\UTwf)l$79@7.8\\#\^g\H\V\rz\\i\u\0W`z(\XK\\8FhX32h{UY|5!\0w>W\\\0\0v\N{X\~>\\`ݟ3\'um\0MW\\##񯡮-QQ\\\'!g\v*M\<R\\x|22?\Z\s]*屃\\\4?>\\l%̏>9YU94zv\0Z#p1Z\\\\\"6\4\֯JGv}\rhQ\\*AR9\J\\pOn\kS\\\;IȪ\0Xɫ\0@\pi\\v 9?!\\NMRIzu\5\IR\I]\ņL\9z\bI`k\<;u\)>5\pK#E9\v<Z\F.8\;擨\Q\\0\\g42\"&\\<j[A{i6޼*\rqVS;in\T1pkJ\\15~.G\W4V\\\kN\,\\n]֓\(\_\f6\Nw\W\1tJ\޲N\\\0<n\ú\\g\"Y.O?s.EuV\b\n=\5Q\7c\3\T\\\C\0Q[O+P~F$rrEy\\\NIkx:K\0뗬\U\n\yefwfl\{J\0*\36Q\9Mn&\&tWiv\i\ZF 8#	\-\\\8ĳpV\Aↁ2e~EZS\\x5_ZPN\0\@5 \Lcq\\0\JO\Z\ic;!8\}y)T>\]U[er@\qs\\o\'\c\g\)gbyc[\Z@o48\\{`\\>;^U5\#\\\}\9٧v	\\^\\\j	\\ b_?7̕5-\\'VĊd\U\:UK\*O+K\\v\-\b\2rk\\tR\<8ܜMqXc\ť\q\\q6v\a|\\\\(\ܓ]!0qּcRB\AߵCP9\Z\b\'\\._\L\.:Wj\'Wh\r,\J\}\nMN s*M+F\t]\,`\\g4ܷbT\r\\\S\qRKx:Ey6[鷓vF\\\WRQA\^ax\'KyfĖkW\\;_\\dTI\ҽ:\7$ߊ\\#\6	H\\sq\Z+\$Fwh\0<\Z\\\MťBDȯM\m\`\y:~\\߬Iv\Yt5bO8ⰮpE>k.9!3\	CE	sMkr( ⛦H`SR1ZD*\\.\\nk\\d܄r+\<kA\*V9k\kkx$.\\0W#k[S7\\\nQ\\\PaEz1ZC\T/μs[&j	d\\\\\5\0gj$^\RP,8\'_\Hۃ\U;\'R\\E\f<dq\U^S\P\֭M*.H\\XJD-wWA2M\Ni֞t\~c\\dߵ2Fp+\Z\ڲ>*\*1m$RDyW8B/\\\\\\FpW^\FM\pIoB\6\f0TI=XİTbҠ`}*Sҽ\|Fܛ*p)&:\9\B\más	hG\MBX\\W\\4ũ\4X\@8,\\#x\\\[X$Χ^	s4K1#ҹV\օRҖx\\\$&\fQ\wΉb@\\b&W)6zPb\3\'z\WÊs\'x\fٲD\OQ\h\\LU@pA<R\zsR5NI\Nf\z_ZZӢH\\\쪀F}_\'ѯ\pH6\NPmn\\1H۵y=\\\V\-;RWI\89\Mq\\b2)>Ԧve)\s\i;hy\\Xv䖛*=O6o\C\\ou:\/xdlC\0}{\x\(\\6-rԁ\Q\7+ls\K\Z\Z+|\tj_[oS\0\\*mUjW\i#\I6jxnM󘱂\q_B\\"\\n\\o\c|\ֽQB裤O>\B=qbjaq\CPI\5Ϝ6\OM|\\\\0kE$\\k\\S\+\.$RTu5ňMxJq2ghLg\ںx\jY\k{/s+YSik\\Qd7-4\M\ qв\m50LG8\\`}ǆw\풿\kB\GӭE1\0\O$sY6m\敔\P~\dpEETO&\Z\\ke)-(8\k*}Eh\ʶE<\ƫ\Ar\"\0u$\Rˊ\\܁i\lۇ\x5vx~la\q\x\j\a\uTBF@\'+\\8#\.:V\8y\V\,L\N\DBP\\⦎ <dOp3b\d01\zҊ-\1r\k\t_\"\Ƌ\\n\\;Y`\\\0:e\\pT\\ݜP\\\C9\\szũX,vM[\S4\#9\0κ\}\w\0U,ִy[\R\\=o\wMQBxL\>⭞:W\^X\\\\\U[\\l*\4?0\5\\t\'6vZ\\[).$H\I\+Լ5%kpT?#U|7ae1,D˃^a`\T{##:\<#\\K\n\4oKm\Z)l^[ڃɷ\\UU8;FGJ\;Im\H\kV\r97#j\3`dT3&O\(@\s^_i6-\\^spHjR\2\\64\aR<\\\6p\\r$gS\yȮ7I?\vQ\AX%^\KKd\\>rk\\Y\\'dpH\\\]M\[wP>\\k\\\RSM>\UIկ<U\_ٚ{:h\;8\{\gRB\0᳞+\\\Vx\j|˳\mnӠGέW\\ˣ\8fx\\4!G<qޢi6\*z8#0\\ޘ!\Bួ\\p\\"`l@v7\\Cn.79\}\lW<W%;&{:t\j휼^\r.$YUtbɭ=\׶Ɨ\n\ZWo A]J\A=o\Km)\\\u0k\J۝M=\0cET\[m\\3\0ުܬp\aYt\Ƚ_<rkM\\\+1\qY2.v\+6\rK\\m\\KI\)\it\\hH|A\.bd?uafߺx\\iKᠢ	/\?\Z \\Cc\_e\\*_\?1\\\3ޘ\\<G\r׵ELg\q-\OXi2!.@\3\կo{^\Wxv(f\cfwd	\\tI|?\m!\O#\\uR\\U\\\Z<\,=Nk{\"/i\0b0gjPxg-3FY\L\r$gwLbTS]t0 Q_4\f}juG\'\y\Z\LeD\r\\[\\5ٛ8ɬ$t\s\s*ȴ]|\ח\\xuf\H-\\/~V2\Z\5Ĳ8%4ahH7>A\\\\\\\\ʱ\(NƹO٬6F\5\\`s\^O\\\lQzU\0w\oF^YɈ.\Hn.Cg\n9\0Wqi$1\\@\|7oȧ\6ŦoV5żqr6\\y-EU\vl|^{EЍ$\\}=U㧵\r$ߚ`F;T\G$gG͢\=\r}NM!`wS\0;uNtvb\)Yd^\0\(L\\Oj\!\'\g#\:\\6\\_\rAL\g\d\\*:w=\OQ\\*\$Dұt\j\\W?xb9S4a-ѻ\0 \*+X\\r8jG:\\n:sRYoOet`^OJ\t\-\0V8#hZ\k\\n!帮T܍t⸗]xcI\coA\	9\5Ԟ\\r[@A~7\ש\nXyդJ\G5\[1\{^\\<-\c_Ǔ[\\8ty\k\\\\B\ry\\\-Df7s\5\_U\\q\\޼mn^\f]t淦\9)NhA3!m\uǽYy\o\\v\"\\s^\i:%\0\\\5uBu\ZtsU#xI\zՔ\ug\7\L2\'<\-\"\\IẖF\p_o5+-$MepaWˑ\|\07M\;mk\\66\\\NFV\F+\O\\nD\\ߜ\Y\-2>\I4|\W$8,\{\3\\k\jk_zZ\w3F77TU4Bm#]sV;\[^\&\'=sڵt\ee\C\\GJe\\\\r\q\\n\\a\u!v/sz\\kE㊻4q\\YF+\tk\\\2\eXTڜYg\zt3\A\:5\\\/\\gB\\tch:\"\tl1\g\]\,,rr\\\K\[X<\TPIT%	_^K(8 ^u\V̎^q-=J\]G\\\d+`p;\Vv\%\Emgخz⾢g}D\l\\\ՆoZ$yr\"\\\-\`(\uF\ՠ[[\\PT\n\0vjd!O\WYk,Fk+VuŶy$uhҜf\H\\#\\]\\nkͮ<;7u\Nrb>\qT\P6V@3jӮp\i*O8j\*߬lv#ZAt\\+f\Z\5r3FV\0\s\N+bY7\\\֠Ć\j	g*£$A]`\\\ؚ$5~\"K5E-\\\}ke5ty4\6\r\\'r@RrDÒ01^U\nn\y$g$z\\XI6NB>ASc\kV|G\C\\4o_\\\0N;\\7qU\29sԎ4\^}Z\\\QB\B1\0\ZKKt W\\`7|5\\]0@T⚹\\Dvӹ1j\#\\9<\\"j\\YҷlsQcU\Z	#\\0\j\\\&\yZ\}E>\SHt_\"{\+6(<J8;ZѦ2c\\c8NZ\\\\b\08(^\'su[!\\)=qU\u\V2\n\\0Otkö\|\r?#=kƭaڕV\8\\4èLa?)\'\MN,QNM٨\\\ԽEYZc\\\H]GLu$\q\\\\c=*QWh\P%\#Nx8\\%g\~[70.\'#\\χAss+:tS\?#\\#<sNh\\n$/b\re\\{˰ی޹.VGIg<7*sȮC`U\r/EM>28\Va#?Ii36_02swd׏\'\UÜ~U\k\Z\q+Jh$\\=2\'ؠ27\t\\Z1\D]\\V\\pNk01\R\\jWWh\|7}WDc\\}%gd Ts\k\\C\\r\\׳\*}\+D\z\r\nv\4dJx#oA\)۳\z\\8ى\#@2\HA#\U{V\*e.G=<e.Y-ӷ>\x\F;H{<df \\ԡ\*v\gہ^mO\\\\zv<\\\Reܽ_c\]ݝ\ԓ\\\nŵP$c5\XC\\\&ΪPFlY\M\0/sAyb\02V=kyI\\Vl^KjH\';&܎BkJ\L#9#ַ\r\\=V\"ZlnE\V=sQr\ahl\/uK9G\\8\Rꮱdz͍|t\:gҶާ9KN~CϹ~JO&F\b}\>DĆ b\nS<\nLᥐ)\rM\\WW{IN\\+!=:{WJ\\\D0\'\n$F<s\Qy18&\nAf8\0i939\\vI\8O\]\\\_\.295\v=_A\?L\<S\ZS\Dx?Tm\\q\\NF1أ\$~\s@\0ج\\]{\X6tV6\x҅\4®PI;s\kЯ,\d\\?1<\\0\\e\\"sx\ԏ>7Y{\݁^\k\\09\0^K\5HP~c\{J(\@\wG\>wBU\rF1\\ˎ4\\\\RcZL\#*zf|\s뎕Ϙ:ֲ\I\ka\\eȪO\0z:o0=Nq\\#դze\\\Yc%\H\r$\\0u5\_ݼ7j\=`wIԳWN\y:\$\0I/:.+\-rȯ9 ʵ\'\r)$V\~G\)\\FP\(V|\\\dpp2i\:kD\9\\_\rjSP3\\]\)\^8q\G5\9\@\=J\<V3Cr\\{dX\v\0F1\j[&\\;\5nXո-\\nv\\rQ\֦ݎ\Q@\~\\99\'\DJq9H\,с\s\hk6\6+6o\\4+\\ɁqP͠9\v\0\L\\\"KX7\\I\WT-9\&F}	\y>y۱B5,	^\\\j\\"+s\\E\{~b/\rnzJJ\\\D\\"T1\޺\rW9\|/\fda\@\\Z7\\b\\ѸT\rzp\\D\b\$t+SԒ\O*#ߓYz>Jŕ\!\\$gkb:D8[4\h]܈<u^zI\\\\0\Y7׋nD0Z\\zt⑾\\09\'/\@\\W\\x\2A\T\}\-\[\3ID\O\Yb2\\\\\\\L\bx\5\\\'íN)$Kr\\g	(\Tv\JOV\pNbW>bԾ!H\\{0+\wƷHm*αwSW\)5\ҰF/ﹺsro\\\Բ0\\bG\[\\Ϩ\Ty\L֮ʯ\N\6Jkg\ZL$(u\yW^\"v\v&PA\gtZ7w\\\cZ7&H?\nL[jҴ@J\.n8e\y	\'a\{U}Z	ٕm\c@	sjV!\\A}m\<b~M\ީr\pu)\ѣe>\$\\\va\;s4x\Bb\஑ni`\'\o\/9\\+%T\n\H\Zf!RqjSр\0ހ\\J˜\$\f\,EQxǧ\Ҵ\Γi=ɭf\.\&[g&\\\0@\\e,\H=\v\rV\2=9\]\ \\gsʼc\u\\r6<\H0ӱu[`HSJ\\V\&\6+ϵ\\0\\gUSMJ.\%C\5\\d\ >ڼ\+\e2@5݇I\μ\n	wzׁ\\\n#9W\\k\4U\\\"Q\]\	;lTq\o@\\\Ҕ\n:f5g+!\)5\\o:ɡ}.T`\F\ln	\\\{}LFD\02\-Iޤc\\x\\<\\9<Y\ V\\l6sޱ^3^l\sץnT\r!s)>@\\\\0\0ql\0k&nݗ+}њh\iw*+6Z\Z[=\0znZ2~*.q$\`\n[8	\rpOZ\03\F-%nXp=\{}v=_&9\\V,}>И\\GcN\˹\x^\K\V\\0\e>5O[W\\$z	(Tp\0[W\VfЯ(jiV:}Kh1Ó\Mx^k cn\01xNje\n:\xɮJ\ֱyW*y\F\0hdN\\zm\Z\Z۵w\8\ڝ7̔!z#\M-\Zj\xw|u\x\\\-\o\'nk\$\zM5\r:}\ʰdk\\\.F\\e c v<\Z\7:<\ˣa_\\,[\^eEc\\ϙ*\-fJ\jH\q\\N\,g+\S\7FX\n\K+/QUc]oBx<U\0@OZ̹&\wB\5I\8NM4\r+[\\0\tw7&YXa~ SNp\\nخ!M?\Ш@QV\E\C\([o\nkj\D\(a\8UuCx\\&[5oÒ}X\\\gO\z.\Wv2R࿎{1S2\'\\0\\Z\wx\\\\\Z+iK\ڊ\0\ggx\\V\\\\\0\п\GM\{=^\QA#B9洱;3MGTWq	1F\o! gψB\K(\\qY\K$b8-\)faV<\c%ќgY\I;;eL\޽+H\8\R\"\%\J@#/{\n)\WR]rϭr^y/ucvGplۼ\{ R9\h@ qZ\\Dmf\\r\\5\0\ܾn>yA\rhl,s^)\4\\n=F\\O\'+\Mw\{s@5ھT\z\,j\VN{lx\\\\ѷ͇`w$\0>xnb\]G\nֻ\kOk\\+`\0A:t\\yw|F\#].ـm\s~\/j2\Bɦ\\fU(ѥ)OVՒ:\B6ZtZ~\0\l㏙OZil5\h圬\\FG\\\\@\)\\\Zu\^uƿG\媾\ZI/z\^\Q\WR\\$vf\\'\3\\C\biC-tgc\\\wP(b^\H\'\5[$9^D\#+\u:\ne(\5G\\=\"q\i\Zyj\\'=9ݑOu_)f\G\<m&zf\ m\W)9;\RPVF<-\yXL\nn?T\uL\c\~\ol峞\Ls\"	>\;e\\mg`\\z<ԷS\r\\8\\Bi1\\t\Y+d\0j\\06k+\\.ΐ\l\b\z\nBN\\_\0\vW\7\F\KۑE\r\lր\\"ӡX\\(\l3@l_9^\\Z\%\\"ώG=\\`aY\~\k;lϝ;;:]6\9PU\sh\\q!\\æ{\p\A5\%\IY-$\5\m W\2+\^\MuI\njw\\\\\!(\6Z\F >ƂO\ \׵s#\$\uY\$.a\_O\\s\\I\\86}[\[W^\gG\"\V\Z\~v^Dj$\zA=k⸋	\'V5\\\>\01a\4OIФ\{\5\os+[#88+\\I\0\\;VT`-_\Zi\g5p56H\k\\"\"\\>ӹ\0dtq$M^KGsP2 \\Υ\nܱr\]	>\ZEusg\mI՚*W6v9An\Q\np\0\n\W\\\ EޡJNNzW\eTùMٽYs;j:DɇN\.\I6޾Zǵ6iFst]\K\\}O%Yi\eg\|[=\\=pjO3_T\\U\"{I?\k~b\~\\gzyS1\\\0\\Y_`쥒\z{B/\r\i\<\½f9a5\s\5\ۍIgt\|3>a]Gkm*ҞX\Y\ֹn8jJ	\Suw!\\"8\\繮oFh\B\ \F\\2B\i\"\WQ\'\ Ն^Mf-\\@G,v1\\?\n,9\\ڋ&djR$1;mMyf#|\)q\\z.4b~lw]\\~H\F<\Cgm\\\i\0\n\ W7:,ݮZbty\\1\$\\^\\R:\\o+\g\+rOTé[\\D$\ݐ~_ʽ\t.tx%RF˅0\|\\v\weG\0q\*\\\'*\\0\r.\n\\_[#z\+\Xg\i[39(hϾk訲\$+j[ve\Z_\##<\\\t$\tOT%їk\B\\\\pBMI>\f\\\soq#\KdQm\}\\ӣ\	F\0\j\#pʹ{\m\%խ\rA!x\>s\TZ4\(2J\We\M\Z\Vq:dXuS^\\̌\\x\\ꇯ1\6\*+?QKmA\\%(L\\\\\޳\-\\Aۚ\Cl\c4!#*(r6H\a*{v?fSݗ$=gV`R\\F8dd\ZǦ2Ij\rCՂ\\1]t\&L\ՄeH\4\.uBiߟ\?v#\\z~8i%\\_\x\޻aTx\\s\\nM\mF\0j\'d7J\U\\\c{W9\G\\	\\r&89j_\\\"|\0bҢ1DI\޸\w\Z\	=Z2sԷ\\0X`&g켁\\o\\\`AQ\\\\\\xcOϻJ\=\U\\"Yft7Pkr\zI\3\\׳;\\C\R_\EI#=\E,\'Lp=\rys\Zx\3\3oi<k\dّ]p)i%ڧs!#lS\0\\\w\S<\\hFszU\Ax\\?rw	\\'n\2Kt\d%\;EmxK\I-\WA$\F\6	N[9\*\0$rB\\\Z\lt0כͽ\`\ZW%\kˡ\C\\ڦ%bM̀\0\4\I<\n\"uc7y\gЯv%y P&Hقz֥\oH\^ƻM9!ӂd/\:b\\<{dN\JӚN85pZH0\x׊\OoK\[qZv\0\߭doB\s\T6-km\\">YP\-kpcŘ(`3N$\Zmm%\.\w\\AjG\\ipo\\gwW{jj\\r}+V<ڵd\zl)^\\\\"\-\\\^}1f\k\K<8ȩliNg\B·\\:\\\Ϸs\\f)\"! \\Pk+4z>r^\7\\\ּ;M\gԒ!p\b̌d\69Y;\"uUͣ>\\\\\\'iFI5\8\\ml\\\zU)E-YT\RM+\"9Ì^y\Ciz\\ZK\j;أl!\3V\\3õ\e-OUCCҙ^%U\C\8\T̻w1]\\9\C\ZEdV\ec\?Nsڳ*1\i\)=8~\Y\r\EjB\T\m6+\0\:kҟTX\pKv\wzzłx\i$bOҮ&S-y	ZX.\y\ֹqi~Y=\"X\"v\細ĞT\\\\\9\9\P盈N){ễ$\\~ןz\\\b5CQ&\rz	\|\y6J7Mf\\\\C\zicF短q\Z\\Y@#4\\\\\˖0IVl\ut\r\	-}\\0\tR\\w\*^~jq\4\?ֹ\B-]\ZЂ\\g>\\iv+\x\\\=\"7oN\Wae NNyutgGTw\8x\\\V]\.szT\\r#W\0g5tٛ\\r\\N\s\6\;8.c\\k:\\P\\n\#$c\0qT+HeQ+3{s,\I\	\\0\Tpp\0\k\d$m?A]H>\D\oL劣ґ\\\\W08#\\\r,\潈]Y\\U ӓ\\Z\"]0Q\=*\CR-<&6\nǽͻ;V\L񀹨\Q=yM-\B0bxc[\UAX\q:\x7kV8/l\GKlp02+C\\p+Fv23)\X7sY\'˓\\\@SС;\\0\b\Z\_\Չ\wwV1\\ `c=3\\Z\\m\\5߇\q\:\n\\Zߴ\<\\"8\'$k헐\\'һ1ʂA\\c\*͒0\u\?늏s=\\Im\}Oz0!\0\mPqo5U\gu\f\\wvt\\~B3\j#\#դGfU\\ץZ\y坊9$wlW\+\EvMYMG\Z/	\F	nd\X=\"8\|2<(\^azS\kN3K\\yёl=8>\Ң\]F-m\\5\\O6\\ۓ\ֺPxu㞞-\:<\Mw\%\'܁\nZ\H\.\\Z\5h\Z.\ś\REPa⭷uIϡjIF-t\"\4\S9*\\\z\\5\q!\\\W[\}\r\r\\'\\\:\\"ъ:/\nxP\._z\E\MI\,حJ1\ZџUȄ\p0{be\C-ʏJ躌l^z\\<\n\Zy\b\ץ\\N((\\\\nI5\q&\\\Eͺ8\*d\yޭ\\r\\'\I\YJ@u},0F+\i\Չ\n\\\ӭ`s\'Mdٴbe\\\0wL-t\Gt<=8QHӠ\;q\\Kƶv\Ěƛe\܊-ƶno.p	?+W\Q1I2kjx\\cSNkU.\HX \12j@wc^\g\\\'\מk:<\ч\\\rk9VB{\\T\/j괈;7ƹ\\_\\r\\\'\]n\(\dVQ\+\S]\\\f8+W\Bѓ\z\nfv\Z\	*`+͚\B$7)¡OLe_/\b=+:\S\0\574\\,[z\kS\$㰁\\I*:\n޼{ی\UaKKW$*14T毩\cjIA\\\\I;>{eȇ]z\Z\K\KlC\-\m(RUx\^c\aW\\\<s\I\4!i\\gX+\T9\\OT==\SOU\M[Ҽ7_Hm\\0º$B {x˜|\V*rQ\WÿnnJ4cN\׸iҬ\X\3\Mh\Hgn	n\	^=\Ug\n0EKN7A5,sq	q\ұ\fi/<R\%`\d\j,U\"P\Gy,dd{\nY#X\Z}+\\7B\\L{x7Æ\?31\k\[mq+\W\U\c\^)q+\#\\44vqF\\\"Ƙ\zxRN{\i)l\S\\Z.K9\r~o\"<\'\?\/\\'#\r$A_]xwYM\M\\\D\\+sJn\9T[P.:\o ?L\\5$\oz\\|\ecԧt~DbO\ǥ9!\r\2kM M	\Z?\.7#ҲqgB8_UYt\\\L\05N\F1`	7q5SL\\Z&V\iD\?\ɦ|\"\ce^\a-;m\U\$\I\et>\F\{RG\\y\\n\h}jg\r?\bڧ!\ھɂ?Fis\h\(ݞ1Vѳ\0?\"/z:lym1S\\7R\^\c\jvAp\\\n\\\\g+\k\\bl㢚\\j\\LL\\"	\Z!L\9\2s\FjG5ZF48J\75u4aF85\00`yj\N\\Z㱺i$p\qMci\\<{s\Bq^mMn{x}:n\n1XsXALtrxj\\|YFy\\}赋2_cHȍ\\>)}\P\'5\kwF\㵏\'T{d\˹\0w=1\U\0\MR\\a}\H\\\\Z]\=aT\\ֶi(<L=gNt?\\$^n\\\N\y\y~\Z\Z\_BL}\*ݙb\n\e(QQq^\x̟\U(\j߸H\\Iժ]<ov\p\\g;/T\\\j\\rj|\r9-S\-5ͧ\!2s\\\\\0??ʳc\0uTR\uJ\n\\LN\^4E\63Ni/\\\2kֵ\rJ\L»\$IA\\CW5\+a.\\Pn	i#\?\\nJ\7nuso\z\c|)D\R\W\w/\VY	bNz.*\Z\\\\\\T%T8\\\\U\^7qޝ\fL4P\\YĬ\dGOKdbb\\\	\\0\96A\!\\B<)oUj8\X\zY\Z\x\*\svGx\\\Gi#\\FH@\x\)%k,y&Ѧ^k檤.R2\B@*ͅ\R\'N\\(QK\\\\\>9jo+\9\\yKӟz\$H\\pNk\)\;\\\\.cDx_\\\\{ӡk]\\\\'*Md*GA]\0$\'Uj|oݍg\\FV=\\xߵ)Rz\\+Bk\^kȡ1%a+\Gb!\\W\?E\q}מVx\K=޷U2Md\\ΆR\\?J͛\"Zs\'ӥS\D\K\\\ϭkO$\n\Fy\S\ẒCEb\6cךUۑ\o\\\@4p\\\\t\}\(65y\O\\0Fx\xZ\\\L\\\}]x|lK\1XH\\\\\.uy[\9SȪ\V \\+1iM Q\\\'\i\\A\\_a!G-%)(ɟb\ͱ\Q\A.\:ܶqnj׎\ȘT\x$ڥMr8^Uv´#\{T&\\\q]\\J\x^W.!j\\0\(%$c\\\ۋi\\ޙ\B0\\\j0\-ŵ\KT\"\CyLp&\k\\ ̧\\\biԑ\Z58z9Q=ن5v\\W͠\Olq\\OC28\Q^\V03\j\\A\\b\\\זk:=qp\3XP	s\^tB3\Vރvk\F\du5\B\J\)Fp|\Cċ\ې\=\׻X٬\0U\0\\:V\qtqԜ┞\\F!6\sS҄5f\\r8sĚ<zq\BP\8aҺL\.\rlmM\3\\3!\\\;\\/d7\rЍ\\Z\k\\:^.kH\O$\\Wۿ5ѕ\\z\M\}6	:M\\\\jF9mi{\'Za5\0î>뎢b\\k(͐AX+=\P	\qAr<\Tk\\H vfI䘐\Gowv\?*U\-V$ڃ֙òEYI\r*\+*\\\|%C{\b\7)\Qdk\ۑk~f\\Z;L[{aϕ\1_:jH\\Vܯ\ȯy5\\\Ã]}Nt\\ə9\×v\\Zm\\\\A5\F˟\5j\Z\\\\&I\QG[\\Ft+Zd5ywj\Zm\\I!\^kt\\rY\Y\/+z\1\Ǌ\~U\#0;\8g\"y\;5-.\\-\Zl\\$|Iek3Cj\O%@f+S\eGW\AϨ5\\d\n䪭#ҡ>h/\";\ܤ{\Z5K?ķC!\q!N\\z	Ԑ@ZiTNFǌ\&Qj\K\SQ \zPE\\'\U\r:\w\i9VY9\`VRVgT\\0\B[]\P\\".\ut#\p>\sTy^\E˜\ܳ\\CNg䊒Yrx\Uj\\i[\|\\p\B\¬\"s!\`g¹\E=Mk\N[/Rfޛ\\\F?Q^s}cZ\2\rN\'~߸\Eoh>$\<;.s\"G}\Sg\bqU\[]\^&\|\'zNo#\8E9ܧ\ZQ\\\\"Ch9PpW=ߋ\\\EZ%\qɯ?ZӲ\۞\n\^\w\'tai&d$rNEyg{x\\Iܱ\<pj\Ar	cUc $<]s\񩥊\wj\\E\\)\~G\5\%\w8>jƣ\G6Z,(1\\-i\\îڭB&Irzm(+!o<WJNSBh\Mj\r\$\~y⽧Q\4\]1F$2\0WxN\\MA\\+Դou \Z\\?x\7N{F:v\rN	@(\V	*\i3\+ϖ\@\\ݺVu֫^Ң#<ԃLNv栳\.T\$1`I8\Ztk9\kLq4\LG\o\\đ!c<\{M?VX\\0xʚ/ۏ\	y\re\}\\Lc|\;\Z샲G-j*>\\'b;W\\Bngywu\\\\\IC\0)N1\Z\}\a\1\k\\\Zݮᓏ\޻\n3\\&S\VC\Ҧ$Uv\NGo\\\][D\v\\h;q\\\e;c\x\Z),F>e\"L=UR qg\mO\<Vj#\S<\Vg\\䮬-G\\kBQB\{U]\1X\\ZW \\9u4?\c\j\\}7Ssg[ڸFh\`k3U\`}k\n\"<ΩHdF\r\񵫣\Api\XG;n9gS)\\|EVp\uWhB~R\FG*ž5\')\ V\\\\\+k\\Ig\H\\{g\\.,J\0`\F\\\"\hG3|G\\\ғ,\".=\b&\\\W(sy(8\I\9;( \5^6^Qw\A\6,\{I\0=Ey\\Ko0;p\5\X\\\\\Ok]ƀ\`0j$y\\ZʜZ\:g\4\CPh \>VU\;\ɑ\\+3Bc;ђIrMy\\\\墒w\?j\\'\\U\\m\~l\EM6y}\\}0\0#?Ao\\)HS\\zL\\\q]OSiQJ\_\\p\;v2\A\l\Zق\$\0mOir\0V瘨X/<\H_.\QEs\n\ܑ\<Oj\ic חY\\,n\k)#9BǩAajp\\k?Ziic!O=UZ(\m.	RY\\5J{\.Y\\n0A\\Z\C\r\Ud|g\ֶmXg?5g8(\08\\t\\\\1^]M\\ҷ*:\{gx\r[=8n\0L\%ۍ\\J\h\7\/8\*0oֱͽ\|\pEQk|8\\F\\\\\t^\\\{\\\^Ւw\ \M\\\״Yn\\{#Bpx\\]Nn\0d\\\U\xoN.?})\r\xE\q W{\U\Dyr<LFA\*\2\9\\n\u8\rÕ\\\0\\e>i\H4\F\\J\\\?\Z\p+\Z\\FzןSsݢ1삮x\\gl׭m_J\с\9\/ۿ\YX\nN9\\Z}*\i<ōTh,\9a\\\m\_ƭ\&\"\O:\x5ʛ:\?6z&pcpS\\D,Z\a\A\]\Wvxُ\G\\}\+IAU\9\ -\"\\\]3\\\B2\!M-\5\"c5	1=\4䃟l]\\`H\\" cw0*.p\~5f\a\NbL9\$sQYyonBP`7\+gGd{\;\0\"\p>\\ZRk\[%ѡe\0\_Cҷ#\\Vz5c\0\+\|n\Mvnr\{\\G\\ M^7_\[\\୬NF貺\N3HH\օ\L3\(p\n\dx\R1pE\V#\gi\'i#\vƑ\*\V*ۇQ]\\H\\\\U!\⺋*޶QFW\ZRA\]f#a};V\{T\醇A\q@\R1A\a##eoW\\\>\\\\Hl\\rxʩ\Ì-}\S-\=\C5\\U\'M.;\\\:i]d \şI\{TDGmbI\$c=\DE)!zVe\Ҡ#vqZny\r[\Z\\n%L\\Z+Nc\\\\n\\|a5\+p\ri\Z2\SnϞ.\Nb+sW%#m\7ry`\Kh\EV\ZX7\Vjo7\|Fxŭ8\w`l&r\\y\b\I@XPcگ} \n>K\d@42\+\<CJ-\\\:RمĪѾ̯\rq0*豈\VW\\RJ\:;.>6ڙGr۵F\Ѷ\p\rS\wKFH8⺨\\G=ux36-m/.d\'ic\cXN:W \Y\\IS\RC\\(pGJX{3\\akN\oSњђrէ㚊\\RIa`~QȫJ+ĩg\B<\2E\4\\F\U	\K9[\0d\+\0\˴d!8\\z\ dֺ Y\+\B<|\V>i\ \\\\xyS/\g^\\6;\"\\#v:X#b;2׷(+9OS\.tG\c[{r\n\\<p+B\RK)W\\Z,@\0B+̴\j:M^2\\SڸJ\mZ\KkEv$ *qZZ.[JZ\pc\\]ݭjѲD\\'5\JLxҎ\n\L?CZ71(\+9c-/\[Ev\'8\f\lqZx\#pr*\\\6\!G75\Gr \VDB(%\ŸS\r7\bAWל\Ŕ9^81\^\\\3q\\ЕSj+RDH	\W̾\\4{\\d<\Кvmy\ng8׳M.&7z\y&QN;\v峎Et\\+3\Dm8#\iF\rc\" Io\\r\\}ߩ\\_7x\\Q\,\>|\\UF6e\ù\\]eW$Զm\'<V\KǓ\\ruvXo%v\q:ы՞(Jj\\ja\r՟tXfC\\n\n\\$\\efkd\p\\\Tj-a\\b>r\\"-NUC^\\l5\\\k~%c\27W<p\\\\\y<\\FVl\(2d\'^խx&	,\Vq\\\,Լ*=\a\{\rE;[\y4\ZLa\/\6\\6^.Qݎ\\a\\f@FzV?YC\|M\\0\f\\Ft/\	JHFG)ɴَ)(\\"sL\\\;\9\\\5:\lIZ\nX\n:k	\\r4\\{H-\"\DJň\S@ǽK-\\V\Vrqɪ?<\Uf\lD|gjr1U,W\Cs\˯\Abtu7\q^S7VSR\"ǔs\)#LUtR$Fj9bW\U\\S\y\Ľ$\n\\gK*\1ߵ\jͽnc\\~k%έ	u$(\;\n\ncȬ\eoTWd\6\n(Som\\'[\\iwY\ec|l\?iV\O\\zE\\0\K \\W,+j\ڎe\ʤG\\'\=]%bjo\0#9?\WyhX\\B5iw\ZG.\"\\#P\J=:<]*k^U\\[޿S\\LXu\I\\+^6??J*ryZ\\9\"M1D?]\0\\nFtQ%3Aľ7yyώ/2\\	\Z\\Lж_\	J\k\\\^+.\HB^i\k\.ntOe\ZxY&\\\ֵD#\VݎY\傾\%h#f\\nW\\@\J\UkSLl<H5\:Sks̆2YŦ\~\\MߵY7Ē)=kxgѮ\n\\\h\\0!sZ\\OC%t\Q2=j\\`\v\\E\1\x㚤SҘJF}\\\Z\dϠ#M\\Օ\U\\n=Mtvz\]̲I<ںғtݞv#	Y\yI>\pa\P>cַ<!\\cŷp\\$\0,\!\0/!mJIɒPH\{, \\V3H\\n,k\h\tS\*\}F\믃^1=\i\\N\{I\eNzW\BXlVw\c .\\ӭvCՒҡJ[]Z\Xx;#]UGDZƖq\\ەdR\:\+\\1،L\Z\QZCa\R\ٹY߰\4؆6\U}VK]3\\S\\"v\0k\iÕ?\5&=+pA\}j\r\d\}c4\k\<\\9ۛU\Pѧ1^IN\~Fgon\j7L\\2pZQ7s\5VmGR)\$\\'\NfJaqI\n\Q<=\x^ܳW\\\\Fܚ\H\1\w\3^\\nn|Z;ᔚ\Iݞ-_\\t\(cH,@E\i>X\W,dv\\ya\.\\Q:$64=\\Z8՛\j#\\pxH$\1m4[\̙$\R=q\V:\:	nT\\z\I\Z\o&\\LI`9gձ\v\te9\1]tC,0DRȹ\\",U\x\Z8<\S\ty%\<G\̻z+-Ṻټҳ)>nخs\nꚫF6{\V|1-\\%\-&ެq)͹\u\Zt\dZ(T\\*j\\s8║ьrR:*/\0\5ʖ3./✟/\9\*G<V(\\"\*̪SW-\R\R]PT Q\\cB\\Z@h&Q!G]w\\\\& n\U\m\"\=R}E\"<Ȩ\\ҽJ4\"\q>)E+\\M0)\DOj\Ve\3\ZG<*\\ӽaSFҳf>}Ɔ\O3\v\\ˎ¸O4ԴG5̖\\(\睧5\V\\g\\5U\\\"\\-u>\\r\Z\GpF9\\'c^\Ҽ #k\<=z\\N;\~5\R=M1t\]\\"=)\ \b\ \IP\"\W&7~iV\YII)Ic\ZhLA\+\s\\At0+\ln\hֳaFnj^w\ҵ>]4jza\'\n\\\?HU\4\\\'m	\iE\H\ӗ\ *\B(\\\MJ.3\&Nkѱ\\nC3\\eUY\$S$EV\u\n\r>U\N\/)2Pj\2/|\Imguj\E\\'3HH P♬g%\(\TGdG\\nw5]F=8\\\\%!TaYIF\0Sdӵ\\Zӭ⺲P\F\_d\<qD#\+FO2 5S\"%\\c*/Yp<\sU\'\Yw\9),-[g\L\\\0$J\\JWe\\O@\7 㩭[\Z#(]n&\\"dd\c[R9+Ÿz<9i\<\\n\W\wPh\B_N\:\\\Bg j\s\k+;w{W\n\0vٞ\-ѥ\\ieC\9\\j#E\q\Rn!WvEymݧe\sAa\\>2\{!vJspx\cR[\"v\t#\^A\7+yl4\v\ҽ=\\N}\V\Ze\Shn#n\]TjrnsUϱ\:\\\v<M#\FE{޻e\\\8\k4K[Z $t\}?Q=s\V\ZݎTJJ\=]𭐧#\=0\\S\0\V=\\\b1N\"j\n |R\\ݥ\Nǐ\PMt!\J\ƣ>yXO\KRwo9\H\ry&\ZX\7WV=T\\ww6|T*OQ\rt\H\΂\iH\0\\0\V|6\9^}+vgAb{\F\\جn$L{BLv&\ë:UE٘T\D}\ZN\\\9\\q\^)R$\n\\ݑ\w\0\6;<yHN+J<A5HB\°\Es[vPjȡ\waԏMV\\\JOTz[^\3nD\\d{nӜ\\0+p@E\}=\wJ\'n=!&]i\2,)ne\E\Y\\G\]@bS\<דxm\g)\z4i%dx\Z\Gk\r\F\]Td8\\%0j\'\0ƪJͣ˙&{0j@\Z@0:ZɣQxϾ:\4{8Ҕr:c\R\Zg\\2\"\0f%\\q{8\\1ȯ0\{\6>\\e<`W5JnGQoTa.D\59x0$ҳ)\βؘ\#ʨ\\r\\0$ϥhE`l[R>U0iX \\Pq\]rFW#oֳ^\\'!bKfcl\\iһ\'B\5\jwR\Ջ\S!lw+DI0\I\"\'>S8\Ԛ>t\>Mg%F	c\Z\-KBR\'(Lkү\yi9\DC+  \\9\$7\0tE[8\mOlU\jUڠU\.\\\mw\0g+^\"\SY\oQS_@;{גYmo6[q#s[ґ\VQc</\8\SYuidi\nfZ%̨:SJHT\$c\[rc\Mmӊ\\\\Sl\K,\0u\ycf{\'̎R zݫU`wu6k1\\~H_os\S)Ul\a]e\\b$p\V\l$>~\Nh\"y\\ZAjEI7Pq\\랙=\\	lG@W?sXy pc\3JOHpq\vXqro[ZCm#*\\Mo^ۇRz\\\\5t\G:gL92#\Y\\"@ό+\u!\G=\R\jWLR2[vG8Qԥ4\S\4\\\`+el\<\pr5zg\Ӵ\"c>6}\\p\J\\PetF\w#$\	\/d*u\]T\H5Q$\\V,I\\\\\ +J-DyŎF}*3muW\u~\\bs\>>f\w\jbM\ 2=CW<Q\IRpg\SGIdpF;t\^m\YJ\9\\J\4\Ż\0WJ\\ZlYy7|R\\zA@\*\3[\ᵙ\'$\P8$\@\0I\Q,Q\5X\ՙ\èݑМY(\\@?J\Aی+GCd}&Pq$W_B\k\!\m~\\nz\#\`vNC X\M|\t\K\u\\\l\s9\\ꆢH>;ո0cLU=Kp\rV-#\\'\\\|5XIھ\^*<-;#\+v[2\S+.\\u\g=\E]16\ڬ\108Mna}\	r\"GYԋ\+\6\\ Ffa2Ma܇S =MqZ\ޤ\\v,EeIyj\ГU\fԥ0[\F	\\u^Xdի{dF֮\^%Zrw>(Ӎ\0qVmᎸ˫Ɏ\R帮\\js0]g5\8IcU	p\\^kmY\֯\\n\%%\F\ZDn¼\EY\pP\tPxB\8*O\O*Q\8|v3\"TE<c4p3\Rhk\#\vpzqS\V5*iѫ*3\_3\YF\8\W#VX؞W\\[~\\6F=y(X\!(3FRd#j\:C2Ϩ\Om\\3D`\5猑B\I\\\\	\z/\Zhj\r<`?&IfLsK\\r6U+! j\NQ\\\V{=\\uy\Gñ춷\\ZH\׃e=:NK:L\r\\pN3M3\<>.*T\\\LW8\u}:\?iHW\[Oln\\f\躮9+\X嘩\>\%)=d 8\#\u\\,\ JV\"xQϖ\'\\\-˲,`3^\\߇v\n\<bYz^u4\ʏ3ƌN[&4\58nfn~VSц	h\Z0:\Z\վ\Z\\Z\}\C0\Εx1g\\\YYW\\SHc.`W^S\aR<hڔ9)#\c*Ȫ;?\0\OM\F`\Xŝ9\:ׇZ2g\aFLjT\5p\2}++\\9kD]`\rbu,\q\LKT\\'\\0dď\{\$\VpI8\p\,Ӱy&u\\\\Z8$t\i~up\\r\{\"q\\'0\_\\\\0\\\@\\]\\p=+\u\/-\]~R\n\\i#\\^\FY\\S)\	ݟZ\\`\j\=\+]v+H\0ܙ\t\⒒j\έқ[j=\+5@\q2{F?\Zma6\\Hc5\\a\yϊ\\̱vrkh8Y(TW\x\&3V8`1j-\gSc˕`¼ZKCM75\pT\b\*aɫ߁\BɮG&z\n\l)\\p)\G\()g\"m\<\\T*]IvU\ޯ&ˈ\8\]&\p+\׺.|\df8\ϕ\îLf<01^\õcizef\"\5|rmwAr\KW4]sL\U\sR\\$(\=(f8\hPҳc5svYZ+\b\\\\\,;Ոc\8\\61\N\T\8\+GgRj\\ucH+\\|\0skSq3Ҽ\xQ{}`|q1\+\z8:rӡiw0ǥ!ee\"{\Z\\\z^:\>\MB\F\\\UM/N\}:1\n\5oMrV\O\Edp\W>I\5=\\\X\ơq\evWz\[o&%Fo^\ؠ|\*I&\}\vȥ{\Z\\*\s+08\\O֣k-\k 5\L\"\Z\\&(\B-&\\cH\\%W\\O˭:TY\*ۆӎ$+\^*Ѥa\izH\\*\\s{Kjx߄\\^\r!\NNb8\[\M\	:F\\%hfKv\\S^U\\}Z}94lcE^+W7>z\Z\UB\0\\\\"\x@b8S\A>盘M\QN\]vD\c(\l.\x\tf\˴\Q\[;Eenz^K\\-\m\"L⾏AN\J&u$29]Zk)sekCB\[\\67(|sZNyd\[g	^)9\\\\\9\blfn\'׵aPY$;o|{\O$-#jޑk\jE>T,j^dW)?#\.|\rdo(|\[=\ӧ+y1Ih\.\gg/,\\\丌1W]ܞՇmsgq&H)DvAh$ތ\E\L.qBa8#ھ屶\\ `Kd\\5^\֔\6\CYK\n }\̶@\Ẳ`3jjqn3ڰ:\\h%\%\\\D9+kܼcDoʼI\\rxٗS\Kԗi\\Q\rr[9E_ή\\NqYc,\z\+͌y\J\\ZM[ieKy6O\=\Zu\ө\0?J\\9\O˶EC\`3u)JL\߃\5Z\Wib܌\n\\t3\\@\0V-\\wM=+3UAm\"\\g$k?Ux\Zu\\\{\'sT\w<yP\$d\"J\@]C@\nȚ\#\|?n4T>e6\nڄu>ƽg\֭mᘑ[\4g\+\\;#\\Tg891\rN9r@\\Zˑy\\<Cik\'\\n\Áq,`\nz\\י^I#\\\U)E\q7qZv\.$\͌\+\l\\P\<Àq\SJұu\g\g~?rAS#C뺽OK{h	\Z\\hR\ofI	Evw\hݴyx\ї,b\fНv*.s\xRxs\n#\\\\ruù_u=CT\v=\ʰni\:WB$Ɔ2Jc#1%JRL\\T\&x\\m\8}q[2!,rz\0Ègy&\\9\\ry|>!Х\Ńd5\֥8Q>\\\f\vKT\\\\\:4\G&U&`\Ue\*\\>yV*-?R\z\660\[<\:r<s]ܜs^SB-F\^Yv/׭ ZN7g\c\ҥY\n:I\qAQ\A5\pn*\r\9_UO\IK\ZpI*UR&Բ\nA\ZĚC\z\ղ)¶\\0q^\]\j(\G/sLDn\|O\\'\\~\'\8\u\\M\QdlCr<\MP\ȋ?)V\Z=\\VQMG΂\'e\\\x\PqܞxvHGZN\U&\RVȢ\%H\j\n\\\\c\\\t[\Fl:E\\ߥ]\"u*j\|a\ۍDD32\v~+\5j\v\@8삎&*r,^\\\Za\e\C\nAˊm\Z\\\n\W\INB\\ŉ9\9M\\,\\_E5:Jn6KӴ\\\rZ\\`4	\0~ A*PeЇ^{\"h\U=\BF\rD\ި\MX\\$z\<	E\\\ާ\cSԁN\*RE\"\#\\0\8jZk\n\nG?\\r-5m.\\?3.SهJ]+\ڎ3ZN<\#fFY1\_B4dr+ɼu᧜N\2꿿@:\^\2ڔd\\nr\o&l\B\Ԃ~?CXH$\yƓ\h{s\y\\\עen?\F9\zs\N\qBA8s.\8\c#\P\\Jr\rbfу$\\\*\q\\Z\N	\\Eѣ{\\UO@+jprzu\\Zq\E\\a\Eo	\+NUBګ\\-zp\\H*Km\\\\nV);Oc\\i:asl\a^\⪞w3S\Nʤd*\S/b1\\\M8P\\=\W\mo>#zdU,m\\\\Tccw\\\ڞo(;\~Aݛ@}N\dТu\졓/\oP*@N(,Tǘ\\\t&GfDgx \zwtD^	q\Wh\A\5\\2\%\gyR2-\|hj\V\\'\n=^?W7̽%X$*߁\\kgea\{7\Wh~(\\%+\\\\J\Tңw1\)&+\Cg-1X\j.[#Eg\!$8\z\'fӢ`͕\ԟp\\2\\\<ר?\\E\\\3QZ\1N:穫茛O\\\\	q/\r\Siz.imy\Z.\NF	\}bX\\0V>0n\Z\\G\\\\cH\hX5]Pyd\\0pz\KSl-\J\ہҫ\n\5i*CIdD@\M\c\\}cZqғM_TU爌\Z\[d6y毣\iW?\:yW\Ş*qwo$O\+Fo\n\\\zN\\ZH\"\r\fUi=\\+/iqo=\\\U\\n\P[,RG\\\0m\n*JM½I	o=E:j\:ћL\\\pEy\0팩UR\\\\\"\\2+3G8!\4KԤ\C}\+\-n㱮V?\$\!Cv\\\;8zFt\(\L	S\ޥj<nMA\]ù\T~5hcJVqZ*\*\j\S\r\\x~\\\0X1Ӝ\~\{?7sWV7Z8$IӋ7\"q\\-X>\\K{w̃\\Wl)m:f\OqJ\5}Q\\'7v,\z\3\B\\\f0\\p=Ed_IF\k_\rѸ$r*ֱ\v\k\\L\2D\\:\7IGKU\\n9Zmw	)\MSWK\"F\>$\d\wQt\\\\)w\$\0\ŋ3ֹ\\^\snr{\Zi[Q*@bs^\}\F9#J1\U\'hp0{sS0\'=i`SҴ8\6\	\`A!AgU\4*q\R-\\\\rNC é\	![e(;\\sU\I\1\\\U8;\gIei\NvQZsn\2BA\:V\0i,\9\k\	J:1Ns\\Z\w{\nPqN2ױ\\\\+=Er\\̃\ou\kf9B9fk \ZÔ\TFK}buɯNW[x\׵x\Z\\\\\0XN+\\\]J͵\:3\ܴ\1r:z\0\Vd{]	4T\p8\W6\\OLv\LfYf\[\\m	ϼi0ްH\\X-#ic#*zNjus.J\0\i\Lأ\08ϮE\\\L\E.\Ļ\Q[vwJ+\n|\ߝtkm\.\|7\EqT\0xĬKgӚC \4\0=?\nW\Ñ\rqXh, 6\\3PKrDy\0\^jv\\hݎ=\&܇9\\QF\d\f2m\bzzբ\\\q\\\\\	\79\۴f	s\\̉\ER\nʮp\O	\\\Fk\Ng\X\W	֢٘t\1b\G<c[\\W!K$R\`x\\'׊\\\0tJNt|\&6 d`⑱ސ&x\vFp9歙Cr[!\#y \d<urV\5pH\j!\\\\=\Z;\\ \1\(\X\o\yfn\"UPgk\\$1$º)?; \0 byI\k\<k)ó`K(\xUW-\9\KUn0N)֬\r`[\\Ii,Sn/j챀M9\HU;vw\z׮y\\\\5\F\"\=+\_zz޺؆\\\\\7=:\-ĉ=\>H$\'iږU\#V-)~z1మ~4D@*ϊ\"XBx\+Ԓd\mܙ\e&\j\Tּ\m6vטzОIS\\Y9\\;JH\vȭ51\*\)FQJg\\V43\0\0\5},B\\ԭc1:\<\c\\\FgXCo\Zp\\\pUH.ҼEo?zWq_\v>H\hqo\,\rAc\(\0RH3\!I\\\\v\\kc5Q\ 9&0\\\50i\sN(.\+]\fL+MR\4Ic(#k\B҅]9\\\&a\s: 3\h\\\\\\0+X\^\\$1$qE\Fx׉<%;گRN\\\͡\\\bo\_\Zx\\\\\l\#aw5\Y\0o\]+Q\\k8\{3-mu7\<Z2J\\ps]@\\apDaFv\r%y*?u Gsֺ}#\Mq죅A{y+\Z״d;?i\-\\'.ºP*8\\EUQ*MVm\\r`уbi\0;ԁyhi+p5\Z-vPJg[+.\z>T+Uy8|LI>Q\gt(qWR+\\Q\4yt;1\fZ\#gx\"\ɦ}5\ZʬL\\cƾ\\\0\OS\QMj: )<\\\O1\09=\\䌱<\M1a\;2{bx,XOy\m\9X\\޽ͱPy;~(Lұ3\\qw:d)lUTw^_kѣ,k\|=d5\$\\#G\\\ɫ*U\Ћ~\:8\\Y~ƃ\0T\F5\J<\\~!bk9%e47\\jl+5\XyS\rE^	J6.`bu;D\\s\0\6>{\|5\a(\T1QXY]iA;#0=W{m\\Ed^\rx\mbH#!\ryq\v=L\ryD\k(s 5\[\\TR\q0\\5\IYO	]\Z\$\8\F\f[\\z2\2HE[>\fv@h\2I*\I\^\i\3Ef~ݜU 4\jĀgN/㱀\犭\Zk\'\jK̐Fr\\֛9+Y#\<M5\\ٮ \\2k\\'\"x\7\613G\\\Sf\3^\\7ؿ<f<݈\̶i7\.EEs!\\\rFW\ʰ˩\\\\\њxP*\ZDa\as\\\nU\E\H*\rZ\*X\5h\\b/\⻫\\m\BWͺΧ.-̌p\\n\'ЕI\kۛyCC+\r\tR\YB˂cS\d\V?\\Z\n\\\0\T-(Qay}\\<OM{\|O\^IҘHP\/w~!]\DA?:w\qzW\d6\\\0\0\0\0\Mx=k1<\\\Uآ\\"M*\WL\"a&Hrju\\\qS5Fm\eܮ̷\i\\+|\Z\E)I%g\xP\%u^>.sJ#iO\9cS%Tdr{\n\\YNR\3IlRǰ$촍Kx0GJ\9\ӑ\' :\@\_\ԑ^\jZGcK҆\_sɵNMC<&w-{\\޼\ٽ9\jVS\\2\!\\_$\\t\I\\\6$E,;Ek\WnUG\y~2sqvҺ;_M7I\06$(oƻm愔a\|\70+z\\չAS\+\u\mjϰr\jh\=E\'_&\jXH\^kD5A1<\ )\x\Y\o\-t:aspg^#\F8>洄uOS\\\"4\V\\c;\\W#֭e\\.\\\w_\\\\$FS0}ֵ\\|5bL=\\4\{\n\>G\n\\mHLj\"\Dҵ\s\t\Xx\HKw	!\!@sAq9*3]\\EhMڅ\hs~\'\0h\\\+Jħ:-L,x\s4HN\x#\\7\\n\\\p\wO\[D\b\vE\ץMe\")ܼT𞗮jW2\C\5B<s\&pTWGv)7I\bm#Gh\*\\\\n\G_\\5\24Gc~\\1\Y<\\\'x*\0\+\q-V\VRx\\&_jJǥ\\WƭƦ\G\\rRs\\\]B\ks\}S605\\8\4\[g]$Tm3y\\\m\da\a]M|\U\\FJ\0\]hsk-?\asF];D6qtب\\\-K\me淈\r66<0\-}Z謤 ׃\uY\;\\D9=+ѧūV\\ko\\HfNq\Wj:}Ν3\*y#\X\t\r@ǩ6\lE烚!\n\C\\\X<j>\V*/k<QE\\Wlx=*hbgW|v\\5x`5\J\\WG_NV}\(<b\\^\n\20@5\VfqeQX\Z\ݥ\7	\Z\^G:end\+\\5\\)<F&;^+\Z\\h\'j\\\y\\5/wnA3Gν\\Vhwp6\\9-F\\\k5ZV喌\^H&,vmǡ\{R\0\\m\7@?J\\]w\9AG\x<a\\%\\t\u7L\w\\F;\Q㨹;#4͘|\ \'$Cu֧\I\QiF1IKR\ц\\c\R٤]GX͞m<@P85M*\I\\=\=v\" W3\X붦)\kc}\5\RT{~c:/\\\ȖNߕW3q_8\\b7Tstta]\0ĉd\W\\rDeh\\MuVf9\\\u]Qjq\ZB\j+I,\rI5\~,6!.@\r\c\0M\'#&\ny$gG\xz\k\Z\0 AHݳ\\\O\	5&ܾY;:d\\1\4mWHx\\Q\V\\\\\\D\"yE?oe,^#2\k.pxWeO2p\u\U\R؂#\9\J\<׉w\\˞\i}?\Ư\\\ZZ\S˦\As̈U\J\|dr7BJRlsErv\"N?gc}4\5\';i\'\\C\L\-0fz f7QHO5,\_\\\"K\9!$\W[I6ea׵}a,Jk\깗\&\$|g\+t\ih*uke#\4n@:-*\\`N+\u}6\@\Z!ܟ28\[?\m`H\kM\\\ҕ5#\`\M\`\`\\\Z	\\Z\p\0\\v\+x\"\\'mXx{\Z\\6tVra\r\\\ \\1<lNW5z=\\.#lwUw-khccEڪ0v\H\5u\ni&\\":UiS\0\9G\\J\naKrZ\DIL\H3G^ؤN)\,ƕ\;[{\Z\9`TM\Y\\i\\;T~A\\\Ȝ^CxcU\\]\\"H\GQ^\j\l\r,\*\Z[\Sė\4w+}+	\04\lK\,!>\D\y;\rI޸&wf\\A=Z\\>)\\֟\"Z/1\1\wQ;jxj2Q\\NDuY\'=[=\\UA۵=\"\\j\\s]H֓rd`U{\bQUc\\3˝^-Þ534x5\\\a&2\\\\m \\\\|\LT}Xj\\n@\\t\N{\HXn\\=\r8\\uj(\ZN>Ι\~UqaҬɌpk{hyҕ\r\Zu\]\54\f񞌄\Z\\\\Zr=8wzTX\V\Wc\k\6ђ\O\pֱc8\C^i\\\}\\%̐j$q\\"h\WN82J\)\8\)Hn*XlV\\nBW8\8wF\+Tf\F[\0ѴQ$N*Qw4\E\\'5az`\h\0=jD?<s\\\8\4 {\6?ZN\tV1VO=j6\\\z\'c\\#\k\m.cpA\_Dݿvׄkis~Z\QH0*N黣\rq.FOL\u:u\$R臁\VfI\9\'\\\i\\Y5*S\\#\\m\0\\NM\xl֍#񚶡y\ֶH\\\\\\\\.\\T\\j+ܑN\99n^\r\*1t\\R\\0\\nD\\v\89\@\	\{iS\^\0m\w\Z*\]\Z].\'X{\\\F=Py4ri\G\Vp3$e]!zq\5\\Z&W\R`u\xZ;\nSr\Y\iMBrg#O{o,dAQR]J\"`\q<W\\X_h7y@\\s\E\"v>\\Rm\p~L:Ke2+2!#ӊ\=Z2h\<K\k}$|\\5\\Zߎ/.w\lB8o];,\5\n,O+U>iعgI<\5\躄\\\Ĳ\\\!\pEt\3\\7q9\Lt\dr:Sڰ\\\\0\-\rCKY\q޲\mSI\ԍo4\\Q\sP&u\OR\G\`\\\\\\\\!D#h8*\rbY+c-[p[y8\\\b{tO%x\\V1.\\t;[F{yk\z=?;\;\c5\x\PS`5}b\GZU1U\'5+\n\ҸD\l$\ݫ\A\F5\#\\d\w\\?UKr21To<Rn\Hڼ\\іF#]T$\7F-D	ԯoP=}\\\0v\K幎;3^;WXꖺj\c\޻otxҧ\͈om6\pA\p02/$\5Ѹێ\0$\h\}!\\s)\\\EzN1\q\Z**\lT\I\ze\C\l\\0^k0}\0\k\i\nA\Ew_D\hѠ\Wװ#\\kNT\)\S\C^\\\\\"x\eAk\\ܮ\ng\'Ov?\r4(k\rQRg\f{\B*\+\5\\\M[q+N#`P\,.\'HY\p\*\ktxS\z\\\Z\܆\٬}6/6/VW\\\QqH\On)\ \Ky\h(0k3q+(;9&ּ!wm+]iĂyh\CjaP(z\V)Ƣ7Vtt|\,(![*\)j\\.\\|_M$*Jmcc ob+\\sc\6\;ɃmӮ\\V\Z?iw,}v_D5l2j\\p\&8:dKR۳痳^J\'ww\b\\{)\\\Ms\\ڎ\y/\^y|1\u*j*\Wswg9\ۈQB;M{v,\\n8\\[;k{W^ŧOv1ZKB\\BRc(\5͋*\Z\&\}ҕ+ր$Rq֤RMEؚrcƙ84\|R/&)\0g\yeJBI\^!\om\SEz5\,%\r|}}>tLŚF\'&mv\\-U\\/vEݍ\\\I\k\|=koO\˒Ҽ\H΀5&|\N+L\fK8\S{ݛ\D,5{I\\\\ڃ\\\W\'xd\/Q\5\Z͡I$#89U-Fλ.\\Ҝ\"(cvѷ\3E2,Sb80\g\X9P\\<Mi\3.kǠ\n~\\Wꐴ:W=\\=Mx|~GKݒd),sAe\&l-k\Yn\\c5\JH\K\r\wwS\0\kZ\\"l+\4\x\ؖ\x+eE\r`t\B)\rT\|\\mAX\\W;\Ryj\#ӬHp0y\M{7\㵲\6\@\xX0M\\l`b\\\F)\*\9+\r;WD\JθP\\+r\"\0(ǦyfC%,\>8=\\\Knʐx\_\ZkZ\S@\[Q&*z\\\|G7\:\x\\$mGֲZ\F\FWֹ@pzO\\\\j!%q\ٞ%$o\z\\\I\:z\o<s(\"F\4\\{\\J)W}ߎ\Vǻu\3\'*M/اu\gSLWbJ}\>iP5\Y8\<\)ܤÒYi6<\V`,A\ݪ\\"q\7\\@9\D\elrMX0|\䚯rOEc)דQ,S(\\"sYNue<3\:\\p\\k)\U\\\VJf9\zשBeI\\Qj\)\jjv\"7?\+W\5]\ᜐ\<]\횙4\ZԆ*\N8!\T)\!\ZQ4~jE\*	H\J\\n㴴W8\n\I\M%g|A՘nzہ\oz\\/i\;VS\q\\>\APuKS_G\w\+WՖ,$.k\L}\\m\V$\Z\VY3\\\jt\\cE;*eN\\ɫx\E)&	ڭ\#Z[IU\TR1@\8\\"qOb1Zf\\,<p\^+}}.|;~\S\^+{m|6\'\^kab1\\Z=l5G\$\u/i\j2\H2\\\\Ҳ\Enx&EN\HO\+\F\O\<w\6FWӌ<U^;U\0\\ܵ#Lkua\ \Vi14yh _([܁,C\+ĵ_(\݌1\u\'Ǹ5AW\~?hJ\>\\C\\nxJ\\\c\|\2JxzrM%kc\頚\\\vG3\\oN\\\A\\-\4gY\\w9\\Xi\Si$D\\p7ȯ&(ɫ\ԫJt	%.ZBɌU\^y\G\],K\'0\&Q\\"1_]FjB2\c0p\J\\\v\0i9\0l\nٜhā#<J\#v^\&b7XM\J\S\\J\|KyKP>g;\n\_3^&:Iշec\r8л[\JH\Sm]$av\\0b;\MCq\b\Ҫy{g\+\}N\Dq?H\"g\;NI.MɏNd#\z5¬m%s\c8\Z\f\\\ro\ڎeI\\0?+B+lD\]v8 q^\\C\i_\F*\?L\\7\0m\\d\v)\Z\t\'}\\n,jq{|PlLfc$G=j/\rk0\\1\k0.\rަa\w\Z}\\$y\3n\n#}bX@(­KM\˲<<ʶ*jXe)\'\\ml\0y@MZ=j<dנh\{8X\\Ti\n\6\=+E\\Tt\LP3L<5$\)9\F9\I\r*\`Ֆ\T\k9\ZDp\n1vk\\_3\\\\'%Uk\zOðO\h3#\\\\[?\mmdb$p\\\\\_7Wb8?1\\\\ k|Y*م8MRL\\\-^\u\"\\"\ٳ_4_\T$Wcᕱ\yX\\J\y\rTjފ\=B\\F\-CHkխ ^ydR\͞hk\k\"W\@Qܓ\WO跳Κ\c\1C\=Mv#\%\\\4)\.\\w\_j\j\0brwdi9EC\Z- f+\<i\\\-rA\벻\m&sƅ\+\\\կefF\MsUo)\F\9\ӻ#i/\\pZS\k4sHN\6 8[MR\8]\8+}kn}\">Wt}oJ\X@b0\\ƺv\:5:h\oD͵U\\\H\K\\'k6\u\U{G\\0[i٥\\Qï]\\\kq\ cTE,˰;\\=EC\r\o\rWi\\\IAXۊG8#+Ve+ۦE\\t\[f$qYܶ/\\F$9\\\5\ar@=\\"\\e\\95\*x\N`x\=\ZRSG%zjT\\\dҎ\c5*\ eL\(\\\h\\5&\jnR#,@=\OSEqmBK2A\\\O s5˶\ncel}+\n=EF\-5Z\0Ynn׀\n\\b\+\<;Y\xr\\\%$\5\Z\\0:\<=ssۓdc\zUWQSھ\x2H2\ry\xmn\T2\q\r/{f-\q\jҞ\\p\[\X+J?=\4\\dl&u\\0Ԋ3\`9\Uf\\V,c\ƫ(;\\'\rץu8\R\3I\\\9\&s\\w\r\\Z\GEԊ\\\,׾.\L\\"_\}zޛ\i\8cQ\}O0ܯ\^\pҹ\b\\\4\RGΚ\n꫖/~k޼7o$6a\t)9?l*	\1U\r\	eJW-R(4\H\I9&*^\3Z\o3[O-wVh\\Z6Gɕ.Îs\ף\e{bv8#\0\Z*\0F6c[XT\\:\ґ\j\k\T\\09<U(\VgL;{\Zq\$\n&W>,\\	\\\#펽q\\\0\\I/8\\\p\0\\5\E1νĵ\rk/\P\0\Vx#\0W8l\\r52\\FBx\T`0Jz\$̤j\H\W3!\?iCnA\\\N4\%;j\\ҥq*01ϭJ0j4BP1J\0QPP\6Ҹ\K\qi9\];	8\\|Ogs\ױ\p-\.+\n2$#*&}&[M*7\\X\/tq\n\\'\\\>\闥ط\۔\~\\"\F.lK`\GZ[9UxE\\73{f# \r\\+\r\5\\Z\7!>`a&¯\V<mgR\fh \ަ_\P\VFg\0\b<ՠ\j\Q\\\f\(\41\ʿEDXm\\JzR\ZDOjV$N\'{\'m3gA7G]\.\*\rzEA(\\0c\\Z\羖\$BBpTvר\HpJ\|U\\\'?\ 2\\$eN$\>dl\XِpWMg\[\\\l\'=\m\@I~\\pk\\\\lḢ\=W\\\;\=\ԲHHg\\\9l\\=Oj\lN6.Ɱ9[!rPs\5\\Rm-UU\'\\r[KiT⩶ H3\\+}\6Qhn\dg镮\x#\08|%\ivy̅\\G⽆/\Z\ZȢ\%<8q\\Ub\߇\\\r\v Hk[\vz\q\P6̳2q\0׮GӅ\Kw2Y\,F~\\Zs;`\z\P,\\r\0s\+õ\z\S~;\4eHK۩D*\k*&ԯK6\\\sU\L\\h\Ip	\V\/\v;HV\\8׮\Mi\\Fz\+l\W2g>8\=ku\\M\lc;J=EmNh;\C;Յ\[2@WEqb96FjiΝ:7\*\c{6Y\:\\\)\\4( =\b4$\\\>\K\\"[o˷gĖ\T\(+6Nr9z\S\\\ztSNM\H<\g\08\i\"\\/\\\6v\8\~5\\\\\d\\ߊ \|\Z\?y c$\㌞:ռ0\\'j,y\p8\i.k\\0w溿Z\\\^ĩ砀F\\\\:\	t\7\n}zZ#\Ksmc\97 ⡵;cU$ȫ}\\m\{\"\P<)\Hn)1c<ңu&F}jKDc}i\4\\\KC:\Y@qR{\Z!3\Z\\+̼M\[\\mtB\3^q,!O\u{\r3SQsP\ѕ$_\m,,8\\+E2C\V}_Sm\*s^+\ũAڤ\Bq\\\NM&})TŶ[Ќ89S[Px\0·RmQJ4\\\n\\4-ԩʻpxoj\\\\\XuK;\V\pjRدt\WÈ/M}Q\\ǬJ\\Q׳VdJZc\'UbzTȧNxL\\0\\Z\\\(H\ە6bGէpX׋|C9#el\<\#ZU(6zY~\nx\\\<u\cޛxc\\Ep v.cKH8ɯ\'Rw}YLiS\ D\9P\kؚ\SƼ[GVɗaaEzI#\`BI\QT\~g\e\\M#N\O>\>\ƞ\5\Z(\SM\g\yd</V\\'j{\\J+Kt0lU{&ѹjlM\1\\zqH>\2\#gvqOZ\\0qc*|UDoYZf\\\ztdxZᵨrBC+w\=huH\'}U:1Vcx\\--8LӥN[|\T9\\"9jźU䑈ݳ]֌\46\\\\<.X\\\8KC\!өM:\l{m#XѝXf}\Z\;W\j\r*\ѥ\\e*Q\"	\֫#\l6\r\pݖ\s\\u\\%\02d\^\\\n\\r,&%\+{[]\\Jӕkz\\<4=[di\ޝҚ\1\\\\H늣?\0㚺\Np*A\t\r\|\\Z\\\=\\E7DGZ\u>\W\"\M4x\'<-x\$1\\}k\_x^\\\갨b2>\H\\\\\5\=jĹTc\vl\\iXO\ZjrLD\0aw\5\ˉ\4Yf\{]9.\\|9\I\Z4򷖇bt\\]8Y}i*oP\\j\\B\V\l\r]{\\Z:V}$dkk@P\DZYtSm\aj%ZbWr4\\\\\O$\OI+A\\\]\\"|\p+Ӭ\\c=\\{ufM1)4\&\8ɥi\\\\ךc+ӘUQN#0V\h\\f+ŲI\o@@㠬*=[*M\N@H\{`lR0\$³>\"\1k\o\r\SKS\"^\M.#-\(N_XippD\T\n\\l3\J|\4\}*t\\б\nq\\ԈVⷊ1Qڈ\YU\ndG\\7\Z{iI\0䃊d\\\WB;kKas\Ǧ\\\ہ\j\0.<\m#\!5bNG~\c\\2\ڂ\\\4\s \\"Gnynye \c{hTep!#h\\\Z\\\WBTx\Z%͢Uࠞ\\8\H9\"t\'y#\-\\\\\E\s_GX\Z&uw2	\ǥ|uq)y$nK$\y9Kz\KyU\IivJrG|\nԻwm\,Av\\IRsHi\rgw\\\GǱ\\\\isuͤ\Qȹa۾鯪|E\\\á\u\Wؾ\\,/YR\^\et?>0iN)/掄7;u0`c4\\nUy\˸FeڥmR[m\"VS2\Bv\.H9vW.Jݴ\n\\^\>~R\\'\\B`S7)6lj4\!C\\1E\\U=w[2\\\r:e}\?C\.\E\W]\:\4\\n.cV\=\\^>b֙\5S\rą\G^I2\h\\\\ɞ\]ŋd׭`\\\\\D˵HO\29<\n~PP\\inoy\\	v\rA\\BG1^Ǌτr\WE\\\׮M,P\(5߆_K3g}W\+)qUM2&QN|{\<^d[v\U\d\VԬ\\j(/\7Sx\\\ZsLu\Pi8lT-\S\Uߌ\-\5\eYA28ˊvO.\'rqBL\O4\\\f\\1\#\8r\Z֟d\l\0-\>X^+-v0~uFBm\5{5\\#\?U55n|ҭ\\|*\KY\c\\\v޽Nj֮K\\\'$\"\'\&|ͨJ=_\\\0ⶣOD\fuN\\\\\Ҭ%R̎w5u@\0iٮ\&؜f\g)\UnA4#\AN\K\Zc\3IԚg#XyP\eFm\`s\u/Od\\\\\q\ Q\(\Ʃ4?m`+\p\Zg\e>\\\Kmα@7H \U2G\xt\Z\y뚕\7jr}١YK\B\< \\\xd\\\0>:~5\2iwh+\\\"F4\qX3\b\\\VJ\<\|H\r\\\\Jɂ㸮b\++̐;\\m@\\\u\\*	\ߐj\O)T)\,\'e\U`\Zڸ\r\V\,^8\f=\\r\\\+}.\\_%sWE\\\#+\Nx4\\:\\)\ndd✵&1Ipz\-\\\\DIf\EwM*\OHS_51.}Ku_O2\\A^Gnb\\\=Gv}vOE\¹K\v\\N8)n-\!\"\\\<CCj\\& \_~\N7\\+b\)=5\,ԛRHw1\U	\`\\1/.;v\\\[^~nHv}YB	\\[=ce5`9縬1D9W\\?;\\'uF\dU\\22\W\0\ɲj\|ƅNM\-I\i݅EV\HF\\\\\0}\\J\݀\S68,@MلW#\t,\.}\5\2vx\\\#\9\z\|\Z\s\bGuigZ\\zD|\M{*\\6\\\\#jU\S,|\U=)\\nF\'\t\A\9fr9\<\'k$\sM+\KO:5\nčP``:\i?T=Ѥ>/\\\\F\D\\5	pD\8\!\yЦ@y\0\xth{0rG5\\~\ZsԌ3]q\U{w%y\Jڋ#b\0\y9\j|OQzM\\W੍\\bq\6\iȾ޸-{\Uy\\\\\0\<\{\'r\S\r\\޹OLr9\1Y3[Eu\7G\UUv\2}럼\\=ci\G5ª\3r!i,+T9\\:U($\k\tm_P\\A\\^\H\'#VsV4/\\S(n;{T銲cޝޘ\)G\"QI\rTqS\cޢe\;w\\;W\\c}׶H\\\Z\%\rQ$}>_R2ä\|/7,\+\$ԭn\e\m\ZoVm\~\s\c^\ A^{\PW<\\\\\'\#0]1G]\*7T\\\W7\;\\C\\&9\0Jܬ#\TlB\\d(\rQ\\"\\R&\΃&sրȤ\nF98䎴\ۀ\'!ZUR7J@?*Ԕ:\j\:y&LZx\\Ҷ\\n\0c\4^P9N\ȭ<\|m\uWTLƅz\-\m\ȭF\\\\w8\׎\`J\5\Wy\Wkc\K`񏡫\;\\UpA9V\7r]\m\#Յ\$&zuJ\l[\Z\QR\\rc\FMn\<\\Zk$dWTRv(l,6\ҽ;NYӃX\q\\\\\9_\:7ݍ;Rˍ60\?S8\B3\\|lw{k>,	\J \\Ԡ\d\GLƸKg9\\0W#r\)\H<KI>\\\c&\retҺ\\W%\&#Lp;[Sޭ\$־Iܡ,\W9\ҡdMWC\\s+\g\jJp0\\rG\\Y\=\y\ZWW\\\\\\b~I\v\ްJ\Z)n\\HBA\X6s\+en\g#\\9B7/\µR9Q̠ٲ\R`n\X\H\n\\\\^+TBh\1Ӓk\M9\\B@8\߽|\a/v?@$\\k\0\b~h\,;+\rv8N\O\3\WZ,{&\qC\\0h\\G>\\|\k\\wr{Y0<\Jg\V\jBm%՜X]\\Vs+һ0H\0\05[Ge\L)lȆi\'8\/LW\~m=x\\oQ\^\`g²\ON[Ͱw\j\\R\%ѐ93Z\"u::\<\Z\!*\ͿӊZ=ͽ\dQ\H]}|qx\/Xuv9\ny9j~\/L<zpOAUf\\9|\\|/\\\H\\\r:\K?i~\ni{DR+a7 c(\1Q\@}>\\\"\n\\\4\%\\'ښFAB\jVC\\~-\\\\ǲ\\\N#\󚼷\'\ޗÝ\Yv\ZtL\ZmKĺ\\\%䣃W UiT\\J/\\Sl\bK+H-\MS\l\%H\r\nx\'Б͂=;\,z\3\\rJn]08\^\\9PTfnٛ#os?҇+h >$\	\V&A\\3Z\r\n\8^\H$\\qZ VOI3fyTR.\n)k\X\)<8\0ԮbCz\e\fkdhr\\\\! \Z1R痒?C\p_Wê{5\\#2FIZ<\\\e\\l\\n&HS\'09\$ի#Ѵb\vݖ \տyBCcֺM*\"\nTBo /-_CmV\6\_	\\W!鲣\s\ߊ\6TWayw\1uZ-ly#\\rS\\N9\S\\n¸4N@դ\1RR0Eg^#VJ̾;P8Vs\\Z\t|\\we\\Cخ\[xc\\\\\J\Z\\\\ZYlc&\\ry҄1 \jn\\\\\\c(ԵUi\uy#c\z\\R9E\\\x\\nU%pc^Wv7k]6{\ƣ\t\Xh\L|cMeU<\9\z(6\h\	4	\`\$j}ie\'ˊXP\+օN\\W$ %>?٤n\\aT\C\0U\r6Ky\y`+;\ZF$F{W3iq\,Q\\5\75.\˘\A3&}\[\]ZU!P\V\F*)6搊\c\c犡$\"Yݻ2\p\n\\\\0}x5\\#\&{J\E\YU\Q$^/\\X\O!\Z\5o]$)G\(J┒F߇\5ӏI\k\*\F00*mٮ#ɫ>y\FO4\\\	\(\	lvE\r\{Sd\Z\hE &[?J\r~1WW9#\Zt\:\\%%:פ\WrZ\\,C+\V\IYd,\\k\n\M\Km\k[qY{\ӱy\\\j08\Y#\\N\\j\Ã_TY5\ë#6\cS\\6K?JpQ[\ϓϪ\'ZXz.qJV\zG̶N\X\0bU^Q$I\S\F*V\#&Tuf=)\ya9\X\bj\Lh$޻v÷j=1C]׎\'RB\D?zW\\Grr+\\\jouhΊKu\\}*+vI\VD\\Dn\\$Vڱ\P5\\0W\dСr0Gd\\k\\w(#\0x6H\0coATDR´39\1Wm\\4O\\0\/=۠\"]\DȠ\t\\\\^\q1̇%\UT\kq;ʌW\U~֣\\ײ<pX*Tcc\\\7\%y\03[Ʋ\,_\\'OU\\\Y5Ka$JGjZ3\\h0\*\J\0\i\Z|\\Kb1\SnʫgϚx\kps_H/\\\|kutN\yW\\BgBa\}\\_!\YJ\\+t?6k*W<2Tt\ǚcEnr*\%k}YF(\hmw	\\a]*[\\Da\\1?&Y\vsz\֩%\Mb\#\z\\βeV%\ێnM\CdJ\\:e.\\\\\N\\o)ngH$Jq\ӡ\aJG \ϻ\\aŎ\\\\\mv\@9x\k2\3\\p*zz4hz{\kt\\Zr`.Mdxl\tsUR\Z\\Ϝyp~Be+RO\:\\q[\?\P.p	*g*N+v$u\Z\\͞+}K\Z\\+\HÓ\g\)4!Mm#\>4[\Vό\mgl\A8<s\=sZ\L\m{\#\^\\Zʜ=˳\\1\[\ \Ix\\e;ySڙ\'wY2z\n\+\gb\\\䉓ں\\\9f4F9v\tyx(V\\S旟aSi\t62\\-1̄m3XAP*|dR[\ZNj\#ަ$Tj\5Uq\\&@$\/\K_OxqH8Ż\\(	~;ּWƽ\\l5W\hO\\e-q~7v[L\T3]\"ij?tŚJ\\\3;~<\nM^+\y\<eY.ѣ 8\\0\0\0\Y4҆\'85\xc\\\\h\Q1UbH\S/SPM֓\N\052PƘ\d@8\ݿC56HZk\\6\䪟z\?k$f8?4n\=`	ie%q\\\N[]َ6\2ĕϴ\WXz4m/>jqq[Vmvzεǹ⺟G\V=f\'-Q\^V\\\\c\ns$\m\TG%$E \\K\JIr\\lπ\\'̝gi\\\\e\ó\n\q]׉\\ˈFFң\\̺6hQ\B{pU\\_Ucw\k\n\\W\l\zV]\\9{\1ڷ\\\5v)	l|We\+˼za\.\\\xY\\Z\\\w<,T9kHIEU&\r=js旚0)7`R1MUE6b\\n	?AVMq>2\M(R\zΜ=)V\nk\4׵\uK\T\͹ۜ\\F\ʱFGc\u5\lw\\\\\*.LJ*\n\++F=Y\6D*N9A\!iA/ޭuP[\\c\]V{:\\\tżp	Yv^\?\٤\ܯ,\pwb\\9D\V\L)Bgv77\T\\2\\'5\\\4y=\+vs[f\r4	\\j\\@恊b;)Ek,\Z\'\RilP\09\$S\\@\'ޤןx\\b\;U9\*啭m\H\\0Ȭ湑ՅTڽ3\\\\<P)|c9Lؽ]]tPZD\"P8p>+g\쭗9\5VG}:\\\s𽐳\\\޺g\E_\\\QZnr\\\\5\\.𖵪M<\R\(\n\ ׭uc59y|\\lw\pKQ\otm^	͠ݡ\>E$~b(\-\Zej;X$|\\ \j\2E}\\ڿExA@+a\}/\\1T2\\6\Za\V\6p1Y/BF*9r\;u\G\tda\9\8bn)\@\\`IH\rY>%\Y\\y\'\0\{\40cMң޹ޱn8ob\r=_DZfwA\Em\\Kh\NMt+R\ִG;6eŤ\\\A\dk\gd\\r\5\;akȾ#k>Mی95Iݙ\hڬ#\B0\\R^o`\n#÷<Ek#a61\_YX:d\\R`&۞ت\_Êkt;\4\04A6\Fx\!w9Zfp\4FtnSЃfl\\8\'#>WІ1\\\K==,wN]%\x7O\ku\\Bh$s\\\\IG9\j!h]^\$\:0\c\pV\\\\01\ۊ	:!\r\\t\PsU#<,\\GX>I\\\\\^-\G \kV\)~\,)\r)܂*cZs\HI\B\<t\I\@\ZQ֘_i\0\Rf\P\a\n\0\@\k`p=J0櫹\\9	@\j	G*\\\Z&\!\zks\|\r\%\sN<m9\o\\+添\\$\J+\⋱-\\m?h)@88\:c\,<oh\\\0MCW\\n\Z6\N\'UC]e`:²\kXB\1\ڰ\\\\	B\\iĊ\6\rO\S)v\VzmH\08=D\\*u5G\~:Z\\9}\\fcq&vH\ׂ+q\\0\\s~y8\`\\a]\g7\88\\ql\=\jil\0\Z\N.{\qZ\F8ש\\n{uױBwa\*##y\\҉\6F\\j\X\\0>\\,z\{C	J&M3œ\G\Ie?\\ZfT3\ʶ#\3<\\@T\Va\\p|G(0ڿ0\r=\R\-nzO4$3x\:\nH\r@\sWm\GcTU\\8\{/\\\-`68s\d\\0z&\\\M^xNJ=\\\Y\fTV\5\	a3gbs\8\X\q(P\\\xOUp\\g&\\F+ѧ9+j|z\\ZK\IMB5\n\p\J3\.\۰A8\Oj\\\\\\K/\vz$1\b?\F7<\\\=PD\\0#s\\lav\\#5u_\*\n&\\05\\΁9\-r\,\>,6\*\r[\\\򛓻w;R5hrT\<T.3ޣv&uDn:^ԙ `\Js3\ڢ?tƚm/\'G#6K\Id\1⩫Ӝ\|\4\rۭ4\\0\F@\\\\"\\n8&ۏ˸\\\+qQpiS==\\G,\0\O=)͂A\G_zb<tĒFOz\\\怱/\3N\\8\сS<f%r8\^\\7jp\\\^7\n65\\r\-ֶjK\j\{Vu\\As\\5\\گL2<\\6TKb\|h-b7sH:\TB+]\";\\'\Z\g\nּz\g\t\i?\#\n\\ϸA5\Mr,2YF;U]>\ʬ{\\#z\nIC۟ĸ\TĪJZE~,M+VS	\\0-iF)v\'Z\홒ܟ(\cM^DF\0\+Y+]Ѣa\\\\(\4\0\r*\j	\fijnqP\\'4 \5`H\\M\EPd\[\eW\~\(\%\D\wVm#<\72m3\}(72\\qzΪj&\y\K\	M}˶T	\P׵K+smnw:v\0V\'\Zm\Ұ\\&\N\bzה]*4$\ىܘ.)#Ͻ}\Uu<et\k\VVb\rzgu9-\?m$\df\E\sE\'(\h\\0Kn=(!Gg\À}}Uո5\%fY	78\F\$Z~\S*[\"ĥɪ\?\Z;Ʀ\\k7y\YR\K<\ǈ\M\\\`R\',n\n\\RlFDj1*\\sDaI>an8\\]	<t&:bs֥\'5lP\Zl\!\0\R4\\r/l\)J6k\\b	z\n\\g\@ڄ\9\\=Kw)\WVN{UxG\I,F}\\]Ϛ\ˍIf8-I\Z|fw_{\nX\p\]S\N\Z\\qDGQ\Zs5DM[G\\ZU彶eP>qZ\\ns\(QlNhОM\rVI\CGP+\5,;\9\\nfv\3S;(\\WPY\t\_ZwBKsTfBF\\ʆ#\\&\\\5\RzN\Cm>2~F&\7+jI9\EeQ\\,J4\6쮎]>Sn-N\\\p=d}k}I4=ᵲĝ\햪Ex\öS\gbe\׳_9̛\\/\8eW\N\"\UN*\+dd\\n)sڤ\&\\Zl}*q\SH<t9\oxp\-ymm$b]Tga\0\nhʕTW\222R0TF5agf\+NG\0J\";;<zWW\aL1\n@]\\\[\E\6\ݢF\^zMN\\=\H:vWR7t\\SXҷ\5\X\1rOg\	5F\+ӊdx4\\L9\\\cҐd\rda]r\rxg7z[LpD>\\Z\2\n\1\м\\]G\HIw\=J\\\=\E\\j;\6\5+ht˹>l-.ee&k\S\\U񍼜R=P\e\єq\¼\\\"S\\&b<Wm|L^$\7F1vP߹ޥˤ\Wr\[L\\0\\'W\	K\\\"\\&{⮝O}[x5\\0X\\F>\5\\g\~aj(\cnlpƭgi&p0}\;r+\M\\\'1\c\)MMx6i>g%s\,\9#u \\@5\\k#A+2R\|[P=Qwв\A*RXml)I18\\(s\)?E\w轢Hs	\n\\vҢY^d֞\\W\{;V|\~̫K$\'c\{RtݺkǕ6\sx#Ö\Wp\\;+?\Ѵp}\\rTG34#g\Wb@\ivT\\w\0l֊{:\gh,XCT\\-n\κ]<[\3\f;.ukc\;(\y6G\\-v>h1\>\k\3^w\\0●#\W\ZÏt\0\K\0_\0jU\T\⭞I\\D\0ȧ3c\"oqy\*\\d\-\n\zsS\\WpZ\\&4\c\U&@Ⲟưzw\L>\ʯ\k\\бrIs&\4\\=\"\\jvs\":\\U}5O-s\\'Ci\y6P \ *ۆ֤+\sZ,ޠV\\'\J\\rQCi;擾+Ti1sL4sLWP\9Υ#\<\0<\Z͠L\Z\֛fxz\\DVehW\γ\Μ3hI\=-o7I[`\;NG^\\nZhP.b\\\w}\\\b]LL\:#\MZ\욕\8s]O#k\ݒƱP\0f\\+q	{\@\j\"\\{)w\` \3\Nتp~cv@\w-l\0$\nrjr/\'ҽfd܇ּk_\ui ^$\O=k\Z\^I%Q:\}=I/<ZݵI<MVmD\n\7P;B\\+pi:\I3\STn\F:\Mv\{VvgG:\'6\\1gqG>\-Ē<8ncue#S[Z{#K?tB\j\.Tpס*MsuhH\Ds\|\4\\>\\$\x\^\0auH%\CƧ?l\JWBwҖ\F3n2i4$Mx7v\ugɋ\\\w\\:֐E\\a\;Wlh=ֱO\c\建\|<ғln2ł={(P\f\YiG)\\޺\@8\(Ct\wcT\\>i\\⩌\ֵ\\ҙ7Ru4\lk7sOcQh!sHG6GU4\\\LDAcH\\U\?\T\\-j&\z,HN\恢\\\\"Ҟ\rAIaW>\\zD\0>\\\\Tڸ\r\0}R\\\n\B\\D8ASz\\0JwST\){\sJO\Flk)\I\T\">@=\G\rOHTP\"źW.u[X\\0\\S\d\Gu\\|\\ˆ\d\E`/m\M\Ӗ\\O218\My/\T\"(ϟUX\0phYo\*\\(\(np?\Z\5m\?,\ur49I\ts\q\J<\N@(mG\&\dWzU\a\f\\4SA;|<W|LYlᔌ5\a5\	\'vkH-L>{\n\Zl\׎\K4e=W<W\bGI\<8\3)\NwF>U\\\\:\ZObǱ:gV\0z\1։\\'z01G\,oNt\:uT[@\) #dwg\h\rι_\isȮ\\rg\^\}\\jdoF\\\\=mG\ס\zW3\<\-]/$R/.j\\\(jQ\\]Xn*5M\\\SpF5,TtP0eFNl\F)\ۻ.E=N;sQ^)Q8ȩhi~Ӡ\\\\'ZL$\\ޟ\\L,\)㚏4sȠWnz3\K)x\>	gi\p1\Wf\p=jЏ:l8\95󮠞a\r\󓞼<|vX)\%uVRN\W]-d\1\a%[F=5l˼ncJh\vXaOPY|\\nԕ+$[}XbL3\#IܧYu\=jlSes\V\*\y|+\rl\<\*1\(7,\\Ӏ[Mz\n\y\t\9\^b&o86w}ת\R\ֈ\\0m\j$K4_Ta2eI\<\	#\@<t1]\0%\Ҹo%\iw\T%}j\\\9.\䃐5U0O\\Z\kPx\q\Ru]c=y\GopjUF\!1L\3/ \\0#T,GR\⭻S\g,~\\\\\AI3\\R0~`S\'4(	a\h)p\\0\uv\\͜\0\m`\FpzNG\kxd> %A\?CQ%.;\Zz&q߭r_n\\	pbkӀ\Oz/7b	\)\]\Dy\\p\I\iJ8\*q͜q\UBƋseIP<U`:\',C\n\"aץMę$|\3\.\V\7`0zUw\`\\043)F\\5\\\\B>\*\aj\"=N\\\r\O\\\w\5),\q\iy\;Dwt\;q~\0\#Ҕ\\h\\\np\rm\) gyfN\\?ZMJ\b1\\"f\\)s\0RǭH䜒I\ɦ?\vz\	r \n\qv\BcR1\L0:ǯҚ$дm\\0W\mC^$\0\\_?\\P\󯨾۪D\A\'+x n\g\c\"\\rQAT[>2p8ˁV\޳7ƴ.C\\\	\'\kеFbq\NiĠeC\ב%\V\\6j\rw9\rgB\tX]4n78Sh\4pD˹c\{\\:\\\+\\W.t\0|l\0\'zc\'*ؙ\\\\\G\c\n;k[MҶ_)t\0Z{EDP\0\0t\0v\̔Rc֓\B\Zc6Z\0х\\kn\`\\3źҪI\Zg8-t!\0I2v\\\\\k\j70\;d\\j\kI˚\mR&tr:\k\)1m#\&7Vկ\\q\n¦\\\\;\\\:b\r\\r\\\#og`N9\AZVZ\)t\\\V>\ZK\Qd\dנ\x;L\ZY)\\}\0j؈J\~ZZ<__\X\$%G\"4ۣ%\[5\j\\'(6\{UWɂX\>\\w\б1tP[Y\"ψ\Gt7/A\S~v2\%\\w\\Idbwd\Z;p\C\M.aqg\EhW\{HX\W\\Oj\ay\\A\WǓO.H5Q\\\\\5\VlR\;nle\\}ٲ`f\\\\@\C\Z\\dq\=kX\7b\rw5,M\'\z3Y3BL\7Aj:TܣZm\)5\9,Xs]\\\b+\\Nc\B\\\\\ؐaWt|\	hj\Us\4|H\\\\8\"p*)zW\Mݳ\.*@B\5\xΫ4tAѶ;M-neh\\\`4\\+\ˑ\"zQ4\0,3I\sV\ѭ#!.}fxZMtB\\z\n\\R\\rK\DDL*aPϜqY\\\Đ&\0T\\0\*\y%\5ZB3Tɹ9\\\6\\\t&s֫\A\4\\~26\\0ubU\^\Jט{c綬,\rOi{Æe}h<\n6\'^\hp>\a\?\\\Z냊x#5\nxe\'\xlߊ\Y\[EHVMO2\ə2ȓ*PăUS\]\'V\rT\ڴ&@p9sN#t\\"\e\\\`\\ς	\Hm[1mz%Yx\4h$̵⚭\jZ\\~\^{t϶		\MxCZ\"Hɯ?}ӏ=yQ\&\[˳\UZ\T\t\r*g\7N8w^\"y\m:\4\\7V>\iz\\]<\xr۴\#^\\\Z\\\\rio\c`WJ<⼏\q\#ZMx/\t6${f#[4<&w\ۿ\\"NԳLzejH<+\ZNՆ\=\r=\Ԅm5L\\9ȯY=c\\כB\m\MN4c\̣\eB2v5F\GJiJ-wMӚ\Ϟ\\g\I\\Q\o3\\v\'\'+2\r6\G1ѣj\\=tn\\\̬k\Tk$}\\S\r&K9\/KH8]UC85\:\\Z<ڭ떯j\nDf=I0TUM\\\ԟ\\b\R$b\Owr]Ez\ZX\rri\^#Ǵ|\'3\B\\`|cA[7<7*\	D&ƅws\x\?NjS\\0\r_\n\\q1w\\\x\n?/\zwa\j\\ztCL\\\ن%\0\\Hxnr1S⫵S<\\P\'J\\)\EBݪNA1#4\ܑMEEc\"	$#M\\0\\ɪt&ư\O2L\}s:Է~[t[YqY xǻWS\/h\f]q!sA&\\\\\r8.V\0\\(?Z\Hy0&\4{Sz\h4:TLz\L#+\ZN\qM\\r@\rfk6gQ\\mTeB\Z\\4\D\a7\t_\\0\U\\U\Ҕ\0(a\PՑ;ϟ~ \Z\<bE~.SS\\#\/:\1+e	7@i\\\MZ_\1GE\EKTc<\Z\[+&.\9tv/\Z\=)0i\8msDR7\ng+Y%\lEi\",\\ee㡮D\\Vu\\"kyc\B+)Ak搭4㮈WGÐEW\\&%]5BT \\-j{0hrj\NN\ճ\ښYIG#\T\NN𾩪E\\ۅ-z:\lBJāT\\"E\);\[\Y\[\'&4\ޛӸ\E6s\\yHic<}\Y^ӎa|\݅\\3k\E\_v\R\v1\ycc\\X\\olbť:;u\0+K<{U(Gl\](;x\W\j4\ء9#)Ǟyg\Uر\&\R\\!T\\\XK>\0:!rc޹\U\\H\\\?GmJ\+\ҍ+C,\f9\W} Oc]nXߣrمӆCcc;U\\LQ*U\2)sd\\c)j2y6S\Z\ퟑf+[R]I=*D\0ukSu;A\3Jh\\G\Uc$d\mO$QvB\N>\!\"͓<`V\"2/j\$d\/\c\r\4\ؤ0;Z\r\r(\sH3\4\\uF3\}B\Ai\-\\:85: \$\\S	$\\'\c\ֹ}C*\ASںV^lV=\\|\\܉#Ӵ\aEkɌ\\C_gq!\\]ԍ\\t\Z9j4F(\3<(3V`2L`\y\=6\Gi!\\\q\^;zT7\,lr0A\\rZW>6\8l\\\\0\4;S],/,\'\\#,,zº\0\0ĺX_f\i-`s-&{h98\֬T\Z9\:As3lLR\ 5&{wԴ8\ev{\\\\\4ʃ8V.̚|Ó\lYM5\\vf.,\wQ\=k`1\U{(\!X\*\8\+IsI*) Ը&\Wiw0*\_֯l$}(&x\8mÑHH{\0<\R!`qT 䚗=jGq\94\#r\\\A8R4\\@]\<\y\5U\8G#\@\iR1wuhL\0DEF\\\_8\\ݹ\S^\"\*a_\+\3ܪ\'過\&<\g}NV&ʃ\OF\0rG:֤<~fǝrIVt`rI \)$\\\∐7@\s\\[l\GA\h%N\\}¯/\\{		q\9פ\\LE1=1\\j6C93ÌOJ|Ԫr4\	?e\\rq\;o<C]&,\Z>z=s\H@\\r.NmD \\j#\\y\4͸\"\p \-9[)\0fi\\ᾦ\"\\$\'R댑\$zH\\Dd\#\c7\6\|+}1Ru\\\64\.G#\'\\\0խ)\:\\\STF T\\\	pA \QPƙ+bT:\7\\\,4pܙ]\\\e1\|\\N@[v!Gw=:\ϟg\\'<tp\n8hT\\\\\ē\\Ȭ\pHc\'\8ZP(n3\Uis\NqH\H\g˕$\5x9\up=zF^A\\0`U#\EhJ(\\y\XrJt\\\n0;;`P[#)\v3NR\\0{l\\0\0\\Sb\rNB1\qL\_\\\Z\9<{RN0G<0x\S6\'\#D&	\W~\"*pNp}*]piT\jK+^x\V\83\stAc\L{1\sP\\\ҭr\;y\֡)1ɫ%ġ\\zհ>eQ2iB\\a\0\qUO\0㚤$ii(2+\߇(cc\4C̊\\5ǁ\\LBG-\<WE2*hNaxJ\v\\T\0AYʅJ|8\=\\\rwp#\"\Ծ$x1}Bnz`\L:\f!.ѯV`q^\Yj\\4!z\\XeӦK䍅@L҈Н\.)\\0W\Ղ1O\փ1JM;0z\Rz\2E!\BXE<Q\$Ҹ̽B5xOyT\d\׭\\9\n\\w>Ê(cFm\\H\"\\QSJ22I4\=ӊ\R).b27\=Vk\/\E\0;5e\\\9< \v\W3PgEBu\\<CURnX\\љUwptag|7\Z۟AO\\ybsW\P3J9Ur|k\Z-\\\j\֙Q	\ۍUt\\J1\ڕxUgNQ]W\t+͓\\0Q^$=\5⶷e@\z\X59\6wGqt\y=\84^Y6Ϟz;\85X9Qզ\F\\5\\k:\ܨ4\.`ꨞҢu`*̃6{&&\wkm\\`o9&m	s#d\\\}1\ܣ+sXdI=qp6zS\C,p%UH48-^\\\;?J\Re\6\8?^%\\BO\\:.\URVi%l\Wkū796}rB1\t^3\\Mt^S$\Nć_l\\\NxW4\\4T+\\|\\֡9l!\3S\0Ԍ*1RTE@-ƙ\\"<m3\\0\wMD\x4\\r,	<Tr(#4O\:\Z`p8kʌMEaھ\ I\&\Z\\쯧\\rұ\\R>w_3\>5\OJٝ;m\{d \5\\xٿ\F\db^!ަRwŞD\qVP㸪`\\,\H1\XFPV=\ZS\,Ţ\\\ \"yw&ƄLw\cqڎ\lk M`1ҩ\\\0\"\规V<э\\\˲6 g\^x;D\qg1\\-~\\\\?0Ms\Zƣgu	8S{Lji6P\;kC@HFaeq^WcDol4\Y\]U\\zda񁚾e-\\wDo\v\0m^	rv¨$5\[9k\C\usl\Ӛ\\}\ZI\0-Z*w_δxN\M>2\9`\\\bPW;}KQ*7DLMsQ=H3\sJ\0WרPize\RBp)	\\Cϛ~,*kD<+\|7&Ml`}3zvM?\r\ŷ\u{\\(\4\n1ӊ\\+b+3\s:\Y6_O\п#&*-\W`[&bsҤ\lF0*\sw:u=\\\5a#\\%Nr\zl\\m?\#u\Ӛܔ\-CJ\RJ\9\r\x+\/Z#ok]}\B[\zWx\iMcʓ7甒\Gu7\dd\\\\WQ\'\ģ9LO\z\:o0\%\0?bx\xz+\\\|\jTp\\|\1oׂX4-v\\y\?ڵj?qI\׍\Alߙ\0\s\ֺ	+«\0杀q\q\Z\9\^>fN\\0_QBeɪ\\g	Y\Z\\\]Ի^,~3MJI#jU$kD!\UP0fSY9\d\i\#6\rT}σ!X\czZ\\(\Y񄶱ȑ`+\\ [kx\N4\n?\n?\5\y\3c=y\'QҸ)E\\g\O\\OJPI\KSk[HSiM4\\f\\\\\h\'+\\"8bnHCDr\r<PxK)\\ɨAf<\\_^<UO\\wm\ZM\\%\0\\W\r\h\@a\\\WxV\A\\3Ϛ炼\>[Fq:@8\\\ԏbL5%Fݍ2Z\\U)\毷\XZ-3;`BrjXQvAy*d\\Sd\	$cLnn{tݢdi\XtI\Zshz56b,ߝ(}єQ^7\Dw\v\\"cWF\\q\n*6j\\VV\\Hp#\\հ3ڼ\\Z\\\A\G_3\D+I֪Mߢ+^\][SW;1\\0U@\\\imH0\0\\iڈ\\\Wuy-,E\kޫ8\5󶨞8|\42f#֣jY*>)N@\Qԍnr~\'5ɳ\\\\\2\=k\\\cj13)C\Eu	q\\V\6?Q\\\\G\\A\&+\V*\e\\v\c>7Zi\Y\y\zArݲ\[I\\E\ro\nr\\0g\V\OƤ|\JdT\0\'1Q`\ZiD`*zy\4\M0!`GZ\XRқ\0@PUv\\[#:*me529Q\0UwrE[V\\\5#B\"1k\\\ut=\6\=T\:\`\P\0\#؇@-Ww\\WBO?R ^[G5\Kc\\\\Ub9\dqRm\8s\J*䓁[\\\dqL*\4\uaӰ	\\sn\ڸ{2\K֮Y@a\\z,5k7-iن\Y>\\\#E\s\9\L\\Um$=sVWG|\lNOjq=z\2\\'LP	\'n=\0\N\)\Z\Ȥa怹TQsS\=(6\50\WP\LPrjc)A\iw8\v\9lOZc\0댃D@\\03N\q\;\\k\'0zԠcHpNA\HЀ\4SMv~Ԙɇ^; \n>F32\\Ki8\*\ r\=\\\\WڙGck36˂@\\j	\zɑ\9\\\\knqNǧ9\#\\\"\\\r3\r\0rj\\\n\ E1HdYh8\U2㷥Kۑ\ǧjYvXcX.Esִ`e.*Vq1a\^\'ҚgKL\rsМ\ܲ\w]J\ӣ%H\07\Zպؖ@\\c\\\V\\\\kU<^}q\\\\\\W\0U\.XuϽD;>eX\\H\(rH=q\\r6H\B`\0$c\\`\{P!(G\\r8 gڥ|\\j7=Ce\"EU O>	+\\=\r^HF\sj(T.T\Ӱ\\0ρ\\dZ\\K\=Psڪ\Շ\N ,w#\\ކ!jpy\^RuCZB\\y\A9T!\[9\\}*\Z\6t\|o7\2`EW\(W\_nǍu6\w3ϭâA\ ¢\ҭژ1ڣc\\Z\\ct$2F\\\1S:ۚj3\I\\gچM\Z`N\\0}I$2p()\\<w\\\g>fH\Z3\#>\A\T\rQ\Zf@$R!\n\9Fy\\\գt0\09\Qg=_HP\\ L\\S-\=\x\Lc\\l\S\)2\\Z~)X#X\\n:⤢9e\@j.\$\\K\粞\\r͞)~iq\y.3\\ZH\\\rX\\S[\ۻ$\D\\\UD*\\Ac\\]\;\}D 1@\v.nza}_\0(T\c_DV\V\s\fXP+Sg*eU\K¦3JxqPj5\ޏď\"[ox\\\f\B\"^i\P=3ֽ6\0QhBɾ\*\:B6-\<ґJj3]\0u\x8\\@O\\c3AC1Q\'&\)6R3\\\ˁ<ZS+\\\\'7\Z=<vE\\I9!icUA\W|-p\'\u%\\0{)\&{o9\Z3f\1Ȭ?JV(Pw~Ei\"X!\,3\\\\[lgMVފn\{?\"\\Y\.\x\+\C\lx\:tӺWw PdW2(d\\\!	q ]\n\5\	S\\\8\-n\+\)<\6zK%\eq^Ӡ/K=3\\G=iчͳU\:\nu\kc\\\\6\\/fI\<9\Aһ=u\'}\	q^i%&mБD\ƚ\\Y֓\6,(\"uH\\cZ[\Hc\\Eڣ2\޻KH<WlR\p\'\/\\l$\\ אr@Np+\\\WJNP&\'b}\H]qQQԊq{\'<U\\\n\s^k\Lɶ\Xe-\Ե\!\\g\'kۧL\ǰUK.U;ty\\ETb* zbp+\z\U\\Z\w\\+\xM\\ڻ\e\"k\0GxA\'5^\"\\X˞3\Z\j\\⫹\zD\r4a\$qp+/Q\D_v6[\^r~\'\\;\'dq\0aQ{WfW+{\ye\n u=5Εo\^㥒q\Vu\ՏC	BvC\\\\\lT\A\>dg\͚Vg[Ҋ\\toIX\@јU\V~\k\Uɭ\\~Tym\\ɒD\s\x  S<)Co\"I)Mhw\11_̚\=W[IҼ_\Ҙ`7dW\H\nõu\ݢe뉟\ۈ\gg\^eXb##\h5PW*y*\mm4\\\rS\'LJ[ַ\K\\jn5jDr~#e\0\y+k\Z\Ⓛ^^2_#貸\\0.\p9\"tW1VSv\ֹt#X|kTiT\\\R\Zh\"[9^My\0}\\"D|08s\K\Ϛ\\"^˲\}dR\K\\lI5\;\6\\[ߧA \\Z&пc\\\\\p\\[U\\\m#\85\_\1\\\ğ2m\`\"k{Xc\\}3\i0ZB$(}\5\rϛ=\$\BUAk*a\bӉ\	}O! OnVf\$\\\W\\\k\#B\r 0zת\\XQVW\2|\Fk&#i	\Nj\"\\k;8Uc_\׺3\q]9rR\\3\\'xy]\%\E?UD\%\\\'\ZP{)ܠ+\\cUe;	JLl\O\\\Xi\p\\+\/o[]9w\\0+)\C\0#:<\\\VD\\	OճPB$#c\\/\\M\<;\\[H\˨\6ۦW\Q9$חkJ\\p.g3\4e\\mפP\"8\ Ւnk+#*\u*JOy6\U\g\V\\\Fhf%9\}j\rsT5)Ob\':\n>NZbd\\Wa\\j.\"<\n{i\\h{\\ฦ0R+)SvfCX\ic=M^뚐QX4\\\\n\\\3G,.4\S\\*D8@j>\\GTn\-;#\5,\nA*A\) qR\z\	\4R#Ǝ\\\-\n\F Job~\"Z&tQ\\\\"(\\Oܖ\gw|ƽ\mgC7Lgqmf2<ӭ{\b=\\IF=XZm.x|\aHii\r2Jr#gj_\\+,N=CV\\z}*붥}=\r\l\>z\t?N\<פx\\0l_[(\0\\\Wg~9Ŧz*ĭ(튄5iǮj\늄:\\l\ZkN\\n9ʟp=r\tH$\yg\\5\]Ǿ5#Mu\{j\\\\\\\\wl)WE\eXiX\\\̠\B\OѾ¯yF\ՅpOjP\:w`գd\\rN*r\d\nJ\65\\ \6\i11)\ZԱ#BF:Ն\T>ƤksBÓ\ns\\\0ko_V\\>\\\rd\pT\\\\j0*HԾwwjǆa\"\Nx+&؛-n\u$v7\\N\\A<\Z=\\\@Y\Ę\\\V\5\x-Xu:\\):P$å\'j0\ry\N$L9=\&(\\\07$TN\\Sj&g>y5F2\\JLGnD\0j߈X\<\n	q\\5&{o\GН;v\\y\0VL\lYﺝ\0\\0p3\^m\\r&Ju\We?qO4c\\\sZj\<Sr*\)R:^w\\J8U\'\\'\\u\\rCG$#\9\-hKul@8ӌW#Q\2g|?!\RWC-)-BЗ>ݪDl@\{R\'AY$\\\&sȩ\\H\\L\Pd\d4\s@\rd_z|$v\j&\r0\0\h\ҒT\\\0\XLv\Ǳ\z1ښ\"n\i\AzA5@\Q\rNd\n\ v*\0R)2\\&Cԣ{\yԱl^\sӊ\ȧw4H\5	\\WOZk(\\N\\0\jպ΅X\^ޙ#\0\q>wS\s\2\6\9\\\\\Ha\Ext\\\\\Oda >wcKD\Jp`2$pON\V@˅\88\"b\d`\da\Fq}\\0R\0\\\J\\U\VP8\'\ZK/\sT6j|\}ڑCQnIC\I\SGp27qA<c\UЃ8P\\J@8\0t\R\\~~䓻\0qqe^]Ƞ;̒6\\BkMށ[r*h:s\4Xg0Y#߮)\\\=pjf}\;/@9\\n\\ `qJ\n%eH\?\9#?J:\n\"	\0gЊ@ZH\\0H\ǯYF8%.y#\fh\B\gJTB\\a\w(\N0A\\D\rqա{B;wUxw`gx\A\r\Ɲ1\'Ŭ\>$;K\Aqg\?E5|}޻p\\7n\\0{\88\I)U\nxT\"\gǥEFC\n{qQ\SєPVRTA3`\Z\Olsꪤ\Rt,;\x\K.\\0\J\\ִ%G\@\+=-Oojt@ǩ5\9>欀:EFdt\z\\\N\\\~7~ALhp\\i\Xڟ\<Sr>Z#=\)`*y\]*}\Y\\,N9\\RZV\\\Q\0܎\0I$\tӂOqJZM^q\zMm2zvqMDݓ\\0^0\sT\Tb6\}joz\n{cGJDT e\}wj7\&X!\oŔ\G;pz\}K\ipJ\9㞕9օ\z\rmC.\\J\@n\#lq\[\\\.H0zw\]\\HI\0kI\\\S\\h^Dg!s\}M&iI\3;\3&\\\+\Z#\0-H\(J\\U\M˹%(4\֙`S{ҚgJ\0sTlrx9\Ї\Z\5\rR傣+r\\i|av>\^k\\\c\\\eՙx\YWO\\\'.h\\Տ\L\\0+FVݛcT5\6&p\DW\S\Zf,,#OςI\+h\L%ع.^[5v\\\oj(>Mǿlۗ{	q\\\Mm\dsW\n+g^X\\\Zt(	\=kj\J6UM=&\Z\\\n&a{xR\4\(\0W)\\\mvܪG5\0*==+\Q\X[&CT%s\V>cQx\	\j(I\\\b{\u(z\xaSȯ3;\ǫ\n\\W~뤹*k,CcZ\ݞ\\f\Y\Fe a&=0ܒq:\}^IR1޽\\?x\2\Duy\rk\u\%}-\\=ꩲ\\I#\2\\\r&z\gQ\Zr1_D޶!Xֈs[*qWZ|\>O(\\T\;\Z\GQ|lzWu\e\О\+\\\\\\%6\\ts]4~#c\΂6\⢊ sҥ(\\8ML*\r\%j0_\\\B/5\^#\\6\9~#*9+f,78,\`8]A\nhd\\3\[\Zx`͉\\x\^\1\95Dnh\E(\4v\}\R~GS\n\\"cK)*ۚ\\r\F+\|i2\y\]\ג\՝00}3JOC\\a|J}gK\ՍیDj\L\F\ZV\våoKDs	s\jzp\ޭpEZ(5Ҥy\\\J\8\#\31q5b\rY1<Vճ\H\Ŀ4C\nxh\\\\' b6QÊ\\\0}+\\\\\?\)+I3\\"l.s\\\g\dlt^Z\\=&X𛩺\1^Ҽ\9 Wqo1>_1\K\G&Nxo\qƃ\39MR\9\p\n\:\t\^-wG6\Z^ӹ\mFI`M\\G&\&ۊ\k-*\;H\qDd\V\QF<wױRRW.&uI[#͹\-54$IaoG\V\\F I\n\\})\qy\(\\[\'\\ޚ4D䝵h\<␖\B.wsy\L\p\rvA\\[s\Gu98\\]oDuM^}<\\\\'\ֺ\n\h#R\Is1WF6!\490pV\;nj`\\@*E6A\]<W|TQ\t߀ȯ`Y_ ~ӭx~\F]fP?\Ŋ\\zc\\O#l\N@\Kz)?í\\{j3Gn\#\Zκ髫iɎԚx\\0\$~5\C\ZD4P@\a\y\wT̥\w7w希*\0I\qz!9<V<9=J\ETs\Yz楁I\ES\U\}jd<҄|8@\\sPԏQbp\-Nj\"k9\ZĬ٨Ն\U\k!L͖8Jj=R%\KҒ\\h%\D9\W9\mn-E~<lp?:\~x|Kdmn\WR&D\*ç{\\JJ=s0W\\17\R\PYazR\*OJPq\\w?Gv\\G\Ld5v\')ȿ74Օ)\u\xk\O\72,\	\\n+\*)\bi_R\J\j-85)89;!$\x\N\\ZZJ	0\OEnS\\\c\\"\Uӂq\R\-\r\\+х{ظBG==\t\>1\\OQІSЊ+jSpy\\6$B\jw+mj\\\U=cLM\"sj\\59%#5९و(Y.\к][ZG\Z(UA\0\VV\!W?ʱ\\\\qH\h\wT¢^\>誱U{U\r\rq\T#\U C!njR4\2lD\\@\S^ye#=mK9Sr8\޽V\<2F@9R0k\\~T\HJѳ\\jS\dcmv!e?\Y7J\n6E`gd=v\A\n\^Oj\t)d\(+Pkя9/6<T Ȫ2\08c h\0\:F،\r@\Mȷm\{\Z\0C\\G\\R\B.sHpMiձ\P[ar9nj\R\0\򗰤d\\iܒ6g~Y\5pDԨ~lSvP5k|\p*񊹯`Ǡ0\\s\\5~#\\kIzJ\z\9p\'3`=a\ݛ.³ݚ\H];c\'\r]S(\`\kVP\Fk\\wAZ(kj\Ɣ\أh\SWc!!\(\F\J%\S\b T_]AoK+sT\x%⹭\`!\#$\f\\\H\|\\.I)9ײx+Ŷְ\\p\\҅\\b\g\~\g*~*l`j<\Z\\N\Z{\\U8ێi\\\3\O[{\TQ\Ҽg \iV\Ty?\zqW{SH\\i\:\nn\;E\Yxl\0\"r:\$\\'ؽ^qګ\\\Ck\#P2k\Y\\\KgYQ\\X\\9\|ִS^y\\Ze+\\ISlq\\\e2\NNzU\ 9\\"rj9$\\\E\\PNj7\lTnMRD\\\\03Y7\[.@\3W$+\|q*\\mkH\\\r3i2\[\\\^331.@\zwقA\=8(8\*\rtXJ\\U^\hLv\"\@9\\Zʎx8\<\Ѽ\*Ďy~b\"\\#\\\Q<(q>*\0|\(>zVA~RsJ\\Z>zv#I=\sMץAd\{`V|c\\_g\Dc<wn\	Slv_Jw\\\'ש#Ra߭W\\\\\\m3\Bt6\D(@\\\9!\\J׉HAܨ\\5GSWԎG_S@z>\Qe\\\eVF$IǮ)*e<wzR\\ GcUp-\#מjJ(=8>ɷh# q\3隦SST\YH\=Z6 \01\B$ƣ<gkg\а#\#\:9\nG\\1g\w[_j\\IN}ȯN\\\z\mȲ6rFSn$\nϗ\r\\Һ\\U]\íU\9c֭ݜ\R\'\07T̯\j\"8\853	#\r\\\;Ϋ\1S\\00\\\"\'\\9\٪\t#Z(He\\0US!j\nv`T;XL\qS\'`G{qVt\"9\\0\ZS8?\y\D:L$\b\rLq\A\ޣl\v>YI\\TeĹ$\0i隮Pp\N8\0ʩ\sޠF<\0\\\4\1\b\rs\==i$#F1\i\\\8.A8\ifrI*lPF?*\n2h\[q\\iS\\\C\8r6\ \#J)\8S%.Tٵ\nnsHxPH\r\\W\pPD\zʾMTk2\'\S׋M\\\\q3\\1Y3EN\\\7N*ʁz\ӵK\\\(9\ZE\^fJPm4\E؎T\nx5^\*\\ՙXRƣ2}\\&\P{\xƢipy\n^k:mR\#ՁxJS\\\\"p	I]\&Mue5N\\(В\\^A|K+.p\0޼\Pf-\\v+ϭ]=\&M)ڜ|=[\}\Eb1^)\\{X*6IM\Gjxt6E`_\\\Z\ \_cԧFׇ\ItCo$Ny&X\V]\&YJ\\n\f\W݅rq\kʯ\oaV\5\7~}Y^{uWe*S\\RU<Zq.\Z\a=\|1\\uIFb麇V^#lax\5\}\Ky60V^.-χ8Is-J:}06F$U\)\"\\ry؄*\\v\H\\2jį^{\MIuV\0zS\ųz4YdKpwO#tcǵ[P\0V\`u5nC^D\=\\EY#>\\"	\fnG94g6FrǷҜU\L\ʛ4\\Ӥi\ru,\s]\\\1\0c\\xf\\\NE\\"\\AY=G\3\oQ^F\b&9\=W4\~/\K	U@H\ķγ;M:\`TּmN\\@\\YMl\\sގ\`\W\\V\{UG=*V#G-p5\ZcFzk\t\V\\\p+͏~\IFNj?>|࡭]<9R[c\D\qC%\5ɓs\\\\i(\I\"\\HQ׽yż}\j^\\l\(PkL±\#X1\\Sؒb\!O\Zbr+\T\0v͔$\E\ҹp+CLX.F\(\$wb\$\0ʔl0\zW\4\^A\-p}k\ʝ\TԵ\8\c\>\隙t;UU*OY\}\r2\_y\\t㊡\0\0T[Ee\9Kl\ߞ\FjA5Bը3jfW&T\\R\\rLn\U\Ufd\oG6sS\Ի\\Hn7Z\AJ>\.87ʊ\\\\߁\\\\2nU$\\8^h\jo\}\!SJ\dl>+BsXL7/\\rk=OJOC\|-\ e=\v[ag$W\%՚\xvdSH\t\\\0\Z\Z\0\ָ@\0\q_Emi\||*\\^\[l6+\ek[\\r\dUԏ5\XB1VqU-9dP<U\\'zo\c9\\\ne\\"3T\r\@\fE\\zrk-\\Mq: >dܞ{&d\T-.\HIa\\W=\\0iIeTN\l}wl\\o#\UQ\\v8ķ#60K_\W\\\ν\Y;~g\@}+W\_\Zt\yNF1ҹqq\\K+>!6^\\r\}RD#rp}\\JIA\\NiN\\!d\pkȡ\'\b3\):O>,\\\ǥ9\0畬\:\́6(\}i\q/(2\r{{Ϙi\Iי\\"\_\r\cb\\\\^sA\Z\xP\Z7S݄m\sU5߃\UYut\W\CZ\\;\Y!rʲeN?*$1m\\q\\\\Q31Ȩhϙ\'5JAW\R\Ա6Tz \Wp\f\\pj\j\\\\\fQ*F\x\n!\<-\{/\yn$t3FF+ZZ\\kgt\0\\\n\F\K\:d\aZhe)\Hɸ\n\\^E៊ZQet1>^\R\":2H \h\nrYhq\<5b\_CH\\\1\\&0)7Tlǌ\wFH\2G\n	5]\(&\تwS3\f\zŖi-\\\q,\m\KV	lD9\-4g)\_\4W:Eۭ\\3:w\P\\a&Ad\\S	QFg\>\nxΖ\<-5\0\񯀭\Ab;\u\%,q*cޢT^\\\\n5\zg\o	]/7O\G\FA\M\\N=\W>\\k>FT\δ\ZqXRP~pTm.cD\\\9[\\rT\nM+	c9\B\]CJ2w\.eO!\\Hs{SXJ\\\ta \Z\4}1\I:uD;NDNj\'5\{\>\=3B3\\{\A^[X\ۥZr0d\\n\KX\5[./\'yc\AU\dg\Q|a⋫`\x\d\;\_R;쯯#flի\ݥtehB]\Ўk߮\]yQ\\XV~\C\rY\OQcp\ݎ\Z\~iN\\"\\	^_D\\޽M\\b\\E\EO\u-Ni\\\f\8MOP\\4X\n\Ӧ\J\\"\\8bHBj\\@)\O=iWlSM<K\Z\;^[0Qu(^\k\p@\^Q1w:\H\ˈ\_O\6ƻ\\Z\\+\xS\{\iֺ\\̆\6S\\nzs]R9\5\=ҬK\`SAԠ;t1$\\ɤ\M <\$\!8\M\5ɧ3$\nh@\) r}*/9*ɹk!z,TRHGrj3ncڋa$[4}I\\{\\nHA#6\\\+\KV@-f \\I]Ok)\07\\8\@nF}\t\rSTD\\]\0Nk\{o\g$ݫ\Z\V fWIt\c\'=C\>$`pE(!\v=n\\"1@\n\al\\">\h2X\nƿ\t@ \|mcٽ=\wLjM\\\r\\\\\{V5\\M;\\~bUY{\:sp\rsW??lN\$EյBff,Ǟ5?\\0\q\}Q\\#-^}YԀ\QUQs\\43<\zr\\0IC3li!X$0?yN\q\&\v3=O\\05]-\+\pz8\{\'úPg4sb\y皇M1ݣ\\\Ձ\\Z?N+\{-sXӘ=\\r\\➹k\\8\\N+\\|\5\_\M*\\n\+\rͭ\.9k7v[CP;`\\D\+99jU\*lU\œ+\pkeF\{ҭ\8\]@\0\4\\\\\g\^CmI#\kUf\Y\3AOoYZ$|G\UF-7e\VgN;~\0N\|;9}CXNӖ$*nGs[(6}+\\\,\"_^*Gc\ 2\e9\Z\\Z\\;l#=3S*}J\\\6\ة\\9\>%\wwkyz21c޽+\\cVr\ra(jzQys\>/%\9\}\rI1Lg\1NĹXJdKt}Ju\D\m=}+ʼE\8-D[\r7u#\\\\\'M+Uϯ\"w\flI\SUuZ{ggc&\kx\D\N\\\nt*w\zy\\Z\y**\m+ָcFq\G	\+Mc1\\=\1ʜVR\\J\\ThG2\m+r\0*w\ކV\\\r5s\0A;t4\0B\EE=\YF2NkNRl1ẃ\\O%3Nq@\\nk)\03*Nw4\\	gޝr\O3o#?\\s\Zzzr\n\dA\\\H,oc\h\1\{\dn(p\Y*|\VfT\p1׏SVA\\(RA<\0^w\Z\'#>\;fy;\*L\+|g~:隚u>\\\bg `\4Zb\\8[*\=\ \.\\k{C\\Ba\\0ҥ\5?/P)\' \\gϦ_)VtQס\\n\\L*x\Y\eC1#J6>\\rx4)\x\\Bg>ǹt}:\^ಂ=|h#<c\\'\Tz\nI=*XqV\08=Yd#=\\\*ە)q\Tw+\~ʤI\r\#\\B	8]\\\1\\\071ϿҐ\;\\<\ϗ2TＷC\^2}\-\\lI<~ѴL͆<ug+Ϯ>PC8n\\LcWs\"7\XJA8#\OӹDA\\2T\\0\'қ,{܊j$o\ry\RV 	lgӊ(pNkNfʼO\\\qE\\6\' \0}\E|}j\Q\R;l\Ce$\nVl\93#r\ǭ#T\\ZXT@\\\Z}\xu\2{v\.3EI<\\\\,1<}*Ǖ(n5ՆXu\ݐ\"l5\\0\A\/\\ \j,3^=E$G\\R,\\\$\\d\\\02l\zg\\7I\'x&8\\'\(91X>2^}\\CQ)\_z\\tFV\&q_&\YsA(\!|<\@\\\\\\\&\$\ԭ\I\?Fс\XW\\K)\zsO6o+]K\0mH\i<蛯薁K}pڗ\]\Y-]\?(s\\-g8<y$\8Kk\đ\R6VPQ\`\je_\\'Fh\[HI\\\Y\\\9f\ej:m\\={\*\\Q:\+*\ӆ5dGmy\Z!iTvFmU琨R޲M̷M\%E=\FJ\Q\\g?v:#\\0?\5\\PnS\:W\\b+{h\2sl|υcҹ	@95y6#\s\K\jǛT+h\\0LM\[аP+\4\z\SȯJQ\\^/n\&بA v9{\n\\\4M	\\QUebk6\3o\05\&Gy[\<M|϶\v\0FMy\V\{\Z|\{M\Z\a\ZU\A\`\\\\tC%\x\M*\\vh\r\75rz]V OS\^)\XO(/#NXWMǉzY\u8\o%\e Iǭt\\"%׈.t	\n\dy\\MsY;b9-F\00\t\-\\8w\\\ڴ\2=**+L4	\=\wnyƓ\rbB\\"\#~\dדR=N2Z2\\c\߼n:u\l\2\\5hi-biW RMI\Υ~qȯg@Z\Ӝ\Z\\L68q\^Aqq\Q\Z\\DozBE!\4\\\rqa \g4\qLg\\\"\'^-\M{\\p+\uˑ\\0\ry7dY/nK0`c5sֆa<\b؞jmp?U,W-}dzn65}DأɁRN:\F8񔌶n?:ʔo4\D\`\\\-\*Co`\څ\BHWS\\Z\\\ \\CIS1Q\[c\rR\s\6\gˍW\'\'\xw\V͸eW5ׇS\\n\Z#Ru8\Ủ\ `\r0-q\S\B*`ҜHϵ4\"z\\"\'RW\\I%\F2\ZdȚG*4aj\B_>]B1u\D\5ը kĚ5,r\D\ǫ\O\r\n=\Znvb\gė\43\1\-o)\\\"kw-\\\\\\u\܏cH|\\M\'b\J\V\'jޥ.\_\o~ɢ\\rM(\1]]k\P\3ֵ3wLT\{\Y\?Z̝9\\r0c\\ъ#\#\\\nOv\Ct\`W\\u O~F>Ϫ\sç;\n\\|31]Q0m\\:o,\\C\>:ԓa^\,`U9\\ơuS\"\P0\3\\{4{\Ϡ4\0^)US{1\"F˟\8LѾ&xZ.ccc_ [\3\'\\tvs+;~8\\ܾ1\[wK8ɮWSޯj<\{\%\d\\\\\Z2@nWEi\D3\\69\Fe\ǈ\\\2\>\Ҽj\\\ԮD\sMu1?3H\=]\\?\\LQ\\DM݀!\ϽW-\E#0\nʶqs^\M(;Ƽb+i	\n\\0\\~Xh\\u\Z\e_\;YX8<\a\0\r.\rz(᳟j\jd60q޼y\\\$Λ\\xlӵIq\nq\j\Rg\%Bxt \!.\0\\"t\]h\\\\+W\muo-Onvɐ9N\V8\t\ǹ\yo<mi\7G{	)4e\р=wHWV\\v5\8FНևB<␞x5M/Q1{\\ǎ\re$h+\rRv\$.s-\L|ĬAVY5Z[\s5\j:h\\\\h3\\\0+>F\̍{B\rۏr\\,\l\v\+\u]gs\ ڕ\~$\&\"弱?1Oٴf\_c\Ĺ\\t-e Ip\ \\Za2\\{\b瑊@;\n\rVHĲz\\MhM<@\)(q\k\\O9I\;i\{ߤhխ&i\w/\Ҵϊ\Tg\־D\r\\\\N	ƣ>\VӮWtpH?ؑM\\IC\k\Ը\,\دTg\[k.B\/\\FѨ]\aMiua\|R\mM.\\\4*х9>\"|`K\0+)\G\^/\tX]\s\ߐ(\>3[\"0\\V\$\j~C\\,n\t\t\c1\}\k\Xu;UV\'#T\'RW%\<Ex\\r\ю>$Ss튉I\1\r\'=j\Y\0\n\VmiKd\\G5\\ Q]\ҭ\]\ZH%H_\\MW\\Z\\\gb\\\\vh\ηt\x\K:_\\'\@ǧLW\Z-\\\<YdK(\\\.E\\ω5%)]~T5U⨏9O\8Bx\+\ 6qo=\\0#8\\\Zf8\\\C{\"\ݝܟ|_#eg4W\5u\D\\T\ɅNBN9<U&PHE˹\\\\\S\\\3W2\\rrj\>C\\o\RH\3\\=\W54\R)c\2WiRnX6ׄB|\Z\BA\\97$\g+ܣ\r\i?\#ǸlxeD\\:\S\\\};RI7a v#?{O|Sk\+\\Z\V;Z\\\\/Fj\$Lj*ڸuWJ8\Ae9\\(\\\{U\\vr\{{\QjnTU|tDMF3 T٪qIS\rF5	4\9\@\[\A\'D\\"BbҤ9\<SCT?/W\\3\?\ֽ)I\鎾\x\&nB~/\Vx*,1>՗w\\у)\\\PD\mOj7&ac\n\:\v\E#5\\P{J½V\+} 0)\JiRq)\=590f\\0\G\=Ni\0 Q0z\s\6\0)/:S+7@r\zՒ0\j\2H!8\\W\\@̹\\\\} S\5Hds\D)\Msmۼu4Ə\\\T^ך\LC^;Z\vڥ\~\\\X\-\\j/4]\w^F	=;WǸ\'͌\\\\dJ1\יU{\\a\&-VmI)I\X\A\7.)obt8e\A f\\cqRy<\\A\\r)ËU;}V蒶H5u\7p:\Z\Q<4\u\rJk\\'=Cl%v\\Y\*\\GU[h`ަ$mn\\Q\\VC\rI8\\3\ѺҜpZo\\d=:R=)Wv\\\ޗOJp>\\A\N\W\ZƗS0;SM@݁SAs$.\Z\"\ájqMǶ}ECC:${Z\\m\jݧY\=#=+^IQ\Z(qY\B1ka|\g\'\\Ξ\\λg5/\\PA\\ff\FxҒx\U\Wv(\<㨨ʐy\\{{Ӱ,\r:g1qiǶi\\xsf\S҈[{TR\0F9Z\L!\Lu(FN{t\b=G2a\SZ\\\^l	zD\B7H\֗\.:H\\'sVN/#\\<[%\0cj\>\Y<\#5\5\/4\	A@7&\\T\\\\ƺΡ@\\N]\|ǹ\221U\q+Eq>*CL^;\f8\'\0\E\\iw\n\<\\n˸\\\)\\ŀ<\\~l\婢yD\\3[U\\ .6\T7B9\j\UAB}zu$e^0	\\me\^\0l9h\\0r1\&6\y `5wu\F \\nĐ\8#\ib\0+O҄|L\H~9>\c\),cߧ=sUm;2}zҶOҨ\nΣzd\ң\\n\NI$\\:mO\">@\'\\\Қ%qrQ\N}\{*h~u\0rOONCִ\zu*8=	\V\8$\\=80eg\c {\Zζ\㟐>.\ˠ0\?Ld\:`~#\\<\R<<g\jnQ1\\\\\\\\\xT`AnO_^ǐ\\\\Q\"\\E\\lш@\LE܅\0=c5\,}O4\M@/\9\羥\\>t\'ҭCQx	d8=\^\;\\@[\'\-^e\n\Oz\\!*B\rTL\Vрrs+)\\\fer;t\Tg\\L\=( yHg4,\\\0\ˌ	\\0$c+)ʖH\})\YF+0N}\!/Ҵ\\Ҩ<r\1\\J\E{\Wp# c=8\+P[\\`\\\ERgdGL1\\֞ޓ~xF\Ji>XS7gV\\8\q@\\2n;\nl\4\h\\\'b8#ւ]9\2*\#\;\qx\ !K\\q\M\HBWn\0鑜T,\0\lpENbcx\GrA\C\'<\K\Nr	\2\R0\x\7\\u	\\'\Ta\G\M\n\q\)\#\\U\RR\' $I\\V\ g\'\z$\֥\2\\\TɣJ\Ry\ev\To\\fU3C\)<\1\X\	+\s:ԥvH#+^#slt\y/\rHg\\ҹ=\k\Fۈ\!Ԥ?y׊a4ᛎ;Ry7,\I\)\gS9M;S=\\\0\VYGn\\RSc\I\S\\i&\S8\]yNnKK\,p\u=\aҬd\ﻞ\0L\0\ojX˙	I&a\Ɠ\\\RF8=1Cz\]<K\W8\^i\Dv\*FW@2exƭ+ԑ\\_N3\8 /\={U\g؀uԦO@y\mr@ʧ=kӧ/uhvkdpjnB1ک} \j%\`n\U\a\4<y8#9\`I\=*6>͚7t\˼ts]\T\ٝI\\ԯ8X+MJ\\tdY\Z֠fQ\nuq\+\n7A\K\5\\\\\ю-\R\~g\yrm\Hw2\"\Z䯮#<w+\~Zh:*\2FYs\N1\\W9\wT&H%0	G,k%\\Y9\\$׬j^x3Hy\\nt(A9.@\]\>\gȣ$玧FI<\uiP.\ǁ\Z\g_ޕ\Һ\sfE\kNԳg#mSH\~54{~\ڔr\\0$ٍ\\\Qȿ(l\\.Bb\WY|\v5\i\XZ\\4D\\\ry=\u\\u6JR;P\\\\<1Xy\$#^l\\n\0}\\8$aK.\n\\\cEU\F*9	?j\}CNi1f\\ \#KSǵkE\v(U#lG!+>*6z\Ox/=cX#6j3c\>FO#>y\fuP;¾n`\t9T|\-\\3\\\\W&\櫐\\c\]\\\ n7\o~	F\SgB5q҆u\\4$8#5OH]#\\8k6ĕs\Z\Z\]bU\^+w;!:\g U\\\ǧ5\~*}L\0\ޞ^++A\I|\.\\Uw<\g4\,:\\(Ke]F\\A+\IS]~)֔7Z\RLI{Z\\\\Duƾ#_}\'\S<S\\닏v:d\n\c\*\ug\_0%&߷Ճ\.ݔu}[m9\M?\؈\	)	\ޝl\\\\0u9\\5珵v#LrA\#=\z$\+:R\#H﹟hM\\"UR\\P1k\Z}gW\0]{;^\\v5KSHRm͸\'>v0RypETl\Q\w\_5y\'\;o\mϟV<⽒s9\_6h@V\}+\0tE\\)j`z\<Ura\m\ݍk\ټo\4\\D_#2.~vG5\w?&\R@ VV=\=O9>ZHr\\wΞ_{\\0F\n\,1\)Nk,Ţڱ+\&~\\qޢ\u\5*((\V陴Zlz9XY6H\\e\0*%c\zbVC9^#l^\h{\Z]U]\=\\I\ P+Tbѣl\r\\1\\	U*\\1||\J(O5ϵ\o\\ՈȎ7 w\'}*Em\ߏ֘JG\n\15Xݗq\D^Tr{\X\\\0NO,\~m\SJ\aߞ1_N\-k0Dk\\\\\:|\\*+\xLPLj>(\D|:{׉x\QٟjB1\V#\\r˖ǚfp\04s&uHsL\'*̛{I8 \>$\$\c_F\Z\-]4HJo\\\]\|Miž\}4 I\:t5ʰ>a>Ɖ1J9R	{F=Jp\\ic.\2}s.\y.\A\Ӄ^/o..r\\s\\\\\\\r\"g\\\\4\Tj\XWR\Iv\\x\\W/k\n\0\\0q\גZ\Z\Be7ex55֭y/ڥ\Ԩ\\\S\ƮU\u\.G\5	dr+yXҼ=	[\7nӂ\qɮRi\\cI\r\S^7^	\\\ֹ[\Ć>Ñ\<Րş;\c\?\Z\J\\:\\'>2\\'\rY\2\Z@gzϔ\\ \f\4\(\!Hf=\0٥a܌9iTTP\\'\ruv\\\K=2Eqe\ib\r\,<\cI\1X\\\v*J\<].4/\'__$Ҳ%I\'1X3\\,$\\\v\rIDW֬C\\<E\0!\G\Ny6R$[)t {}ro&u\nҶ\IH\\4\fv\S\'\0TC?J*\@t,H\\0ݞcl:QWo\\yCp;M6\uH\r\?\9\Ƶ\"\\0ʰ\9/֝u:<\Z\oP\UcpCu\֪k\Oi\	?/\=\$X\rj֗(\\Ah\d\a3N\\c4\#?WR`|#<\\5\\\z\fhfq\}=,v\%\4_&M;!I\&\L\\\\SѸG\׷\vkЌbA\"R]՘EƬe\Ex{\e\\mLmѧ\'ԭ{M\Ƴ\\\\<ތ\kᨮ$\\n\/eu$-\J\h\\>\`\=ićC׵|R&\\Њ3⯆\\\-+$CIun3=}*\unA5k+kq\r\l8*\ըejM\\0Ã\\\8*\Qq\\\'\'+&Y\S\l5-䯅,Gӊ{\\Zh\\"x،05ql\\Ӓ\sas\Z\M`jT?,f\ |TZ	W#*\a\B35<1\ΠWx\O㴶^yN܎Bg\r\褛0UCKqF\\\\2G!\#񮍛)\=\K&Xf\\ץ\\˾#)\Tc\\\\׈`ʐ\\9oƻh\(1*>(2_0\}\\ \\~4j&xa\\˱\\\UqplׅXa~\\1\\oZW\\/|%إ8z\	P\\$QnQ\A\\ƺek\\FG`\O\\'lwC\)r˰s.\\\'QUN׉_|[{%v5\\?ە>N!\n\0\V\"\\\,Ȝde\\GǾ}6;9u\RyI\'X\J\Ě\SD93\u?r3\ז\+Ե̒5\n<\\QH)\"q֚8\QA,\~t\$\k-`nbq^3\\n\m~\kx\0{1\\+ƨ\6ϧ\R<\7&\"\8/\ݞs\5\xa-\ t<\\zxxښ<\\d\V^V.p\#T{\ \Z0\җ\0\\c\g\'\O41ڐX9ɤ\N\_Zi\?\ǹ\ϧzrq\\qJF9\\&\KG&؊c\r\0z)8>A\l7jx\\4H\B:ӈ\\M\FrsR0\Jz.y\5y\\R<s\v\7?^\4ӓ\qKG~+\\8>ب\\ԊO~\<M\'zVS\\)\b:})\f\;\\\zwb3ӜT,\5_+q\!|\qJbv\ri {gX\E&2(@#h\A\Zhg\t\h9 \N⟕\',;S\0\QJ\06ONzV,})u\G!9$\Z\0	$\'#5:ϴ\\\\0n+:\h\Yp\n\\NjHl}s\X\\\ɞ֬.\l4!2rq\\\\y?ļ\Cq\)1ԑ\\8 q\ӭ$[<ͥ\\ZW`\	H<\A\\0f\kMvaOs6\\"\S\@\\]J8Ul\\V%#wE\O^qP\\\l\8p)ԇ+\;Vf>\II\}bG%NӶx9$z\\s\0~_§}\\rq\=)x,\\Ob\\\0;d@͝\$*o\N\"\@n\RQy_\!:ղ8\R9\#ڰ0@n\]VpI\q\\n芎\[,+\u=j燑9\ZmӰ\{\\Gj\\:\ZVΡ \'\pZ\\\\?^\\\1\\\u[:3.&蚒\$\ʣ`.;W#Ŝ]\yxnFA\\=1\Ҵnĥ_v\s\Se\'\ή\Vd%x\3\\\r\'\@r@\Z%@\C\\0z㚽y=sV-m-F\r˕;\ךV\\8\\\\mF-7\I\\!\\]\\\t\:D81\N@9S\tG]:Z]b\\\\r;x0\k\\02\\\r\)I7;rI\T\(X\xCՈ<b\{p6M\\#5,rlm#\\Z\贊0v\g\0\:A\\ &Lc]~]څ@b8ϭP\)3\\'F\"\e\\\5\\h%\lXMp\\i\h\OP@\{d\X`B৭Ub8H,\ZL\\OWS\\N\HcGM\U4:qڅщ`\<qZ6,<л07R\"\\3\T \"\+Ȯ\6lB\\0`@\"-\s\89\Hry\\\Uy3\0r9\\\Z\\	e\NHϹ\Bs\Mb:\n.\\NԨX\\0b\)`\`\\ښ\O\s[2i\9Q\)\Io\\sWNڢ;߭j\\y1\cA\#Z.+3\kHS&@Ts\i\^E!\j\~s=N\*Jb\m\ҵ\\\5=Ig9YSW=\\qyvQ㟭tұ\R\5T<\0MYg\0\kśl\"\\r,SOr\\[ګe\0P\$\BI\\\\'}\\^\\XtN嬙m\!z{U\/\!d؊\WQ噱\#p\z\G\ܵ7\V\&s0\Z	\.Y\:{\?\\\I\`=kIme19Lt\\2/\\r\ڻ]&FxTҼ+\\\\A\|@FH\ۊE)ŞA\=j\\\s+\чZ\h|\Z\\J*\4j&Qm\O4\ҹ=Z\Q4CsY\.SQDR\kJ68-oC\Wny\\k\\t\R\奼q\ZwAqj\\\n\\Z\N	\[\zv\\Wכj>\'\udH\Y7ȝ\>\Kj\dG=kuF(\\Ƚ>q>\\Z\<\IU\\ϥFBJV6\'带FA\\1\HI.;\n}\<S\qE\\'iXdбy8\sVF|pL.=8\j\\KR&\1j\R;8PJyǌ\$6p@\\-\8m̿1\Ӳ6\l&\=\McN7VmFh##\^\G\\t\s\)A@\\=zR|\%ϩٜ\ykgZH\>\\3\\9\HS\qӊ\\\'f\{杅\su\\N+?\\0Gs;dv\\>\<\8\蚴	Mzz\?3\\k.ӻ8c\\A:ZԣTh\\\'=\\]Rnsb\p+\u5|Iry$}\rcE\0J5lTE=\"^]kұ\\\U\OJrr=\\\R3\H\\\n;Ӱ\\\n\0F*C\\  \ޗ)I\rzU*|AE$1*^\\.V+0\ZnqQR\C9\;ӄr6\Ԛ9YJVH9\V\,S5_sO9\&a\ڡiY=:\Yr9\x]<\j\dpyz-kżoTy\k\%f\[\#\\߻2u	3 \n\mNR9	8\^\gs\\"J\E\F\w\ޔ+vm-#;BВK\\ZQ܌q޳\7<T\\"2<Xg\v\Rj䓌\ZN\\\>\4^\@ģh~\c\k$:Ա\\98\'dfѤYX#4e\0\=sP+3\\"Pw\\j\H\ľh\\;y_G^ \\'tD\OKin\1{*nsR\M_0HoHd\Uq\\\0Bɸ?$dsҧ\\\\\8#\0\'2Ii6\=ᾗ\%\$;{~\\`\q\k֙g)V\'Mum_-\NWѽ\!K_RĬO\\x\3\\\09\>\W\\$|¼S\f}N镹\+*\[\39Ewfv\FOmmlelٝvH\\\\H\f1\i\vX֦\\<]8\G&k\yQ\kj\QB$K	\n~5\ӻC$\nCTmHKCA\ZfƸ\%9\\S(3M\-(C+uQY\X\ *٭\!sW\'iRE\\.-e\9\jʤ\BruFc#B\\%\N\V.=\U\p(\bUIbï5ґ\\֪3qYv*,\1?3I\\\\'8\sP$e d\\8T\Mr^i8\c^\Ǟ\V{&\\k&\"!X1\I\'=	^yF@\0ϯf\D\	ozS\\\J\\\k&ZEW`{!=j<\l\0i\Nph$S+\56(e_\\9\0iA\!1Gj\0&\\r<rjLSGJr\ Ӱ)(\sw\m\4\0@?\ZS\ja\#w\4sKI\jA\&1@\n\ +Lo\~<Uǒ=\?CwX\\&7=\\?7_2\l0\̋\\^D\\\ \r|\*Bٟ6\G\pjffꠂÜU\Fa5tF8\Z\\̅	P\r{\g\Mr2Xn.>L\{T݉a\\w\NOQPO<2\\\6k\o\H%\r\ӏj\,S\\0_\\x\ך\\\W`\\ϣ=\n\\0M!ppY~\z]0+daDKt\ўFkMX\\\\*\\\\6ٲh\0[O\ȋߨR\0\RT\~JojD\r\]HĚi}\Yb]?m\\]=}Ꝿ.\#\i\ZK6G:\\{\҃~F\\ڵI2N\04$\J}/\\\Z#83	FZ\0\uecWQn~K;\sH\[\1$[\\\\\\Ը\Z*v=-\*\\\]Drc=+4\m!;Gg޽\\\\=Ey~ͣ\\Wzlp\5\e\y|d\\hBv23^M4k5H7+,yٌy~\Ju\)\.@<j\:)\\\Wi\=Snccs\皡\"\^t\J\\\7\\\\vݸ\nȤtf\+\7QUz\є\F8\\ڮ\Z\0\C\+1\0Fd\\VL)\iX\Jf\*FÎ}\=\\\\\C@\qZ\\ϨjN6FAcr `\ў\\2\\N=k\Z9!\ά-?kUvZ$*1ۊ\դeFǥt\a5\너\\\^R\G\|1<C[\{#H\b\Z}$ܳ0\0\L^\5h/C\\\o\NhHA\4\1c8\cM\\\@\\rI1\?\r(\>\0dЧo\hz;a\Fp\n`n@\@?J2vӏ&ud\❚N\\"9\MG㌚8#^h}\ N{ƌq\j7PsN\\j`$T\(*\\\4$S \sqǨ\@\\Xg\ZRI\"\9\w9\n@\\'9\H0sL<\Z{qNiF>PzP\=\?i`8d\ZMܨ>\r\Gpy\\u<{P\<\Jo\'i3у\\hy\\\0?-9S\sR\B\\0u\5f<l\ޫt\O\\_jvVAQ\\\8\*c\'Nd\\dg?\nd\\36X>x\$\\+w#H~\\\;\OsV3d2\\;X\,}\aplu\]ʫqS	@\~\&wvL8\q\jhc5\\\pwW;\\Ic+Ԝ\\H_\\}\\.\\ñ\9[\ \p@\QBA\\0*P@9\P<sۭc텱䚳G8s#?{1\jh	\\DH#WKHє\\.\s\wpx\00\I)~~\"Tw;kb\nr? YWJ33\\}г*\'\\Jא\prI>ӊ\ASc\\濙\V8j\\x\'\0V`Y.ee\\?EyǔA\r\\Vާ$pz%\Q	RGNEsW\Z\	U\V$\iw#HFY\\+Dj\\r1]1l\qL\e\/\ch7\T<Oz\Zʺ1\;g֪O\Ȼ1\9\"\bT\\ҋrA W~ޥg-\\a!qEt\^\Zm0͂2xN\֕+\5F\0\\'?@51Xv$*r3\\m\w(\r<i?y\Y\=\\e,\p{\\d+jORZ(I4ON[\ږ28\r\\x\0)\6\\w\])\"\rۭ2f#p\\+ӭ,\Z2\t\#Q\-\\U\,`o,dܚΝl\?6y\\ih\0D\TZ\i\"$U\ԏƓ\<$\p]99rr0ssFm\XǥcMa5\\5*zv\M\cbqs\S\\G͚\ǇV?i`0y\j֗}-\\\8pOoj\4myWfPds\ZpxRߢ\\0\{WhI\x\g)h3v\mJ\ɮ.\\7#s?S^\\M\Z$\Xqj\5\R\<\{x\\4ط9\T!>v=>ZҷpX\X3k # (OpI\uX\0\>~N\5?E\d\\Z(v\\\7u\\sWS\\\1*\ww\zQ\ MyV!1ɪsxv\:O̫\V\\\9\}1o\s>V\\0担B.\>Fl!\Z\\\ܞN0k\\\~\-ۦ=2+\n\Vkir٨ \玃9\;mꤣ\oz\Kg!ϧS[|\C+Oͻ7\g\ZM\>g\DB\\r\\\-o\;צYjRX\N\rCj<S\:\\\w>Mt@\\49o%2#py\<1ᛋ(\^Msתׇ\\\\-WpWZV;NM\1J\|`n\-\1tixP	\\T!I\[\\\\ǘw[\[84\Fu>xe\۞L\UK(\\\O9\+S^_&G򔒽\\\r%\\T2s\ZG%i3;K\"$\0\UZ\\p^\Rd1\m\Av e9N N\_\au\q\S4\6+\ژ@\銹\:mԫ[=\WivZbơ!\0j\yuЧ\\+X\\(\+W\L\V\X\\\U;䶅3\\&z\X\L@_U5ԗm\\k\ :\LxOR{\?\1\3\\\\(+\*YM\lB\Uϝ)c+8<\{\7\\D\\s\溎c\0\]] 1=\\\^i6Ʌ5\Z9\=Ӿ\ll\\N\\C\M5\Ots\\ȭ\o$G=\g\\\Ilw\H\}h٩cۯ728\毯t\wݒk[ n\=qZk\\ۜzw\K..Է\r&݌\\\Eh\|W$\\6\\y>\Z\5\g((\n46fvSֲ\A\00\\UVB\vz5t_\W،6\\h&g@p@5\\*\Օ\\.\#\F*\ґc%TzcSb9\P\e\\HF$V\i3<\)\d(\acH-=)lg\'\Օas\V\e?\0H\权\]Ly\Abi\aُ>fkcps\Zc愄\FsW{\M>\;\\~5\[ +xǨhѝ\1(`V8\\\\EN~$|\bws\\0I\=\I$*\F+\|\JOUhm]\1\\u1\PU3ZIu-\#\WQ}M˖\'+	qGqVt\Li䣎+\Z[RJ_\Yhk1\s\bp+\ZSF?\\5\"G0zsX\\	\!I\\\&\{\"#|\,Z\"\,܂\`VM\Fm6\,3\uf@A\\Y\~\\y\\'M+\iid\zt\"\\>YC\Ϩ\B720\ޠmzԌ,,Ӹ0y_\"\\6ޠ#Vds\\.a,J㊆|\\"E\0v><H\;쑆\~;O\ښ9\FzsW95\\@Ov#\Sl)${\&i\f\\\\95R\\-m\@<\|^I\\z4\:Qda\,\N\1^\U\Nzo\,FZJ\/$%soOc^[R)\\\56\5ј\\UO\0v,\'@<r\r<j`kx̆Sq\Y\辙\O~ELҵS#щonƚlHf\CZ\h[\\It2W8\P}kR#\\\t\70F=\\\\(b85|\\$\\\|	do\'~\\&yrG\r\9\A׾gF66vД*\n1\\\S\G\\s5N\\B\\Z,b\5W `B\\\H}QCA\^I5K\\I37n׿H\%f\׌=~qkL3\0\\0u\erY.<,\v\\#\&zZ[y$h*\\\ںFG@\O\\AA_lh\_H˴\hKT\=0BHVmN\pJB b\0l1<X\[YA\\\s\o\yc\bs\O#5$M\\'\Q\2)\\x\r+7Imdۜz\k7`\%A3\`g5I\\\Szd\)\\re#D\3Lޢ&v{\$8nY\jN|	\L\(f0iQ:\L@5fD+\9\@DY\8\\P	\N\Gj{\0>΢s\L\.:\@\\4:P!͖.03L\'=\á\\n_ƙ\\rBb4c\9\"!\\ߚC\\Ҁ)F6\r	a>x|Los@jZgNr)A\ \\	6E\Z\\]w.tU<\w^\\\,s\0gߗ\i;($\ջhUQj}m\\<kMX`Oӊ\0AAf\و\\++\0Ї\ˉ=%u8ÏZk&@r1U45\\r\\г\k$\\\'\M\`gcpk9\p*_<:FoÈ\ZV`w\Ix\\#oy#+\\\c\ޤ\O\Z\i\O\4N\((٦3\08\T\am@rx\\\ܗZ\Z}j\wу3\\\Q#5Y\\A;EEw<s?\\G\\Z\hMw\n9&#Bw1\5uC\N:v\\:\Sq\A\8槛R~yI5ZI rjZ)4:\eH{Ģ\5c\M\"\F\\"F;\[\Z2qU\=\)SM#\b@\Fr;x8\Ͻ{1Lb\'S\0]\0{V7vўd3}\ 8ȢO%to\~q5I׆Dq\3Y擓PIz[&q\\:U2͓M\\Z^T\?\0\ә\\\9\LӰ\\jpcNv\2h\0R\)0/iy\\F\8\qھҢT9{\nz\\\\\FJ88\J%@sLW\zn5%QqZ\ecwIS\\ː~\\I{\7\\\\da8\'x\u\n\Iʎr%\4ri3q\)1M%8N\Fx\0qޚ)\\Igsց@\OҎ\c)b[NM7J2q\M\n¯NrMW\@9\ <҂@\"uƆc-\z~2h\'(\H\/M\\q:\ZSMɠb\:g\`rM^p=1\\0\<⎠u\isC`*\qJĂB3\\8G\\\<uiy^ $\0B>pqh9\{\OZ\0pP03\O(\Jx\"h;I#\\0\z\ɧ`g\\*zR灎=\2\\nH@:\nIZ2}Fs\\,rI<V)瑒}@$a\jP\\_\0]R%\\\"}sҤXǿ|FOi!\n?O\Kn裂Ax\\\vt\w4&O\FI#\n=q҆?\\n3\jxW2z\i\l9\2N\Z(沄 \\\r+Ӡ\}N\\H[\OJd穠m͌Ͻ9dFs\\\FV;$ \\\2I\\\u9\p+8Vm\g=\\rz\8\qC+$܌2ShnjQcA=\9pAQpF\c\J֥_u\\s\جۗ=\#+-7sk$Fb\gzX}ǽeSb\\\$cvvΠEk\۹\\\\\n\\'+UOm\NSN{\|I\kh️\\l%ݿ\'ҹEet\w-B\㨽\\g\53,(ֺ\G℩V${զ\\	r2:W\\]ud\Z\]\y-ЏoZ<%lbܰ5e=+=p1S^M?\I\q6,zb\&N\{G\\ub9RH\ҹ*;\4ײ&%|w\W\0v7f/)\WOs[0\+d\7lNw1SA\4cy],Wmtcgj(G#~x`\\\V=8!ߚ\\t(&%\\:\\n\г\KgV>A{\Jb\G\:eͼ`\	\\^I\\\[\8;!y\s7\\r+E\"yJ\+\0\0\\ڬKC,`ov|8\ki\mĉ[i\?\\*\\Q8x̬^@\\Z72æB[z|#\\[\0=i\MA\'׊W[GkFZL\0kZ\ML\зj\M+\\*[=3\L~a\%\\K,Zj\Y2e;-\\2qu\\j:0BZr\V+KҢ\\\y58\r\R\'nN8\ ѧBw\ϻU˨\\\Z\0XH\nM{\NY2m\\I$wͥC\U$ҬmmDb}\K\\-]K\$\nO\0U\\\0\tyȊ4R}q֯KWR\x\j6^T\\\\\\A,zQq\\u5\Zzy{+5gBsOm&ry\)ˡ\n&[<\y9Y \/8 W:&zA\8\A\0֯A\\f\$\W\Rt\|Y=UZD|03\{B\1PO\\(\'Ǹ\0l\	={+_M\<g`sOM\pJ9+\TEm|`+f-\vE<>96\.\D[\z8\\.@ZԓSX\;0My\ey(Ļu\Ƅ\n\#t[`)\˖\'\'+UG c\gl\Җ\\\2]\\C>5\\Z2\\J[$wPX\\\xm\\s1Y7˦Q]\9zgbuj\UU(KVy;i\㌷\02\Sϣ\\A\\\V\\\}p8\m\ZJa\\[J\\ZMм0 q)	\KӼ\81dխ2x\]pE_h\\\\rI9H)F0[B\\\_񹳐@!\rrGWmݟ)NH\b~\4v\\I\2\\0v\ni\\|EW,\&?\'ZkPn7	:&\x{Y$lEF\9\]%5)L\FkY\Z\"_L\(]F*KY\vf\\])퍿-\Z\53ϰ]\<\9\\Wډ\\fa\\\t듃Cx\6PN\W\\o\n$\Z.<Z\\P}̧jm\^+\R\3\9\_PDa\\fϙ #=+J$рUXdji+\n\\_*9 \Ύ\\8uTѮ]sWlk\g#2v$/5\[\K0\ƙîpcXYz~fmEE7C]\ؘ\\7`U9TǠ\!ޕ,\\ngaMb6o-צzfձi]\8\T5uH4Ţ4\c\5aY`ǯ\,7\9\Yʄ\\ǌ\fd\r\Yc\oo\\\pmQwɭ-iR#=\\녦ЇÖl%R\\'$V\\85\\\:\f(\*q\Q{Q\$x!\\++NBg=kЌS\"ȼ\y0pw\0+Լ!133+!لsnm<\;tP~ \aםc\)\\\\<W/\hⳏ\\nC`WH8n*꼌+ZR\f~\\r9Mr\P\\\ca}p\3e{m5\s\k}*\p\r\	\^d\\\I\A\\\MZ\Z4V(\\ɹt\O7\\+\0U#r<3qJc֭\~\\qb\l\wZ\&{\㑓׊|;\'=$qh\0,O\h\7̡Tr?:\?\\\ֳ6!e\bdiz\JTD\n\ag`ܧx\{\\eqN3\M0![\\)c\ͼK9*\"a\R\LW+^\\%m\S\^gڵ\\0\\\^\0iCH@?R\P]OW-\7Q\.\"{\{\nWGʾo\yGR\\0kXV}\"\StdϷV\:\G\rnoV\\5QN\ԂZj\9_\ɧݼoҠzEvd^tsɯ\Va?-O\\5\BL \0\ZC*0ƅl=Mu\\J)	\@Yy\R\yn랙Ҡc=~\\ZH\\BMRXt\SZ=\\Y\U\V\\T\pFz5\\$c`ꢫ½9b*e+	*xZ|\i3s@\\ƥm@A*\}kܮ\\\!8 `W;P3\H\c~5\]H\j2\ZY7z\nr\\\^J{\1V;\c\_̑@\\{U\5\\\ڸ\L\!\GNMy\'|\\\\\zq确3\\\K\øl\*\G%\Z\3\\\\A4yP	\\r\8ǥe\'wˊ\t\$NO@1Xalu\	\G\J-2,+\g\䎾1^HR8g\r\<\*;\b,A=ҟ12,Xexc\⠕\C8\RV=\$\`f(yG\3\ޝ:\	E4aEO\\\0\i\0]dv\)\"7\9lqמzՆ\5Y\\c&i,֫2i\\H\f\PT\\nԍ<Vc+˹jyVr)0*i\\{\\e$fi3\\n	\+;Rq\	g]\0\4>\\n.ML5	:\0\\R$\\qGCR{S\rhcNzqMݓO\4\\\0<;M(Ú\\cEaǽI\0L\4\\ҁ	J/r=\F)\ԄdS&\Rh1]\J<F\9_\\\z^\En1uK-W\\tS\+\\.\'\'pLs\vs\'\\\VԬ\ O|\Z!\^G\U,\\\[I\\k\|Wx\&0QS\^E\~\࿂>{1V\7\&GHp)\`HN+ǝr=\0J;\rFE;A\icg\4\b>\n!\o\4g6\ON\9ʇ\E<\sӰ:\UW`Ru\ڏnq\\'=bFܰ\ZФ{\\υ`9pY\\\,1=\0_zW\_]p8\_;k\\\Ϫ\mP~\N\0)5\ک\{&A{֤r\Wj\\R9s5\G\\\GR)\ۚq\4\\+\<&y߮)s\\M\4\\"\&?*C\\'4jQ\y\!=(\'y\h\0\\0SrF1\9\9#?\0\4z\\n\nNq^\\\E-Jؖ1\px\"K%k𥱼x\89\\\AJ\%IS\C\hF9ιX.Wޥ\dah5GYT\\\}rk\K\=\Kܹ\(DP#\0\\ru\x\n/\\(#+nq\q^\!C櫻Փnx4\\M\\Z#ǎ\Z\0Pi8\ځ\4E\0\'n(\BqKyⓌP\iパ\0zi\\@;NF8\\\\)F\\9\CЊh\v=\\I8c>\0nsK(\EFN\\bv\ߧ\0R`/\4y\0zP\\1Ƥ\0\;Q֕x9\\0\0	!p(h\I\0@q\\NXz\`\\p,xvOud\ғ=Ac4i\'S\\^=4\0\3i@<杓1\\'.qӰ=#\N\=i	Ry8\Cz\s\n\0?LrH\\\0\n\"\Gn\e`cE7b/CqR\#=J\\鹳sR2\C\._\n1jXy\9I\psVQ95\ZF@SEL<O?4Ȑ\;\rY~_˚E`0	\<\Zf^jh4O3\0>\0\\¨jqǱbH\`㯭M~`\޵%%Ib\W-N6)C\\Vr\loaE;9mđB\\\֓zs㎹\J%W\0tY\/8YH\'<v4\xN}{AeӞ4Pۛs+\0#\w1Wb0Cq\%\"\qڽðF\\N	\yͼ\@U9\cһ?\mf<;<XdnN2<\\²\<\\\z\#pFw\\4^\A[<pq^BvQ^QG4Ԛ=NZ\\\Omlg*s\\Cqw\"ƊYtO\t\rZB9onf\A\\\j3(I8\4j&\"g\\n\rqX\\\~ÃV44aN3c3|\ҧ!8\:\,ާ}/B\V4=T\Z\(k3S[d\@7zW\-7RT\"\#Eb;\\08ִؙ\AD2\\N\o\\\y_Z,^p`\,#Q[\"X\2=)Z%A\s\D6\2W>ycJe\"\5hd\֪d/,*nP\9\Zƺi\<\۹#QW\ \<\ɶ}p她,2pj\\,\$H,\oU\\&\\Yة:\^\Ua\n\,ٞU^kD\#C&H\eI\'\&;\rk\\3[95\\0sT\rݑ#\oZ@ɧrg)$\3\L{XA\_O3q\6Rlv0o;I\UHvo3v1֤т\0\ҸX\v\Zm&WGz\eF{@Ic\(M4\\4L\R\\Z\/LVF0H\Zwcw0\\&S\\ݒ+\!$-\\XԖM\g\\XI<ʾk{\nЇO:\ܟz\_\qI\8Jaz\k&[(\yܵa\\I\0\UțP\\0P:溄\\\4X1ZVS\g!3{\\'}P\,Oyr$ڤf\\ɢ\yZfaRҥGVPr3R}\Iɓ\\;-\Z\**c-\]NժW\aj\\欏?\%l\eQ:Z엒\1\\II=뾚v<\q{\\',х\gҰ\\0)K#~<5hH,\\Zh6\0F+S\"^$p\rsT\"\aicMBg\Z\p\Ӡv-*\!\0LSD\\\2mqמE]}>\6D\\n[HW[\]\B\\%ݸlo\\2\"#$}\\r_\Dzn?~r\\l\`f!\^iȤB\\\rx\u;\2UOp99V)\omb09&\TU\Z\\l\\\\F鸂h\\;WQ]@\I\Xx\\\\0qTOWWWU$\\05YceaYY.\x4Z\'\\9\W1h@X\"\\U$}bԮ``T_4\t\h\Yn\#\"\\\]χn\|\PYᑂ#\<\Zk\rs\4	a\60\[2i\|\\"\r\\]\n\rAcjCFi\\0ҕ\w~I\}+*-͎+\D\1,3\\\\"c]5\\\\`3\"E۩\\'|k\0̃5\cҹ^0@\׍\$6t\~SI8-iܮ;Ol\+H+֭\\\9\eR|\\Pw<j\\E\\0\ϱ\'0\h\8j\\V\nZ\{.cE\za\\\1\{\f*\\q\Zp۵\0f]X1SB8X\:\\`\cϽyIv\TN=M4&3WI5;@Z˚b\%O95CgTy\\`_vrO*aa\8\\:\@d\A;1\\c\+gU\0@2د#$}^hGͶk`~~3\ѝz\nοڶ\$\\sel7\m\\/*c\皹!\\\q\{\M%%p\\ǟ\ִ{I5~&\"vx\\\2v\^\xNӟƽ\\\5$oQҼ]ӛN1\eR:sڽ\\vR\2ۍUV1&\0\4H\֬\Q\\f\n\GюI\8*=\#{@7`w~I\F2{\\\i:\\܃].cj\_i\\]\e\<\R6$s\sjEr-\\8 Zc.@Q$,\\0j[mmN\ɫz/tx4{U/.I\;\n˿5\rL\\R9\kOz\w9!py\Y\sCq\\b9VMݳ5\\+$}n\\\K,  c\$\y(+4fP\0ɵM8<\w\:rN\=x׃\:.#N:?\ryF+\j^o\\\VI<ceP05\muӐrq^+\x\JVɕl⹕eh69C\n|ַ@K\0)\[|\Z\>&\w첿r\y\\\\\Zu]GN/-,f\\0\\\+֌\ZiSȱp\\f;0lX\\꧿x=\rܞ\0t\s\Kr6\\1E\a}	V[\қr\YI?^\/j\\H\1Y2\*y\Cr*8\#I91n	\J\T9b0h{R\\sQdҢ\a\ߧj\\'y$0\\AlCe+֑I\3RJ2\ncDXV;hf\G\){\\dn&.\f>Zvk9\\5\=*Óg\Fh\\܍\\Zq\E\7>\Ru89{N\ԛi@\S!\0Qc>2\%\;nA\Z\"\"n*\j:PnIv20ΐ\\2T\j)\!;p\r\i\\ \D	\82(\\\`\nNEB41\\\0dOz\܆\\һ\^\\6pcU\\\&ix	\W5䚶6\)\bNCdbzU\S)W\#MS\\}Gח\Z\;\sGx4\^+񝶻dAC=\\s杞\09\{ƜmVUe\-\\\0JhlM9\\~jS70AM#\x\#M/8hS\\'J=Hi3\S\x\LM\'==:Q\\qL<{\`a\#\\$\E\{u\m.Zr~Fc\R1\\\VH[wQS\\@lqSC\'bjz\)\\\\zׄ\g}\\0\\\<W_m7s܊\\#\\^l\\y\\O\3ǵzG\c\\'=iWy8\L#ր9\ր\ix\N`\'\4df?\0PNQL\֞028\K\Zs\8\ַ\Y/m\\\0\\\\0v\\\Ft\-xGF\^zV5\\\C=n\?pC\]3El]!\\0\n|Caxּĺ\\#?\"*mhzXDU&՜\c\{v09\NsH\4\+\G\Ʒ^\\$\H\ \\R\RubhrQӹ<S}h\<0\\\h\g&N0G~h)!Wߎ)\\\g(\F	\\&A8\\0Shg\<\nq\E4\ހ3ҘF{@zҕ\=O0\0\#<\A\Q\~z0Tc\\\0ӀQ\I\\\\p\\@q\i g#$R\\PP@\8\<\K8\IqNSsI\3\&}(0jL.	펵Y6s\v\\\&ccڤW19P<\x1S\r3Na\\\B(d\Z{1S\^3\\=\_zM̭\4v\\TZCc#$K@Ǧ\#zXq+uqU\\'$\\H\ \\Z	#V%O\n\\01R@Ǩ\'朋ԗ\Ls㊡XU+$\^G*\ \\PEFA(\0H\\$sn\Sč7pr\F9g\\\\n\N\c$\Vžc+\/#\Dś$(F OSP\!e\r>\^\\\'1B\\>\Z\r\N\O\[z\-\"\s\P\qCy|\-{\Mu\$bXwʞr3PP\i\0\\0sZh?6&\n{i1Џ09\~})\\X\>BͿjk0~\"grsh\L\(7`\9Պ\\Vg\$ar\O4p\Hr<n\BUl\n\c\\"\\"\Dn\d\\0\zX$TAm\>V&E~1ks\8>X0\\WLѣ#I\!LഇV]\\\#yc&\&)gPw׊\\q[~^H\x=]\ҺN9/|,QXqL\\`\\n\Ry\\=\\_3\cZV\IƎ\R\I\Nrp	\fuD,lTzk,ޜs޶\JXs.+\/\'\\\\\I\ĥ:\nރ>\mMvN_\G\\~\\0#\"s.=9\lٓ\rB-3hNK\c\\l\j6y\O,\ޤe$bd \5\zT\02>\,\ʱVH\qJQPqPlN\6.+z\{\˜m\\\ŋm \#k?jHg\Z?w!9n*s) \S\Z8\H\HH )PqQ<\nseAɪ\k.pT7_ht!K~+>\\rH3\W8[8 nd99\P\]\~4sg42\)\\0iK\\\\HZ,&\ը\*Ȫ2󊳼*\R\"n\\)+n\"\g\ZoE$@Q4\6f嬯4ʃ\r0+3NlFX\&o\\j\u;\"5n8\\0*8`5u,05\\\\y͗\9\\]:m\nU\'1=We\c}1	ȭhQ\PV0;[4VufPq\Y\ZhnUbBg,\rl_Zk\\glg8Yp\[]\G\{Ukϑ\J\(	S#͒\0\'ֵx\+Db\\\\2[\M\=\\8\2ax,OE\0sO\lUAX\_Zy\/8Lf\waTM\a<ARj\dTDs$\bĿ6\rPC0zwZ(\\j㪁>\#8\Yq\:bƹ\29gd\`X\\\rM0)#7f\\g\$\@lwq7}i1~瘋\\t\sdRV\xʠۀ1\ހ,\<\(uD\'`D*$Nl@\\\jY{t\Vѐ֩M\Z\0v\<P\\#\s[Ѩ\2MURT/cW^	\"\n\)\nD<9uɫ<Q\ب\\0\jCM\\P(=r+\D%܀]st\RꚂ\">\Sޓ\^\]\ֆ\qTQ\"8\\}jGr\Ib\ k\btq߬!NFwt+o\\\Y:%VQ8LݣtKzshI,dy#v2Ֆ8pkɸa\mk\\Z\FsFٙ\0t\Ue@Oէc\=ꜬpB\Rg)\\%ڔʦ\\w0\Zw\\i`lj6M/Z\%\4ءr:\v\Zl׻ʪ`[8Y\$ \I\XZA\" \0+qJ\`q\Ҥ\n\U\m\⍙\0\{\#\|\rkÜ5][\Bz\\2\\\\\\0f \Oz\3o5d`%\\^k\\BJR\>	V.\N@%\FMS*%r\(؀\\\J\\|A\\~\:/\\ƹ\I\+ɤ\)P\\@1\\\'|/5ܷ\t\\rOkr^\\=ĸq\]E\ʌf7qs?3\y\%\c\\r\*o\\Sv+ɍ\Wkվ\ڔΆ7\01ڋK䅝\\\Ѡ\Wgm!7F\&d\nHݲ\\\s\\TLs\C,3bB0\\z8J i:]ݎcڈ\'ϭr6\\\,iz淗EgU-\\)]|]Ҙ՘\y4;dW򔲎;[b\r\	l8\S\"/\0u\7\Z\"Y1Fq\6H<\L\N͐*vz\l\\vN+{\\[o FI d¹\ne\'\Zm\\\98\\n5\\)\P9?hc9\6X\\\Sm~C\Hc@F}qX77:\"9x&%\qX+q-\"g۸kSU\Z&\'<t\&o>k#s\\L\\\\G\8	w\r[Ǽ6j郂J\EEQN\0\i\0j\a$Vw.\$O6F:\jBS@\sA\=hlBf8\\<s֡B\05E>C{T\0\ⲓ4D\\\M</\`\\"\\nG V\gfI\C\Z\"5LtN;zS_Z\FT\iޟ͌AS\8\4\H\4\p9\LW\n\rGޞ	O^;O\hQ\\o>!\\nS_:әpyN,c{S1ވ(6\~03bwݏqN\N(*OQ\0צ␞\\R0sH\1ҡ\Z^&|)\g\2qު\DΊrpifuFMO\\\\P\nx\\Z\Ѯ\_l?\nA\;ϵc>վ\Η)ɉ7G\r\\\\n>\!\\3;{W\n\rJQ\\=\\I5$s\`HᑊazjY\kYj`U\zdx\j\o)9EZ h\sHO<ӱRd)\iqJf,h\E\bl\ZbqQ\\\\c4\.\4.9\JM\00Iך~;\X95,g\8\oyBs\\0^\5\-<FLn\a\\x\\~zsb#\\_܈cگ\\0Obk_F{M:\\桤\\j#2l;\k\V\\L3yExL\C\\ϗ_\I^潿\\Z[@\,Ҽ:w\#sֽZgM9\)\ ϥ3\ҕi;u\l@i1\\\nCҚ$qi8/\GCufb\g\"rq\=(s\JS\Ih1SFYO\M$RhbsS#H)!S\]\h\\\z\3\=	$\4Ҁ\⏗\898<S4\)\(\ޓ)\J\0zS8\Gi\\\0\3F\t\\08\\'<\\\~tp~?\Z9\J$w\4g\Oj\\4\0$u\\JW\\Z\09Rc}O #F{\\0g&F2Gzq\\Zp8\8\0s\I\ҌT`q\\);\\9\@/\r\;֝F1H\ڀ\\4\;xSF3@\0<{zS84\\'L\\Zwr1\N(T\'JrS\0\Rbge\,\\'\'h\Y}#\\\n29\}k_Ő\\00:\n˛RU\\\0\c\8\p\RQ\Vnlt\O`\\48\+<\;\\\TP\\#\ȥR\0Qw\>~O^;Iq\p})ʧ#1\ӥG\\׭M6?QҕeR\ Nxe~CC=jKM61Бۚ8l\\%s\jl˹\\0\JJ^\؀)\p*\rN[\p\G<\\ZIy\\\d*`Ejf0Ň㊥q&\x\'#9Z=3~\\\n\eIɦ4\ZYKJFs\檮\'\˅e^s\P\\\\Y\Z;Ka\c -28\)?t霊 v\q\\X\\Ȏ\&@gaz=(y\\\\\ZB|\lg\\ӓޣ\7~G\\w\0\\EL\0@lcû2:\\\1S{\Ձ3\\:\@\CF@\\\uW%ưr}O\^N\H\\\H\S\\0l\X~2W2O\ qL\n\%.H\zx\"s\eCD0=1I\#旿j\4\Lr\X\9\\ը-\% }\\[Rr2k=7\\EO.Q~r/-d\ w\XOsQ_\\7\\j\\\H\\\J\vtĥ},pDǰɗ\\\Pk\bVF\'0\-ֺ >h8\5\\p}*\m\ҕSsprV\\r0%Il6\\\7P	aZLHl\R)] *\2+oa\*ظF)\0ܚc)\;\hS\X\=\Z\W CPyrs\\!͈\n]\08-<Q\BW=3i4Kg\Ƞ88\1\7\\\\\HzaɎcA\rW-ۮj!\\U#N]ք\A`]3\<S)3h\Ŝ\\5SO\5\rş\\\\CmXFSXi\'$ʧ5s\Ei=\aXxkNYi\#YY\V[Oҭ\+9ZeΑ\n\¨\6\u3^!u=8ǭ4+7\S\r\{\U;\~dP\jŽ:#\&\\\5N2U[\l&1Ua\rկg9\X\iOY\>\\M	\\\P}A\(\q\VcP\\N7{s\YL`ʽs\?sֺ6x[d\\\s]ŎZ\*\xq.2,O\7NV2K+<o\r󘠂\\Uq6ʮ㎵nx\!A(T\T\m\ڲ;d\െi\gMa\\\wkx\؟/`wg\Z\\ۄ\\Uj\F\.w-ŧ:.\jц1ܱj̽li_#Ƣ[ׅ]\3\=C\\+\@<V\n\0\y֭F8\Jє\bEMN$9\\L:\"8\Ԏp\k,h\;xjsJ\0SEB\~+l\\\nĻ\5ܮI$*\\\\V)\R,\:sUn\7\\֥VF6+D`b7؞j\Ny\\'z[r\V[ʂ\ÐTqUHbp\\֠Wie\W60olP]dl\Ը*s\8\N\M\\\\'D7Q\\=\r0V\\\)\F{\\ \\drC`]>L\953p\qM1\n\8\\n=ƆP\Ar=3ۜ\M`y\[c{g\0z҇&S+\cz_E\\t\\UbY\\nW#\\\^hbB:d\5RO@i\2O$\tm׊\ZU1R8?\\"\,s\Z[1\"z-H!PT\Vm+{hRuݓɩʍp0)5t83\5g\Q\ޟ\#I.r0^[\\\A溋\H\06d=Ⱌ,u/.fo\\`~D32\"\Y<\c=9h*ǚ\Q\沮\z]ȚhEI$\Wך\4\[\i#pz\-w.X\0z\ӔY\VW\\\6瓀8][Q\\`ɮ[K\'pa\:\M&^r5y3C^A\9\\q\\\2Zď=k\$\iH<\8\tݬQH\G7\Zչ\\/\n0[ָK5\?.H\&(	8\P\#UOA܏2\\\oϚurrq\\n\\'==i	K\Z\'X-\Z[	\nceD621@0H}U=\^(\Se\\(\Ou:͑\< \{ד\\\p$)G\G=ҹgu%yHTchD\5/\Z8%m6\\0W5\\24\]\9ja>\^յ:0G=\\EJ\#_N\%p\g^\0\\\ׄ\/[6\ZƟ.bnE\\:\ֆ.Tz\\i\d\n[>5K(\j\\\%\\<jX5\ѫ8\]Zn;38ԫ̂\#*pY\L\b7\n5\\\Z`ģ\k.\\n\\\-\=\4?gpH%@\\GL\mdW\nĮB\\f$NJ\'MY۵q\O!B.U9\@\\RB\Х=iֈX^\50#}i\F}+BY9l\0\5.&g\</OG\'8\UV\3)\˼S\LR\X\r\\C2g@i\\WuxHq\\fB@\ z\Qu+\r\<0\W&K0$[\G=As\,\a\8r?:\\\is+IrWi\'E(ھ\Xȧ\\"\az\H$\nm0\\\\֨\\+\S\9c\H\z\ZfrÞ\w\d\'\vo\9=2P\7\1\<\v8e\0dU\\犕Bq\5%Q*G\b*x\ǎ3\QpxTLā\O9+\TR\"bsn\!\\<\l\\S!\Oҡ\\\h\0~4\zRic@\ \K\Jh\46L=\GB8aR\kTf\nQҐ:S5B\"q\4\S5\R8\ \9\9=hC\'P8\@q\"\b4h\Sޛ=L\'+\'l=\n$qPƑ	\#kԴ\!\l\WI\=\\\\\\ u\+\Kl\\\rێ\Ea\',\\۝6\Om!G\0y>\\[ˇf\1\5K\N\\\	+wk\\wLS֚0;*N9 i\0\u\u:Ӹ\nx5\J\\\\$u\0Զ4z\Zé50\ڤ\0	\\&1x<\?ҩ/B)0J7v\J=z\\ߚk\֥<`\o\>\Zz&P\0v\^hl\Ja~C\F}]ͱ\\FCuѵًi\ߑ\z)\e%aWmW˴2IP3DK\VW\Zm\6\\0>0ݒl\T8\M#\[|nu\'\rFH5>%\\iݲIf5[WJ\nKU{I\]\\v\gN\և8\֥H]\w\j$`PL\zR9<\Zv:rs\0Lsӽ\")p\3\H޹8\\`qFJ3\;\%\0!\'\Rzb\1@\(\r0iiq\\0\'zL|\\L\\wz\"R\0\4lÊn\8=y\\q@9\\\i\>v\\=\0[\ʓ\!\r\?H\\\u\D<c)G=iX0<\g@	})s\#\y\j,3\ObH\#>ÜQ\s֞Hc\O+\0ѻ\0\\0\M8\\Hs#hRm&\\\a\f̂S=isrj\;\0\}M;c~\#\0#88)\p\\lTx\`\H]\(^sToE8{\+\i\\S\0\0A\\'\0tG\\=i /\\lsQ&孭q#k\'\98_\s\+zD̹\P\W#n\QG^\I\\p0z\\f\\c\\#\pF7Z\!r}GWL^\qnis?.89\Q\\}j\&rr\zB:z\I\\\*68Ϧ1N¹\sdZrzgvnbF2G9\4\\xK\4\z\\k\\lqs[\W3HU_i\}\-Ea>\9\\\s\\YbONnND;]I\dz\# \a­2lQyC8\'kV}]F\\0c٪WG*\#$U\\OUl\\\A\`\\1k\\v\s\\rdO,e\S?LTܣ\'TEF}\\ntg>\T\\s\\\\fwO\\ga\\nӚncmE\'pA\NiCa\HǜFFn R\"\R|!z=	\sr<u=3U6nn>_p\I\N\\\?P+\<!!NMyDQ\n0N}+\\\\:n\\=g\жG5QgH|\qL\vPG@zWMe\4\uUvSj(Kys\i#Q!#!>Q\\\\q+܅tj\IQ\&\rrC\Zx9\F\\\\:\\\E4f5\\\\l\\'w\\ͷs-X\jzexzyִ\_\&MF\U80:^.ۏ<!\rO\X\R=3SRcj(@Kgck\\F\0\vk\\td-Է\\\Z\cZ\ְe%e\sYQ\fT$\5\[Y]\v&!m\ \\wpMr\\G\\56a\\\M}Z\99l\r>\\Ć&m\P\N}6\\f\<Y:Ni0[\\\0٫\r\oE;Ð+\s:\Z\B\\ʚ&ۏȃ],Z\\ҢFF\\dg>a9W;O\\tӕ9=W\\\Z\3\0A<\wK\5;Ҳ)9\s\ZW|ځ\8\\\\\4?<wO#dwAA>8\'4\q@\w\qbl\*p.Iz\uۑ!@\餤w+ڹ]SQu\q\\\\_X\\"-,{.TWiiZN_=\\\\݁zM\-4zd`\w\Q\\d=\yL<WM\˛0F\=SJ\|\8\'=\n|ѭjV\\T9\E\rX]\M\g\޵\\G`\n\\ޕ\tWbՈ\\tiz|\\pYnNw\]u-\\J\0\0\0rE	\r2\oDl\06ko\T1\c=\{K\7c\\OG\b\\\s<{Q\_x\Z\SgS\>\\W#\_C\n=WDR\\0-\0Nk._h\,\\Lp\oir|p3y\x\f26~P+.\\\7lYn\s\*\\{\X\\CQ}ϭ\eL#]\\[8Z/m\-b(\[o\\r\\k\n\hmL\uǵvV^ Lh<1\(^\?c\Vy.X};V\}R\\Y\F\\lX\\y\W\\'l\~,[\\/#s4te\׬ʻ\\n\N*_2\"9\YW-bgX-ٰ\\W7/\\\yQ/ {\I˷\Z]\\\c\G\h)l\F%,{m=\]~\3d\w>=>ne\\A;i\Ik6\0W	,\0\\0+\\\r-<u\'Ym cK\'<r;V\\\*}K\nʥnC\1nC:T\{\Z\\a\|\Y\N\H\.g\-+ta$\&X\\ӋDLKf7ًmg\\9\`uڌS\es~\+\\ CM\n\£q\'H\\05\qCE\\\\\\'x!E x\\A8o9G>DfBx\io\M+9f8\\V=\V#qؚ\\H\0b1ĳ&\k(\֯\,]ecf\\ԬѮU1\LF$e\֙t\2\\\n̷$ov7$V\Y3\@fӊx\0qR\[\	_\So=s\\Z\̑Ɗv\\3;s@\Hۘ{\\\\7H$MNI=P\n^Mܑ\֟:KmzIx{N݅y\	3tMjaİ\'\鮎wpW	D!\*\'H%Y3ҳSP»\{T\0Dq\/(&Z[X#p\\\\\\\r߈\,\5cKMsΑ\\wUO\'K{ws\kyN\\h\sЦR\픕 +v\Y.˅힦Hgo\";W*8\t\7\\\02N#S\\z\",#l¸Mz)\.N$95\ESQ\H\;I_cIE!\\\R	4\H\wc\Q$ѱ+\*\5\ĥ1u\\\P\L$ĉh\k\";i;۷5,r\ly8\n՝\K˟^\,[[fQ\ 5\\V\iAvxT\hhv\,.\=TW ո*H5\)K\:chk]\\R4\'\0RޠԑZ!\N1S3O+jhIf\LxN1L\\(~\Rm;\@sZch\p0yI	`\rv:;\2c\\ɤ,\\0\k)DXd\\"MK\\\#ns\M\-R8QѱS\i\?_z\Ym\(=\P\]Hd\cEC޵\\; XnqVdc\5-qu\\sn\[n۰0\0\x\V}\'\#e}f,3I0ej2\b:VP\m\U\%xȈOI8Bр\\Z͊s>݇$dQi\r\\"~\ ֶUTV\n0hy\\\(&2°%YCD\;\<cM|\r\\=\i!p856\\\\f\Hk\=+B#O8A\\&XkTM#g,H#\+HHƢ3!\=*4uߖ1\WɭyKNc\HȪ\=GJqagWw\\\\HH\\*V9j\\0hL6\zL\9\LԪKM!h$Drj.\pqx\Ce\"7 \\n@\Z\\\B~a&k|\f*\ԙ\Ԕ)\ssR2\x\\na~5!\L\0\4\nSE&Cv\p;R\0\n\(\G4\\n -\@&8\\c\"@FkDHE\"\nxlH\\r=i0\sǨ\bR2>v\4 =\\\B@`\0w4θ\JA(\z\ndN7\\\j\'\QQ![x\0\0J}I\O\wz\.D \>\\\&i\z\4#Ox&>\HcL`\\H8ȧt\j\<ʓ\'\\jVU\C({\4\a\ўx\ZU\\c\\Ҍ`\R$vϰq\ғ\')\c4N{\N~)\`v\\\\@Ա\i(\\a3a#8o\&q큚\q3hNP\-{c\\'deKg\ǧ*\\N\o\\\g=\9\\G&HdҞ.\0\&@?Jv\0\)6zu\@\J{\\4-&E3\0Rv\0ҌЀ\\\ZS\8\ќ\'S\\\L\FM+m\\'94\0\\J0\\\&Ƞ8㏩\\3\jL\\\Fx\)sS;)F\\=Fs\P\0gRawjFv⎄}=>\ga\PRCF21\01J[<(\H^\恑N@@5_\C۞\϶(\Aǵ {94/\\0U\&\0J\\Ҕ\\\'=\Ɠ\sN8\&0\\\օQ8@1\$\"l`\p$\SHT\\p1\41r9 g$\۷\@ \Rx\l\0˱pUrzPb\0ud9\0\)pF=񏠩Pp\p\>S\y85Wa4\r2Gp\[2`\nD\N\:\0\`\\0S\ٸ`j3W[zR`{Ėр!q\]$)\rD1Gm~\j1cJ\i\\JG볟\s؎\\RW=En|W1ӿ<\0k`^\ \:\p\lƞ\05P<j\#9\W>\@{\ֳ\0\<z\n\0{N\M<~I㚈t\'\\0\cnq\\;U޸<1{\3\\0\n\n\5#ax\yԜB0\ڗw|\0H1x$\>\y|Å89\{sT10H$`敆<\N\L\L\:x1\wS[(\\np=h]1a88\]R\\5I\N1%\\\5\cw(OAYz\2O^x穡\G\=7cJi\'ݹ\\28\)\:\w~UE]e\0dr?Xd#\`o\\G54mqWB\"\\c\ҝ?ZQ+;7\7\\O\K\ǜ\>Zw\\p=y\SW\\0\5uI3pNh\B-\%<<]]\\aJ\@>\rO#\\\$3\U|baUh}\\F*e3!\=zӿ\]U\\L\#\cf\\$pY\rU\bn\J\A\-\!kC`ONk\\#\\=.\\\$o \\\\t\&Ls\\\ҩ\\sTbX\ݞnt(ǔ@B\I{W6{?y\\\0۲cO{Ԉ[W\\=,-@ne<\*.\N;,ON\\\?j%ڼr\\V%ޭy:˃\\0\'b/\f\\\eKl3\۫\ƚLn\	\Fxմ_i\r\{sWg\BId1\9\iba=\#JI\\\f7DNk\2\I`U\\4\\D\\\\-7\Z\o&\\ :qW,{Iܖbt\\7[\\qT\ljUD6\|\wW 0ģ<\\\ڭԄ3\d\0֯Y\\\n;X5\\r\[C\1\\0\^j>ϴn\<2Ȉ_:vt<\0\f+\\Z&i:\br=U;\n;k\uE@	\'؎}y\eF+3T\+m凭f0l+\\s\d1i\0+)\'f*I@8\\\\\u\"${ܷ\0Ү[cR|\\.rOtŜ\$\rE,\x\0WEoXۇV<p9Eu\\e\B3?\nu\>H\\0:f4|Ig\HԔ\?vҸR\\#\'o\0JЃ<\6 l1`\\\\\0+\j\\\\\͡ŧ\\\QKX \=\,sɨ\\\\\'{\z)<DpD(\1\Z\\ƫ\N\s\6ŹqT\t\ٷ_ڇ;\1\\<\Z\\\0U$\n]C\ݲ==\vvZwMuA\r\\\Ic\i\tFYSq$W!px9\ҏ_\$\\\P#\%\1\\\\ߡŴ\٬@0\pi\+\\V.9\H7 e8\{Rlma\u\<+\\ 㨮\'QNh\k1lO=*w&\nm\\:\+\@#84\!\/I>\\ 1lOJ.q8Y\mJ\\=\"\\N?7$\\W<\\\j\\\67(\Z0\SԭܫR\A?l\jV0ϻNtϫ[On\\\\Z6:\{PZ<o.`\u\z\Śk?/@-slqj:Sh\\I2\~)?z^9r#\\\wpzb\4I\?ZۇDQsG1\pjlRV\\\7n8)#Zж\/^TGx5h\V\o\	YLkÁҰI\l\ 1\JƼhr\+\Px\fm򷖿us]},\\0Lsc\\h}xz:\'XxQ\.1^Laq\sy\$rYi\/\f\ڔ\\<\u\\\\\\v\8j֗3r2sF*ZE\\ź]\Ȁ#c$c֥ք7V\χ/4\X/!\\Σ\z~\\sHLܷ\\.Fpj\~\\\RrEp\śc0e1^\ִ\"\S\dUzI\t\\B#Vb\ P˔rA\\\Fy`<As\\\5α<\'Lt\OWmyknnf%\/S\\G\\)\T\Z\\\v>vG$\\u\qC\^@uؗ;\8\'\V]V\\\r}M-\{t\m\\\cv7Ywk\\T\h5,\\:tS\M9[19\XP.\d\Ojfw,\\R\0g\\r\,\\!\n\	!g\s\n[=I\"b\H=j\'<㨦\\2b\\"v=0+enŊ A\\aGOJ\R|\A\'a\\\\ʨ\0eF:V\WvӠ\r\\5\ç)Bq\kr٬\K\\rtb+f\]R+\0A\zW)wq]α\6@$p/\\\\\Dyc9\\J\\3nCwp)\2J\\<\j[\.\AIY\9\N=i<\QQ`\:\aq3/\pÎ\f?5b}\aE\5\W]\W\w\>dU;\n+\\\95h:\LD\Z,+bHPN@\9\뷀\0&\qۊ,\Hʟ*tz\g\\rw \\\\Z\\E\ß°n\\\\n\0TD\H&;v\h\o \  \PCV;)1\8\Vv(Zi;\)\L\r\]CzP\09\R*\\q\T&\PD\"wa\ӭ+\L56-sm=%Wr6q\Dҭ\b6\A\7\;\\mrcژ\F\ʲvↆOVyٺOh2\0u\Z\{,\W\*jI\\'f\iO\[&S6\0#\\3_v5⫕8\0\HR<\\G\\\1\OcQ&s9\:bl_q$[Tu\]1 {;p3\Zч|㠩LWWV\H4WQ˾)rkB7ڋJ،y\\/\n\M؞\8cI~\vmz篘$\Z\nd\.H\Z\i]\I\g\\H6\D\SfW\r#dWe\"6=♒F3։\.e`fڣޣwR:sH\?)X\\EX\\c5Yե`Xf\\\\\'rE(\`=*Mw#WJǊ\\~[\PsS׊x$͒\\'*q\\Z9\<Q\)Qi\\~c9\\4\\sL\r?\O5p\r8֘\ƌsւ\Bc>S\\q\jh\\\\<*\$Lc9)\n\y\1\84\Z\3E\Zc=:R\Z\r\Q\x4\UKby\\rA\H\\\sҤ9\j<\\E2O\Ifm\WwZx\(ʧ\\A\e!$\\8\D5*3QϠ4cn)dgִD\:ʒ8{\"+\)\'I`/}N*</S҄6;\\0L\'<Ӷ`U^P\;sL84`\\0[$gD\\0\G\H ;\i9\Ⓝ\O\\\\f\q\\Si1\ɤfv;fy\ɠ94\~SO\\\-E\gj<AR/u\BN\~TGGHןS\0\\߿cM\M(d\v$\19\G_(4cӚ\0C\<SgӨnOLloJ\0^\g Լ\M\;P\:zs\ϭ4@\\r;~4\\v\:\{x\\U#=yT\\#\0\ny\\R\\q\\KH\rqfOr	\)\``\r2i\ӊ\S$q\\i9%\\4mf#\0{\\\'\n\4\O$\nv3\ڐ\0PE+\)q߯;G\\n\f\0G\٧c\H~^A9\\'Ҙ;S}]\px\L\I@GQZ}޼7nMe\r\f\"9\R%\\A=\TD\0\r\\u\#\'F\ E\Brs\wnt9\\BNQrEG\8\<w\\A\2&\\\AG\{\̀nrIv\\q\ךx@_\r\(Q<\\0C\r\\\}M\0ly\4(2{\\c\ȩTʼpH\\\\#5z\	Zh\G\~\̄\T\\5c\qZX 9\Ja\#ʱ;W9qӭk\	3-mۑ^}&Uc\'<~U\yuk\"*y\0\Z<-\9\p?*q4I#ץ3\F\rk/5`fa\ӞQxKX|`(\9c\.\vg:xAMR?jl\\P7s\5q<\rtp\Z_\\'{+8\"$2?.\\\\.\\0<rO\]L~@\m\/#޶\|)oe(uf8\'.G\\.X\n\O\)\G\+ܦt\Y7P\\\>	Q\\iJ\s\}1G\\\$U\\\bC\1\n@\#<\0\2ܫ\f[+\JʐHlu\q\\_B\0fբ2Rh#J_Xf\\麁|F\Z\+P\3v,n\ҽXi/\ڵa\n\0_Y\컞H\-x7c\nM+\H985côo >\yU2\9=qR)S>|O\ႿO5px4y\\^\*\Q\Z`\/!+.21\n|wO\0\sfH\\'\\TXV\8\/o>\pG\\x\bʌ\\\_ZTNs\08\7hB~.\"<<pv\?\\T\\\^oHT\B>\pG\3\\n\Jб\ ah\{f\0R=L6V¯9=I\z~\]\\\\\ޛ7Z\Ԛ{2=\l\ب\\\[=\<Jx\^k\[+\r9\\YoxÜrGLUl@\\\3\\\) I\\\/|\ol\\vG9o\+*TG|7AJ=vWq˞I\\+>S\;j\OSf~\\\\':\\;(Ҳf2OLInn9\rQ\D?&v\(\zN	jΨ\0\\Xf\}\n3{0~nA=zd\ai\?6\\a\\n\p_ic߃\S\\|)\F=ES)3\\^\r|}@!6s\\\x\\UWa\#{zWI5MdW\0\*J=N\\\O1\9*?泣\bC$N\22Iם\z\Ι\\\6IQ8Ol\<\\]\ly3H\xK!\0\'a.\(A^=}*X\TO\i+s9\\\\Z\]Z,N\\Z^1l\k\1<W{sXLKG]\\0\MW\\l@\\Bd\Zmǖ\x\&LŞQޛK\R\s\\5oVhD*`\\;N\\']\Z5PW\WLuED\jnK(.qXZm\\"@c\r\b9\'4{:r+Bf\;=H\ZK\;\c\d\<7&\f2\I\'>eۋ\\\.\_*\\*\h%@F\Jд\\Z\b\Yz63<Uw\"\prI\ԍF\9\sM\O=\\\\\J_h\N\\T\2rf\}jm\y\Zz\c\#\uM\*rt\mكyUZM=&f\0q\A@Qޢ$\\\j6%c\Ӭ\v\\R&t\Z\\-OZI$PJ\0\5\m\O9>\a\0A\\M̄횙~_LiUA\3zcb\0\\hR.0l\\ҫ\!<\$$Pn#f;\l3\\n)&<#\qyw\_^5\@TUW\R\\\vO<;Z\\\01\\z\O:6\\I\\!՛,`\ZB\\k7S\3\\5qq=\A ,W\0{gυXX?X\0\r\q<έA{|\w<09\^)\\ML\\hU!e\A:Ӻ\Rq\=Ma\Fv\\\\\<Ҹ\;yY\́ՠMX+k{`3s\1oN\%%TMC\Q\]Sx\8\ یW7.u3\y\ԶZ}+/vt#ۏ\vƣ.?*xA\g>\9I\\z߽\	#f\A1T\L\N3O\GzUrbgv\Sb6F>\\rcD#\'?6H=\03&Fzpx哼1\֢M1\\\5Bۻ+\WxVԱv=z\9=gY6\^H}*tYT=\sĺ[\_Y~A=k\UFI&Bci\8JXd\B\97>։7\'L#X3\Y-\?*\\$V\8g$Thʃ\Pnev\'\0pxd9\fD\\4 ~U4P7\0,\^7o\0Uظ)\-\=\.nZh[(f\n2\\A\\{1~N7sL\\'\H>\\ wɸ\v1\\}fc }\rf]kJ\xQA$s\f=\R\N\0\n\\s\"\r\O6CL4\\E\\nҔ\BЖ\;ʃq\8\BG?1=j@8#E=#*\<R̹\"l\fT\5lR\\=sv\\H]\\\\"\\$;p}Ev\n\85\?R>o\-M:1\=Oj\h\\Wx\N\8\'\s\vS\(\2P1\\P)*<\9q\"H\JC9㚺$RMāީDW2Jm#vY.)ҝ\d)ʌWQH9<Rzz\\뗭$݃VeX\RA\+Vk乏f\Sҹ,\{dы\Pƙ6{CZ-DfwEDo\'\o \ZRWrGqYH\K.\<\\\_\\\\\\:\x[M\Zvep\7-Z	lQՕqsާ̶<R\Y\"9BpۮK#֠gb=O91\\\ףn\ru+X\@-(9zW\Z\j2Ĩ\ARv\Py\\X8\&{Vr*&[\fޔ1\sdRH~l-2\"\\5,t\\Tu)z\.<횂R^Fr{\ĉE9\K Q;\O\\is\"\F\\nj\\41``r)\܊c&=T,x\vM4i@Wb#n{\L:TF\j$7#\ɫ\*x民pqOёN=\.6(ьsO\<\\UrHyd\n3\LR(ڢ<\5)\=飭IVN&	\ޓR\pi\NE;o9\\).j\/1(\\XT:\n\<=\\- ASR\,\ո\R2yn\a\`\\)ئ\\5W\0{4w9\dg88\zRۏHp$\T]Rr\Rd\э\I\/j\Z\1߾*G<gC\HZu[\s4\b\*\č?O]:\0TS1\V\\x|>\\\\\+ڤ\ȲOW-ۨ3\*E\Ty#5\c<q\P1ɥ\j\N\l<S{\\"$W\TQ\03Ru\<pr;Tg\RӚbP1\\Nǿ\4\'@y\\\Z\0B1\8\1zT\뚁ɠh3ޚ{¤+y=91\j͔3\\n6\p\:T]Fi\8v\&+\s\G)O<ގ}(\0<\\\'H=O\I\Z\0@q\\\n^)G\M\'\'\m\Cq\I8\+ WO\%\q8@\\0R)\'\n\n\Z\[\nz\8z\z\!8$t\\)\SHCMH<c\M\0\Hzsހx\\-\\\H\'8n1k\'\\Ա8=\\;x\zo &qI\0\7\58 +p\rB04\䊢$,܌R\cQ\\/Lgq@\ \\]\;NzV`\r~_\\?tW@Jb@Jц\3()a\b\0\7];UȼF6\Jk0`;\zT*\~}L\|\sih6+\0.\\+S\=\\iK6\0xk\\\K7ǯL澣́\A\\J,#\K\O{&|Ů;3i&\x\7`\W\\e$90 gʒk]%q[:_I\⾍\\X7AgZi1Yh\\|\\ع\xY[tQ\\I\&uS\\\{\wuF\LR\Tx9\\\ U~}\\\\+\\L\(1?Oq\`qh\\Oz>i\r\\\"#k28#\o*9\'\\'V}\\yH@2$b;\\VZBpw&})>\>\]\ȎxGO\=M^_\n\(:g]h5c\(H\\\\G))%-\A\\ZlRV\0\va=6\<\9;T\h;\y\ZB&Z&\槙Z\\ך\X\'w\\]5\)=S#4x\\S8b\\5\0s\\r)6\"	\\%^I\\sWL\Z}]\r\r	\Pmb\4\6\|EY۸ԆdP\Z\0PʣQڥޜ\P	~T\\bI{\hXb\\\zӁBv\-\n㒼\\\'G\0\w\rA\ZL\$dԑ\mnn\vP^*ku*@1BrOcIcbO9^PB8k})J$\`Kt\;P\\\Z W\}@4LNAo\&rLr;\;`5u\ʊ݉\ԈdfO!#,szס\7%@\'oJi8\\4ܜ9[hJgnx\LLM\\*9y\qFN2A\\r(\\:۽0n#Jgߊq9\*8\=M#zi\"m\<ҩ^3;V]\b	=k\iDqpNr \F}N+np\0?ro4oL\d6<\Z8\yI\W~0j\\k6\v\Ej%\I\(͕\\\\#\n:\\Ǟ{\Uǈu=j\?\\zQZs$3ieqg~5Qsg֬\\fpp\v\Q>\2.FGJ\09\|\\}ڂ\ܓ3\ne\"\p\\\5\n|\\\pAd sڞ\,T\<;t\JUz\"c<8!y/\O{\V1\N1\(I\\8EW\'$Ԍv\0N3\Fθ9`I@\\'\r}^6z9\ztj\2X\"}r{XTv\\A\\P/\\;UiܨP;uS1g\(\"\>\\טqsӊoRv\M\^Rp\3ֺ8n\\8\H1\08;0,9\cdW\DnT|f\Pdy䏗ң\\rh603\4OO1YFpIڢ\\2G)0$N\\oU]\94\01\GJBh`\rh9\\S$w\ T\08SǭHs\\rRlV\'\O\\"I9\0bA.O\[\f\n\Y9\nI\ĒsRr\?n\jc\7u=U\Ȧd\#O]\y\\U\\\\h\F(;\\\*\[Jɴ~\\QG\\E+<\\5L\wn\̤m<|-\hzn,g\{W\'\'>$\Z\\\חx\\^DR3\'!0:NLT#_zĘ$HJ0yfǹI`\T7\dA\ՕZ[f\\$K.\YDkǹKд\\-p\\HUF80kƫ7\ 1O6~(]>01ⷄ\\Ԃ.\\\[\0ÑYG\Tf\\Ts\Z$\n)w!\&{\\ܪTåڞ\'\B\٧RѢǓɮ#\$Us>\rG.e :zT#\ZH#\Zvtap(\0zS\v/e\\Ǉ\\\\\M@\[\\:]L\Z\\\\\\\\\?=\\\c`;m\\pۢ(bӑN.\NR\v7jDeq+<o-%?\^8\&\ޮ5f](T^6qAjY<\?\\!\\BS\rlϻ!Ӊŏh<e\D\\0\\oܒ{\NsO\5\'ݘ\Gi8\#n\'q\0g)<\\8ϭJ\WLg>\N(򋏇D[2]H\Nh_\Zkd-\KWIbT\\\sV\\Rj.\|~\>Hv$\c\:ɽ\p+\RTg\\OF5jr!\\- \Np8>\\~\\\\+\\0\qELeq\\z\njL|i~IǕvq\T-\#}<.\)Q&\M\1\\d\($\\S\mXVX\\ ZpZ}\&P\bEc\\\lrC\9jՇ\K\.JǻH\sT\u#r\"\Ah X\^\~Uk-\r\87.}i\g\\n#\G\5+P\+\\\ԋ6s_R*-:f!\AUJ*\$|>x+\(\\\\0Ѱ-\\k\\0\')\ќ~٢.\\Hb\-k&R~\n\\c_5lH_\\\<L\\s\f\[&\"\0w6\\\i0\'`Ի!7	𾺠sڇ消eǠ澵{\JZ>%Go3䣢jɏ)G\\Tmk\E\\c&[ǥ\<\XW\3BFIppx\}jƝ\5\\澭6P\ҏDVrƷKXW\\R\02KyY\\]t!d,6ciLk}Uf\\\j\ܤT\\\}Bm\'%821\Z\\\q\+8\|\4KkI8\mV\\1\Pzca\r-AL:ukUhp>.\ʢ\\y>qS\G\\;l<\0t\\b\\yX׎P-!\\n-f\>KH\#eq][7P\yOt1\s\g1\\\\J\|}\u<\=>\8\\}fl\\'ZC[@\0mRǵEF\+iڋ>\>\B~4\\Z.~\9\k\߲Cm:R-*>\З\'\\GJ\\\\0:\\r@tMSO\\b\x\I#8o(x]O\\XܜSSƙp>\s\0~\}abpH_*D-5^\1t\Hǖ\\0\L;\5ڀ\\I9\Lx\cVfy$\'S#?a\|M\\\\'=pk\>tع\"\r\\<tg\MkY.\l5?`\g\_fxS$sǭ4[B\\8北\\=Xu޶3Ձ\\l\\?_a\oH\\"\0S6\\\ڣ\rTW>::8:u\\aǇu\7\\W\+\ܸ\gRU}r_ʃ\g\K\\'7%\\jS\\s88\_c>\ғ\\\\\g\m\[q\z\?53\?\>QG\  \EC\\Q_W>0B\\$Gar\\\0k\\5}|,\.>\\0\Z_\\/\4\\M\~&&>g?}B\w紌T\Z:k\EO>>\>$K\r:`+Ҽ\Z\\m\F\\\0ߊu@(>\1\)c\vE}B/>9\5{tM\<\ۂ\sX\r}\\W1xb\\0+%2֞c\ZE{(^zTnZ\O\}52g(V[[\ok\ot\½\nxu~qʜ\\c\ SqɦWqğ\p8\ZK\rܱP\QS薭{\@Ze\տZMr\\S\sqR\"E9󓌑ӥ3\\^q\US\n\\v\n\`\&CG\x|;f\04{\\yĠ\_\t1+\|/MMN\\1\ϊv\0=\90k\)\\`g=\\ޞs\'N-SVO=\F\w`UN1Ck#ךwN瑃LF3\P\Cpb\0qL#i\=4\ɲ;ujR\\';I\\1\Fp\	\qI|\\r0\rHTNb\\\d\HF	\\\'<\nC\ 8=AԔ8aO)JA\(@0)0;T\"pPc>\0~9\i}h\ro]ɣ\\\z\Z\{bvp	<t\0\=\^i\4\\\\v@\'4;Rt\\צM\00\0\CN ҍ?\ZBG<q@\r\~9$\n^\0bM.\\\!=EWAXcڥ\Y\qrj6A\\sc,\n=9\ST\\1V8\I5X(\rLhi\A G\ZS@\\8\(\%2\\\Qs\c_Bh\1LNW\\+\<}叚O$W\"\r\vg\[\0\W\zc\\ƞ\\\C\9We\r`8\\#jq\\V0F)\Ғ~84\\Fpjf*W\'\"\\0\\J`@bnݹ\\^j\7\\rCde@ɪ\\bzq\V^Pp\ޫ\\樂c\^EFI<\\[1\\i-HFMA\%~\*Ƭ\0~lqn\4!s\\\\\\U>ё\hFg`C4\@\}j:8v|OH9ܹ\#BLd\eAO\\F\\U\֭Fi\M\\\\	pI\ۦ{\\0\\\5>IQ\=\W/=Ī\=\{\\Bk9 \\U?L\)\ގ.FTg\N3\\$\(\\H\\|V\\r\A9\=\\B\\ݞ(b\dW4\\9\r)\\\Q󼻑Q\ƹ,IFj\	Q\\\Z\{\\\xGa\\0dR\Kq@ZtŌ24\\\0Ȩf\\9\h\\WnN:}*\\\0	\0\ȮQH\㸢sQc\kdu%W$q\p\\Psn\KCL\\s\3\L¡Nq>^E,r6)2Ϛ<\\'\\ޭcZC(R\	ǿ_l\Ύ\\esCV|\+0\0랕\\\v\\.ߛ9\q\Ր\\#댊+?/&%BL\<\I\4.awU犉+,\ZF\0t4D (#*B\2L\`\}jT\p1%xV0\8)\rۜ\5NKt }EN\\\$\=)r:\Be\\W\	4j }ĎO_aR\<\VX\nC~\jgϾ)\\\`h\~G\\n1oNM^\>z$[Cs\\\Ms\Z̘r\+z\0\}vm\mW\q]8*/y\\\U\~	S±fc:EE\j\v  ͸+\>ڳ6ű;J\\ܚӚh#Bŕ\08\\cp:u1$B2K\~!s6p;\4=\m\F3Ǳ4Lv\Cm\s\\l\f\\z\F$I2B1\4\X>*6\e\0RS\4&^vrsYI\\q\j3#\'R\\\\jSӥ65H銗zv=\&\\"D\rs\3G\\F[8\\S[҅\GN:⡍:u\d\"\\z\n#8\@ۭch\l\\\"\0q\QGGb\'+dGp\:Q4Y*\\\ \\Zn\\\'\3&q\Kd\\\\^!7\ t\'pa\}mYO|Sʽ1\y\t\d\s78\\g$~\\SKm\$rĔ\>\3޺\Fs\9۰Ƿ~j%#=H\0\ns\p9\OqM\=G|\v9001ҚȮ\\nǏք>i\I\'j\mHS\Ҙ\ĚE\nky=I\Җ<u=1\hS\\<\Z\i\펔ግ\Nh!8\\+\\\P\r\\\痞q\'\\\%\|^23R&\T\L\ZߞN\05{\\WˑCv\\\G_j{F03MF8뚑@=3I\\|ǯ;\0\1n4	\<s\\\7xnH\R\1	\ Wi\\0q\\\\\]wx2D\\r\v\\\BaPq\Wx\\\\\rG{(x\8\\\Z\u-Yv(I\׊M&gf\\\T\\N=W\\\r/\ɞlt	H\9\PF&y߅I5C0\\R\\;h\\"\0\0\öZ%\r\O$\\\EgU#ӡO:\\*\\1Nޞ\:Prxq޴\\NrOzT3\|UG^\r1}\0ivd\\M/^jL\0NO?ǊnNi_;hQ~\\rB\0]	A<ӚNGǩ4	d枇,*S\<Ӑ:5Li\S\2+6&\W\ɷ\t@\EEYBF\\sU\\zVQ\]01d&Xj<f\K`|\DޥX[p\3fM\ua\0%\3>Bޛ\\"nG*)LGigs\Z$\Ĩ\W\R\\\q \0{x\-QTOZqJZ1\\\FG8|x\^Mnhyi\F	^W)G0\p\քVI[Z\\\\Rc$\\9u\PAVi\\َ\5Sol\nzϔ\!je)-)~qOh\nxw\'i\`L3\qT3E#F\O\\x.\\FXg3 \\Sa?MQ6\\u5##9K:Tm\\rnT\Fm\\MPȨA\nbē\*@9\jR1EGڵ^\\UEd\Zeu:\Zah\"\f0\ZP\\W8\Q\Xu\a#D+\nDl9n\n\N(\\y\.H\(\IRS\0\C=;S[ H\\\\\r\(*o=i T\>\Y\\"\r0\n*\';y=]\\zU{LgdiF\<RI**\UU{\Z d 9A1VUXS xS㸪ok\F\85H͙WӴaN{\gOJ\\7Lc\dU_r1\5W3LGia\\'\C\e\ҶR\06R*\71#P\\\n`ri0F\n\nc&8\M\JN\BA\=i\iP3UA\\Dd.>\7\ך̺k1@d\OaMTI*\4 t@\Lp\b2\jŴ\\"+0\Ƣ\A$yC\\Z\\\H\{P-K&\B\\YzODgėx\;Ҁ\\I87bXؕ.յ\S25%n\>\حV&\'w+9,q\H˃qR\J@\~aY*7;\M*	\S=Js[Gqڼ\G<Юg&Q\,\k\\AOƲ.\WE\qZҩ(MI=Zjpj\\\s*3Ͽ5\L}#]e\dޞ\\x\\ڽ+\\Z\\f.<EȊ7cV!/YЏ$-\1X\\H\˟JX[.dɦѐNF=\\r4\ZR+DI:\\\${\jF3R\o$UFē\Rcw∼A\\1SQ\"g\OF9x\@OnQ\\?ջ?n2+\t\0\\ěxTmLJE9\kJӹ)t\\aˎ1ǭAY\\EYȮe v\]ќG9\h8\rN\23K$VȀ8\GzT\Q\\\\L<\ZXs}\\\\\_j\f\HE9\R\7\\0񚬼d\h\')\?W+Fy\ϭ(&? #4\ú4\8S}j\\\ޤں\iWBI[֝\f9\kϕY\\(:W\c\|\/;W\'ک\\ex.oڮPc\\\\c$\ttr0\0\(\F)x\\v\Қf\\!j\Úo\rG\\Oj(q\eI\0\	`s+\\>\fr\=\8YUw\}+֬|llڒzYɌ&\@\L\\'$|.㊏n\rR\r\`\Ozw$\fҜdюHFO_Ɠ\<cHdzqJ9\I\s\\4Ӟ3\PO\[G4v!<?k \Z\yp:\Z*0sj<\ҺYm[3\n@\\<\?\:zhe9\\(\w\M)<\妁\Ltm\h<d^YQ\dSn\M\\S	\0`+)+\>-m\N\$TB\\.[NU-nJW\דY̲\\YH潯\0ԡ[{\?9C\\rpV֫cўԲ-\!l\Ap\(\W)e?\d\?\y+t\\\F\Z3׭r٦hK\n_;\@#`6K9$`RG<\R\x=\\I\SfI\H\֬J7+aǫ\e?\܃;ӰTw@MN;Xpr85L\AOf\\Zx \Fi$+qPI)A\5|I	]华\7J\	PU\nD2U\\4m\wZJ\p8\oj	\"R *sd=i\\@\*\~\W,G,2d\0ZJ\>쏝7(v9(C(\H\p\n\\ɑ&\n\j\fu \t9\\9\A,n#\[\ |r+\\\T.d\T-S\A\YMQ\H<fǚvNT\❅p<\U\QG!<\{#B\ԦI\nhcFa)OƳZL\\0uY\)Ub	\\yY\\8\\\T[~\n\k\}\\=\!p:\0xst\n\\\\bY\ӑ⁣T\|\\0Zlwh=N8LU\+\z;̧i#\Ò\\#\\Ne\\WVX\3\Sn=\\,;g@\\\\qݼ_uzqRAwV\yi43Rhd0Vϯ<jgg3J+\9N{aOwX\\Rx\,\0䁌j؍ı\.!\;s\9\j\,\\q\­\٦T\\\\fcn3Tr*\y8rBr\\\\Z$\ܬIV_4\\08\\6\\]g\\q\\nzfS(I 3Lv3\ȧ\3\3F\\w\(1^\p6a~p;ު46z\=\y\{=}Stx18\i&\$`T#²L\7D$Cd|\\\lv\B>\M\\\np=$zYAX\+\n(\x\+nG\Ӿk|)\\\[A\rhf-OgX<\$pq\aտAW17$\\'#ϫ)c\X^l\\0US[Kl\2LA\n##ֱ\\n/\9H\\~\!\xep\ڟ@\w=}렒[=?Ȃt\V!N2\qI&\4\\w\X\8jgz\\\0\5/2ܜUA\p;\3Ar\\qW%\0\\q<\<\Z.jd\Pcj#\\iF\\\{c\PǊ\0u\oΦURFp:\nn\Q\aRGtkm\\8\tZ>wyp]̽K;WrMQүc\o#0,\>q ʩ\\{^\mCU\\e\VU$\HԶ\Z\\UJdGvH\HT\\\\m\$\w\psҜBi&f\N\Y n1\X[\\\E{\O\^9[ՅN\u\tQzH\\f\'\'\\4\Wcek\O\ϵL_g\\* \\8\֤Pr(,R\da/#J\nc=}*\'\\\\0?<\\E5I\'|Z\0qE\\nxrGAM\'<\!= \Bw=sMUb1\\Tۆ\hf\8\rz}i\*\\{WFs\"\\?جN\j[2<R{\`et\U@HUcϭP ݐX)y\zp)F\H\Z;I)l-F\4\r0S\v23R\$\\p>xд\ӬH\\\[JrpÀ\\\UG@\rr՗A4\\ki\\Ṗ:3UOi/ּ/\[\\z\٥8ݞ7-\I\Oz鴹&A1Ƨ\\\3\\ty{P\0+\pH(\\\Rl$\\ i\9Qb$g<\Z*R3\=\.zSwep\\❌\1MYU\9=y=؆\i4\&QҪIu\'֭\n匃yf\޳R2F*_<tK5\n<U%^*S8\?ZV\n)#6qҪޘ]pX9 \\&\j\jM*/+\rYb2)\F\m$l+8\j\\n\I(\\\V\CZ	:\o(\\g\'uA\\\Z\09\-VK\]1FLs\4\I\w\c4\D\5Fm0\TMX`d=}\r.\aVB\qZ(\q\4Ìb\*8_om-\\\;\n\֊9	\\ihU!\:?.W[\S[khQ	u_)0\\XpsV\Q\j5\0Jp:pMtlvvћ\d\rg?3qߥ\dUI[\\\r>__\$;J<\jmB\\X3\)ݲ\8\t\0tW\G)I\94\S6lp:qR\Zߕ2OZ\rGn;\n\\ (c\\2Z(*3X\Œ\"\ S\|g8\'|d\8\jeș\\x\Oǽc(3U$dv櫔\ڴ\UaT-w\\2\\`\h\\j\\0q3Y3D\U	9-\\ qTʊU\^e\[\\Q2&q+\\p*\"0RR@q\ZdL)\Z@F\0eA\\rKE\\m!<TrQc\f\%\qFIUQ38#\\\\#|OD8i\\ =H\)d\nA}\ a\j=\}(AMɂ\0\\Z1\=*p\&\x4\\ʑԜ\n\n\rU0p[=1N䚂H#uk~˳\\kLz\ ˅z.qTĠ\\	\OzϞ\L\\\Z\r*rF\hQ޴\A5Z܍\w*\wHC\\\zwJtc<\\@\\f\0`F	p&kd$zdXG*\D\0zS~ɵx#>0ɤtRpOOT`*\' TRC^HMxX\$^Eds>\0EAjE\y\qj\OG\ˏ\\A\CE2\i\(\\r\Z\ sTg\#\L#\M\\$R\jI\\\\Ӹۓ\CҾ\[\\P$ޣ\_\\0:W5$F\"_ڽ\\,o\H݌7`JA\\kS\cN鏒,9z\ov\\Hsߟ\c\w/\"\\'^Ҏv\\084㞽+fJ\apNZ,F}Z\02Ze?LV{)S3\\\r8$\뚉l\}E%F\Ebx\Yc\?\n߃;\n\<S.\\9J\Ó^wSd\\Li$\5ɮ\\Fk\˱N\8#Gl\9\k.\'<u灊<m\q\[&!<d\g;sJNA8Ͻ!#P\"1\jh\'Rz\np\\"\©\\\\ڙ\qԫ\$~T\o8\#Cc\rM?\\K\z\0J\01\\n\S\'I^>q\\*dkq=\r\\\"D㑀7\\W6\b7/MT0\0<\;Q4\o\o\bBѮ\1\\w5\$s\=k\nxw\>ʙ\vׁ\\D6\"ঝM=\zw\'8\j0Ϡ3R0M:\\0&zw0\\;S;`gޥ\0\Q\I\!I\+Bп%-e:\q]d^I\"$\\b{\RS4P\`\\Y=\ks]\c\J㱬 洋\rXQoApM6r8T\$RN}8\B}9#qI)܎)dȡ1צ)+\\\Ӛ\i	\z\\0l	S\\0\\=Tc\\2cg8>f\\n6zu\sZW9u\\\\a\\qҀ@\1\y\'A\0\7I=8ǽ\0/e\}A\w\9\?\")q\u\zާyj\y\@T\jrJ\JC)\#K.\\1#`\#ڲGj\Qԏ^ߋ\%\%\\YKKƳ\"xA\𯖃\>9\zo<Xʷf,[\n\&Ѷ\>\{5K\\\r\'q(S\\rD kj\,K}E\n0\(2W#6ܦH328\rB$\0k2O:_fɱ[\\,ǔ\\\A$N\s\ҧI<!\\.QHGb<B\\gMiQ\	n2H~\\"$瞢\r\^\fYa\\\Zg\*0I\9\y\7z~D1y\g\!\7.@_d\0ߥ2	d#\{\I.1y5o 1\5\X?2\ZB\FzR4\2\8[\H`w.FsNq7\\\LEWbp8\NIN>p@)Fv}GS\\\@R:,z=EX\\\,	nF\\9\jxm(Ď\\\$\Hh\1VTÜ\*\Bw8\*7ʐT\\RZD-@\\\c\jTw\I\"\f݁\fBm\$\~\\'\0\q\NFTFӁ\0\\=(/\\Xu=\z\0Y`\}r~N\\T39=P\8^MD$Tzw\3x0\\\ޡr\O$ŽH\{qnL\r\\\L1\0(ROlԀs\Z\\\\u\f\\n[:\	++\\\\0YkKiS\\j\\#\'\SG\\rM<\&wx敀r\n\\\\\hAq\ZhW>&!\nǧ{TJ+\=x\\Th\VT 2j\l1Aӑ/;#\U\\&\\n \Q\\p0Xq\q\*)_%\0 \^˙NˎH%gx9 bf\*獻׀F@&\T(I*̱\}0*7\\0dGLR\A\n\]H\QO?\\b\	\V6\Yr:	\"\0\XrGH!\\FI\zk5\nQb\^\\y&\L\:\\\j\e\`idi\\ChA\'=i^\"\FFqj44va \N<\\'\kl\G\  \_\\Z\۔\ݽ+>]\"юHe$\~\\;A\"[\nws\ڗ\"D;yrSWvir\\Qnm\vt\\x\\]\m4\sTm\t\h\u\r+1 l$]\.6{T_qjs`g8\Q$]r\0\qUg38}\(\1\:\}v\'\G\)&h(p\\\\0sbL^׎C|\\\9\\5:\֑\\m\\'÷&q\;\nsߦ\Z:3䞵2d}\A㷥@)c\'\>~#\d\a\׊U6\J\\Տ\rz\\n\r\\o\ǯ\Ǿ+pxfB]\OCP\J\r\m\\r{et\\0\\y@&u\8d\Uy߬;)\\2S\(ӚN\$W?\4\3\rMm4\8$W+\"Q,<\0}z\O#8V4_+JDXmˆNA\=\QSc\\ZI\A\' \Zƒ[\n\ \05\Iٙ\S\\*@\S0ƞ[$\s]w4D\Jii0[\\3\\\G>\\=Lv\A.\b1\\\( 〴9l\N:l\@q\<f&~I qK%|\G\Vt\%;\\S.\2\Ϝp(\\)0\qN`\\0u\oʆ!;r:b\\\qFO\0m9\F\Q@\08\\zWo\\\G\\\9?W]Č\Oj\qJn?\3\\"Y\xbrOZ7uz׎a\ڨD\\\=\_$\r\^i=(cE\\TХ\0q_N*=>ث6\\qr址\92\=S\ZN0Ǆ\\&\&F]4m9C8\r[#m\\5)&h\q:\\˶\\"NvlTz&6{\ZFK:Ty\nh\\{\n\0~;Df\\H\\'5IB\\\r4\4T=kU\JdH@=R1\\MvZ\h*v\\Dj	3\OҬ81LQvws֨\HT\B\#\\rIu\_\\+P&̞\N0#y }\TH\w}탹y\\&\\G\t@Vv\sYL&\s[\\U\\˻>\\p:wx\a9˒>D4!IyWaN}\`2cr	\\\Wؚz)\`$\'ǽVI1\On\L\Z`XCV#u<\UU52\\\"ev=\jG=Gq\o9\\U\#\I\+;U2N\]g<x\b\\WYQ\O\YyHՊ\-\M0\\A\E4źiS[\[5E\\0\\YѴ\Ļ\T6\\HJZ/*H-Ďpz\ӒKtyvVX\v=\0!X\nvm\0rMh\xα1\\;(9?\Z$Ce{CN\'\\\n\k\_9=\rmBbڥ\\'U识.9\5w\Pcb>\Ա\u\8sS~U(\.P@㰦|*ޒ+r\n\0*\je\F)0\P>bïY݁vYK9\𠜚,F#\rdLr\Z\\w1Y*NF;M!\\#y5.X\$Pʉ7 ֟ʇz2jac\g(\Z6\i\\\\`c*\1&\fqE\s39\\0<T/<k\nzP8\z\Z\;s\&fs\xwR@A<\ԘpyF\2y\\MԊ\\\f\X{INj\"d\n%݊&K*+Sr۷d\0\"\\\w(\\\`q\Jr:U\b\\⳥iv<f7\ScÜT^gq\ZeK\C5H]0\\$/ѺT8DI\F\h,}\\\0z\_r\b[j-{\H>O\V|Sl}\V0\$\~I9dOاvm\n5*Ȋw\dqjC+2(\\4ifRwO\&RAւI\\.=\ҍ\Q\z|2\lnac\30LH\kp*vjm\\VA\!em\\{U\"K\0#4\ C@DvQS\\e,\T`\Lfܹ*\ѦpyZ\`#MWeN\3J\|\\\]\+!\8\5#>J\(-\I\\\u<+\\U).H\0sQ\dr1I\`VH\Ө%`A\T[vjEUA\9=\M\i{b\*wQ\\\+S\\zԖXٜLd\\p\7zLȰs\Jcv\\\!\nF*\Z-33PC%t\\ ]#\\}\a+\/\Z\\#CY8\\N|kˊҗc\=\(\Afx\]2\1\\3s\'\Bu.IO9\F5\cb&\0q]\\\rՏ)^\/\]\\c\0rA\u={Ti0?\Z	\+\rf\wu\5=_@z֟3g@\Q?P\v1\\\9\K4n\1#\]\w\rb\I6ș8\\\\\nx6mkI	\Ҹ\OL\\R\ɕoLW9>\k	\@\lT\\j\t(\\0+1\hK\\\\0烊bB31=\0\2\\	\\W0\00v\\\5\r(cRqS7|\O\\\rrx@(\\Mg?LsqV\\\6	\;p:PMI\#\CH \$\n\r\XS\@u85\\\@`;cM1Y\\g\\\$.\zk\e7\do8 g\ֽۛ>Ռ~\nH\\\;fN)\	}\8~{\>aO\a\h^\r34(\ySנ\\3(=\r&՛uB\0\\lgi}#\0;00A\ZWlTF#q\\\z~w\0\vu\5\\"Y1lW#܎ւ3\V\r\6C\6\d\WOzѿ\BWgN23\ֺ0RmᔐG# \\\0z\)\	\Nr+C1\6_Rx\\Ӝ\?N\\\n\0S\ӱHF\J	 \\0G\ԃ,q\iHn$q@\fBӡfQ^y\k\5Yt\<y뚖\kxN[X\h 1\n\\rIJ\<I\_$1\9#y#\w \n\i8sx\\H9\<1)+u\0t\>\\0?\\E\1s~k\QHuA\\ӓ\\Tc*\6u\HK\\`WȨ\\޽\]x\Jc\0)\l\\à\R\uPpj\lsr*\\\\u\\\ZgwĲ\\\cO#=\\w\G\H \\u&0\\t\0g>Yʸ\\\\R\3\{-P\\f\' 0\=j\ʷ#\ny\rqz:7F\r\ں$gز\r+\⸞\TF5py\kN\\	\\'$;j\\~|0#<\Bi\V²g\"Y	t\'\<ucv+1E\XKX&\\=\,\YLm\lw(xmUi~\U\ZJfx(9ǩK4^=:\|\\ch\:N\\\I\"\"G\L`\\.A\8jcq\\#\֛8$t\\V$h8\$\_3h\wS\\ZY\0\np0W+\0\1~\A79g\\vwE.w󞘮^\\#4\RE \\l.8\sM}_\\4RCC9\c\rq6{U\r2`X\\4U^x#dv\\\0\`lթlB{w\09S\ҕ\,=S<ܝ\\{z\ֳ$G\'zw.}9qJ7]\\pPp5\"3\\0g=QrM|\Q\֘!ROͅt\}*\0\'\'\t\@ȥq؝U!;A\n&\*\Ȫ\Q8\sO1NsĞRy0\1ן«\n	D\\rz\*E\1\\\t\F\c9\\\09F\ێi\\Tmv8 s\3\(m\I^\\0!\vg\l)$)*\9\`\q7\/$n951Dm\yn^\>Y\2\\\\\9\'\\h͢\\ʎq\<\õV\\0Y\0`ͻ\r\Y\V\<\\;\e<\\\\\qU8*;\wcsr9\i\!YNH?w g\l\s\XSl6#\0\2~h98\cޜ\H\ϥ GA4NqЕ#\\tH\r\q\@\\\im6w\\uǯrr\\'\TJ0\N\\XM\\\\"yd0PI\}3F3~2i\\Gl\n_pI\jF\ip\\޹]J73dg\\C\WM\/r+\\}7D`za\n\0bsbC\\o\\\\7)\"&*Kzs\\ֶ\n\]+oRNy\k&-p7z\b)RZ<\>\-=:d的\}\0qV\rq\\\\T[\rr\0\ڵL\!U-v\ _0=qTpT8\vsTA\\M\nȬ\,\ҡx\mmsޮ[&p\\0\0wӽCe\Aa0m|aNx{VV\\1`S\+iH)l}kRw;#\\\\P(F2x\1L.\xU\\0ksUfX2\"2\\r\\SR\\\S\5be>Y\=q]\3Ư$\\v\I\=A\\t\0ayⲓ\h.Fr5Z9Tz\S>A\c	ӍWA~\:֡6v\F\Oq^qI8\xn\gt\(\y\)5s\s7yȩv\N\$jc9\\u#D58Z>\DđM1={e2`bm:\@9R3Ҝfۂ\3\j{\h\Z\\"7u\Q4y<.yGu<T\読\a\03ޘ\`8\"\`\!aXk\[,O^Rs\\0v\;\q#B/<n\?3\A\\χ+\\T\-\\$u\"\\rO\\ZV8\\0\=*b\3M#\\0q\h*\Îb\WviY@cv^\-!\u1pA\	\\\\,ct\\r{l\ͥ~m59)>i#[u\8<bi\v*B;s\]Pb\\Uk\3\Mk\up\q^\	\0`\ngkG\Z\P*)Mɗ\n|Ս\n\e)\>ilҒ`\@J~\犬%\)pps\Zfl{?\'\'\Ui\\.s\\Un!y=dN\\:Q\lp\0;V>w!\lPP2H\b\\X(\qJI\\gxC׊\hb 1\XV\f11\0L;QpH\i\V;Cql\\3\r1.\6ƠGl\j}\83\Vj^\48?ZkOW\rEQU\\\\\z\Pg{\<\0\EV$aޜUc\\#G5p\\Z\\|\R-,9K3r*BgZ_\1\*\|*\\\0t&3h\\U\+6,2OSZQ\p75uAI\Z1j\0IFXTp\B\\r,\0WrMwA\c\\m\<%3jB\t5h\\z_ BO5\a\";Y\\$WKى\\nɍ\fP&9䊕aڭ\d\L\7\0b\08O<\"\W,\j\\ $QZ&C3t\9\\\\0(;9<\	\'=j۲J\\n\\kD.<\\\q)wcޮ\*(DD,\pI5\\\:p\DaC\O\\Z\\\P6I\ZC%\`\!+FI\p^qRE0O¤\\|\_O\g\\~\`$e\$flwl\bhդMʱA)1*-\j\1L\ aU\0r\5`O.Vi.\0֚ifV!0{ZVHɽ\\_,I\@G!ieAy5V=\XX6Y\\\4˹2=\\[w \Is\\\Ǔ+\0)cҲnk\n\n==Ү\泌8\\d,ܾnA)\\TJJFy\A\S;G\իFޙ\\\e\\6>1X\/GOb檩\\nv\?tw\"Xf\\30\;\nʞ8vXF\\Z*\) }i\\Gj\.ֵ+\\\\0z\cxԹ\M<`ʸ1u~q\uRFfM5M\9\yS\T\9\BXfH0A1|\0.P3T\'#\(fKv<\%v|\i11#$\1e\+\0J\0\\sZS¡s\t٬J\\'\+:V}\jW\xؓP\ReG|:C\'!\R\71L`FE&5J\5eX*v˻5(tU%\<Ts9&(<\\.\A5$7\}\k;8\ր\Du\0\v\0eI&x\@\\NsT\+9l],&:\\!\vszc_\؞\\Z\	nsOq\0\0߳o2 *F3[6Ө\r\\\q|:ִ\n.+\Zwm\'\"#e\\sQ|TY\\F)\\e簥\I\x\b2Av&\@&\sI(fA\֘E#ߐfQ+1sT\\=\HW-))sWce*~\:\×bIY\,,\ylhcNYfLs\%\\rG8-iG9\\s\z0\)2\uK\Z[\vC\pwcҪ\;&9$Ո\\\Z\"H|\	.r\\\\\\0LL2\h\JbߚTvQT&D}$(s\R\Er\;q\<qkh7pT+S\5V\\"\\dr\1\*Qh3\\dץLw\r\6\Z\~&i\\Ii_\_omY wA\\rG\\\8^&V>g85\x_z~3ӁQ&ꗵzq9E\\'4p2\ R=sMpݔa4R\l70	\eL\,*&\HNi\ cדV\z0nr\rh\\~Q®4q5ẺS\\[EJ\nI\\#\[^8\}~+\0\\&]\0\p\L\1S\Q{\1\\>lS\3ޙ\\vF{\(\  \APi\˻\i\n\8\ޠL>ԛYH\HF\ө$@\`\8{I\s\4ƀN95gDu\\\4\=;珡\\ri\0\\Z\J8Fz泩$\I\\O[IlY\:tc\5j?\\07\\Z\+861\W\r:kƖ*w\\Xk\<W\<?4)\v\^H\=+\I::\\p\4\\s	ÒV\\r\Gj>R\'JqߎԈ?~\\c\{=\\QI\;c\~\n\:\M\\9=q^ZI\\'጖\\`\\'\\>\"np3?È2\\<œ\\\\c\LdD\~Qeg\\\]r`\9\=\T&/L60k\v9jO\nFMr\\Z=M.\:~4ң1\\ڶ!1\Zv9\zN\N9\\\ \(w9xac4ϗ&x\\g9\\\@W\]ſSԇbA,NM\/\dVRv@axOӦ>He\\.H\?m#Ws^VN\0ވJ\Pۥ\'#y9JFy\y\Q\g4\\w\\\\\-}\\=5!\aR2T\^!\\[y\?}+i\!p2Fzb#)+:Ft\0#8\\RBd\\\Z\\\W2ak\ռ\\v&7{by4Ҥ-?-M+\sZG\+\Bϵ\s\\S]\wE\nvԎ+*ZnZȽS\8w\\[[o\շ\ִ/<7e\\\S\=\ٵOj/o>Z>\خ{כ4\	\av\)<q\\iɕq\\fCB~d)\\F3\\[3h\g\\.GJb̅w3\M7ʷ\3E\\ZxO\O\jf\>5c\I7\ #9*}MGh\zUqr\Xepz_ny^\$vnղ$FP\%[K\zw%Ĳbu\(\\"e\?)H\sT\%\ϵ36KX\G\j\\M<Q\d#gճVP&\-\ipI\JP\\G\!\2*e<zrЄ§q\)<\\HI?/^vfݖPFr0jnZE2R\?\\tpH9yȨm9\\OOzO`3J\X\)$\J\\'\'9\Oˀs{jS\(Lv*;\\9^b\0\\U,ۓ\:fln77\c^i\V(ܸ\\\NF\'\\Ү&v5(\Y\\\Z..R\\n1CSUʐ\6W; $v\8V$Oj.U\Sp! Y%\Rñ\0V\@e>^1Qgt\ch1$o0\PGgV>?w\95ԋ@\Q<f.\\dQrY\I2=]s\'Oֺ\\\0z\rI!\q\E	)ʪ}\P^q|Z\\:?ϵn1p>Pqu3+\+&8\m0V;v\!*}jE\\w/XA\\NjͼsF\rH\*-\r`Fx\\Ͻ`ϧ 9%wp19-\@\Y\\|\\\U\\K\'\	{ϵV6.0\#ڻO!q\'~GH,\ޭ\}\8\qSqrǝ<1\\\Sۉ\"@\\\\$um%@\g$T\PXێ\\\9NQm\"wFĶr\x^&@|\G\3\\WLl\.]Xs\'\Zګ\_=\n;S׌T|ڤ\.\0\Oj99=\^\\"0=\r\ri\#4*1Ӡ\\ag5eYQ\0ns\Qh\܈\Hu\ZHaPKO6lS\\\Peم\\\\[q\qE[/Crj\\\<l\0;\m\\\@\ZE#\n0{\ڨ\p3vr5)F\KtǥqG,#\0\Wp@Qc:WlG\Y\`c8#30\\\"Y\\\\0lC\s\\n\I\`\ǹ\Sh\YEP1\+\\31\\\\\#@X!#ɒI?nKh]X\p+Ӵ\ck\\QYNcZ\i\eo\0\|T\\\\\s̵\$\~>==\tSļ5Vʒ\0\ODWQ1pk1}@G[\⑧)f\4rK3W␷\\"}j\0ǀ0qR\\E\rYJ\T\ndy>\I\O^kL9s׎IY\UlWX\vCA\P\\5Q\4t \*J3qr9>qg,\t\\.q78\rM\'<v\0^\8\\'v\'\rm\"f\l?\\d\0(1 r;Ar\C\vcU\\\\\[f,T{\0]YBYw\\O\V\\2n=\l=9ϧ|ҹJ%\\\灊G#<v|\*0O\\\"\\'i\\|:y\</QޭI\q=y&\\g\fb*2\L\\V!vΐ\w\016)\\ubEF1۟CHpOT@[>is\\n0\)ƞ\n\\\)H]s\\\\,Wu,\As\Zp\0#LR\09\)!\320I\k\\#ǥ\ mW2)\\J3CFM6~A^f5\݆\Ʀ޸\=\"l\ֶ⼳\6\F\'ҧ\nTdsN8U\^٨f}\R=\ћ;3\\f3\Z24\0sT\\nblwJq\\rU\\bF\0ᾸEwF\+:xuƢܠ\\\"c$YH\\8\'ģ5\3\\Ȩf\\fJIʄ\f	\rǿJ\P\c#f\\\Ŀ%Uɰux/\n\R[\\@\\ʊTJ\5\n8o`K\\ndf\n	\?%\\*\)]\[k5,C)\F\\\M1rF&\0\0I=3\j4N{\Of8\;+Fl\>(\r\S\55I\&G\'=\m;K<b\'pj\rzZŒ\2Z8Q+@N\G\Ur\8LgÐN?t\FɌ\&-NOI\I\5jf$\\\yD\Q\n5f\'2b8\VȷX\\r gH\P0亻G>\ԑM!Bcj\{dv\\\S\>d\y2X03ҥ-p⌱\}um\P^TH\f<z֩\W1G\}\H\\i6\\\mkKEV\9+\Uxe.\\rKdZkl%\[Dͣ:%\Gn1\V60䎘Z\)?P{\n\\r$u#&m4\\,2)\sި\	\y5NH\n8\V\[\-\)=x\L\h,#\rz\K\\.WEko`6ҙV9h\\nd\\'}iLEU\\\]VQoPAU\n;qɮmT\Cc9\\rRac\",1Y@\n\>柫\\y\0T3\\\\+>Rχ0>\Wle*59%{\<F\\eo\F<ҭcҾo\\w\r*x\\\\$Ӯ4\m\,~m4\b)WQ\qN2\6\'݆V=lX\ZSA\"ɒ=yv\~Z	\\b9_Z\Ե\'\E%@;F8Q+ҋD)\\,2ǹUqF@~^ƺźveC<m#j\"H\Ts\\ӥ}T¼\EUť,z/r+m%#$*m\Mb$K9?ƹ\\Z=\nm\\\kG5\\]\n5\8,\\x\z穇i©ź!\\0ɬ2`\Uwa\n$\a)1\\͔\za!F+\"iV%\]D\_!c\X7\Zs\4ck\Jj3)U(\Z\3\GҨ\\f\\\\\A\\=\O^A\>ՔiH\銮ڝ*\\ҚH&eg&\\:|ΰ\d\cZF\&\\'i\})uIx&jr9\vs9U) v\M*\j\q\i6K\K\\kGps\\9P6\8ȩm\\rqҁs0\00<b`3ڥ\7Lh~6\\8\'ٷY0\M  \\"\>^\Gp\)V\P)r.\\ԢF]q<\\"[4BQ\\gu{@ds\>;\t0y u4ɹ^\BA	|Ƣڎ<\\1fH\v\d\n\" VYShā{\nd(\ylqV\`\\\\*ѕW%\\L\^! |ǟIHT0j\\3)PsңD6BBZ+\78=kU%d9_h\\*gִ\\\@sw\j\"\\bï8ːX\_H@\\"1a\&dns|\7\SO\ʼ\MYz\~\[WYc]C<C<TV.\1 \2\WPӠO[\m\0\\2p\/3潓\Jւ\y\\H5\\n\\GFIC]8I^ˉT\\R\?\`\;8<c\\0g9x#\\\>WoK\\,9b\rwd\\k.	\\+S\t\4\\Ϭjqce=8T\\Ս\U\w=\\MZ$r_\\\0c\\\\)\G=_i(uP7xR\\W.<\m5aSh\:\+\8,4drM(\\\\J>\vxSIcs\\Mq\\\/&\\8?1$\n\\1N\'AQb@nޕ\\\\4\K֌s\\0G\\_\nl\Z+AGՍyq$0<c=M}3s&e\\\΄}49\\F:\Zil֐1#\5n素y_\%V\cf\/=zW\$\\Ĩ)Ƿ\"hq\\\`%z?3\\F\_\\\4GR1Aǭ\0|\WP\zCNқ\\'\\_F|\')|=+4^k\>j\SM6\kds:0\\[&3zTw\$;&\}\fv zׅ\zG\]rEc\c\:Y5\.q^>ZIdȀ¼\v\n\B[JƘ٧ۆ\r5\n\1\\JF)	ʚA\7P\0=1O\M\M;\'m\0 =i8\{q@`;H<P\8\\^\\OQ\a\\^ 2\߅m\\m#k\H$\\CJ\^\Ā\L\}!\\mq\Rbn;\\чw\n\h#4 !>ÂAuq\N\w\9\\r\\0,C{`\^\Ådoد>t-\\v`{\\ϵP*\\\g!;W\\\r\\g<N\4k#vqⷣ];\]\\dc3[{ע0\.9l\ZЁڽ+(11\W_~qX\Y,>\\n\\F\\\,\\r\n|/E=}@wr1\Z\e\G\ϪxKPtpT Ìp\\kÔ`s\\'<?o[8Y;\Zi?%ҽsX\ntBGгC(qʒPXw\|=\7SRFStɮ\!pA\\Y5cd\sjHYv~\j,\\\N0S?CR\0JEX\̱K#f\\ aڗKD}\AR\hz担>[RO!\\P9?7J7Xx*8P0\~\\t\>b\\N4ۭx\'K\",a]Hxc;\\y2)0\9D\\\Y\\JmZ\\\p1\ZRgǭW\\ٔ\\Ƒ	\3\kFm9\U\]Ӱ\B#z\'eXӍv\V\9\y\Kw۸\\0\(\ȡ\s\\)Wo\.Cgސj[Hrv\z\n\gQ\Z1@x\\0©\g\M\n\\y\g;n\\%\v\0~k[R\\ODM^Y\nϯ<UC>cl2l׊o\Fx&\60\7u\sW\h\?p\\I\ӱ7\\a7jC&s\Hl\|\$y\z\nTOvT\_\3\F1\Dk\"7\y\{W4\~QٰXԿ\\no*c\\-P=Fk9\[h\\p,͏<ƙ\Z\=pE5G\0\[T3{dqMV\HI\\|gJ\gg\b\O\qӡ\UȌJ\z\5Ӕ\oS̛\X,d=*	\p|\\I{ԴI?1\\\\v\U\;\U\;dyf>\+\3\B\:\E\2f?\s\w*爮K/=W\\̓\\:+]t[\\Djy\\-\\)+AS\&Tܟ\^\'t(g\\\\֘t;\0<s\{.&+F3*_N`f\\01]L:5oTʷb;G>\v\R:cpg&Cc\&DHryjD\0y*\9#5!z`\mo\0H\\'}=jZ3Sf\\'<pzƧ\Rl\\ҽ\+\\\=J*FOZ\/\Pm\*H\NqASq\\ZC\Z\\'޳lJn<1\\۽1\\\xtN7ҪLt9\0wiwEs\ZoQ2\\\ҝ%\6\b\\\ry\F}GcБgU*w\}\\L\rX\ol#&2O#:\V\Xl[(\\Np?\\\\;c\\{r\`*	>ZKKuw>fG\\0ջreU0Q\\y4I%{\_A\TKbqpy^TH^\&\N[\\I\0\\z@I%Q~T\_\f\\G\E\\\\\\\|w\0g\{\Z\'\\o7gs+ی\'tD$\Lk\Z\0\A2y\Xzϋv1-ǚ\0\H\\(pG<\zql\H?\\5:JZ\ĉol\Ny\=Mb^5\1s\ʎ޻+_Z\́Fx\޷\\j UdT\)T+h\CXq\\Ԛ\7<\\޳~JC1\܎\\\Isr\jO9\'\*R\\D/\f,	rs3\s0=3\\רbe6IE\}\\ST=\J\. 9l9\ \\\*¹Q\O<P\˻,23\\+\drOSԅsJ\'\0\W\'ZD&	&\\Imp+\\Gi;\rڛ\\MM\cX\V\:\\\\0H\ӃP4\+Z\?:yV\䑑*\+5<Q0NsMns\#9Ib\nlX\\-<\\\\r2+d{5G|Y*\dq\%`Ӏm\Ppsӡ0\\L\\̀g<\z{T\LB7jL*H\C.&;\^@\s޾Ґ\0\vK^FKe9\"\\\\\7GvfUWu\͎k}.\\8ɧ\D6\cnNvs܊󎢺\ȩ\ZxcxQe!ҩ\~y[=R3fhۣ}i\\(lǎE;6\+ƭ3[>n\b\0ej9nOz$\\nH\\.)<\8m5@..55B\U\06\\0\FcFpN)4\'=3@7~uP\XY\TͲhL\\sL46\gc	uɇ\Ԧ\1c;\\L\2\AI^PR@\0\r\\`\YU\K޶dԠ2\M]J\\qV֗߼~7%{TsRԞ!	8q4Q7e\\\9\:;f8\\Jҋ{|\\b-!Kg\b3)\>y	\0\Z\d\@\jɫ0ǞU\0*FN.׊\[\p\ֶU\\\\\0ǥqY\c^<\5lP\\+2QF@\h۠ f!%թ@\	\&\\"8{\\su<YѶ>\U؜m\\	# `e;Uk,\Q.,@\{\b#¢(A\ȉ\q)]f2ErLh橇\W\G\[D͡X\nІ\"qVZjf1lAOREkl#yc\\țE\\P{\=\\1wi\r}\\c\\2\\\랕dvޥ\\V\c2H\\n>\\\ZՆ\i\mΆIS=Nծ	;Nt\Zfk\\\ TQgUԚŹ)JvuK=ÞRs6œ&/S\z(Qe&&\aV\\\X8\3FsT\\gn\tr:C	^5\S\\kkw\ӵ}{\m\7\<\\\!	j`W\W@3\ϭM,eeΓ~iX%J/fx=o\9v~P=\\\"Eq\OxDx\\\R1\wk\u\2\fxݑcb	#}\rl\\\v\\\RqV\\Q\o\\)\LWk\^E[t\0P3\'\b*Ihcmc\`\)ӆ\rMr^>d\Զ8WVّn?\rXOlU0$Mv\\N3/\\Q@W3-\hw`)\<W	¢Zh\wF[\6Q/\\XCǵb^\=4.{\=륚	8\Kes1u|n\1q@\Jh]-ԝ\V>\W)s;\\^&\C2F~n$S&1#\+t7Dr!\y-\Vm\0kJ@Y\á\\F\\1Xrfh\\Hf8\\\Z\6X\\]|7(In \YR\K/?\n\M0\O\c\`\j#\\qn#;sw`2:\EpզuBGȘ\'*ûɭj\$t#[Da\j,F`Ҵ;0j\z\EsN\8MtF(\U+h\]۲1\Ymi8e|	\w\ǵd\\\9m#\0=\\9R\8\\%<bӊ!\r<\|+\\'$Oj\jPIKd\鰲&z{԰ۈ+Hyme<\\n8v)ʚ\zi@䞦a37qf\\)\\F\RA\\\\Z`\E#;\\6Y\{Vvc\"A[2c8\U\$4ɰ\r \0g~ZϋJq\˹bA\\\C*\	\np~dl~Mi\⳧7\v\\\ Ԗǖ\r\U\\ӭO1jEZ\VNrrsWv\c+X%|+mU\4\p\t\^4\+\C^\kñ\u#H-\\rkd\G#,h\W3FP\0\MPĸ\L\0֡!\C\Sq\iy\L`NI5\|SwI\0\\3D\?)r1\,:e\e\ϡ+\~+\Y\\m\t\\0\!\sb\0#3׊3\A\`9[#\\\\\ݬ@\pi\⃜iN3^\\M\\r6\\0㸯SQ:\~\\n\ƻa\\t\\C\F\/0Mu*\Oa[i\t\fUDFC+\_!\F8\\6H&OB?j`Ň\^V/#\\WS<j:ڕI9\sֽ\\`:sA<(<\Ҙ\">\5wm\<p5e\\\[\:\2\j\ꩩL#\08\m8듟ƞq\<b\0\~\s\㊤ /~	\0r;\N(8\\\r\㯥}\d\\\|\\<\\\_/\+3K\=ޗʑ z\\00( Wϣ\\p+nt]F9p\0NGJ1d9W\\5>xx־\\û6\0\5\\\\~:\"Qjx=\\c\'9\\@\ҽ$px\q@\'<уr8)#\\\\+\~W\_\\3?\k\\?G^¸L`\ʌA?N\$`\J\Q\3\\n\z\\vL\\ls^+_c\\-}ễs\\\+\,8\_AϚ]#U~c@&\`)rMz\' \\9\)%\0\\ғp\Ҏ\0㎂q\Ss֜)0/ip֥i	\+\~Ďx\nϿC_ \C) h|e%ǅ\\\nΤG/?aRV*.̟\>l\`Ts\}\\I\5f\\[y$o$\\"\>\\V	>b@\\I\q@\\4.kbE۴\WA\Xn\\aW:O?˽t\gu^\Vsْϩ\\g>\v|l\Yt\pOQWn\\H\|ZThl\P+\)dvw\:\_J\i\"ќ\0\_5O̬8\'\kW\'=\y \O$\h\\>\=zw,L7cs\c<WrsɯS*S\2\1YT؉ \0\]\\߃\\V\-ŨF\p{\\Ĭl<7u\\M*\=yh\:%.\"0\\r*s0j\w #85\,-S3\sn0N\\Tu\gNL(\0a<{^\c\sҙ5\lc\zټdy\=F h\,\[Q|@!#Q\qZ\\ڀ;v\|#gh\56+.(\Z\\Z\\\wrq\R\v\\0灜\\C\\nGb\\./\\[gVu5SZ\/b\:~?};q\\uZ\/Ni򏘳-\ȋ\'\\5\WTЁ\\\w\"Yv\\61:ԷcEvysiZ\\F\m\E,~\Z\v\GA\ڽLD\9\?Q\U:_\1\9\'?(=;ף\@\1.`85|N3\n{ԫ\9\_^ىpNzc\\@h\prJxgM\qГҺQ>\ނÃ\-҅ \\\\;ɑ<(ǥpW>\\v!<\\H\<\0*^L_j6\\76\03@\\<;VAEql\+\6D\\\'\0O\k\hqp}UrG\03܌\\NU\\\A\\4t\{u֪GBDX\8l\\\'8J\\\gaOWON<䚡\;`d1`\\\>\\'cȔF\U0=\1l\\<qZ\\Z\1-\\\\z\\6wvW\r\\>\էsC\|YKc\\\ֽ#K\ L\88u8OZ\\@pNO]Ycb<sD\\w>8\<\0\5CVv-ɏt\"ʸ`PϷZ\wL\\I\q8\F\\0$+\\0fwg\E\"\$dgИ.N\\c\0=\FON\F9\eO͟=\rS\"\\zd6T%vB\T\\t\0\¦i\N6qҘ2\'p\#҄c#f\y}c\\\l\=\Z\\!\{`tyHQ\3Ta}N7\H\NOJ\߽_x\5+J1\{W_0r|\\%s\\ibk\\\"As\95A\hy\x?\Y\\,*}\rTw2\n\@\\\\"\"\\\W\0>Կix$g*#\'\Ϸ5/\gp*: V\\mے>\\\Z\L\\m>\]ݬs\r\JIA\\0GJ\\P3bc\5z/\0q\9\P]\\F;UkDn{|(5\̷\\"0\\\\\rQ>F<DW*y<\\!\Uq4]͖\bp\0\0\f\+\Uc\ֶ1\sJ\E\"!9>\0>Rަc˜\n.\'#>R\YwA\\RLw\\w\\\=jCxc׏\*Q4\2\`o#\\\\aLk%o$\0߿5/\fyz4s\r\Í@9\ԊR\zT:m\T䑛\04s\<ˌ⢚XF\~H>s1Pc	\0g\\8\4\0\=x:,G\\\^⤺{]\p\\W\r@$\\+lG#?k\X\8\R\0\B\7Oʚv\;R>\ئ\\!H4\\*px4\#(\sނ\\͜zf\1<Q\\\l}=)[v2\X``2y\0\69\;\{R.F\ei]\S\ZHdySv\¶1U` \00j%B܀çJ\OA{NEcs\y]O\r\\z	#k80yۂyGa\1\v\%\'\\lp 9Q1st\\cҏ68\9$\G+\'oq\z+dsUzP$]\\0Z\\r=L`v=i7h\|5l\[ar\\r+\\)\Wx\0n\ʟ7s\\n$A^6.wUH.\-)\2=x4\e\u\˸c׭gBaR!\|J`\ѐ\0\]4@	w)\\_\\j5ьڰ9\gԿ\"q\;x5\"x\0@bC]+؊S\\\|\vI\C%\\9\\W\\"f\\:M\\9\0j\:\8ϭxo*]0OluL]B@8\q޲V/nz+(\\\#ϋ\'Յy\\#Q(wN0yS\\7`RI\\\}z\:i\\\\l$M1\yG\\"&\\\Zr K\w\ZV\0Sx-\\rG=xq8)E\F$d0)k~\\<OֿT\Xvg֤\GQH\"+\K\1iq\z?\Zk˒/d9\\O\u;3\o	q*Y[\Kx\_,\ȫ3W\\n\\0\\sC\T\>m2չe=E/mBTr\ZT\VG\\P8\\?V\=>\gۯ}h΃\\ҼY>*^	5e>)J\rGժ\0(?\=y\~\-\'\01ǽyR.M\0\\qSL4O\ǧ!	ݓ\\整p2\>\'\-8-	\ձ3I$|R\TF>xwGg&}Cu\zW\0H\e\':Ptye\PisV\\4\sĄSಹW Hݹ&AN|\c\\\D\\\Z\2]-\Gh7\\灊Ҋ\\\I\0\W?o\\r>н9<]\Pb`ِ\o\v\\ޜzE\>HxIڸ5ji\1ƺ̺3)$[3zgH#\Npoi~fϴŞ\L\'\]00$Vߗz҅u}\Z[MF\P\\'\o\\}}\E0/\,ʫ\\RjD\Z>irFzqS\fֵ\!\e\[Řsw[vEH\˒\aV&ٙq)\\\jPb\\\@S!\ZF *I\\\\\`t\}Mk\t\Є\9R{\Z\[\n`O1\\\_ūj\[A\Xc9\)]CP-.\0=	=ϰ=\Ciq\K[\'Eiy=t\\\{k\ȯFN\\-|Fc}\7V|d{װOq\r4\rM6\\;T#9\0\ӊ7k\\cR\6\05O7tl\V%o\Ӭ廴\NI\Ez\dV[̛{t+\\ǇǬkZDBˌ:\XmNPH\\zj7:g\|qj\WZpdx9!d]\\aEr\F4\ƭiU\ĤPZ\'\%X\[o\A-\<jFPdt\Z\D<\`\A\g%9\KIwݓR5\\-ġٿvN\0%Q@\\:\e(\\9\\f0\0V6{\D30s\[]Y>J\\mL\r\bE\,TU\\\\<G{c\ͺ(6W\oSޫ\o\\\\y[<\A\s\TMW\#I,\\l\}I버*)T\\DMcO	S\\\"w&pF+6\*]\+:ʀ\\*g=kN3WFvhd \ٻ9a\`\GdU%A\t.b\9\p=\5v\8<\8\i4Zl\.skn\\oγ\\&q\9 +/\UU1}ç\D,ci\kt\o	s0\(\:ⲍ\|\y#\nN\"3׭b\goy@6\\i\\ӻ	&BE%C\͔3H>A>3U^\1 %G=\tgLfp\0i,20\j\9\\\,5p\3\\u\"tŜ^>\~I\\\0\\*p&\=\gxP\0y\+V\rJ\B6\Fԙ\K̦v֔\\U5\e\N\05:^v+\+`[\@\cqNЂ\c@s(\I\5-\\A^\\\89wNW_\6\d#\WB\q	Q\U\\\nGr\\j\OKb\l\\n\@`RN&o\$)\yⵡM#o`)٘#Sudnf\\M\\"\`pi<⧘j<p?r\&Q	gl\ \\Lx#4\\|4耤\j\Z\:MnQ\T\\\DH\'LӞ\`˱A3Z\(y\\*AY\\\j\\n88\Ze\nUO?xcnRivŷ\w)\\0i\+0\8>xA\\G5\#()`)#js \o\Oks\+xC\Z#5S\x뎢V*]G9^6֚V˟	\56asx52mV\וK68~w	\'9l\q\\s^M\-C@3\\:k\nb\H\`M#\Py\1w8&Ӧ1\=qE\'`Ny\^\H\0E\\0&\\RcKr\r@=9\\/ق_\\>WҦ\'\T\Q:\\@4B\+\\0RXx\pڳH=\\\rsׅ`c5\\'@\\ףϖ]\G><ԯٞ@aZ\08v\⾍lxL^wr:i\1\A\;Hp\ƅWx\\x\2B*\\\^\?\~[5DԃpGq\ \Jp9)\┅\'i1hz.FOkꯇ<^\VF8\ʼA\\\\6q`V?\'3=\:.:\\F\\Jܾ8_Ƽ#\<\\\Fw\}_;\~g\\\ymg׎A\\+\0\n\#\x\zC\d:\	\LROnkW84\8\iy9@\PƃrGoJ\'ᅳ/8i\9q_I|9X31\6qם\u\?zlQ6\£*;EN;Dv\=\x#\Z~m<l1ھB\a.\\\V?ZgbN\W\~16\\Sag,\0\\5\e\\GH \4\~<\\e8⽴\41\q\ڐ`p1Af9$\Zcb4\\\\'4g,($pV\OeGC\Z\0oAלԑ\\\\\3\0*Q_\黱\r!\QpH\AO\d\?5	ȧ`\\ \ނrPy\o7\'֘\r\\\֦\"êY\0sYÁɮ\Mw[2j/s\\.h(\#ZۖHV>n\\\kVt+\\\y\sXϼyn>\\r\\\,\ӧ\^<\\\\Z9$u\\M\rݷ1L\(P\0aN7)Y*.\jP3\\^E6Q\\$z*ʦ\HA\W\\ɥK\a]&n{WMby5\\qG+H.$۶\?J\3_¾c!d\;\zWV\{ă\\n;\nr\{˕\\uή\1T\g\0Zd\C\V\r\8\\ާ1H\nl8\9\\6Hg\nJz\08/u>\٧\\\f9\0\>TU{\\X\Pı\\0Fz\y,\R\\\;bFG\\\u\hٰ»y\\\\\=K\\\\'NHw{\b\\r$\緷A\Gӷd>`$ֆc\\L$d})t\&\]qeh\\0\0\\♜NI\	4\+b7H5;\\92&\98#p\ZظcA=h\\~\\Lf8\~jx\0֗,\\0\ؤ\Sr=sA?&	P{\U\\M$1/\q\AJf\|\dx\\}~\\Z\h\$F\C\Pk\Z@HȨae\ꮤg~+Hm\n;\e\Xc\\^\^hQ|\%1a\\Z\\0kQ9\x\'0p\촨\\]riCo1ҭa9 \\0փ!\\"B\\~A\4nFs>U\Xp@\<ӚL\\'#Қmg\:e͌88\ҳ/\y\׶:#,$C\\rGa\\8ܠt\\\\h.aI\C\\\\}?vnH\niP\0v\!\\c\*\m9i\IV뜃\^\HO\\3\)v\d\)[\|$p1\0רsreXa*^E*\\r\[w+11ӎYm\p0~f\"\\D\0\#\\\UQ]T\PN)\\$\%`U	!Ye\N\rf\Er\\\fz\\\ KG+:kW\X\\U~P33f\'R\T`xCam㞂.w\9\P\ʘ\Gҡ00`c9_Ȕ>T\kdLvw\"G~\\\\%MĨA\3\\0Ӟ\P\_\\{\dȷge\0\0c\)IvTwF?Zb_b\\J\CNJ7\\*\.ʮ<>\ad\cI{ \S&n\>m\	\םM<\I\9\ˋl\9\q\\h\HGKA+{(fU<a5Ϧx\\=*/\\\lͮG\\;tQL\K؄{\ҳd\\F=s\\\j\O>\\30O6\͞eMp{֚H\9 aTm$2ĄUև\#v\0?\֡\\\"Ve\\$i\";I\an\00\׎\ܮ\N\0\Ss;)^}j%,Fs٭\0P\Y\\'\KcH\\\nZNeT<+G\jk\\0~\N\r\\n9\Vnv4PlΒqg\r\j|{_)~\\u\+`\YrrH=\(*jp8\Y:%Sel2nf\J\\F\}j\E+\\%\\dS\앎7ş\3b\>\\\ߒk\|IjJ\C\ 7\\\^\?31N8\\'1\9Ӟ\n\;\\(\Q:|1]ab\\0\\'<\\\\4\\\?\A^#\dK\$Q\ \qO\Xy<t\MgqPFiv`\\i\\ӋbҘNG:c\\?(⫎9\Ld\*3\S֢{\r\\\N\Jg95\&6\x\\Ĳ7z\x1sb\]\\C䎕>eOX$\v\\ԉ\vsJ\\D$T\8zc3m\b[lX]65;\c ɫ0Jն!\\\\{\04i`˵\\0\X\Z\q!\.W۷\FP\zz\nJn\	\'c\\\Yd\nˉb9\:\\1m:+ƼO7\r,m\ksoS\\e\O\J0\0Z5\@#5\\m\R	\Ez9\Zd2}\rWnJ\L|\\=\0-è\\\\\m\\0\ncT\I\@=\\0\\nN=S4A\Z/\ɚu\fbF=\0\]<\r,y)\I1!z\Z\\{\&M\V\\\"\\'k\\_H5;u~\ZC1;Vԣ&\ѕ\-E\P\&>o~\1\ri\&\ns\lRc\'\L\\ܝ9\0\n9|iiɨ\ny<\Z8\\\02M\03/\\qIԧzS	<1\0fNy\s\T\At\0\3\RHW#m޽zS3\S3\\0j,\0\n,\dS\\XH<d\օ\ӑҞ#S\d+Av\?NjJPn_\*\ZӅHиq\<\01R\38\z\/I|\\ڵBl\`!7`{֭̆P\ɮj\\9>\'\0N	<WM8I\1\\\gHHN>	bsN\B\\\'Z\b`\#7SC+Z;\\rGϩ5N\?6p.Ӟⵌ#؇9WYd`wԚ\ì]\y6qB\0\\HھxŠ\\夑\T`\#c,\/\.\o\#?i\\y\d\q]\(9`03Q\=A\\0բt\5T1\'us\\	i\,:0\\܈V$zTbmvqik\w789sO\s\\9K0gi	y\+z).#Z&d\\\\\ߊ#B\'3&n<>#\?֫J/~\"\Z.\)P\1\\U\\ޭh7$\;]\W\G\~\"\\$ٜ,1Z\a\c\'ZGiZ\-t$FڢVu`!\:t=\;-~\OL\mz^;{tQ-	?c\I<\o\\=GWH?<C\R\;W7/^3|UT>鞷o\ѫY\mp]8	\yI9qYu\rm\\\\p\'$f\\%Khl0\PH]\[%:\\th\\\Nx>םQСR\ROSZ\\hw[>\"׊\\BҐ\Dv`\r\Ec\0U+\m iRݧ\\'\\'\\\)fKW<\Uz\*qG+O1ɬ\O\O*2Yx)\\z{\nB\z\\\1nNl˴\mm\9J@fa\uFx]sW\0\Ook$E\\ș\kԩ\'~g{5\[\\xnt1\ɞ>c\+\|\\^L	8Vf\@:׸鋩bڃ\;t\\"Q\/\?4kE@.y\e]U\D\h1\=޽[\\V-*Ҳq?(\q}_ź\5\eº9<ף\I7\\rWT馣{A$\S³e	\JppW5I\j\Zb\^yk*\;2\p7\-J\D8\r\\\+\i#Qo5\q)e\\'>Ê\n{\-\ \a\{W]\QÍ\\'¸ۍ3bTs\\5飲CϿ\\"U8\r\\z\\]rPz,^\y>k3+p5uYN\%\3g#\\UKcg\\\$\r3\0	 |=%ce>bh.;^]D\q\`	n\'sTfc~0H#mw-Y3z/\n0\\+v7<sz \_\מjn\zsN\'rۧY\r4d}9\j坍\J\8xGӏA]̞\\:\'\\4ykZy\\09x\Cxଜt\]_\"\)Xnl@\\=NXPp០\S_\\Zy-\]bh Щ8\GLp08ZG$5\&9&/oі37-]\:zr-\\w&\sDV÷&_\\,\9|oG\"Np\\\`\nc\\so~\´;ǚcl\1\\\&\\0w\\rO*1~T\lP|\\3T8:M>\@\^\\r\\qҢ\Z\=TS\aZG5Y:J\j\\Z\n\f鎽\Ƌf!:Ӵ(>(\`jg78L#jx\^%+\WDcE\X\\p`A#\0Ч\3s嶭h\}:\\0\0\V̺\q\<?g*F=7\0Ls*0\pq^OTy]1⤞2J\=U/\rjmup\dC#Å\p%Xo\ߚn\J$S٘^1faW@Lx\[\n\rr\j\Z\\\J\ld\y\ЦQ>ڣL\5\݋}\\Ml\\\\Z\S\z㊯cOP*fv2\W`G\$oC|M \>\'p8=3ܚ=?\E{IGo])\|\sҽV\\j,[ׄG5\:\롻\nb|+*qil˄\ԓ\yh8oI\D6\\RG+,\b\\\\\s9\"~\rWq\$;\\\\\Z\Z\\W%}\\?\	v\^^g+P\\#\Dz\Z\j\\Uh+q֥ݎ\\.{%TR	\p<ӓ[\\Q<\+]qeZ\K\ҶQӜd3\ZSꏎs\4o5\\F\\&T]NZHרDھER٣\\	4B\'\=h(G8\#9\W\q\ϭjJ\3\!\s\\\\⁆2=y@\8\R\A\"\v\p¯N\2UE9\$O`Fdkn\Ú\\$\#\\\\A\*UZA\\\1\nE\\Qp3݈Ɂ\*ʮ*~E-\lvߖ\\|Sg\\/\nJ\^$y#8\ھ񥠿\n\r̀H\Au9;\E{t\Y\ccj\=9\n\M;\޾\#RI\S\4~ZNCd\\0\Ҿ<-dx\<ǌ.8| 4 yy\;pk\EB\0d \=1\4\	x\x{\\r8{ׂK@\ג=WZ\Z.\'acy\u\͐x\\\Oyyzi3)\0=(y5\\[\0\L\8\RxɥwS1sK\8\\'M\i\NGSH\\fW\0{P\0zWdy-\"\0wDP:t\\\M !W\i9#$d{g\h\O\\\JAz\rs\\~ӰB\ړ\0\~\npZH@\\a\q:\'o5s\P\I<\bþCQB>f\O|\-j+_PI\\\0=3Mv[߭\nTc\'S<1\J㹢G\r\\I\\H\n_?\~\Lk_\8rW\'y\;!E\0dziO \ZE\I5BG+\|\\O\'ڼl8\7N\>;k\\!8\eWc)\nN\;+\\Zcdf\"	Xi7\\\0\nὙq>S7W*TQ \\"\^y\j\0NMyWx\8\'脔v;\\rx\\"\-n\0UR7q\=+\VpW\͹K{;|ᩝ;\z\+#9\S\bjȵ\Z\\"D\ms8\\$VfB\0&\k\yյ\cӸ\^2)`2k\'P\\lp	ç9\\3{p5FHĭ\T\	!_qL\@\\P\j\\\za\=y\Ҡy\%P\\*\\7fl\9{܂AQc\\\s\*,\\Z<\r\Z\"\ҎR\\\Y׀0s\5\Z\>$\\_ʝ\pA\:^FT}\q\Ur\\\\\O5I\Un佉\$f\8#\UQY\p3\C\F\\FI\yv*F\\\Jů<Tc\\_\\\'<e}1O=\.J\ <\\8\\m\0GCR&\\s\H\{9\\P\\P@\37d:g\@Yn\\1T&\6\e]ǍnE\}s_\۰\ZʸΣ\07Rc򯧮1Uuk\*G\n!9I\Z\O/1\\\\k5&\"<61\ԇBT\[\z\Zv!ȨV0W\\8=\^@\N\#y|9de#\5>U,C\>db{s\JT\mBI\0r	=8\\]<EHۨ\#wӜMM2\\)z4YQ\8PD\\R[ܘ\D\P}tqb\\ոd\r\9\A\\^\F\Z.u?tkXdN\\	\\ک;v8c\;\\ٓn.=v__\\\\=l9UqrA\Syuq=py\})r\\"ݜ~c\\`Zj<c;b\\=[(iMDE\\nF\S\~l9dC\\o\\\\\\t#권2\'Fa\=\dz\\(\6\\˕8\\LcaS8*!\0W\{|5#\\\;\}zU	\gF\9\))	H\"߀x\X7p<\B*S\\\\\sQ\e$p2;\{Vf2\s1\T/4\\\kfI\˂F8\\SG\j*ˡ\\ϰs\T\w\\\A$\8!N2hu\kO\rjr\]*y}\ږr\0\\s^g&\ex_Oʚ\z\B;G\\M^/`>\-\\fTgjLc\0Y_U98je6\\eq1\0\JbS\Þ\\G\\\Xܧb\[\\)\6.BFqI\\m<\$\!J\`5\Mcׁ۵Z\G\	Q˭T\!w\n*\y7c\\ex`c=r\GLbG+GaQ\FIpx<nH\\k&i\6lg5U\}զ8N~Q\\M\\xI\O0	8\'vw͞\>W뱙4麷\\{w>¼i\\I\zױ~\\䚳#|\\y\4\Pa@S{z5\@.x@\xcp)y\@\'ޛ\m#\ׯ52\;{~T\\\\\p\ z\\j~Tl&\Fz{Wiii0&\\\Is799\>Qc d|\==Xr:\1B\\02>Wv~ȭ\\\⤞=/}y#\n\U^@\' \\|\v\\y8=j&3ڠ+uW\^s\\o\onB~i3\q[q\^\6c2z\+\0\:k\n4\S%\'C:|>sVM\ZpH݄L\\!\\\\\\'ڄl1\dP:\\#4\\\i\\\\ZQᶒ\u\"\\Q^e\N\r3]\@JǓ^t`W\\\;iJ\3$\f\k6{{@{V\3ҙ\Gz\I\O\\x\SoY9SJ\<V\VP\\\6kh\K\b\|\9>ߝy4\+	\ʘ\P2G5\.ԟI\\\\_4\q,\\9\3k\\=[9*44(\\f\0\r\g7z\B${\q\\]\0t\c4}Yej9\֛|\\U{\?vk\\V\\\r\\sھT\\k	/3$\z\	\}^\7|ƊN\ט^q;<gƻ\$a{\NN=)<\Iǌz~\"y\~h8\<bv\\4Fሪ(\AJ?.;T-h\V\9\\<#n:qLLaV\0J~(\\I\@\m\y\*d@jEǠ\J\(Ͻ0\v\M^xF#\49ޡ-\q\L<\@G\"nASǁUs\qJ\8%\GYݳ\gFGRzVj=\ռdo\`\vqqW`* =pk\"ݞ5#$V+\\0:\0#!W9⮴^<tj\{y\n\\[\\iv,Sj$-4#wpz׻i\%0x5Es$\R@R?\rz\\\\T݋\1q^i(\\0t>׭\\\ک\\`mǦe$7W\\'6:<\")\\u`\\91,͖)&6\p!\^~\\kil\Hs\\eZз$t֤	oySx\r2@\\ﴞ\\\:\"Ep\O*<\\\rF\\ʳ3M] h\Z4lvƸ\p\0[\v\\zs-\\fGBr\\5؉j]0ϕ\YZ-I\e\{ρƭ×\"X\\	ѾoQ_\'G5ݷ\$#5\\ꚔVʗ.0#`pvjjǞW2ɋ\hk\>]k\z5\i\\RGu\\Za\;+Vvy%23u.\&ᅇ\\.\{J\\źc\ns/.n|8B\\\|`9pPս\g	\=\t\U7\\\n1ݍN\y\2hڻ`dM-XsFI\(\n\̆=\P\z*\VyɣJ3@h㩢@\"e-\08\Z㵏X\tKV~\\F\9\aZҕje\	89ӌդ|x+[\\Q!CsB̝7\WqWZ^h\\H8\t\OLW֤qw4WKq\"ƭ\*\d{UR4\\\\(F\%k\f,^\ڰg9\TV`o\8bvI,\A\\Z&f\n/\=zz0;fn\\0I\-}F+ApTүW\3L\\>h\yW\'O[g9pb@s\N\\۱-\\RE$\e\`?xQ\\؄p\r]U5R\\3{\\\g\zsUfP\\5z\8~B\4l pT\V UbL-C\Zd(7qҘ%\+LwLM85V9\\0\\QKT\\f#TK`25`;\\\ԥدLTa8\ ,\0p)y\U\y5`p(ёI34A\*6\Xv\*qYQ}EY*\\zT\˞\rZ3a\\5+fLơ#\36\'E\tGc\b\\Dê<`ׯ\\\፠\u\b#g\X4`~ƶm[RF3V_÷\\Gz\Y*,\\zzR`V֝{g,/8ݎ*Lc߽Ri\\\tsRm\S`\)p\׭zi\۠;\\6Kw[\\UZE\'#<zWxBT_\\j\JQ^f\\[<@\ϭ?\C֕\\I\\03M8Ƚg\dw8\j|z\\\M~\&-\T`Qfn{۸-@\'\|q\u5-\fa;k&v\\y\0\^\re\u\V;\xr\|\h8\(\\PwGNy\Uxc\WcE}A\Ք\R1Fbv%H\}]6\x\%R>\ҍ\\[Oف^g0SaK-I\\P\>\t\ϥ \\"@`cS\8\#v\\y\\ҕB*%Gז{\nD\Р=;ְ8c@7\Z]~cn0s]\nɴW\U%\}\r){\\3j\\\>K#\!\Uf~4\뛛L#\W\+\׊\B12㯭|\\P1&9\ױM.h\\\b\L\\=H#>\h\?7\^\B\=)\\@g&đ$q\"r\ԜW֚\\\\$*(\\ּ/KL\\/a\ͧ6\\n>I$\JSj+\a&i;m9^Y&W$おL&\)Kc\Yǈx\0U77g \	bɱ\]\\@9V\nٮJ*J-\6\K\V\$Ozi\"\zp \\0\\4t\\\\Ҏ|Ӹ$7Nx/s\\]7s\\7B\\\Q\\\/e6\\CcT+\v2󃞄\0,*`s\:\fll+*IP\?_\\F\ga\\p*\n~w\i-\\ޘ\֋-\ry&)\A[W6lҖQ\dT\r\\\I\q\N\Fn\ێkF=.\\`\0ǭ<\̠n|\Ce.V\'H\\\?!2C׳ZjQ\"ua׃ᬟ5͠G\\sy\҂\$TZZ	QOyu\\\ǭ`\O\o\\'\8;G|\\"\(NJ\n\\z~\"}%\$u\YH9\WUm	β0\\ڣ8\\\\\Hs\	<b0\\\1\tܒ.\5\\\}\0\\\^2\:0!s\}kڼ,\9?/_Zƫ\\ZX+6!9\'#cjsll\q=\\"e\Z\\6=\ʼS\<^\b\DT\jpot颒0\⮛i\\H\ԃ\z`֥JĦ^\0Oj\9\\ڵD|E%k~1\S\knSxe! g#\λ\nj\E0	\zjƤ=\F^[taJWA_(OR=ziy\\r=\Ȝy\\\&990;Y)X\βNT䎔6C\qޏ)Ym:!\\қ(G\bM\/\!\U&Ig`g4\7\i\a*Ui4[\'fs%sК\%\\O#N쒬Gjj1ݝ\z}x`\n\";dW7\\s\R\\\\ԤK\#T\G]\vPr;\	>%_\0X=>_\p\O\\\ZF]{\*\\"\"\\0w<߽|\7@\"rh\'m\j|I\oj~Ɂ\:`\\03G\V\XRIO_\\\}c福WlfIF\0\\{zSTϨ`\@3\\J6FSu\9?s\_\\\wg]\q)\'q,q\'zbӒDF \!c\\\Uv@F#z\\ͦG\+zj\ʛssG&\\C\\\\\Sx\LENOpx\\\"L\wz՟j8⟱C\\0GQ\\;Ua؏p	\y;s\\\G\X7D\\j1\r݁\001\\;\\זQ\뎂r\eu(Rb@۸`}\'\n6Cs\ylt\w\\NH\*KrƺʌNF;cC/R\U\\d\ @\\FH?\U\\\Q\je]\\U]pJ\n\3@\A\FB\\bf\6[3(\T\\$/)˂0}8<SH$2:\Ȃ\\{q8Z\Zˮ<\\1ֲv\~^\JXm\0Ӟ8\+\ZBb0$bH\v\\Ł<8\Q\Пpw\bCG*%\\3t\\~A7)\A>\nK`w\=*Wq#s\\5GOq\\_9\j5P0G%\Z\lPx\ڡ2n\=h$\1\NUp?/~ݹ\=y\\\\X \>ojCD\7iH\\>\ݪo%\0vG2j\\KK\tPA\#\CN\sN 2֩^\{Wa\#\\15W,.\\\ c5\\ב\jbX&1\\p9=:f4\G!L\>1]*\Gpq\{\\\LTÜuϦ+&S\"6n{\nY\l7\=)\"m\\\Gҟ\"y\\Rl\H1rI\T9\f\\q\Z\#>²\t`\zVRf5 bKA\\V-*\X)#;exҮ\ \;7D\+\J\ڡ\1E1\֦\#\\\\l;W\a0	&5\M\s5h]x铜80\ti\\i\1}c5\ӲyGj\\:(8ߐ\\W~k#\\Y\\\ry0#*}\M2+\qNq\\\J\0!:w\\'roL?z\帞gvo\x*\R\=q\M\\\(3i\\F\\\\ d\\kѥ/o,kc}}뛺G[!6Wm>ǌph\\\\0{=+VT|=4\T\\aDs\6\Ǿp;Ԃl\)\P\<;}i`GG	^x#\rCLM\%`_b:pj]{N[7݂$q\tKdm\0uq]\-Kz\\\\f\\txؒ)\7FJ׊wrʋ\6W#w\c<\=Jd\\I=G֧\r+m\K78\\|RiPZ\\ \}\0c\1\6\$?eۚ\YI<Y\	\t\\qr#o\WQ])s\\hsrO\\LV\\\&8\8\֝\n\Hx\p:\wqpsTfۻ	lm<\Q^\jJ\O`y(O5\r8\\\n\n\9\\A\\5[r5KW\n\\[W\Fd\0\Z\aşXD~Nj\܄ҧ\ns\Es\\Z\\g3¼c8K\ \\v(s$\W\\#\Sm<\˓bg\0r#\rwQwƨ=}J~x\;Jq\\\@q]L#4\<\ݏOE7=\IrsHܓ\S\vI \A#4`>2X\\\\j\\0z1<n9E\ \❀2@\ҡ\\4o($0[pjoN*pG8\UO^{\	Ah ((`\\I\0_^\rIh\T\NEZI\Zc\"!O\ys\Yk.\\=\\#;}Ht;!gGOJՁ+`\:V\r\\\ZK`\@\]Pvv98xUs\\s fT\|/g[ųpR	\\ՠC\r0Bz.sܟz\n\˺Fa^wܠ\r\\ۈn\ny\\+^m\\̌#}\ZWbrE\\k\Y\]UI>\\Ė\\\I\"\\\\\v\Y\ld⤏H ̅\\\]ƻ0\\Y)Yox\q\A%\\l\ׯb\r*\\P[\4A93F\\(\zpFKS(#\0պ\,\)(\\*;FѴ~5\\T0cw\'OC[܍\|`w5&\\PHf\$BCw\\(=:=N\\0cx\\ә`\\n\7\Ai\m0]`cօU\lY\\\w,\G?y<z^\u\_\xfR $\\k+K\\D\n69_j\?f\\g\Bb\\k\\az\We\\kq߮Ǿ++\0A\\q\&f<ϻv¾zQ\\neV	R+\[KIEJ(i(\n\rP\)(\\\.\\y\-Q\"0p60\w*vB\nX8\\/!3O\\ڸ\;H.dTrS\'7#\־\<;a{o2\8XW`{Wx÷\e\ĲpDewzls_K\\\h\)\ԡ::9n@V\\\\\>I\A+I\\\\N;J;\ \'\qXd@ 9#\sZօ\mFy\\#MdJ%E\GtRA6\rpr׳a3\x5\ٳ֣WDf:s+`\S$\\d9\}+u\r&y	nR}J\r\\r:\\uBi.Ty5v\E]\5U\$\OrJ\e&\0\T]8\"g\qU	\"\̷H~PsQyC#\Z!CksJS!1\0$\g\Չ\V\<\\X\n;T8\CR\5&\\\cSB8\\\n&3\5g\g.V>t\0IUi#r!\Dm\"p\rc\FF\QI\Qas %\DT\Tn\0:\'\e\7\\W5i;\5\x\]F\\\?5\YQ\\}0sR\MR\jJ\#\=\\\\n\Rzp\\/S_h{r+#x\I\\0.\Z\F[\c~\\[i(\0\r]X\\*%\`\0{\JMi#-c_텈\yVmD׫Pi*Y\\g=k\!Gnv9\:L8\Z\h:dŉRF\5o\\2\"=\y\shZr\\	47FJ㡭_?q\'\Q\[\\"#\8\+ImeEdy<ϙc\\ҽs\2 9\y\\\\TF\V\\0jYMr\\ZʛJ\m\0zץ\\$@zkw\\0`wהt\ы<0C8 ,lǡ\J\s;p\8T\'k֤\2,j7\:\\\\\:)%B;m\ffnS\<9\48\fK?4f(	Z\\)\m\ҤI\xu\&\\\R,\"-\>\PIdb3ރ3g t5\\\ѻmy\00ROZ_\Z~},3&\\\"\oⰸ1\\ #<\\\ޡ}w~\t$\\zv\p\\_\\0]ϟt\Z\\n\\כ^/\n$\0$\&#\dH*0oNGWJ)$6ITweY\nF\r7Gs\2\Į\\RIk\Z\LȠO|uɧ7@\?Κp3ު\4sNf\r\^zPI\0\@\0\r~\:\e\\x\lf\<u\r1+\\"|澉ɤ\@Fh\'^HlEGi8-O@\X1D\"\\0\k\X\Rpx\zǵ\\! t&n5\5m\\^\vz1Tt*=MSc\=\\\̗s\ya2\\\Z{C3Qm\\:^E2<]Z\Tb \z\̍\}+\!G#\n\O|{\n\n<0\˚gZrsM9\\\5\yLfB\'e\\5<\#qR/\K\c\\^r\\dU+\8^UU\92\0N\+ǫiuө\jm\|V#ӎ\06=\85\@0+Fƞ\/\j\7\3\^9ǵ}3}or[2nRz\X}6hOE\\{קvcegsߨ4)\\Z01ϥv&fi\`O\3u \,z\iv\NG\s\\ƭ\'\nd.\\\c#s\rz(ZV\	j65m混<aA\WU-\R=+/H~U\=Z\":Y5\n\0{Vp\\r2Ü\%ힾ#gC\j\\nF͘`=q\IѢs\Ҹ\! ճ!W\\\GGs.Q6\\M}+\Ns\j1c$Ӓ7\lP3\I\TMp\f\)E2\\0Ok7E\'Ԛ\~#\\o,1n\ں\/.~s}0+\x\P\H#UĐ>\1+}1\T˞#\\\s<ז\pd˾6q\N\\\b\\Ք\\t@P\I\\\Zq)i!1)PTpy\'ʊP2>\\"\sZ0[R3g\\I/\O(\>^xs^J\g+˯\E\Z+`\'\"\Ƣ;\\}Mszgq\9\n\\ֹ-sa!t#\X\0K秭Gt\\Z\\"W\8AF*.\ܚ\!6e~q\ryȮGU\\\\xp~\jp\̎#sݹ\R\r\r2\[\D\1y>\e<\ϔt_\\UcL1\>\\\sӍ\Ӟ\\M+A\\nOQZ\F#e\cm\rA\@>Ǌx\y\U!wErj\cȭ\0mNbO\X\\\\\}+V4数n\\@\\w4\.ֶ\Bw9<P*zvwqҝ-\\=\n0j]N\0\\\h\,$Ȟa\#?N\\ݖ\O\s@RG\\S#i\S\F\U\\iN9\#\'8\\]\nM\Z1N\ڜ=׎jٰ\g{W#i\\+ld\\'\*\ZL\\\hiwCT\9\q[ď<\9t$^~\n.22rI*2G5\X4mg9\0\(T#1ӧZk\0GZHU\\\\\\2I\}iXc\0\d[帩B((\8\$V\\%s\c>\3Z!\Uh#$tS秧O*<e\\y=\c6\gb\\H\j \\nE0Ec\+\{\7%W\\Jzg=\\"\\FA矦)H҆ShcFjW;p\\E\\r\c\kElK\Hn͚񕔎78=:c-\\#8=\Ļ۷\ 0pNI\:Ic#0	Ϩ|Q\Hq\0\n{.	\\\\c[k\hPI\\G\\Zɝ۾l7\n@<?Ts\`\?\nԍcq~fFr	\'֑11\\'\8kh#\n\r\|R\$K\"\I\\\F\6\Z$d\618\}i\QT\u\N%rÁR\\0{*/[\lC{\ZaHMp	\\\+]Ć\ڕA\'\ϯZ\\"Nq\8\iF9E\Zt\\s޳m[o\\s\>\6\^O\z\nTN^ VB9<\%Í\03քP\/\Uk\\ .\0k6\+;I\\.c~\'f	c\'\?J.\'bQx\'\XH\\0\ZPq\\]\}*a\\\X=\\),\G\Wc4sc \g`01\\\r32NьC4M\\\	\VdI`H8<vё\r;U۪s}BcL`\9\\|H!]\\ڿ\\Z[2\\n~bOpGC^z\Xnvssגk\\C\5ЅQx\r\\qO_9S\1\[\Zm/\nsoJ\]WKyK}\rzf\Vq\\\\\\h\\\\{t\t\ZSf\\"00\.\0+\\UO\\Tي\T\\4اݗR\rV\n\dm\\TX ;A$h\\R7ڇ\0\g,Ļd\Eo\b\"\b\MAs\^9\\7\$S+;)+\'\:o\dUi+\\~y\u\̦5l.wC[#6kp\\\ֹ\'Q%E+\0w_\\{\AC\Mal@\p\0BF!I\'k!dFqu>\n\\E4\\õDC\duapF	~V\ڛ6\'WV\\3eyd\\pU=+\r⯤! ϥs	>\B\+R Q\\\1qT{r})\&r2N=s@`GG(\ܜg\ss|~*\\̱\޼q\M\"y3\\H4\=JvSZ\0\\-K^8\94\1\n8nȥ#NX\\|/Ưi\\w\W.|;L@\Rڷ\'V\tW#G\p5Ģ5\QE`j\\\1XN\nWf\ru[X4\\B\&UP\vH\X\/\ew\NKA<\iQq]\\ʈ\U\\z2{ڪK{g4\\\0,oV\nj\"	-\	\(8\\\\0ϩ/sޤQaLԤ\0}듃\8s\\z\Wi\6\zߘN\\MD[\0qwҙGzjM\\\#\0G3ڝ\\dGJMcD#\<{玔q1l\׭\0LDQ-\].0w=\6v\T\\Sh\r\Q\v5hM\Zvr\=M#\rf[n	zZ0+\0kx\"o\sV%\6\1\=\\\Ǚ$W\^\0\c\6s5L&7\Z\XsY6\*+B%*m\+b{<\\\"I\Og{jX1	։\\[YkP%\H\0zo\\9\Z\<[\0\%G5\H\ɮ\\V%\\\'\G\Kd\v\[\\\e<U\Gi]1\r\wr\\In\P	\]L\oH\B,b+T\]4\r`y\[\pYb\@\c\Ӛy\x\\=\\:6)\<\9>դQ.\B4\T˒LD\;\K+\\(l2\\0\:\!q>\@C]\]y0ʭ\y\0ZrMrH\t맴`cHQqȯUNPz\\Ebeb6\3\t\\t\-@+\q\nַF[&\{\E%)\6\L)qINi&(\( \r!(\0\E\0v\0x\E L6ӎ⼯Ėnn\}\3*\ڿ7\;W\G\ц\<<LµV6n\Ⱥ\\\'\ڸI-\$\+\_xKL\4\#(m\\r%>\nÔH\l_G\\efL*Sw<k]U$,2Czq\\LI\Ez4\\R\FE;\>\[h1Z\E㌜w\aZ4\\j&V,1\|\\\\Ą\;\\S\\;w|Y\H\ʹlc\ָɴ\ug*7u\Z\Q\N\D\nb	\gIZH|\uW-\\c¬x\\L:\=\\'N=V}\O\+VGm\y\.f\n9.+]9da\\\\*\0\4i\Z9\y\UY^ڍ\\u\\ӠGp\X^S!Lrpx5\(\ZFel\<E\J\\"IbX4\{XHRh\0rk>AIw9r%qo\N\E\'\G;bGgC\P>\|\3\Z.8\4n\[\n\hoƁaH\Z\\瑌W\n\cU25\b3WLq\\0:c\Z$h\vSa&TP<p{\4\\T\ݧ,/ִ2	<fTzS\)$o\yK0\Mi\\z2\9I\d(\}>FIbG*%pOjd\0\\<c(_)<n&f*qŪOlB\SHM\2\30	[\\,k3*!+]\<Vkwnێ0;\Zޕ;\\\wZ!\؎3ߏW;\ʧ\\r#`ݺ\gahy q\n\RPE;1\11\\y4\\\3\5AH\S^H@p\0O\0X\նot\\'\̆0\\)\䳹p\\v\(x\0\Z\E7\\T֧/7#=\n\1Uc\Vi6˞\\s,\0If\\\DJ\hNR\\rRgI\0\0=jfIY\XV\0`6YV}ƌ\\-%{9Gh\'VE\\\A)P9\rҾkyl\Q\"A\\k\<+\r7N;W5j	\ޕ[h\[UQIf\\k\u\0\Fc\\ަKd\eG\\V֐;H\ׇ\V\6\0㊣s\\\\Y犄j\\\1]th#NrX\)\QϚ\'<\0Z\-\\^Շa\\<\9}+˒\\r1F\0/\\T[\\5{*1x\0\0\ʁkD\fՅ\\дW\qUTrz\*\UBT}\Z\\a\0w9\}i]\l\\֚Yq\\3\۶PFW\ھx.1\0>^# 9s[־ ԭc\nz\V.\>+0܂1R[˴d\Ox\=U\H0/׵zpЬ\0d7\\'I\sx\5|\=\\-f(s\\WxPYͬG1l \\jaO\\\\\rLOOi<\\i\P,[j\d\cA r$==\F\δ\2\\vF\\ͽK\h q╼!m+^~@,Hd!SҶ\tn㎕.sL\B\rc\Kl\O5˓.\#\$\:W\\|Tps1.>\ȕ8#NO^\Y\'Y	\a\\\0իvJ\rH\\\\k\|r\R,sJ\\ӻ!(yg\\b\7K\+\m\\Z\\<7\WjЁ\\1m8/$o\I\[\C\l\̫LԱhcldb+Y\\\n\\\@S8\Z\\ y^~_\0X)*\V$\\I\"Ps\λG\\g\&t*\R\nd9ɬ\f9\]Ϋn#v	\rqg\nF\ֺ`\\5f\@\'|\\ަL^\Q\J\\_-\"cfÑH5\\\\#[-\x搖8<\47rz\\n\zu` VܑW $`;gsQ@q\"w\\_&\x\\Hk.W$\\&g\X*%}ӕT\h3!1˜ \#sJךfx=H\@\2,qV`aս\Z:0t\\"߹AhhX\\r߃ݫZ\\-F\$\\\\!Q\0{RI\?\\4j\\,\r-#g-\\W\\x\\p˺$\F[\^ѣ&\^7k\n\\\IC\\5\\x8\\n2\0FTDlt\VIs,\븓ң0c\*\*\=;w\\h\p\׷iً}i\[\1\70\\޽*##2k\"IRFU`DX6\\[\\\\\Ny\=5.8\ۧm1\?N9\s\4Y\\8$r=麜\rf0[8	 Ya\v*\Er=ͩ\x\0z\J\%\npHW8F\\{\u\8]\\n\3V\ˡ\j\\\sM}7\p1߿5Fxp\r:\=t̤jEiQ!O^٧\hq	\\Izc\ݛIR1;+\\.\\>\;wDhŔ6\Jx\,dľVMA8\\Pj\dd\v5q\l񀁈\zSNcs\3\6۴OldG\\\\\\\\Q\1\A\W$Na\ߚ\_6\O-\\Zx\n;у>\iַ \*\9\\+\\.I\q\gMKnlm$N5.E\K	`F9lJՄC<}F\?}\j\\}H܍Г\\qQM67\\+E+\4(g\\P1\\tGC tאrN	\Bxf!c7U`\ES4*A$ӭW\fq>HHO \~Ƿ\O\?\Ţl\\\P\MW$`sTvp3I)1\)\\<}Ot&x<\\'5*\=OӽL-\MEDcbq\9\VC0\0\\;\P\\i̣\t2\\	\\\ƨeH!X㓓OY\3\M֜$C\"\\{z]\<l\8\>f5\\\I+Mˌ\whƘ\nH¨#\\\nG\n\"#$2Ǧ}\z\]\\SE\y\.r\u\R+Z\\i=կc\3\\j\nq\5pAt1Ɨ1d!RH\;\f\\\nz`\t2\\<@,l}>aӾ+	P\F\PIJH8\<q㊊P;\WVs\'\\Ӧi\\0 [\uՇ돛Fc%\,s\'5NI\ǩyTn驰ٳ\=\Vd\ry\皤5)U~\\ҭ\0cƮ&2֑\T\\?U<qY\e-^;淢dB\1qhD/<bap[N{S㿥$\BO\s\2lKonX\8\\0֨\G@\`MF8u\'#-\\\\r\3\I\@\S<\02i\\y\\\rDA&\%緥5|]<\W7 T4e0FA拉#2$Ww\U\\3\C\ԫ{{)<c>\v\\Lm\A\\0nd\0\0\'ۥPLd,cֱ:`\00iFYGZ\\\'x\h>T9SX4n~rweG8q\1\\\{\7\\u<}s\N\sҪ\(ot$ɫ!7\\W4\\3\\n\\Ih?\R|H\\D\iS\q\\^Su)L61\⯭\7\t\Ո\|a\z\Hvw\\\\bц\-\p\0%~^3\+>HoJ\T\\O\?!9\"Z\\S&ңn\nj[E6_7$ϊn\8bs\=\nĠd\;C\A%\lE\n^s\ޫ\\\\8\\\\\ߵ@\\zbp\E\3FrsJVA\=iZ6Tݴe\x\H\0w\qR,\nO!ŵ\"m\)+\tkq3\woNHϭ^a\y\\~5ʹ\U^\/`&K AL\'!P\~sM\$<ӱ-Yzt-ZC*]U\o\\\ a\\\}\v\)2=\,#%~\n˂*sA\n RXMk\pIW#2cg4d$\0\\\}j+\$\^~9U\0qV\dh|\Uf\"Ʌg[ȣ0A5\VKkc9\r ǿ֜cq\V`\zu\rE\9N\8\\\P\0\\׊\5Kkx\\cދ\vҒ\nly\M\#b\`rk+Lf]J\nu`\\\	G^ wV͕u(3к\4ʝ}\n_\\\WM߽opF>OB\rzB\S\\j\x\\n\\N\'Q\h|y<t5A\]ȹu\9\\\g\\*B\08\dj78NA\TP9\	\pwq\CR:dP\0	\A\'J3\5_zp\\q\aMe\=1Us\\)Lc<Ғ}i\)=n\v\8?\'Oq]=}Ao^9\\P\+\Q\\`X2\De\Q62iq@XV|#\Gpy\L\\\3ڥ/ǭV\r\\8\‱<x/֧\AqV7&1նF\0\5d\0\'>c$}=jc/>h\Z7lٟ<^ Cc!_-Tϧ	cZ\-.\u(\6:\M6s\ׯ幹F\8\Z\rn\d,\TgZ\\×fa\\[\\\?8[\钪HNNkM.ı8\k\sRIQ\\\q9i_\dW_\`\\\"d0\)\&\\feӮ+j\\\&$$\GsN\<\\|mP\\Q\#\W\lnc\FR\'0P+\Y4$\\ 0\\Oԓ`V>g\lsǧ&Z\"B\da#\\WV\B\\J\rNK{qXj\rt]I##\BP+|\\nHǿZ\\"\\Z.\q\z\V|a8>2F9>\g\׶N7\u=\\m=&V!1\=\\"\n\c\;X\1h\\Vkc6\u\Ox]\nٞI\~\\n\m\IfB\\G\\\\uK$W\sǸ\u\Z2V;\rۿ.kZ\gg\\iBU\S\ɣr$2\# j\\)&78tގ\n)xYȗj\\CF1A(QE\0QE\0\4\LT3/$\\;\0J8\\|9\Kզ\^\$Y<>T+\n:澋}r\\ +k\\SU9y.A=\"\\\\r&bl\]<cN>^\|H\\[|w%\'\\\\b1\\\V-c_D\.`\6\\	\\	^Y7\0ےĺ`W\ʌY\Ʀ<ior$g\\.|{m7$\jYv\G-˲9\SW\ד\#/۱\kuҝ\Oq\\\\\n>F\j\rcpc\B\0]Ĉʉ{F\錝yn\m#ҳ?\e\Xשݞ}Ůf?{w\'ܜufx\\7FGNAⰕv5Sg\|O\c9%s\\_\\Z=Agp]\\Yw!P\cE6{S@3o\\TUH\\`g\3\vlyb\|T\{\\go-~W1n;\\xxv/A\Տn~\\j1m\\}C^\r\\JY\O`\gj	Ţ#-N?\\~\\\\n\r\]\h\\\\iQ\\s\\\\0dŲj=\L,:\\>f{\-\\0\ϿLP\ܮD(ǚBh9\\>;\0f\[^ޔbLqZhw<ȃ{\Ý-y\5!\0v\\Aoe.\\\?Mn\\Z\R?tA¹9ʛ\ҵ\){?B*y$:%^+\c񯈠kh\7\}3҇\T\Ds!\nq\\xfq7\'?S^\MJB\\Jo <\n\04PG\G\"c%#^\QXoo^c5m\"?̀;w=\Eg\ӭ\0s@\C\\Q\UtR\\UbOc\pkTyK\\Ӓ2\ֳJ\\ڵt\n]m_ar3\۟궶Lvb\TX\n\|*o>?ڽ[wxܻH\j\\&|\n\hE\\~c\iAcU\ns.S)GTWAb \\)\ޅtx\8\%C\0$&\\c~+*\POB	\CYEJ\d\kU2~n\n\Ӧ\\5F\\wc\\GV}8u\Ms7Q$$r t\6\9ie\$$\	`lk^\[\;مu\\BN\(\'֩{9sv\\\"lm\c\U)wۅ}\3\ښ+1HXz\\\[q#j\$-\\*>ѐ\G@js\0<z}+:ki\]VsG\[\\6\\;\ϥ{\!sT\"\L\#\ԊRO@\\V/\.4ۓ\l3\r\֮\!q9\.y2i\0̸rs\]FG\#\'*\\u#Щ^786Ղ0q\LV\O\g޺\3Lz\x1R?U{)FŽ:\R{\$\'{mn-\\\\\0v2Mr>\1+4:|\ڽ9!\\\=\xj	;2\ \\\xCŭ\\\Al쌬@\o\Z\)9+(\}Gbj`+\4^\b\~&u\Z֞YGR\Г^,l@N+p\0\j.eP<\3\篹\I\<\\D~BCc\Si\rIi\\\ݒ\şJ\|5 )1ؑ|\+4AH\\x>\ibaO\iX\ۤ\\\Wep\|RAi4R~0xA!`295!f4\'CMyv\|\ug#*3\+ޕhɲZ{W\I۵x-Atrw+\\^\\\c#k	\r\0M\\\	@\'yqZ\#3\`h&\rF@ϥn+	xɪOi+\\yE\\pGqQ\<\1qZ\\Th߳aQ\0\r^>#$\\0\?r\;6\`	\\h\?\0*$jɕ\rP\(Q\S̤^\oҺlL~\V\a\Z%۷\kHĆ\\8Ώ	h+\Y\r\\X\\\~\"Vd\\\=\\\r\*\fqQC3878U߲N@+8A1[n#qD\Ja!s\0,,p\\";\0aq\Zj!QIټޕ\ii\\pk\-\rΪKzBj\qy\\Paq[Imfh\6	\]߆/6!\\jB*d~\\j\\nx,\zcVk1gJ\HXH#4\S\lL\1\"Y\`皾K\#\r9l\-wg\q\g[^\O6ˡ\\8lPM\)%,\n\\sҲ9N{WO]*\\\\`\i\0\1FM=\\\r\+GON:欄2\\u\R)\0nT;\)+\cn\Z+r[\0\'\5\:P\q=:׏\JjP\\\c\+״X*9\\nSgF)d\q\Z+\' cN3\;nP9 \1^\\5F|:}\"=N$0X\\'֤kt)U\3Ʊ,|\=I.rQ\ZXɍ~)\'\\H#\\j6gy\J%V\qL?Q\\ 5\h0vP9<\a}\Gq\\\y<v\)Aӑ%U\IP@\\\l}jNsok1vvv)4\O-\NG&k2m*?$\@MekǛǬ3\V<\\\Z\Ņ#x#\"\\)-%`@ \ڳ\ʍ\q\ڶF\fUJ\xϕJ8Ԏ\Sb,ynx\\Z\\kT\fLU\&\0\nU\.\Y\#;_ǌ⤹\0U\OSѱYE>*d4{7P\\`O\\Ӡ1\uI\\'r1gzݱE*9\z\n\J\\jƂ3	9<\OvU=A~\\\&\0uo_8\9RO\0ة$Z\w%2ǎ#B\O.x9#ҏ.\\\\\\\r&ƈ\"m\l\q\\\W\\^I\\8ǭQ\1\n\\x\zz朖\Hx\'z\r*n6\cj`\T@p\GS\]\\8\KGH$`jS\4\<bebpp6\\j|6\^w{H@\\К\6\"\[UC\\@1rsА?y\Z{&y\.6\\秡c1Pb$d\k\MœvFfFh$(px\aG\<ٞJ<?\Ͷ\qVm\\b8\x\\zo\{\(\!\x>C2GQ7REfޠu^8TyU~\?\\{\0i\\Am#\K\)@~CzWǀ\a\wW`d\}\\=\jp\o\\N{\+\\rz5X_\\0\\\vxe\#\\NqӦ*]y!iᘭ02H\=\i\6\\1Ss\N\\S}o\8<\n}C٢\m#Q\0=)^\\\0@]\U߰\\N\~\\\J̠8\\Ъ!G\\&ߓ8\/Jλ\A\=e\Nfmu\\,v\匳䁒ryܚ%լ1\6\PqW^\\`\gS\\\L\B\\5\a\\(\\\zs\)\5\\4ep$\0@\"o*鸃z`^pIH\rI84P\iw\|\q\\FH\V\|\n\A2=Gjr=A&GC\O z\\ϘkEs$K3<\Rt\\\1ޮĴ\#\AgM>\q]\\`U{Fzc\"Lc$;҃\'T7\GA\j\0:~tԑY1q\Pf\n3ߠM\|Ur;1\nTJA\\0cy\@XY\D\0\=*;FpkM$C(8\ ⹙ r9 ԚF#KA,z26Fw~\"\$NDx\'\Z?1\	\1_rNi8\	\0JB񬤍bH\\r\I\G=n$UBtG2=:\^kwl\0ZSDǫ:\0	fE$\P>:n\\E>^4(2+,\Gc\R3\y؃<w\\Ͻ\wdt\{\E:Wf2byC\\\\*\.9\^u\\T<\m\1f\\C\\|{:\ME\$9@I\<\ZQ\X~+r-mso\0\\\\"\9R!\ہ\	\k@e\'-?>x73J\.w\K\d\_Zɗlyw6@zbt;\s\\\w~#6H߸\\0u\,ƍ\\u\-H\"W%\\7vdy[8\stoN<aHwǭGorœq\Q\Ϸ8\NBK0\޼S]<V#1m[rR\n\'EؘXt!qުnR	\\߶kJ(\Gp~`=js	VV\y=*\!\x\I\4\$*O-L;q\`)\Ó\±\@\U\\8EFc\ɯG֞t\\\ǚ\\\$7;\\\Q\Hcf~Nj1 t\Oޕg\\A\\	5\rZc\2JO\\O[\>iD\G>\\Mnnbv\xɨj3;0J\\0Wkڋc3 \a\0\}\Ńs\\).[\ $\\q\Rם+9ڤ\\m\ fR\k~Sd\&3*\\no\\׏S\p00\rji,c2uf}eo|dk$7\SW\\\5DE⳵v\0D$`\s\n\\\Z\\w3\\d|\#5\P`\0$/5\M\QcT]\E\pk\"\/\\09\\N\m\0>X8b&|\5d*O7}s=\\h֒Z\\%\'k3^p<\\W\"2\÷\N9nGVA\\ni#+A\`K\jI1P0y\֣3JH\\\HX㠥=}*5|sRp<Tݖ\JoQw\ژ_W\'\\I\i\p߽4q({sx\',zK9G\'6sNV)KE#v\NsB\i9\*s\\\0x%ۜ/nI=\r\DP_a~M\n_\'##\1/2:\ѦwqO2n_3\\\ʩ\|\\)\]`!HI\H=w\C!c\a5Խ\9\"kI%L\\\\QV)H\0A\ez\Z\\2\$\\}*\%\C\r־A1j֟pO9f\\'Hţ9UR\*\r\\.\VfP\=85[}̮FHv\\\\C]drOFsI,R\J\0;WC\rė\B[\\\\\x\\=9-+Ki\\\TLɳGHX\19ܛX~<Vݬ\)`d$\3\\ҝao\\5E8^336oZܙD	3;$POqɴU\\SL\D\\aAkNdI\\ZGm,\L2w\Z>\'\q\'\^yQ\m\\\\k<X\0Mzރg!\\[,\8\\=i\k;ߙ-\c>H):+:0Ե\\]\$0>Q(}{\nм\,\\\\Zz\\nJ<\[X\"W\Fn#d\0r@\@A\'ެ\RF6ܧ+2mv\(ZQ\3ȨP\)Ԇ7c{\{\Y}^\qiص%-\4%IN4`b\)\`\n\@qN҃R1z{}\ 4خ2|\k~2\\\\"$˱WO\^H\0	xNpH\\rw`\\\"MF0w\91)9(\\Zxap\[_8\")۷x\\+3E\o \\=ro\N\\'\});\Z>YDO\0\6`Ѐ\\t1miOjd9 6}m*J5#\,\\FI_DUN\07IM\݃o,þ{s^i\[\g\$o\<vus=Kc\0\\:\\!p\nrjKI/#2]\"F=V!\\K,\r\7]>\;^h٤8mIm2cP\0\\ty\\\ \ z\<c\\])\.\:*֥%\P<\\h\Md\\$.EE)\ֶ.\\1(p\+i&r\Ԝ\xʓ\I*i\\d\F\0^Ncx\k&ZfG\\FF\0:[؈\\n۪ޏ\\\d\c\G75\#\H\rZ\Fc\r\Eg̛)I3\UEn9-\\\\OZ.YC\r\Gmz\\k2\\\n rj-\w\\\.+\Zr\\\M}3G\\6D	\\_<\\\\X\\'\}ڀc\\Qݡ\\\`j{@ݫL<:]\\\\I ~\{VO\\\xi<\)X==5\~,J#{,g%\\0+~,JͩYǓD\\E?\${9%\\n88\\h{t Wxat+\u-mZ&C\	\]M;\Z\kfFlᐐ\0\q-\uQgOh<M\{y44\m\ϯm\,ĵҠ\呉!x=|G\\\]\rN\-\~c֢\\'V219SV*xfE:\\0\\Ԏ\\݌zW6\\եϹ\'\4daqۿ|bL\9hP\6^3~My%\siw\\\LÐxȯ{fL\\=k\|{\\0r:f\\\3זlx\籦\0h\@\q\}=$\\\0\$VVwF\'㞽ZhG\Y50\\..d\\z\Ⳋ\`X،G:ʜ,br;\u\Zd\u\GF8&\\낄t>=\h\\w\A\\kޭ`B\~>!\\pʸϘ1\\\0\ZQ\\ \ap=(N\\Kj\g\\^P\\\\\\n3\\0I#hFRierq־gϩ\\rx߀\ecf=9kS8\z\r\\H\MZʦg-\$\Z/\\TpGL\ZrFnw\qn@YPnQ\#֜%\p0\=~5|ꐷ cu7$\\\'{yS:UF!\s\~L\	\\\-Yay\ڍ\\)\M\رM\ӦzsZ\>!Bm,\\\Ex\?6?L\\0u=*eg#\l<a%\[\`\\18\\\\\η0\.e@|qҍ\\[ExN\\9}*8\P%m\1TbH\劵\"\"<p1\V߻ko]\*n*3sN5Iq)2QH<c\k f28\?ңG\\0);\qA%\\*\-\|1l\"0A;z{\}\ie\rq\fYRS\'9\{Q\88=*%\HbG\S!zo\cg\\\q.d\0s`\M\r\6A*teI\\DB\Ւ\l\{c5XBmߝ~UbHp*\w\\ \%7z\r#\\\\\=\rFF<?<WyOt\I\;\:\ބWE29<\l\J]\\\[pC\Ds\\\%^0\)B\LFHh\ܺ\\9=85;(p\\y\\]{O0q#\P3\<\,L\\\=\0`\\H\\\F\nڵ9\0W\x\w9vA2\0]\R\D\\\R\<[l.;g\\O\S5\r58X\\)\\) \b{T͹q$+K|m\M:kN\\\0\敌\3\s8,GJ\\\P2	n\\ᙦ\<x<}1[:6\'\뜟ۚLų?ľ\\=\\/\k6\f8\\W\\qN\\^\#\Y2\+L\n\sWR$<\;g1\t\F;zt5=e8tm\,sMI9\\F\0\y\;UT\cRqϯz:L12\I\O{HW\r$<qJ\#H\\N	#{&قd78^r+Ғ\"\ץ8\8\\gi~ܥ¨#\}+\tA\|\&=\\\㞵\z`>K\0F1\Z\\ӞR#ol\\bn*Cc\>\\3\[_Ƹ\<\r\\(X\\X\\0$u\0r+% 3p\\5Z[\5}Q<Z؆\\\np$\\ZnV#,{uh\9\SĲe\\(ϯbnd\3dnv|.=85\پ\B\'\.\&R;k\]\N;W=\/ pa[bA?^9Ma\1*\n}8\ښ_BVq\\C\ʃK{\+\<7,L^ʌ\"\n\\	\Jh$ۉ9<զG;L\rżlٸ4ܦw\\+\ot\fM݇\)>\WhL\UG(+\;;Ryhnݲt?ٌ\\'\\ 0J\<\U\\tќ\FNGֽ1\VV֩22<VFcrO#=\\N\Rw4\#p)dܨ\xTD#ۀ\9\)U(\5$ƿ \h4ƒF\y##ҠIq{~$\\\v\J2w<?\\TbF<\p\FO\\NߢVD!m3YI]Uch݋\\5Jy\\=\\\rzN,Au \\kGtHbq +U4\\_Xvʩ)\5-\"A\t\};\mlxbU\n٠\\nPPOɥv!̀\p\0\*A\lt8\"TG\+\zOK\nO;q׵&\+R\\Obu8N*پH eZc\FrF\\r+#6\020\0\\߳\"2OL;\-\*z񎢠]@\\\緯=lU \KFn<\\\}l@.y\*q\\)]\|dv\\Zsz/\\\0ٱ\3\9sד\\>H\r\e~S~]\B-\׿d.W<d\otﴮw\5I\\w1Y[\B>\/幕\*z\#Wi\Kq\\n=\el\ \}\С\r.e-ȏ\8=\NK.A\8\i[Γo\'=A8\u3\\\0Q\0ld[\0\0\\0W\=\l\0/p\0/5v?QhD}\Ѿ\0Z(D\o\\0BY\\0ЅU\0\Ak\Z(dH\Ҫ\(A\d\0\QE1y~\0\3u\E\\\0:\QR\7OJ\0𢊉\Z@rtOƈ\0\\>\EA\_\\0z\\*\3e!\\\j(;\q\i\\\\rW\\Ld}il\3Ehg\\]Y(2!\0R>Z\4\d\\?o?Z\?T\Zv3??Fb\\\\}\\0\O]\0\(\^\+\'X\\4s?P&t\0\\0t\0:\?\'\0y\0V>!\Z\\\0%j\\\0xQEbY\\?\UZ(K8_\0\>\\ʓL\WU-E\/\Է?\\\V\e7V\0\0\x袦B>\\0\\/G\kA_\QEsu9%\\x7\\4zWB\p4m֧\O\_K\\0\s\r\{]\	?|\s\0SEtȁHt_P>\\EtG\OPݎw𢊖\\0v\\0QAb\0Jw(G{\)\\Ҋ((S\\\'Ҋ*jF\0PMJ{񢊵$_\\\XG\\P߳\\0?ίO\sQ]9ɬ\OO\WSA(\D}\\oߏ\E\&zσ\+\0n\\z4\'\0:({U7\'=ҵ4\\TQZCst\\02}kwK\0]m艑]>?ήK\?\\\Ej\Ҷ\'\0\\0|\EJ\hO}/\V|g\0?_\\0k\~w\2\n\$\0Ί+©Jc\7\\\?\\z+[zT\Z+#\P\0oJ(QEh-\'qEx\0\\\0/\\\ZgoQE}fY\Vx8|׿\\0\W_\0?\UV*J/\0\0V\0\\y\0QEp\:\/\_\nI~E?\#q\_\*\\0D\r\"[\0d_\0\V)\\QY3Hg\0k\|/\0?W4,\\\5ֿ\%\0(E\ss\7r\\0t\4QTn\ՙէt\0^\?W\\'\\D;˿o\0]z]+n9ȩ׹u\\0\TQY\p\\_?|Q\0\0^\\QO\4<?\\*^\\0]h΢\]\0\u\_\0ǀ\0r+7\O\fgZ\׿\\OV*\=G;\\0\0*(;}(\\"Y{\0+\<{\0\\\0UCtB9\/TU\0\k^o\袛;)l\0\\߬?\\o\EIa\0\q\0|7QZ@¾\x\?ܫ\0r!E\\oX\\O*\C=\\\7\W?\W,6K)\'\\0\0S^m\\0\(Gs\\ܗ\[\0B\4B\'i\\\\E\$o\0*d?~/\󢊙#蘿\\\e\0]u\\EdE#\\_\\0r(gT6F{\0O\*\0\\?\QEH\W\\\}E/\0\%R({L\\\\0SSo\(f&O>\tQM	_{\OP\Ί+hȥcO\u\\0x\Eo&y\\0WVbg\\0\n(\\4B\i?\}辭EQb\\0Z?\K4QIɟ?W\+~ߩ\0u?DOb\0\\\\ROO\E1\\)\0V}E}KU&\\QY#	?\\/)\Z\Ef\]\\\V\\\Sע2/g\UU\0[sJ(\\?\0X\0v\z\rO\^>QM\rs}P?tQZ\p}\?O\\P#\0A\?gýd\0uDw\\\\0\\\0]E=\?\ԇb\ʊ)&H\\\?q\0C\(\\0Qo\g\\_U!\O\+R>7\ENw\P\/QHf\0\\0Z\\\\ʊ)1?\\?*\\j(y\\\\<\\~?ֺKc5W<\\\0:\0՟\\n(\\n\0\~\0\0X\Q@uꔩ\O\QEd+\\\\\0J(BK\\\\0:( a\0T\0_\Vhd\/\0QTwUwQZCtA\\0|\0:\_\Ɗ+ң)\\\r?ҝ\0,n~?\','Tôi sẽ đi ăn cướpf','Tôi muốn kiếm 30 triệu mỗi ngàyf',NULL,200,100,451,2,1,1);
/*!40000 ALTER TABLE `profile` ENABLE KEYS */;
UNLOCK TABLES;

--
-- Table structure for table `profile_area_work_entry`
--

DROP TABLE IF EXISTS `profile_area_work_entry`;
/*!40101 SET @saved_cs_client     = @@character_set_client */;
/*!50503 SET character_set_client = utf8mb4 */;
CREATE TABLE `profile_area_work_entry` (
  `profiles_ID` bigint NOT NULL,
  `districts_ID_DISTRICT` bigint NOT NULL,
  PRIMARY KEY (`profiles_ID`,`districts_ID_DISTRICT`),
  KEY `FK3v6ldsl08xijn96emt5tnc7yc` (`districts_ID_DISTRICT`),
  CONSTRAINT `FK3v6ldsl08xijn96emt5tnc7yc` FOREIGN KEY (`districts_ID_DISTRICT`) REFERENCES `district_description` (`ID_DISTRICT`),
  CONSTRAINT `FK7w183yqv73nf0tb7jvuj6eqjq` FOREIGN KEY (`profiles_ID`) REFERENCES `profile` (`ID`)
) ENGINE=InnoDB DEFAULT CHARSET=utf8mb3 COLLATE=utf8mb3_unicode_ci;
/*!40101 SET character_set_client = @saved_cs_client */;

--
-- Dumping data for table `profile_area_work_entry`
--

LOCK TABLES `profile_area_work_entry` WRITE;
/*!40000 ALTER TABLE `profile_area_work_entry` DISABLE KEYS */;
INSERT INTO `profile_area_work_entry` VALUES (3,1);
/*!40000 ALTER TABLE `profile_area_work_entry` ENABLE KEYS */;
UNLOCK TABLES;

--
-- Table structure for table `profile_skill_entry`
--

DROP TABLE IF EXISTS `profile_skill_entry`;
/*!40101 SET @saved_cs_client     = @@character_set_client */;
/*!50503 SET character_set_client = utf8mb4 */;
CREATE TABLE `profile_skill_entry` (
  `profiles_ID` bigint NOT NULL,
  `skills_ID_SKILL` bigint NOT NULL,
  PRIMARY KEY (`profiles_ID`,`skills_ID_SKILL`),
  KEY `FKplgulw29se8agljll3tf5y1rh` (`skills_ID_SKILL`),
  CONSTRAINT `FK2fpalsbj1i0ki6l0g5leeabev` FOREIGN KEY (`profiles_ID`) REFERENCES `profile` (`ID`),
  CONSTRAINT `FKplgulw29se8agljll3tf5y1rh` FOREIGN KEY (`skills_ID_SKILL`) REFERENCES `skill_description` (`ID_SKILL`)
) ENGINE=InnoDB DEFAULT CHARSET=utf8mb3 COLLATE=utf8mb3_unicode_ci;
/*!40101 SET character_set_client = @saved_cs_client */;

--
-- Dumping data for table `profile_skill_entry`
--

LOCK TABLES `profile_skill_entry` WRITE;
/*!40000 ALTER TABLE `profile_skill_entry` DISABLE KEYS */;
INSERT INTO `profile_skill_entry` VALUES (3,1),(3,2);
/*!40000 ALTER TABLE `profile_skill_entry` ENABLE KEYS */;
UNLOCK TABLES;

--
-- Table structure for table `province_description`
--

DROP TABLE IF EXISTS `province_description`;
/*!40101 SET @saved_cs_client     = @@character_set_client */;
/*!50503 SET character_set_client = utf8mb4 */;
CREATE TABLE `province_description` (
  `ID_PROVINCE` bigint NOT NULL AUTO_INCREMENT,
  `DATE_CREATED` datetime DEFAULT NULL,
  `DATE_MODIFIED` datetime DEFAULT NULL,
  `UPDT_ID` varchar(60) COLLATE utf8mb3_unicode_ci DEFAULT NULL,
  `NAME` varchar(255) COLLATE utf8mb3_unicode_ci DEFAULT NULL,
  PRIMARY KEY (`ID_PROVINCE`)
) ENGINE=InnoDB AUTO_INCREMENT=2 DEFAULT CHARSET=utf8mb3 COLLATE=utf8mb3_unicode_ci;
/*!40101 SET character_set_client = @saved_cs_client */;

--
-- Dumping data for table `province_description`
--

LOCK TABLES `province_description` WRITE;
/*!40000 ALTER TABLE `province_description` DISABLE KEYS */;
INSERT INTO `province_description` VALUES (1,'2023-05-15 22:06:30','2023-05-15 22:06:30',NULL,'TP. Hồ Chí Minh');
/*!40000 ALTER TABLE `province_description` ENABLE KEYS */;
UNLOCK TABLES;

--
-- Table structure for table `recruitment`
--

DROP TABLE IF EXISTS `recruitment`;
/*!40101 SET @saved_cs_client     = @@character_set_client */;
/*!50503 SET character_set_client = utf8mb4 */;
CREATE TABLE `recruitment` (
  `id` varchar(255) COLLATE utf8mb3_unicode_ci NOT NULL,
  `APPLY_DATE` datetime NOT NULL,
  `STATUS` int NOT NULL,
  `ALUMNUS_ID` bigint NOT NULL,
  `JOB_ID` bigint NOT NULL,
  PRIMARY KEY (`id`),
  KEY `FK9yi05ca40ukgkso2dvt90xqws` (`ALUMNUS_ID`),
  KEY `FK7alyoryxpc2q5y1p44e9pg8wl` (`JOB_ID`),
  CONSTRAINT `FK7alyoryxpc2q5y1p44e9pg8wl` FOREIGN KEY (`JOB_ID`) REFERENCES `product` (`PRODUCT_ID`),
  CONSTRAINT `FK9yi05ca40ukgkso2dvt90xqws` FOREIGN KEY (`ALUMNUS_ID`) REFERENCES `customer` (`CUSTOMER_ID`)
) ENGINE=InnoDB DEFAULT CHARSET=utf8mb3 COLLATE=utf8mb3_unicode_ci;
/*!40101 SET character_set_client = @saved_cs_client */;

--
-- Dumping data for table `recruitment`
--

LOCK TABLES `recruitment` WRITE;
/*!40000 ALTER TABLE `recruitment` DISABLE KEYS */;
INSERT INTO `recruitment` VALUES ('744f2326-13fa-42a3-bac3-e109c93e3e0a','2023-06-11 23:31:54',0,451,2);
/*!40000 ALTER TABLE `recruitment` ENABLE KEYS */;
UNLOCK TABLES;

--
-- Table structure for table `shiping_origin`
--

DROP TABLE IF EXISTS `shiping_origin`;
/*!40101 SET @saved_cs_client     = @@character_set_client */;
/*!50503 SET character_set_client = utf8mb4 */;
CREATE TABLE `shiping_origin` (
  `SHIP_ORIGIN_ID` bigint NOT NULL,
  `ACTIVE` bit(1) DEFAULT NULL,
  `STREET_ADDRESS` varchar(256) COLLATE utf8mb3_unicode_ci DEFAULT NULL,
  `CITY` varchar(100) COLLATE utf8mb3_unicode_ci DEFAULT NULL,
  `POSTCODE` varchar(20) COLLATE utf8mb3_unicode_ci DEFAULT NULL,
  `STATE` varchar(100) COLLATE utf8mb3_unicode_ci DEFAULT NULL,
  `COUNTRY_ID` int DEFAULT NULL,
  `MERCHANT_ID` int NOT NULL,
  `ZONE_ID` bigint DEFAULT NULL,
  PRIMARY KEY (`SHIP_ORIGIN_ID`),
  KEY `FKpqig59usqvs9h0dw4lm8rv7yy` (`COUNTRY_ID`),
  KEY `FKp0dbwsv3sdsp57ex7j5k9b0oq` (`MERCHANT_ID`),
  KEY `FK6k73f1n18kr7mqp708aiwq047` (`ZONE_ID`),
  CONSTRAINT `FK6k73f1n18kr7mqp708aiwq047` FOREIGN KEY (`ZONE_ID`) REFERENCES `zone` (`ZONE_ID`),
  CONSTRAINT `FKp0dbwsv3sdsp57ex7j5k9b0oq` FOREIGN KEY (`MERCHANT_ID`) REFERENCES `merchant_store` (`MERCHANT_ID`),
  CONSTRAINT `FKpqig59usqvs9h0dw4lm8rv7yy` FOREIGN KEY (`COUNTRY_ID`) REFERENCES `country` (`COUNTRY_ID`)
) ENGINE=InnoDB DEFAULT CHARSET=utf8mb3 COLLATE=utf8mb3_unicode_ci;
/*!40101 SET character_set_client = @saved_cs_client */;

--
-- Dumping data for table `shiping_origin`
--

LOCK TABLES `shiping_origin` WRITE;
/*!40000 ALTER TABLE `shiping_origin` DISABLE KEYS */;
/*!40000 ALTER TABLE `shiping_origin` ENABLE KEYS */;
UNLOCK TABLES;

--
-- Table structure for table `shipping_quote`
--

DROP TABLE IF EXISTS `shipping_quote`;
/*!40101 SET @saved_cs_client     = @@character_set_client */;
/*!50503 SET character_set_client = utf8mb4 */;
CREATE TABLE `shipping_quote` (
  `SHIPPING_QUOTE_ID` bigint NOT NULL,
  `CART_ID` bigint DEFAULT NULL,
  `CUSTOMER_ID` bigint DEFAULT NULL,
  `DELIVERY_STREET_ADDRESS` varchar(256) COLLATE utf8mb3_unicode_ci DEFAULT NULL,
  `DELIVERY_CITY` varchar(100) COLLATE utf8mb3_unicode_ci DEFAULT NULL,
  `DELIVERY_COMPANY` varchar(100) COLLATE utf8mb3_unicode_ci DEFAULT NULL,
  `DELIVERY_FIRST_NAME` varchar(64) COLLATE utf8mb3_unicode_ci DEFAULT NULL,
  `DELIVERY_LAST_NAME` varchar(64) COLLATE utf8mb3_unicode_ci DEFAULT NULL,
  `DELIVERY_POSTCODE` varchar(20) COLLATE utf8mb3_unicode_ci DEFAULT NULL,
  `DELIVERY_STATE` varchar(100) COLLATE utf8mb3_unicode_ci DEFAULT NULL,
  `DELIVERY_TELEPHONE` varchar(32) COLLATE utf8mb3_unicode_ci DEFAULT NULL,
  `SHIPPING_NUMBER_DAYS` int DEFAULT NULL,
  `FREE_SHIPPING` bit(1) DEFAULT NULL,
  `QUOTE_HANDLING` decimal(19,2) DEFAULT NULL,
  `IP_ADDRESS` varchar(255) COLLATE utf8mb3_unicode_ci DEFAULT NULL,
  `MODULE` varchar(255) COLLATE utf8mb3_unicode_ci NOT NULL,
  `OPTION_CODE` varchar(255) COLLATE utf8mb3_unicode_ci DEFAULT NULL,
  `OPTION_DELIVERY_DATE` datetime DEFAULT NULL,
  `OPTION_NAME` varchar(255) COLLATE utf8mb3_unicode_ci DEFAULT NULL,
  `OPTION_SHIPPING_DATE` datetime DEFAULT NULL,
  `ORDER_ID` bigint DEFAULT NULL,
  `QUOTE_PRICE` decimal(19,2) DEFAULT NULL,
  `QUOTE_DATE` datetime DEFAULT NULL,
  `DELIVERY_COUNTRY_ID` int DEFAULT NULL,
  `DELIVERY_ZONE_ID` bigint DEFAULT NULL,
  PRIMARY KEY (`SHIPPING_QUOTE_ID`),
  KEY `FK9vb7tbjl8ivygdiqw883fewx7` (`DELIVERY_COUNTRY_ID`),
  KEY `FKiioesp0vl6x4om1jeajj4uy1t` (`DELIVERY_ZONE_ID`),
  CONSTRAINT `FK9vb7tbjl8ivygdiqw883fewx7` FOREIGN KEY (`DELIVERY_COUNTRY_ID`) REFERENCES `country` (`COUNTRY_ID`),
  CONSTRAINT `FKiioesp0vl6x4om1jeajj4uy1t` FOREIGN KEY (`DELIVERY_ZONE_ID`) REFERENCES `zone` (`ZONE_ID`)
) ENGINE=InnoDB DEFAULT CHARSET=utf8mb3 COLLATE=utf8mb3_unicode_ci;
/*!40101 SET character_set_client = @saved_cs_client */;

--
-- Dumping data for table `shipping_quote`
--

LOCK TABLES `shipping_quote` WRITE;
/*!40000 ALTER TABLE `shipping_quote` DISABLE KEYS */;
/*!40000 ALTER TABLE `shipping_quote` ENABLE KEYS */;
UNLOCK TABLES;

--
-- Table structure for table `shopping_cart`
--

DROP TABLE IF EXISTS `shopping_cart`;
/*!40101 SET @saved_cs_client     = @@character_set_client */;
/*!50503 SET character_set_client = utf8mb4 */;
CREATE TABLE `shopping_cart` (
  `SHP_CART_ID` bigint NOT NULL,
  `DATE_CREATED` datetime DEFAULT NULL,
  `DATE_MODIFIED` datetime DEFAULT NULL,
  `UPDT_ID` varchar(60) COLLATE utf8mb3_unicode_ci DEFAULT NULL,
  `CUSTOMER_ID` bigint DEFAULT NULL,
  `IP_ADDRESS` varchar(255) COLLATE utf8mb3_unicode_ci DEFAULT NULL,
  `ORDER_ID` bigint DEFAULT NULL,
  `PROMO_ADDED` datetime DEFAULT NULL,
  `PROMO_CODE` varchar(255) COLLATE utf8mb3_unicode_ci DEFAULT NULL,
  `SHP_CART_CODE` varchar(255) COLLATE utf8mb3_unicode_ci NOT NULL,
  `MERCHANT_ID` int NOT NULL,
  PRIMARY KEY (`SHP_CART_ID`),
  UNIQUE KEY `UK_8ld8p40fwrjobi7t3n95pna35` (`SHP_CART_CODE`),
  KEY `SHP_CART_CODE_IDX` (`SHP_CART_CODE`),
  KEY `SHP_CART_CUSTOMER_IDX` (`CUSTOMER_ID`),
  KEY `FKqvghr5rmjefe3lw9mcolk30a0` (`MERCHANT_ID`),
  CONSTRAINT `FKqvghr5rmjefe3lw9mcolk30a0` FOREIGN KEY (`MERCHANT_ID`) REFERENCES `merchant_store` (`MERCHANT_ID`)
) ENGINE=InnoDB DEFAULT CHARSET=utf8mb3 COLLATE=utf8mb3_unicode_ci;
/*!40101 SET character_set_client = @saved_cs_client */;

--
-- Dumping data for table `shopping_cart`
--

LOCK TABLES `shopping_cart` WRITE;
/*!40000 ALTER TABLE `shopping_cart` DISABLE KEYS */;
/*!40000 ALTER TABLE `shopping_cart` ENABLE KEYS */;
UNLOCK TABLES;

--
-- Table structure for table `shopping_cart_attr_item`
--

DROP TABLE IF EXISTS `shopping_cart_attr_item`;
/*!40101 SET @saved_cs_client     = @@character_set_client */;
/*!50503 SET character_set_client = utf8mb4 */;
CREATE TABLE `shopping_cart_attr_item` (
  `SHP_CART_ATTR_ITEM_ID` bigint NOT NULL,
  `DATE_CREATED` datetime DEFAULT NULL,
  `DATE_MODIFIED` datetime DEFAULT NULL,
  `UPDT_ID` varchar(60) COLLATE utf8mb3_unicode_ci DEFAULT NULL,
  `PRODUCT_ATTR_ID` bigint NOT NULL,
  `SHP_CART_ITEM_ID` bigint NOT NULL,
  PRIMARY KEY (`SHP_CART_ATTR_ITEM_ID`),
  KEY `FKp42tpa623hyo9ww69v0ohb3er` (`SHP_CART_ITEM_ID`),
  CONSTRAINT `FKp42tpa623hyo9ww69v0ohb3er` FOREIGN KEY (`SHP_CART_ITEM_ID`) REFERENCES `shopping_cart_item` (`SHP_CART_ITEM_ID`)
) ENGINE=InnoDB DEFAULT CHARSET=utf8mb3 COLLATE=utf8mb3_unicode_ci;
/*!40101 SET character_set_client = @saved_cs_client */;

--
-- Dumping data for table `shopping_cart_attr_item`
--

LOCK TABLES `shopping_cart_attr_item` WRITE;
/*!40000 ALTER TABLE `shopping_cart_attr_item` DISABLE KEYS */;
/*!40000 ALTER TABLE `shopping_cart_attr_item` ENABLE KEYS */;
UNLOCK TABLES;

--
-- Table structure for table `shopping_cart_item`
--

DROP TABLE IF EXISTS `shopping_cart_item`;
/*!40101 SET @saved_cs_client     = @@character_set_client */;
/*!50503 SET character_set_client = utf8mb4 */;
CREATE TABLE `shopping_cart_item` (
  `SHP_CART_ITEM_ID` bigint NOT NULL,
  `DATE_CREATED` datetime DEFAULT NULL,
  `DATE_MODIFIED` datetime DEFAULT NULL,
  `UPDT_ID` varchar(60) COLLATE utf8mb3_unicode_ci DEFAULT NULL,
  `PRODUCT_ID` bigint NOT NULL,
  `QUANTITY` int DEFAULT NULL,
  `SKU` varchar(255) COLLATE utf8mb3_unicode_ci DEFAULT NULL,
  `PRODUCT_VARIANT` bigint DEFAULT NULL,
  `SHP_CART_ID` bigint NOT NULL,
  PRIMARY KEY (`SHP_CART_ITEM_ID`),
  KEY `FK2gbimdwe9uysd5xadnfl0xq83` (`SHP_CART_ID`),
  CONSTRAINT `FK2gbimdwe9uysd5xadnfl0xq83` FOREIGN KEY (`SHP_CART_ID`) REFERENCES `shopping_cart` (`SHP_CART_ID`)
) ENGINE=InnoDB DEFAULT CHARSET=utf8mb3 COLLATE=utf8mb3_unicode_ci;
/*!40101 SET character_set_client = @saved_cs_client */;

--
-- Dumping data for table `shopping_cart_item`
--

LOCK TABLES `shopping_cart_item` WRITE;
/*!40000 ALTER TABLE `shopping_cart_item` DISABLE KEYS */;
/*!40000 ALTER TABLE `shopping_cart_item` ENABLE KEYS */;
UNLOCK TABLES;

--
-- Table structure for table `skill_description`
--

DROP TABLE IF EXISTS `skill_description`;
/*!40101 SET @saved_cs_client     = @@character_set_client */;
/*!50503 SET character_set_client = utf8mb4 */;
CREATE TABLE `skill_description` (
  `ID_SKILL` bigint NOT NULL AUTO_INCREMENT,
  `DATE_CREATED` datetime DEFAULT NULL,
  `DATE_MODIFIED` datetime DEFAULT NULL,
  `UPDT_ID` varchar(60) COLLATE utf8mb3_unicode_ci DEFAULT NULL,
  `CODE` varchar(255) COLLATE utf8mb3_unicode_ci DEFAULT NULL,
  `NAME` varchar(255) COLLATE utf8mb3_unicode_ci DEFAULT NULL,
  PRIMARY KEY (`ID_SKILL`),
  UNIQUE KEY `UK_i94csmwi59928m39lgoos5odf` (`CODE`)
) ENGINE=InnoDB AUTO_INCREMENT=149 DEFAULT CHARSET=utf8mb3 COLLATE=utf8mb3_unicode_ci;
/*!40101 SET character_set_client = @saved_cs_client */;

--
-- Dumping data for table `skill_description`
--

LOCK TABLES `skill_description` WRITE;
/*!40000 ALTER TABLE `skill_description` DISABLE KEYS */;
INSERT INTO `skill_description` VALUES (1,NULL,NULL,NULL,'java','Java'),(2,NULL,NULL,NULL,'dev','Developer'),(3,NULL,NULL,NULL,'negotiation_skill','Đàm phán'),(4,NULL,NULL,NULL,'programming_skill','Lập trình'),(5,NULL,NULL,NULL,'problem_solving_skill','Giải quyết vấn đề'),(6,NULL,NULL,NULL,'sales_skill','Bán hàng'),(7,NULL,NULL,NULL,'leadership_skill','Lãnh đạo'),(8,NULL,NULL,NULL,'project_management_skill','Quản lý dự án'),(9,NULL,NULL,NULL,'accounting_software_skill','Sử dụng phần mềm kế toán'),(10,NULL,NULL,NULL,'financial_management_skill','Quản lý tài chính'),(11,NULL,NULL,NULL,'teamwork_skill','Làm việc nhóm'),(12,NULL,NULL,NULL,'repair_skill','Sửa chữa'),(13,NULL,NULL,NULL,'installation_skill','Lắp đặt'),(14,NULL,NULL,NULL,'maintenance_skill','Bảo trì'),(15,NULL,NULL,NULL,'marketing_skill','Tiếp thị'),(16,NULL,NULL,NULL,'advertising_skill','Quảng cáo'),(17,NULL,NULL,NULL,'customer_service_skill','Dịch vụ khách hàng'),(18,NULL,NULL,NULL,'data_analysis_skill','Phân tích dữ liệu'),(19,NULL,NULL,NULL,'problem_id_skillentification_skill','Xác định vấn đề'),(20,NULL,NULL,NULL,'time_management_skill','Quản lý thời gian'),(21,NULL,NULL,NULL,'creativity_skill','Sáng tạo'),(22,NULL,NULL,NULL,'critical_thinking_skill','Tư duy phản biện'),(23,NULL,NULL,NULL,'decision_making_skill','Ra quyết định'),(24,NULL,NULL,NULL,'emotional_intelligence_skill','Trí tuệ cảm xúc'),(25,NULL,NULL,NULL,'adaptability_skill','Sự thích nghi'),(27,NULL,NULL,NULL,'team_management_skill','Quản lý nhóm'),(28,NULL,NULL,NULL,'research_skill','Nghiên cứu'),(29,NULL,NULL,NULL,'problem-solving_skill','Giải quyết vấn đề'),(30,NULL,NULL,NULL,'communication_skill','Giao tiếp'),(34,NULL,NULL,NULL,'design_skill','Thiết kế'),(35,NULL,NULL,NULL,'firearms_skill','Hỏa giáp'),(36,NULL,NULL,NULL,'crisis_response_skill','Biện pháp ứng phó'),(37,NULL,NULL,NULL,'survey_skill','Khảo sát'),(38,NULL,NULL,NULL,'data_skill','Dữ liệu'),(39,NULL,NULL,NULL,'statistics_skill','Thống kê'),(40,NULL,NULL,NULL,'positioning_skill','Định vị'),(41,NULL,NULL,NULL,'interaction_skill','Tương tác'),(43,NULL,NULL,NULL,'analysis_skill','Phân tích'),(44,NULL,NULL,NULL,'forecasting_skill','Dự báo'),(45,NULL,NULL,NULL,'data_collection_skill','Thu thập'),(46,NULL,NULL,NULL,'solid_skillity_skill','Solid_skillity'),(47,NULL,NULL,NULL,'ethereum_skill','Ethereum'),(48,NULL,NULL,NULL,'hyperledger_fabric_skill','Hyperledger Fabric'),(49,NULL,NULL,NULL,'smart_contract_skill','Smart Contract'),(50,NULL,NULL,NULL,'adobe_creative_suite_skill','Adobe Creative Suite'),(51,NULL,NULL,NULL,'sketch_skill','Sketch'),(52,NULL,NULL,NULL,'wireframing_skill','Wireframing'),(53,NULL,NULL,NULL,'prototyping_skill','Prototyping'),(54,NULL,NULL,NULL,'testing_methodologies_skill','Testing methodologies'),(55,NULL,NULL,NULL,'test_automation_skill','Test automation'),(56,NULL,NULL,NULL,'bug_tracking_skill','Bug tracking'),(57,NULL,NULL,NULL,'selenium_skill','Selenium'),(58,NULL,NULL,NULL,'java_skill','Java'),(59,NULL,NULL,NULL,'swift_skill','Swift'),(60,NULL,NULL,NULL,'react_native_skill','React Native'),(61,NULL,NULL,NULL,'kotlin_skill','Kotlin'),(63,NULL,NULL,NULL,'agile_skill','Agile'),(64,NULL,NULL,NULL,'scrum_skill','Scrum'),(65,NULL,NULL,NULL,'kanban_skill','Kanban'),(66,NULL,NULL,NULL,'docker_skill','Docker'),(67,NULL,NULL,NULL,'kubernetes_skill','Kubernetes'),(68,NULL,NULL,NULL,'aws_skill','Amazon Web Services (AWS)'),(69,NULL,NULL,NULL,'azure_skill','Microsoft Azure'),(70,NULL,NULL,NULL,'google_cloud_skill','Google Cloud'),(71,NULL,NULL,NULL,'devops_skill','DevOps'),(72,NULL,NULL,NULL,'continuous_integration_skill','Continuous Integration'),(73,NULL,NULL,NULL,'continuous_deployment_skill','Continuous Deployment'),(74,NULL,NULL,NULL,'git_skill','Git'),(75,NULL,NULL,NULL,'github_skill','GitHub'),(76,NULL,NULL,NULL,'bitbucket_skill','Bitbucket'),(77,NULL,NULL,NULL,'jira_skill','Jira'),(78,NULL,NULL,NULL,'confluence_skill','Confluence'),(79,NULL,NULL,NULL,'ansible_skill','Ansible'),(80,NULL,NULL,NULL,'terraform_skill','Terraform'),(81,NULL,NULL,NULL,'python_skill','Python'),(83,NULL,NULL,NULL,'javascript_skill','JavaScript'),(84,NULL,NULL,NULL,'csharp_skill','C#'),(85,NULL,NULL,NULL,'php_skill','PHP'),(86,NULL,NULL,NULL,'ruby_skill','Ruby'),(87,NULL,NULL,NULL,'go_skill','Go'),(89,NULL,NULL,NULL,'typescript_skill','TypeScript'),(90,NULL,NULL,NULL,'html_skill','HTML'),(91,NULL,NULL,NULL,'css_skill','CSS'),(92,NULL,NULL,NULL,'ky_nang_hon_nhan','Hôn nhân'),(93,NULL,NULL,NULL,'ky_nang_gia_dinh','Gia đình'),(94,NULL,NULL,NULL,'ky_nang_chi_phi','Chi phí'),(95,NULL,NULL,NULL,'ky_nang_ky_thuat','Kỹ thuật'),(111,NULL,NULL,NULL,'ky_nang_thong_tin','Thông tin'),(112,NULL,NULL,NULL,'ky_nang_du_toan','Dự toán'),(113,NULL,NULL,NULL,'ky_nang_tu_van_suc_khoe','Tư vấn sức khỏe'),(114,NULL,NULL,NULL,'ky_nang_suc_khoe','Sức khỏe'),(115,NULL,NULL,NULL,'ky_nang_dinh_duong','Dinh dưỡng'),(116,NULL,NULL,NULL,'ky_nang_lao_dong','Lao động'),(117,NULL,NULL,NULL,'ky_nang_an_toan','An toàn'),(118,NULL,NULL,NULL,'ky_nang_cham_soc_da','Chăm sóc da'),(119,NULL,NULL,NULL,'ky_nang_trang_diem','Trang điểm'),(120,NULL,NULL,NULL,'ky_nang_phuc_hoi_da','Phục hồi da'),(121,NULL,NULL,NULL,'ky_nang_trang_bi','Trang bị'),(122,NULL,NULL,NULL,'ky_nang_bep','Bếp'),(123,NULL,NULL,NULL,'ky_nang_pha_che','Pha chế'),(124,NULL,NULL,NULL,'ky_nang_pha_che_ruou','Pha chế rượu'),(125,NULL,NULL,NULL,'ky_nang_pha_che_cafe','Pha chế cà phê'),(126,NULL,NULL,NULL,'ky_nang_pha_che_nuoc_uong','Pha chế nước uống'),(127,NULL,NULL,NULL,'ky_nang_tu_van_du_hoc','Tư vấn du học'),(128,NULL,NULL,NULL,'ky_nang_lam_moi_ho_so','Làm mới hồ sơ'),(129,NULL,NULL,NULL,'ky_nang_lam_viec_tu_xa','Làm việc từ xa'),(130,NULL,NULL,NULL,'ky_nang_soan_thao','Soạn thảo'),(131,NULL,NULL,NULL,'ky_nang_nghien_cuu','Nghiên cứu'),(132,NULL,NULL,NULL,'ky_nang_phat_trien_du_an','Phát triển dự án'),(133,NULL,NULL,NULL,'ky_nang_tu_van_tu_thien','Tư vấn từ thiện'),(134,NULL,NULL,NULL,'ky_nang_thuc_pham','Thực phẩm'),(135,NULL,NULL,NULL,'ky_nang_nong_nghiep','Nông nghiệp'),(136,NULL,NULL,NULL,'ky_nang_thiet_ke','Thiết kế'),(137,NULL,NULL,NULL,'ky_nang_dien','Điện'),(138,NULL,NULL,NULL,'ky_nang_dien_tu','Điện tử'),(139,NULL,NULL,NULL,'ky_nang_nuoi_trong','Nuôi trồng'),(140,NULL,NULL,NULL,'ky_nang_quan_tri_ban_hang','Quản trị bán hàng'),(141,NULL,NULL,NULL,'ky_nang_mua_ban','Mua bán'),(142,NULL,NULL,NULL,'ky_nang_giao_tiep','Giao tiếp'),(143,NULL,NULL,NULL,'ky_nang_giao_duc','Giáo dục'),(144,NULL,NULL,NULL,'ky_nang_hoc','Học'),(145,NULL,NULL,NULL,'ky_nang_cong_nghe','Công nghệ'),(147,NULL,NULL,NULL,'presentation_skill','Thuyết trình');
/*!40000 ALTER TABLE `skill_description` ENABLE KEYS */;
UNLOCK TABLES;

--
-- Table structure for table `skill_product_entry`
--

DROP TABLE IF EXISTS `skill_product_entry`;
/*!40101 SET @saved_cs_client     = @@character_set_client */;
/*!50503 SET character_set_client = utf8mb4 */;
CREATE TABLE `skill_product_entry` (
  `PRODUCT_ID` bigint NOT NULL,
  `ID_SKILL` bigint NOT NULL,
  PRIMARY KEY (`PRODUCT_ID`,`ID_SKILL`),
  KEY `FK8uktye5cf566dtqqe8h94lec8` (`ID_SKILL`),
  CONSTRAINT `FK1p3ij2xpyrlqvvhqgrxt01ncv` FOREIGN KEY (`PRODUCT_ID`) REFERENCES `product` (`PRODUCT_ID`),
  CONSTRAINT `FK8uktye5cf566dtqqe8h94lec8` FOREIGN KEY (`ID_SKILL`) REFERENCES `skill_description` (`ID_SKILL`)
) ENGINE=InnoDB DEFAULT CHARSET=utf8mb3 COLLATE=utf8mb3_unicode_ci;
/*!40101 SET character_set_client = @saved_cs_client */;

--
-- Dumping data for table `skill_product_entry`
--

LOCK TABLES `skill_product_entry` WRITE;
/*!40000 ALTER TABLE `skill_product_entry` DISABLE KEYS */;
INSERT INTO `skill_product_entry` VALUES (2,1),(100,1),(151,1),(200,1),(201,1),(251,1),(252,1),(253,1),(100,2),(151,2),(200,2),(201,2),(251,2),(252,2),(253,2);
/*!40000 ALTER TABLE `skill_product_entry` ENABLE KEYS */;
UNLOCK TABLES;

--
-- Table structure for table `sm_group`
--

DROP TABLE IF EXISTS `sm_group`;
/*!40101 SET @saved_cs_client     = @@character_set_client */;
/*!50503 SET character_set_client = utf8mb4 */;
CREATE TABLE `sm_group` (
  `GROUP_ID` int NOT NULL,
  `DATE_CREATED` datetime DEFAULT NULL,
  `DATE_MODIFIED` datetime DEFAULT NULL,
  `UPDT_ID` varchar(60) COLLATE utf8mb3_unicode_ci DEFAULT NULL,
  `GROUP_NAME` varchar(255) COLLATE utf8mb3_unicode_ci DEFAULT NULL,
  `GROUP_TYPE` varchar(255) COLLATE utf8mb3_unicode_ci DEFAULT NULL,
  PRIMARY KEY (`GROUP_ID`),
  UNIQUE KEY `UK_t83rjsoml3o785oj37lpqpyko` (`GROUP_NAME`),
  KEY `SM_GROUP_GROUP_TYPE` (`GROUP_TYPE`)
) ENGINE=InnoDB DEFAULT CHARSET=utf8mb3 COLLATE=utf8mb3_unicode_ci;
/*!40101 SET character_set_client = @saved_cs_client */;

--
-- Dumping data for table `sm_group`
--

LOCK TABLES `sm_group` WRITE;
/*!40000 ALTER TABLE `sm_group` DISABLE KEYS */;
INSERT INTO `sm_group` VALUES (1,'2023-05-17 03:35:17','2023-05-17 03:35:17',NULL,'SUPERADMIN','ADMIN'),(2,'2023-05-17 03:35:17','2023-05-17 03:35:17',NULL,'ADMIN','ADMIN'),(3,'2023-05-17 03:35:17','2023-05-17 03:35:17',NULL,'ADMIN_RETAILER','ADMIN'),(4,'2023-05-17 03:35:17','2023-05-17 03:35:17',NULL,'ADMIN_STORE','ADMIN'),(5,'2023-05-17 03:35:17','2023-05-17 03:35:17',NULL,'ADMIN_CATALOGUE','ADMIN'),(6,'2023-05-17 03:35:17','2023-05-17 03:35:17',NULL,'ADMIN_ORDER','ADMIN'),(7,'2023-05-17 03:35:17','2023-05-17 03:35:17',NULL,'ADMIN_CONTENT','ADMIN'),(8,'2023-05-17 03:35:17','2023-05-17 03:35:17',NULL,'CUSTOMER','CUSTOMER');
/*!40000 ALTER TABLE `sm_group` ENABLE KEYS */;
UNLOCK TABLES;

--
-- Table structure for table `sm_sequencer`
--

DROP TABLE IF EXISTS `sm_sequencer`;
/*!40101 SET @saved_cs_client     = @@character_set_client */;
/*!50503 SET character_set_client = utf8mb4 */;
CREATE TABLE `sm_sequencer` (
  `SEQ_NAME` varchar(255) COLLATE utf8mb3_unicode_ci NOT NULL,
  `SEQ_COUNT` bigint DEFAULT NULL,
  PRIMARY KEY (`SEQ_NAME`)
) ENGINE=InnoDB DEFAULT CHARSET=utf8mb3 COLLATE=utf8mb3_unicode_ci;
/*!40101 SET character_set_client = @saved_cs_client */;

--
-- Dumping data for table `sm_sequencer`
--

LOCK TABLES `sm_sequencer` WRITE;
/*!40000 ALTER TABLE `sm_sequencer` DISABLE KEYS */;
INSERT INTO `sm_sequencer` VALUES ('CATEGORY_SEQ_NEXT_VAL',2),('country_description_seq',712),('COUNTRY_SEQ_NEXT_VAL',5),('CURRENCY_SEQ_NEXT_VAL',4),('CUSTOMER_SEQ_NEXT_VAL',11),('GROUP_SEQ_NEXT_VAL',1),('LANG_SEQ_NEXT_VAL',1),('MANUFACT_SEQ_NEXT_VAL',1),('manufacturer_description_seq',2),('MERCH_CONF_SEQ_NEXT_VAL',1),('MOD_CONF_SEQ_NEXT_VAL',1),('OPTIN_SEQ_NEXT_VAL',1),('PERMISSION_SEQ_NEXT_VAL',1),('PRD_TYPE_SEQ_NEXT_VAL',5),('PRODUCT_AVAIL_SEQ_NEXT_VAL',6),('product_description_seq',13),('product_price_description_seq',13),('PRODUCT_PRICE_SEQ_NEXT_VAL',6),('PRODUCT_SEQ_NEXT_VAL',6),('product_type_description_seq',3),('STORE_SEQ_NEXT_VAL',1),('TX_CLASS_SEQ_NEXT_VAL',1),('USER_SEQ_NEXT_VAL',1),('zone_description_seq',652),('ZONE_SEQ_NEXT_VAL',5);
/*!40000 ALTER TABLE `sm_sequencer` ENABLE KEYS */;
UNLOCK TABLES;

--
-- Table structure for table `sm_transaction`
--

DROP TABLE IF EXISTS `sm_transaction`;
/*!40101 SET @saved_cs_client     = @@character_set_client */;
/*!50503 SET character_set_client = utf8mb4 */;
CREATE TABLE `sm_transaction` (
  `TRANSACTION_ID` bigint NOT NULL,
  `AMOUNT` decimal(19,2) DEFAULT NULL,
  `DATE_CREATED` datetime DEFAULT NULL,
  `DATE_MODIFIED` datetime DEFAULT NULL,
  `UPDT_ID` varchar(60) COLLATE utf8mb3_unicode_ci DEFAULT NULL,
  `DETAILS` longtext COLLATE utf8mb3_unicode_ci,
  `PAYMENT_TYPE` varchar(255) COLLATE utf8mb3_unicode_ci DEFAULT NULL,
  `TRANSACTION_DATE` datetime DEFAULT NULL,
  `TRANSACTION_TYPE` varchar(255) COLLATE utf8mb3_unicode_ci DEFAULT NULL,
  `ORDER_ID` bigint DEFAULT NULL,
  PRIMARY KEY (`TRANSACTION_ID`),
  KEY `FK7j0s1gqh2tue1fyh5nyj5kwkp` (`ORDER_ID`),
  CONSTRAINT `FK7j0s1gqh2tue1fyh5nyj5kwkp` FOREIGN KEY (`ORDER_ID`) REFERENCES `orders` (`ORDER_ID`)
) ENGINE=InnoDB DEFAULT CHARSET=utf8mb3 COLLATE=utf8mb3_unicode_ci;
/*!40101 SET character_set_client = @saved_cs_client */;

--
-- Dumping data for table `sm_transaction`
--

LOCK TABLES `sm_transaction` WRITE;
/*!40000 ALTER TABLE `sm_transaction` DISABLE KEYS */;
/*!40000 ALTER TABLE `sm_transaction` ENABLE KEYS */;
UNLOCK TABLES;

--
-- Table structure for table `system_configuration`
--

DROP TABLE IF EXISTS `system_configuration`;
/*!40101 SET @saved_cs_client     = @@character_set_client */;
/*!50503 SET character_set_client = utf8mb4 */;
CREATE TABLE `system_configuration` (
  `SYSTEM_CONFIG_ID` bigint NOT NULL,
  `DATE_CREATED` datetime DEFAULT NULL,
  `DATE_MODIFIED` datetime DEFAULT NULL,
  `UPDT_ID` varchar(60) COLLATE utf8mb3_unicode_ci DEFAULT NULL,
  `CONFIG_KEY` varchar(255) COLLATE utf8mb3_unicode_ci DEFAULT NULL,
  `VALUE` varchar(255) COLLATE utf8mb3_unicode_ci DEFAULT NULL,
  PRIMARY KEY (`SYSTEM_CONFIG_ID`)
) ENGINE=InnoDB DEFAULT CHARSET=utf8mb3 COLLATE=utf8mb3_unicode_ci;
/*!40101 SET character_set_client = @saved_cs_client */;

--
-- Dumping data for table `system_configuration`
--

LOCK TABLES `system_configuration` WRITE;
/*!40000 ALTER TABLE `system_configuration` DISABLE KEYS */;
/*!40000 ALTER TABLE `system_configuration` ENABLE KEYS */;
UNLOCK TABLES;

--
-- Table structure for table `system_notification`
--

DROP TABLE IF EXISTS `system_notification`;
/*!40101 SET @saved_cs_client     = @@character_set_client */;
/*!50503 SET character_set_client = utf8mb4 */;
CREATE TABLE `system_notification` (
  `SYSTEM_NOTIF_ID` bigint NOT NULL,
  `DATE_CREATED` datetime DEFAULT NULL,
  `DATE_MODIFIED` datetime DEFAULT NULL,
  `UPDT_ID` varchar(60) COLLATE utf8mb3_unicode_ci DEFAULT NULL,
  `END_DATE` date DEFAULT NULL,
  `CONFIG_KEY` varchar(255) COLLATE utf8mb3_unicode_ci DEFAULT NULL,
  `START_DATE` date DEFAULT NULL,
  `VALUE` varchar(255) COLLATE utf8mb3_unicode_ci DEFAULT NULL,
  `MERCHANT_ID` int DEFAULT NULL,
  `USER_ID` bigint DEFAULT NULL,
  PRIMARY KEY (`SYSTEM_NOTIF_ID`),
  UNIQUE KEY `UKnpdnlc390vgr2mhepib1mtrmr` (`MERCHANT_ID`,`CONFIG_KEY`),
  KEY `FK3dykr9pm9ln1uektuw18blb6m` (`USER_ID`),
  CONSTRAINT `FK3dykr9pm9ln1uektuw18blb6m` FOREIGN KEY (`USER_ID`) REFERENCES `users` (`USER_ID`),
  CONSTRAINT `FKs6qk7l06e0s6m9n04momedgt7` FOREIGN KEY (`MERCHANT_ID`) REFERENCES `merchant_store` (`MERCHANT_ID`)
) ENGINE=InnoDB DEFAULT CHARSET=utf8mb3 COLLATE=utf8mb3_unicode_ci;
/*!40101 SET character_set_client = @saved_cs_client */;

--
-- Dumping data for table `system_notification`
--

LOCK TABLES `system_notification` WRITE;
/*!40000 ALTER TABLE `system_notification` DISABLE KEYS */;
/*!40000 ALTER TABLE `system_notification` ENABLE KEYS */;
UNLOCK TABLES;

--
-- Table structure for table `tax_class`
--

DROP TABLE IF EXISTS `tax_class`;
/*!40101 SET @saved_cs_client     = @@character_set_client */;
/*!50503 SET character_set_client = utf8mb4 */;
CREATE TABLE `tax_class` (
  `TAX_CLASS_ID` bigint NOT NULL,
  `TAX_CLASS_CODE` varchar(10) COLLATE utf8mb3_unicode_ci NOT NULL,
  `TAX_CLASS_TITLE` varchar(32) COLLATE utf8mb3_unicode_ci NOT NULL,
  `MERCHANT_ID` int DEFAULT NULL,
  PRIMARY KEY (`TAX_CLASS_ID`),
  UNIQUE KEY `UKa4q5q57a8oeh2ojeo8dhr935k` (`MERCHANT_ID`,`TAX_CLASS_CODE`),
  KEY `TAX_CLASS_CODE_IDX` (`TAX_CLASS_CODE`),
  CONSTRAINT `FK82i8puujghcv7fc82qwsgjg8w` FOREIGN KEY (`MERCHANT_ID`) REFERENCES `merchant_store` (`MERCHANT_ID`)
) ENGINE=InnoDB DEFAULT CHARSET=utf8mb3 COLLATE=utf8mb3_unicode_ci;
/*!40101 SET character_set_client = @saved_cs_client */;

--
-- Dumping data for table `tax_class`
--

LOCK TABLES `tax_class` WRITE;
/*!40000 ALTER TABLE `tax_class` DISABLE KEYS */;
INSERT INTO `tax_class` VALUES (1,'DEFAULT','DEFAULT',1);
/*!40000 ALTER TABLE `tax_class` ENABLE KEYS */;
UNLOCK TABLES;

--
-- Table structure for table `tax_rate`
--

DROP TABLE IF EXISTS `tax_rate`;
/*!40101 SET @saved_cs_client     = @@character_set_client */;
/*!50503 SET character_set_client = utf8mb4 */;
CREATE TABLE `tax_rate` (
  `TAX_RATE_ID` bigint NOT NULL,
  `DATE_CREATED` datetime DEFAULT NULL,
  `DATE_MODIFIED` datetime DEFAULT NULL,
  `UPDT_ID` varchar(60) COLLATE utf8mb3_unicode_ci DEFAULT NULL,
  `TAX_CODE` varchar(255) COLLATE utf8mb3_unicode_ci DEFAULT NULL,
  `PIGGYBACK` bit(1) DEFAULT NULL,
  `STORE_STATE_PROV` varchar(100) COLLATE utf8mb3_unicode_ci DEFAULT NULL,
  `TAX_PRIORITY` int DEFAULT NULL,
  `TAX_RATE` decimal(7,4) NOT NULL,
  `COUNTRY_ID` int NOT NULL,
  `MERCHANT_ID` int NOT NULL,
  `PARENT_ID` bigint DEFAULT NULL,
  `TAX_CLASS_ID` bigint NOT NULL,
  `ZONE_ID` bigint DEFAULT NULL,
  PRIMARY KEY (`TAX_RATE_ID`),
  UNIQUE KEY `UK8gh6l9n0xq03b91sglp62oelu` (`TAX_CODE`,`MERCHANT_ID`),
  KEY `FK6wm34jcwoembe1qsmle2wtwnv` (`COUNTRY_ID`),
  KEY `FKfwp6yka2qps9jna473e6c6yc1` (`MERCHANT_ID`),
  KEY `FKt8isen27i3ioa0tw3bl8qlvdh` (`PARENT_ID`),
  KEY `FK7bpa9pbl1gnj5y3xbgs3wc0eg` (`TAX_CLASS_ID`),
  KEY `FKm9snpf6o1nb4j1t80nas8d1ix` (`ZONE_ID`),
  CONSTRAINT `FK6wm34jcwoembe1qsmle2wtwnv` FOREIGN KEY (`COUNTRY_ID`) REFERENCES `country` (`COUNTRY_ID`),
  CONSTRAINT `FK7bpa9pbl1gnj5y3xbgs3wc0eg` FOREIGN KEY (`TAX_CLASS_ID`) REFERENCES `tax_class` (`TAX_CLASS_ID`),
  CONSTRAINT `FKfwp6yka2qps9jna473e6c6yc1` FOREIGN KEY (`MERCHANT_ID`) REFERENCES `merchant_store` (`MERCHANT_ID`),
  CONSTRAINT `FKm9snpf6o1nb4j1t80nas8d1ix` FOREIGN KEY (`ZONE_ID`) REFERENCES `zone` (`ZONE_ID`),
  CONSTRAINT `FKt8isen27i3ioa0tw3bl8qlvdh` FOREIGN KEY (`PARENT_ID`) REFERENCES `tax_rate` (`TAX_RATE_ID`)
) ENGINE=InnoDB DEFAULT CHARSET=utf8mb3 COLLATE=utf8mb3_unicode_ci;
/*!40101 SET character_set_client = @saved_cs_client */;

--
-- Dumping data for table `tax_rate`
--

LOCK TABLES `tax_rate` WRITE;
/*!40000 ALTER TABLE `tax_rate` DISABLE KEYS */;
/*!40000 ALTER TABLE `tax_rate` ENABLE KEYS */;
UNLOCK TABLES;

--
-- Table structure for table `tax_rate_description`
--

DROP TABLE IF EXISTS `tax_rate_description`;
/*!40101 SET @saved_cs_client     = @@character_set_client */;
/*!50503 SET character_set_client = utf8mb4 */;
CREATE TABLE `tax_rate_description` (
  `DESCRIPTION_ID` bigint NOT NULL,
  `DATE_CREATED` datetime DEFAULT NULL,
  `DATE_MODIFIED` datetime DEFAULT NULL,
  `UPDT_ID` varchar(60) COLLATE utf8mb3_unicode_ci DEFAULT NULL,
  `DESCRIPTION` longtext COLLATE utf8mb3_unicode_ci,
  `NAME` varchar(120) COLLATE utf8mb3_unicode_ci NOT NULL,
  `TITLE` varchar(100) COLLATE utf8mb3_unicode_ci DEFAULT NULL,
  `LANGUAGE_ID` int NOT NULL,
  `TAX_RATE_ID` bigint DEFAULT NULL,
  PRIMARY KEY (`DESCRIPTION_ID`),
  UNIQUE KEY `UKt3xg8pl88yacdxg49nb46effg` (`TAX_RATE_ID`,`LANGUAGE_ID`),
  KEY `FKsicb2ydx42o04pvlnxw2mlx0w` (`LANGUAGE_ID`),
  CONSTRAINT `FK65c2lqslk5kx25dpkem2r0vxq` FOREIGN KEY (`TAX_RATE_ID`) REFERENCES `tax_rate` (`TAX_RATE_ID`),
  CONSTRAINT `FKsicb2ydx42o04pvlnxw2mlx0w` FOREIGN KEY (`LANGUAGE_ID`) REFERENCES `language` (`LANGUAGE_ID`)
) ENGINE=InnoDB DEFAULT CHARSET=utf8mb3 COLLATE=utf8mb3_unicode_ci;
/*!40101 SET character_set_client = @saved_cs_client */;

--
-- Dumping data for table `tax_rate_description`
--

LOCK TABLES `tax_rate_description` WRITE;
/*!40000 ALTER TABLE `tax_rate_description` DISABLE KEYS */;
/*!40000 ALTER TABLE `tax_rate_description` ENABLE KEYS */;
UNLOCK TABLES;

--
-- Table structure for table `user_group`
--

DROP TABLE IF EXISTS `user_group`;
/*!40101 SET @saved_cs_client     = @@character_set_client */;
/*!50503 SET character_set_client = utf8mb4 */;
CREATE TABLE `user_group` (
  `USER_ID` bigint NOT NULL,
  `GROUP_ID` int NOT NULL,
  KEY `FK75kainrhn4kh8j3sw2xbe7v61` (`GROUP_ID`),
  KEY `FK9op4wv63nonsby8y9myjhtho` (`USER_ID`),
  CONSTRAINT `FK75kainrhn4kh8j3sw2xbe7v61` FOREIGN KEY (`GROUP_ID`) REFERENCES `sm_group` (`GROUP_ID`),
  CONSTRAINT `FK9op4wv63nonsby8y9myjhtho` FOREIGN KEY (`USER_ID`) REFERENCES `users` (`USER_ID`)
) ENGINE=InnoDB DEFAULT CHARSET=utf8mb3 COLLATE=utf8mb3_unicode_ci;
/*!40101 SET character_set_client = @saved_cs_client */;

--
-- Dumping data for table `user_group`
--

LOCK TABLES `user_group` WRITE;
/*!40000 ALTER TABLE `user_group` DISABLE KEYS */;
INSERT INTO `user_group` VALUES (1,1),(1,2),(2,2);
/*!40000 ALTER TABLE `user_group` ENABLE KEYS */;
UNLOCK TABLES;

--
-- Table structure for table `userconnection`
--

DROP TABLE IF EXISTS `userconnection`;
/*!40101 SET @saved_cs_client     = @@character_set_client */;
/*!50503 SET character_set_client = utf8mb4 */;
CREATE TABLE `userconnection` (
  `providerId` varchar(255) COLLATE utf8mb3_unicode_ci NOT NULL,
  `providerUserId` varchar(255) COLLATE utf8mb3_unicode_ci NOT NULL,
  `userId` varchar(255) COLLATE utf8mb3_unicode_ci NOT NULL,
  `accessToken` varchar(255) COLLATE utf8mb3_unicode_ci DEFAULT NULL,
  `displayName` varchar(255) COLLATE utf8mb3_unicode_ci DEFAULT NULL,
  `expireTime` bigint DEFAULT NULL,
  `imageUrl` varchar(255) COLLATE utf8mb3_unicode_ci DEFAULT NULL,
  `profileUrl` varchar(255) COLLATE utf8mb3_unicode_ci DEFAULT NULL,
  `refreshToken` varchar(255) COLLATE utf8mb3_unicode_ci DEFAULT NULL,
  `secret` varchar(255) COLLATE utf8mb3_unicode_ci DEFAULT NULL,
  `userRank` int NOT NULL,
  PRIMARY KEY (`providerId`,`providerUserId`,`userId`)
) ENGINE=InnoDB DEFAULT CHARSET=utf8mb3 COLLATE=utf8mb3_unicode_ci;
/*!40101 SET character_set_client = @saved_cs_client */;

--
-- Dumping data for table `userconnection`
--

LOCK TABLES `userconnection` WRITE;
/*!40000 ALTER TABLE `userconnection` DISABLE KEYS */;
/*!40000 ALTER TABLE `userconnection` ENABLE KEYS */;
UNLOCK TABLES;

--
-- Table structure for table `users`
--

DROP TABLE IF EXISTS `users`;
/*!40101 SET @saved_cs_client     = @@character_set_client */;
/*!50503 SET character_set_client = utf8mb4 */;
CREATE TABLE `users` (
  `USER_ID` bigint NOT NULL,
  `ACTIVE` bit(1) DEFAULT NULL,
  `ADMIN_EMAIL` varchar(255) COLLATE utf8mb3_unicode_ci DEFAULT NULL,
  `ADMIN_NAME` varchar(100) COLLATE utf8mb3_unicode_ci DEFAULT NULL,
  `ADMIN_PASSWORD` varchar(60) COLLATE utf8mb3_unicode_ci DEFAULT NULL,
  `ADMIN_A1` varchar(255) COLLATE utf8mb3_unicode_ci DEFAULT NULL,
  `ADMIN_A2` varchar(255) COLLATE utf8mb3_unicode_ci DEFAULT NULL,
  `ADMIN_A3` varchar(255) COLLATE utf8mb3_unicode_ci DEFAULT NULL,
  `DATE_CREATED` datetime DEFAULT NULL,
  `DATE_MODIFIED` datetime DEFAULT NULL,
  `UPDT_ID` varchar(60) COLLATE utf8mb3_unicode_ci DEFAULT NULL,
  `RESET_CREDENTIALS_REQ` varchar(256) COLLATE utf8mb3_unicode_ci DEFAULT NULL,
  `RESET_CREDENTIALS_EXP` date DEFAULT NULL,
  `ADMIN_FIRST_NAME` varchar(255) COLLATE utf8mb3_unicode_ci DEFAULT NULL,
  `LAST_ACCESS` datetime DEFAULT NULL,
  `ADMIN_LAST_NAME` varchar(255) COLLATE utf8mb3_unicode_ci DEFAULT NULL,
  `LOGIN_ACCESS` datetime DEFAULT NULL,
  `ADMIN_Q1` varchar(255) COLLATE utf8mb3_unicode_ci DEFAULT NULL,
  `ADMIN_Q2` varchar(255) COLLATE utf8mb3_unicode_ci DEFAULT NULL,
  `ADMIN_Q3` varchar(255) COLLATE utf8mb3_unicode_ci DEFAULT NULL,
  `LANGUAGE_ID` int DEFAULT NULL,
  `MERCHANT_ID` int NOT NULL,
  PRIMARY KEY (`USER_ID`),
  UNIQUE KEY `UK7cwrowcnjlfxpxpdd1op9ymab` (`MERCHANT_ID`,`ADMIN_NAME`),
  KEY `USR_NAME_IDX` (`ADMIN_NAME`),
  KEY `FK4yb3ho4yxvcjniqg09opbm7ja` (`LANGUAGE_ID`),
  CONSTRAINT `FK4yb3ho4yxvcjniqg09opbm7ja` FOREIGN KEY (`LANGUAGE_ID`) REFERENCES `language` (`LANGUAGE_ID`),
  CONSTRAINT `FKtpio656e5t0cja7kx7p79rkh6` FOREIGN KEY (`MERCHANT_ID`) REFERENCES `merchant_store` (`MERCHANT_ID`)
) ENGINE=InnoDB DEFAULT CHARSET=utf8mb3 COLLATE=utf8mb3_unicode_ci;
/*!40101 SET character_set_client = @saved_cs_client */;

--
-- Dumping data for table `users`
--

LOCK TABLES `users` WRITE;
/*!40000 ALTER TABLE `users` DISABLE KEYS */;
INSERT INTO `users` VALUES (1,_binary '','admin@shopizer.com','admin@shopizer.com','$2a$10$1FaAgh0FzYgE4ki59tmnuOZeFHRQK6JYYBOtYDDAhGya2WXJakG76',NULL,NULL,NULL,'2023-05-17 03:35:40','2023-05-17 03:35:40',NULL,NULL,NULL,'Administrator',NULL,'User',NULL,NULL,NULL,NULL,NULL,1),(2,_binary '','ndlong@gmail.com','ndlong@gmail.com','$2a$10$u4fUZQIuS4hT8HdFbvFd9.cr7SgvhHGgQ/VY1HMKXu8WdhfkeK5CW',NULL,NULL,NULL,'2023-05-17 03:38:05','2023-05-17 03:38:05',NULL,NULL,NULL,'David',NULL,'Minh Man',NULL,NULL,NULL,NULL,NULL,2);
/*!40000 ALTER TABLE `users` ENABLE KEYS */;
UNLOCK TABLES;

--
-- Table structure for table `ward_description`
--

DROP TABLE IF EXISTS `ward_description`;
/*!40101 SET @saved_cs_client     = @@character_set_client */;
/*!50503 SET character_set_client = utf8mb4 */;
CREATE TABLE `ward_description` (
  `ID_WARD` bigint NOT NULL AUTO_INCREMENT,
  `DATE_CREATED` datetime DEFAULT NULL,
  `DATE_MODIFIED` datetime DEFAULT NULL,
  `UPDT_ID` varchar(60) COLLATE utf8mb3_unicode_ci DEFAULT NULL,
  `NAME` varchar(255) COLLATE utf8mb3_unicode_ci DEFAULT NULL,
  `ID_DISTRICT` bigint DEFAULT NULL,
  PRIMARY KEY (`ID_WARD`),
  KEY `FKe5umb9jby0vp8cdsyqvdbl8ae` (`ID_DISTRICT`),
  CONSTRAINT `FKe5umb9jby0vp8cdsyqvdbl8ae` FOREIGN KEY (`ID_DISTRICT`) REFERENCES `district_description` (`ID_DISTRICT`)
) ENGINE=InnoDB AUTO_INCREMENT=354 DEFAULT CHARSET=utf8mb3 COLLATE=utf8mb3_unicode_ci;
/*!40101 SET character_set_client = @saved_cs_client */;

--
-- Dumping data for table `ward_description`
--

LOCK TABLES `ward_description` WRITE;
/*!40000 ALTER TABLE `ward_description` DISABLE KEYS */;
INSERT INTO `ward_description` VALUES (1,'2023-05-15 22:15:56','2023-05-15 22:15:56',NULL,'Bến Nghé',1),(2,'2023-05-15 22:17:21','2023-05-15 22:17:21',NULL,'Bến Nghé',1),(3,'2023-05-15 22:17:21','2023-05-15 22:17:21',NULL,'Bến Thành',1),(4,'2023-05-15 22:17:21','2023-05-15 22:17:21',NULL,'Cầu Kho',1),(5,'2023-05-15 22:17:21','2023-05-15 22:17:21',NULL,'Cầu Ông Lãnh',1),(6,'2023-05-15 22:17:21','2023-05-15 22:17:21',NULL,'Cô Giang',1),(7,'2023-05-15 22:17:21','2023-05-15 22:17:21',NULL,'Đa Kao',1),(8,'2023-05-15 22:17:21','2023-05-15 22:17:21',NULL,'Nguyễn Cư Trinh',1),(9,'2023-05-15 22:17:21','2023-05-15 22:17:21',NULL,'Nguyễn Thái Bình',1),(10,'2023-05-15 22:17:21','2023-05-15 22:17:21',NULL,'Phạm Ngũ Lão',1),(11,'2023-05-15 22:17:21','2023-05-15 22:17:21',NULL,'Tân Định',1),(12,'2023-05-15 22:17:21','2023-05-15 22:17:21',NULL,'Đakao',1),(13,'2023-05-15 22:19:48','2023-05-15 22:19:48',NULL,'An Khánh',2),(14,'2023-05-15 22:19:48','2023-05-15 22:19:48',NULL,'An Lợi Đông',2),(15,'2023-05-15 22:19:48','2023-05-15 22:19:48',NULL,'An Phú',2),(16,'2023-05-15 22:19:48','2023-05-15 22:19:48',NULL,'Bình An',2),(17,'2023-05-15 22:19:48','2023-05-15 22:19:48',NULL,'Bình Khánh',2),(18,'2023-05-15 22:19:48','2023-05-15 22:19:48',NULL,'Bình Trưng Đông',2),(19,'2023-05-15 22:19:48','2023-05-15 22:19:48',NULL,'Bình Trưng Tây',2),(20,'2023-05-15 22:19:48','2023-05-15 22:19:48',NULL,'Cát Lái',2),(21,'2023-05-15 22:19:48','2023-05-15 22:19:48',NULL,'Thạnh Mỹ Lợi',2),(22,'2023-05-15 22:19:48','2023-05-15 22:19:48',NULL,'Thảo Điền',2),(23,'2023-05-15 22:21:30','2023-05-15 22:21:30',NULL,'1',3),(24,'2023-05-15 22:21:30','2023-05-15 22:21:30',NULL,'2',3),(25,'2023-05-15 22:21:30','2023-05-15 22:21:30',NULL,'3',3),(26,'2023-05-15 22:21:30','2023-05-15 22:21:30',NULL,'4',3),(27,'2023-05-15 22:21:30','2023-05-15 22:21:30',NULL,'5',3),(28,'2023-05-15 22:21:30','2023-05-15 22:21:30',NULL,'6',3),(29,'2023-05-15 22:21:30','2023-05-15 22:21:30',NULL,'7',3),(30,'2023-05-15 22:21:30','2023-05-15 22:21:30',NULL,'8',3),(31,'2023-05-15 22:21:30','2023-05-15 22:21:30',NULL,'9',3),(32,'2023-05-15 22:21:30','2023-05-15 22:21:30',NULL,'10',3),(33,'2023-05-15 22:21:30','2023-05-15 22:21:30',NULL,'11',3),(34,'2023-05-15 22:21:30','2023-05-15 22:21:30',NULL,'12',3),(35,'2023-05-15 22:21:30','2023-05-15 22:21:30',NULL,'13',3),(36,'2023-05-15 22:21:30','2023-05-15 22:21:30',NULL,'14',3),(37,'2023-05-15 22:21:30','2023-05-15 22:21:30',NULL,'15',3),(38,'2023-05-15 22:28:04','2023-05-15 22:28:04',NULL,'1',4),(39,'2023-05-15 22:28:04','2023-05-15 22:28:04',NULL,'2',4),(40,'2023-05-15 22:28:04','2023-05-15 22:28:04',NULL,'3',4),(41,'2023-05-15 22:28:04','2023-05-15 22:28:04',NULL,'4',4),(42,'2023-05-15 22:28:04','2023-05-15 22:28:04',NULL,'5',4),(43,'2023-05-15 22:28:04','2023-05-15 22:28:04',NULL,'6',4),(44,'2023-05-15 22:28:04','2023-05-15 22:28:04',NULL,'7',4),(45,'2023-05-15 22:28:04','2023-05-15 22:28:04',NULL,'8',4),(46,'2023-05-15 22:28:04','2023-05-15 22:28:04',NULL,'9',4),(47,'2023-05-15 22:28:04','2023-05-15 22:28:04',NULL,'10',4),(48,'2023-05-15 22:28:04','2023-05-15 22:28:04',NULL,'11',4),(49,'2023-05-15 22:28:04','2023-05-15 22:28:04',NULL,'12',4),(50,'2023-05-15 22:28:04','2023-05-15 22:28:04',NULL,'13',4),(51,'2023-05-15 22:28:04','2023-05-15 22:28:04',NULL,'14',4),(52,'2023-05-15 22:28:04','2023-05-15 22:28:04',NULL,'15',4),(53,'2023-05-15 22:28:04','2023-05-15 22:28:04',NULL,'16',4),(54,'2023-05-15 22:29:13','2023-05-15 22:29:13',NULL,'1',5),(55,'2023-05-15 22:29:13','2023-05-15 22:29:13',NULL,'2',5),(56,'2023-05-15 22:29:13','2023-05-15 22:29:13',NULL,'3',5),(57,'2023-05-15 22:29:13','2023-05-15 22:29:13',NULL,'4',5),(58,'2023-05-15 22:29:13','2023-05-15 22:29:13',NULL,'5',5),(59,'2023-05-15 22:29:13','2023-05-15 22:29:13',NULL,'6',5),(60,'2023-05-15 22:29:13','2023-05-15 22:29:13',NULL,'7',5),(61,'2023-05-15 22:29:13','2023-05-15 22:29:13',NULL,'8',5),(62,'2023-05-15 22:29:13','2023-05-15 22:29:13',NULL,'9',5),(63,'2023-05-15 22:29:13','2023-05-15 22:29:13',NULL,'10',5),(64,'2023-05-15 22:29:13','2023-05-15 22:29:13',NULL,'11',5),(65,'2023-05-15 22:29:13','2023-05-15 22:29:13',NULL,'12',5),(66,'2023-05-15 22:29:13','2023-05-15 22:29:13',NULL,'13',5),(67,'2023-05-15 22:29:13','2023-05-15 22:29:13',NULL,'14',5),(68,'2023-05-15 22:29:13','2023-05-15 22:29:13',NULL,'15',5),(69,'2023-05-15 22:29:13','2023-05-15 22:29:13',NULL,'16',5),(70,'2023-05-15 22:30:18','2023-05-15 22:30:18',NULL,'1',6),(71,'2023-05-15 22:30:18','2023-05-15 22:30:18',NULL,'2',6),(72,'2023-05-15 22:30:18','2023-05-15 22:30:18',NULL,'3',6),(73,'2023-05-15 22:30:18','2023-05-15 22:30:18',NULL,'4',6),(74,'2023-05-15 22:30:18','2023-05-15 22:30:18',NULL,'5',6),(75,'2023-05-15 22:30:18','2023-05-15 22:30:18',NULL,'6',6),(76,'2023-05-15 22:30:18','2023-05-15 22:30:18',NULL,'7',6),(77,'2023-05-15 22:30:18','2023-05-15 22:30:18',NULL,'8',6),(78,'2023-05-15 22:30:18','2023-05-15 22:30:18',NULL,'9',6),(79,'2023-05-15 22:30:18','2023-05-15 22:30:18',NULL,'10',6),(80,'2023-05-15 22:30:18','2023-05-15 22:30:18',NULL,'11',6),(81,'2023-05-15 22:30:18','2023-05-15 22:30:18',NULL,'12',6),(82,'2023-05-15 22:30:18','2023-05-15 22:30:18',NULL,'13',6),(83,'2023-05-15 22:30:18','2023-05-15 22:30:18',NULL,'14',6),(84,'2023-05-15 22:30:18','2023-05-15 22:30:18',NULL,'15',6),(85,'2023-05-15 22:30:18','2023-05-15 22:30:18',NULL,'16',6),(86,'2023-05-15 22:32:00','2023-05-15 22:32:00',NULL,'Bình Thuận',7),(87,'2023-05-15 22:32:00','2023-05-15 22:32:00',NULL,'Phú Mỹ',7),(88,'2023-05-15 22:32:00','2023-05-15 22:32:00',NULL,'Phú Thuận',7),(89,'2023-05-15 22:32:00','2023-05-15 22:32:00',NULL,'Tân Hưng',7),(90,'2023-05-15 22:32:00','2023-05-15 22:32:00',NULL,'Tân Kiểng',7),(91,'2023-05-15 22:32:00','2023-05-15 22:32:00',NULL,'Tân Phong',7),(92,'2023-05-15 22:32:00','2023-05-15 22:32:00',NULL,'Tân Phú',7),(93,'2023-05-15 22:32:00','2023-05-15 22:32:00',NULL,'Tân Quy',7),(94,'2023-05-15 22:32:00','2023-05-15 22:32:00',NULL,'Tân Thuận Đông',7),(95,'2023-05-15 22:32:00','2023-05-15 22:32:00',NULL,'Tân Thuận Tây',7),(96,'2023-05-15 22:33:50','2023-05-15 22:33:50',NULL,'1',8),(97,'2023-05-15 22:33:50','2023-05-15 22:33:50',NULL,'2',8),(98,'2023-05-15 22:33:50','2023-05-15 22:33:50',NULL,'3',8),(99,'2023-05-15 22:33:50','2023-05-15 22:33:50',NULL,'4',8),(100,'2023-05-15 22:33:50','2023-05-15 22:33:50',NULL,'5',8),(101,'2023-05-15 22:33:50','2023-05-15 22:33:50',NULL,'6',8),(102,'2023-05-15 22:33:50','2023-05-15 22:33:50',NULL,'7',8),(103,'2023-05-15 22:33:50','2023-05-15 22:33:50',NULL,'8',8),(104,'2023-05-15 22:33:50','2023-05-15 22:33:50',NULL,'9',8),(105,'2023-05-15 22:33:50','2023-05-15 22:33:50',NULL,'10',8),(106,'2023-05-15 22:33:50','2023-05-15 22:33:50',NULL,'11',8),(107,'2023-05-15 22:33:50','2023-05-15 22:33:50',NULL,'12',8),(108,'2023-05-15 22:33:50','2023-05-15 22:33:50',NULL,'13',8),(109,'2023-05-15 22:33:50','2023-05-15 22:33:50',NULL,'14',8),(110,'2023-05-15 22:33:50','2023-05-15 22:33:50',NULL,'15',8),(111,'2023-05-15 22:33:50','2023-05-15 22:33:50',NULL,'16',8),(112,'2023-05-15 22:33:50','2023-05-15 22:33:50',NULL,'Bình Đức',8),(113,'2023-05-15 22:33:50','2023-05-15 22:33:50',NULL,'Bình Hưng Hòa',8),(114,'2023-05-15 22:33:50','2023-05-15 22:33:50',NULL,'Bình Hưng Hòa A',8),(115,'2023-05-15 22:33:50','2023-05-15 22:33:50',NULL,'Bình Hưng Hòa B',8),(116,'2023-05-15 22:36:03','2023-05-15 22:36:03',NULL,'Hiệp Phú',9),(117,'2023-05-15 22:36:03','2023-05-15 22:36:03',NULL,'Long Bình',9),(118,'2023-05-15 22:36:03','2023-05-15 22:36:03',NULL,'Long Phước',9),(119,'2023-05-15 22:36:03','2023-05-15 22:36:03',NULL,'Long Thạnh Mỹ',9),(120,'2023-05-15 22:36:03','2023-05-15 22:36:03',NULL,'Long Trường',9),(121,'2023-05-15 22:36:03','2023-05-15 22:36:03',NULL,'Phú Hữu',9),(122,'2023-05-15 22:36:03','2023-05-15 22:36:03',NULL,'Phước Bình',9),(123,'2023-05-15 22:36:03','2023-05-15 22:36:03',NULL,'Phước Long A',9),(124,'2023-05-15 22:36:03','2023-05-15 22:36:03',NULL,'Phước Long B',9),(125,'2023-05-15 22:36:03','2023-05-15 22:36:03',NULL,'Tăng Nhơn Phú A',9),(126,'2023-05-15 22:36:03','2023-05-15 22:36:03',NULL,'Tăng Nhơn Phú B',9),(127,'2023-05-15 22:36:03','2023-05-15 22:36:03',NULL,'Trường Thạnh',9),(128,'2023-05-15 22:37:18','2023-05-15 22:37:18',NULL,'1',10),(129,'2023-05-15 22:37:18','2023-05-15 22:37:18',NULL,'2',10),(130,'2023-05-15 22:37:18','2023-05-15 22:37:18',NULL,'3',10),(131,'2023-05-15 22:37:18','2023-05-15 22:37:18',NULL,'4',10),(132,'2023-05-15 22:37:18','2023-05-15 22:37:18',NULL,'5',10),(133,'2023-05-15 22:37:18','2023-05-15 22:37:18',NULL,'6',10),(134,'2023-05-15 22:37:18','2023-05-15 22:37:18',NULL,'7',10),(135,'2023-05-15 22:37:18','2023-05-15 22:37:18',NULL,'8',10),(136,'2023-05-15 22:37:18','2023-05-15 22:37:18',NULL,'9',10),(137,'2023-05-15 22:37:18','2023-05-15 22:37:18',NULL,'10',10),(138,'2023-05-15 22:37:18','2023-05-15 22:37:18',NULL,'11',10),(139,'2023-05-15 22:37:18','2023-05-15 22:37:18',NULL,'12',10),(140,'2023-05-15 22:37:18','2023-05-15 22:37:18',NULL,'13',10),(141,'2023-05-15 22:37:18','2023-05-15 22:37:18',NULL,'14',10),(142,'2023-05-15 22:37:18','2023-05-15 22:37:18',NULL,'15',10),(143,'2023-05-15 22:38:00','2023-05-15 22:38:00',NULL,'1',11),(144,'2023-05-15 22:38:00','2023-05-15 22:38:00',NULL,'2',11),(145,'2023-05-15 22:38:00','2023-05-15 22:38:00',NULL,'3',11),(146,'2023-05-15 22:38:00','2023-05-15 22:38:00',NULL,'4',11),(147,'2023-05-15 22:38:00','2023-05-15 22:38:00',NULL,'5',11),(148,'2023-05-15 22:38:00','2023-05-15 22:38:00',NULL,'6',11),(149,'2023-05-15 22:38:00','2023-05-15 22:38:00',NULL,'7',11),(150,'2023-05-15 22:38:00','2023-05-15 22:38:00',NULL,'8',11),(151,'2023-05-15 22:38:00','2023-05-15 22:38:00',NULL,'9',11),(152,'2023-05-15 22:38:00','2023-05-15 22:38:00',NULL,'10',11),(153,'2023-05-15 22:38:00','2023-05-15 22:38:00',NULL,'11',11),(154,'2023-05-15 22:38:00','2023-05-15 22:38:00',NULL,'12',11),(155,'2023-05-15 22:38:00','2023-05-15 22:38:00',NULL,'13',11),(156,'2023-05-15 22:38:00','2023-05-15 22:38:00',NULL,'14',11),(157,'2023-05-15 22:38:00','2023-05-15 22:38:00',NULL,'15',11),(158,'2023-05-15 22:38:00','2023-05-15 22:38:00',NULL,'16',11),(159,'2023-05-15 22:39:52','2023-05-15 22:39:52',NULL,'Thạnh Xuân',12),(160,'2023-05-15 22:39:52','2023-05-15 22:39:52',NULL,'Thạnh Lộc',12),(161,'2023-05-15 22:39:52','2023-05-15 22:39:52',NULL,'Hiệp Thành',12),(162,'2023-05-15 22:39:52','2023-05-15 22:39:52',NULL,'Thới An',12),(163,'2023-05-15 22:39:52','2023-05-15 22:39:52',NULL,'Tân Chánh Hiệp',12),(164,'2023-05-15 22:39:52','2023-05-15 22:39:52',NULL,'An Phú Đông',12),(165,'2023-05-15 22:39:52','2023-05-15 22:39:52',NULL,'Tân Thới Hiệp',12),(166,'2023-05-15 22:39:52','2023-05-15 22:39:52',NULL,'Trung Mỹ Tây',12),(167,'2023-05-15 22:39:52','2023-05-15 22:39:52',NULL,'Tân Hưng Thuận',12),(168,'2023-05-15 22:39:52','2023-05-15 22:39:52',NULL,'Đông Hưng Thuận',12),(169,'2023-05-15 22:39:52','2023-05-15 22:39:52',NULL,'Tân Thới Nhất',11),(170,'2023-05-15 22:43:52','2023-05-15 22:43:52',NULL,'1',13),(171,'2023-05-15 22:43:52','2023-05-15 22:43:52',NULL,'2',13),(172,'2023-05-15 22:43:52','2023-05-15 22:43:52',NULL,'3',13),(173,'2023-05-15 22:43:52','2023-05-15 22:43:52',NULL,'4',13),(174,'2023-05-15 22:43:52','2023-05-15 22:43:52',NULL,'5',13),(175,'2023-05-15 22:43:52','2023-05-15 22:43:52',NULL,'6',13),(176,'2023-05-15 22:43:52','2023-05-15 22:43:52',NULL,'7',13),(177,'2023-05-15 22:43:52','2023-05-15 22:43:52',NULL,'8',13),(178,'2023-05-15 22:43:52','2023-05-15 22:43:52',NULL,'9',13),(179,'2023-05-15 22:43:52','2023-05-15 22:43:52',NULL,'10',13),(180,'2023-05-15 22:43:52','2023-05-15 22:43:52',NULL,'11',13),(181,'2023-05-15 22:43:52','2023-05-15 22:43:52',NULL,'12',13),(182,'2023-05-15 22:43:52','2023-05-15 22:43:52',NULL,'13',13),(183,'2023-05-15 22:43:52','2023-05-15 22:43:52',NULL,'14',13),(184,'2023-05-15 22:43:52','2023-05-15 22:43:52',NULL,'15',13),(185,'2023-05-15 22:43:52','2023-05-15 22:43:52',NULL,'16',13),(186,'2023-05-15 22:43:52','2023-05-15 22:43:52',NULL,'17',13),(187,'2023-05-15 22:43:52','2023-05-15 22:43:52',NULL,'18',13),(188,'2023-05-15 22:43:52','2023-05-15 22:43:52',NULL,'19',13),(189,'2023-05-15 22:43:52','2023-05-15 22:43:52',NULL,'20',13),(190,'2023-05-15 22:43:52','2023-05-15 22:43:52',NULL,'21',13),(191,'2023-05-15 22:43:52','2023-05-15 22:43:52',NULL,'22',13),(192,'2023-05-15 22:43:52','2023-05-15 22:43:52',NULL,'23',13),(193,'2023-05-15 22:43:52','2023-05-15 22:43:52',NULL,'24',13),(194,'2023-05-15 22:43:52','2023-05-15 22:43:52',NULL,'25',13),(195,'2023-05-15 22:43:52','2023-05-15 22:43:52',NULL,'26',13),(196,'2023-05-15 22:43:52','2023-05-15 22:43:52',NULL,'27',13),(197,'2023-05-15 22:43:52','2023-05-15 22:43:52',NULL,'28',13),(198,'2023-05-15 22:43:52','2023-05-15 22:43:52',NULL,'29',13),(199,'2023-05-15 22:43:52','2023-05-15 22:43:52',NULL,'30',13),(200,'2023-05-15 22:43:52','2023-05-15 22:43:52',NULL,'31',13),(201,'2023-05-15 22:43:52','2023-05-15 22:43:52',NULL,'32',13),(202,'2023-05-15 22:45:45','2023-05-15 22:45:45',NULL,'1',14),(203,'2023-05-15 22:45:45','2023-05-15 22:45:45',NULL,'2',14),(204,'2023-05-15 22:45:45','2023-05-15 22:45:45',NULL,'3',14),(205,'2023-05-15 22:45:45','2023-05-15 22:45:45',NULL,'4',14),(206,'2023-05-15 22:45:45','2023-05-15 22:45:45',NULL,'5',14),(207,'2023-05-15 22:45:45','2023-05-15 22:45:45',NULL,'6',14),(208,'2023-05-15 22:45:45','2023-05-15 22:45:45',NULL,'7',14),(209,'2023-05-15 22:45:45','2023-05-15 22:45:45',NULL,'8',14),(210,'2023-05-15 22:45:45','2023-05-15 22:45:45',NULL,'9',14),(211,'2023-05-15 22:45:45','2023-05-15 22:45:45',NULL,'10',14),(212,'2023-05-15 22:45:45','2023-05-15 22:45:45',NULL,'11',14),(213,'2023-05-15 22:45:45','2023-05-15 22:45:45',NULL,'12',14),(214,'2023-05-15 22:45:45','2023-05-15 22:45:45',NULL,'13',14),(215,'2023-05-15 22:45:45','2023-05-15 22:45:45',NULL,'14',14),(216,'2023-05-15 22:45:45','2023-05-15 22:45:45',NULL,'15',14),(217,'2023-05-15 22:45:45','2023-05-15 22:45:45',NULL,'16',14),(218,'2023-05-15 22:45:45','2023-05-15 22:45:45',NULL,'17',14),(219,'2023-05-15 22:45:45','2023-05-15 22:45:45',NULL,'18',14),(220,'2023-05-15 22:45:45','2023-05-15 22:45:45',NULL,'19',14),(221,'2023-05-15 22:45:45','2023-05-15 22:45:45',NULL,'20',14),(222,'2023-05-15 22:47:37','2023-05-15 22:47:37',NULL,'1',15),(223,'2023-05-15 22:47:37','2023-05-15 22:47:37',NULL,'2',15),(224,'2023-05-15 22:47:37','2023-05-15 22:47:37',NULL,'3',15),(225,'2023-05-15 22:47:37','2023-05-15 22:47:37',NULL,'4',15),(226,'2023-05-15 22:47:37','2023-05-15 22:47:37',NULL,'5',15),(227,'2023-05-15 22:47:37','2023-05-15 22:47:37',NULL,'6',15),(228,'2023-05-15 22:47:37','2023-05-15 22:47:37',NULL,'7',15),(229,'2023-05-15 22:47:37','2023-05-15 22:47:37',NULL,'8',15),(230,'2023-05-15 22:47:37','2023-05-15 22:47:37',NULL,'9',15),(231,'2023-05-15 22:47:37','2023-05-15 22:47:37',NULL,'10',15),(232,'2023-05-15 22:47:37','2023-05-15 22:47:37',NULL,'11',15),(233,'2023-05-15 22:47:37','2023-05-15 22:47:37',NULL,'12',15),(234,'2023-05-15 22:47:37','2023-05-15 22:47:37',NULL,'13',15),(235,'2023-05-15 22:47:37','2023-05-15 22:47:37',NULL,'14',15),(236,'2023-05-15 22:47:37','2023-05-15 22:47:37',NULL,'15',15),(237,'2023-05-15 22:47:37','2023-05-15 22:47:37',NULL,'Thạnh Mỹ Lợi',15),(238,'2023-05-15 22:47:37','2023-05-15 22:47:37',NULL,'17',15),(239,'2023-05-15 22:49:18','2023-05-15 22:49:18',NULL,'1',16),(240,'2023-05-15 22:49:18','2023-05-15 22:49:18',NULL,'2',16),(241,'2023-05-15 22:49:18','2023-05-15 22:49:18',NULL,'3',16),(242,'2023-05-15 22:49:18','2023-05-15 22:49:18',NULL,'4',16),(243,'2023-05-15 22:49:18','2023-05-15 22:49:18',NULL,'5',16),(244,'2023-05-15 22:49:18','2023-05-15 22:49:18',NULL,'6',16),(245,'2023-05-15 22:49:18','2023-05-15 22:49:18',NULL,'7',16),(246,'2023-05-15 22:49:18','2023-05-15 22:49:18',NULL,'8',16),(247,'2023-05-15 22:49:18','2023-05-15 22:49:18',NULL,'9',16),(248,'2023-05-15 22:49:18','2023-05-15 22:49:18',NULL,'10',16),(249,'2023-05-15 22:49:18','2023-05-15 22:49:18',NULL,'11',16),(250,'2023-05-15 22:49:18','2023-05-15 22:49:18',NULL,'12',16),(251,'2023-05-15 22:49:18','2023-05-15 22:49:18',NULL,'13',16),(252,'2023-05-15 22:49:18','2023-05-15 22:49:18',NULL,'14',16),(253,'2023-05-15 22:49:18','2023-05-15 22:49:18',NULL,'15',16),(254,'2023-05-15 22:49:18','2023-05-15 22:49:18',NULL,'Tân Thành',16),(255,'2023-05-15 22:49:18','2023-05-15 22:49:18',NULL,'Tân Sơn Nhì',16),(256,'2023-05-15 22:49:18','2023-05-15 22:49:18',NULL,'Tân Quý',16),(257,'2023-05-15 22:49:18','2023-05-15 22:49:18',NULL,'Tân Thới Hoà',16),(258,'2023-05-15 22:51:56','2023-05-15 22:51:56',NULL,'Tân Sơn Nhì',17),(259,'2023-05-15 22:51:56','2023-05-15 22:51:56',NULL,'Tây Thạnh',17),(260,'2023-05-15 22:51:56','2023-05-15 22:51:56',NULL,'Sơn Kỳ',17),(261,'2023-05-15 22:51:56','2023-05-15 22:51:56',NULL,'Tân Qúy',17),(262,'2023-05-15 22:51:56','2023-05-15 22:51:56',NULL,'Tân Thành',17),(263,'2023-05-15 22:51:56','2023-05-15 22:51:56',NULL,'Phú Thọ Hòa',17),(264,'2023-05-15 22:51:56','2023-05-15 22:51:56',NULL,'Phú Thạnh',17),(265,'2023-05-15 22:51:56','2023-05-15 22:51:56',NULL,'Phú Trung',17),(266,'2023-05-15 22:51:56','2023-05-15 22:51:56',NULL,'Hoà Thạnh',17),(267,'2023-05-15 22:51:56','2023-05-15 22:51:56',NULL,'Hiệp Tân',17),(268,'2023-05-15 22:51:56','2023-05-15 22:51:56',NULL,'Tân Thới Hoà',17),(269,'2023-05-15 22:51:56','2023-05-15 22:51:56',NULL,'Bình Hưng Hòa',17),(270,'2023-05-15 22:51:56','2023-05-15 22:51:56',NULL,'Bình Hưng Hoà A',17),(271,'2023-05-15 22:51:56','2023-05-15 22:51:56',NULL,'Bình Hưng Hoà B',17),(272,'2023-05-15 22:54:38','2023-05-15 22:54:38',NULL,'Linh Xuân',18),(273,'2023-05-15 22:54:38','2023-05-15 22:54:38',NULL,'Bình Chiểu',18),(274,'2023-05-15 22:54:38','2023-05-15 22:54:38',NULL,'Linh Trung',18),(275,'2023-05-15 22:54:38','2023-05-15 22:54:38',NULL,'Tam Bình',18),(276,'2023-05-15 22:54:38','2023-05-15 22:54:38',NULL,'Tam Phú',18),(277,'2023-05-15 22:54:38','2023-05-15 22:54:38',NULL,'Hiệp Bình Phước',18),(278,'2023-05-15 22:54:38','2023-05-15 22:54:38',NULL,'Hiệp Bình Chánh',18),(279,'2023-05-15 22:54:38','2023-05-15 22:54:38',NULL,'Linh Chiểu',18),(280,'2023-05-15 22:54:38','2023-05-15 22:54:38',NULL,'Linh Tây',18),(281,'2023-05-15 22:54:38','2023-05-15 22:54:38',NULL,'Linh Đông',18),(282,'2023-05-15 22:54:38','2023-05-15 22:54:38',NULL,'Bình Thọ',18),(283,'2023-05-15 22:54:38','2023-05-15 22:54:38',NULL,'Trường Thọ',18),(284,'2023-05-15 22:54:38','2023-05-15 22:54:38',NULL,'Long Bình',18),(285,'2023-05-15 22:54:38','2023-05-15 22:54:38',NULL,'Long Thạnh Mỹ',18),(286,'2023-05-15 22:57:12','2023-05-15 22:57:12',NULL,'Bình Hưng Hòa',19),(287,'2023-05-15 22:57:12','2023-05-15 22:57:12',NULL,'Bình Hưng Hoà A',19),(288,'2023-05-15 22:57:12','2023-05-15 22:57:12',NULL,'Bình Hưng Hoà B',19),(289,'2023-05-15 22:57:12','2023-05-15 22:57:12',NULL,'Bình Trị Đông',19),(290,'2023-05-15 22:57:12','2023-05-15 22:57:12',NULL,'Bình Trị Đông A',19),(291,'2023-05-15 22:57:12','2023-05-15 22:57:12',NULL,'Bình Trị Đông B',19),(292,'2023-05-15 22:57:12','2023-05-15 22:57:12',NULL,'Tân Tạo',19),(293,'2023-05-15 22:57:12','2023-05-15 22:57:12',NULL,'Tân Tạo A',19),(294,'2023-05-15 22:57:12','2023-05-15 22:57:12',NULL,'An Lạc',19),(295,'2023-05-15 22:57:12','2023-05-15 22:57:12',NULL,'An Lạc A',19),(296,'2023-05-15 22:57:12','2023-05-15 22:57:12',NULL,'Tân Thuận Đông',19),(297,'2023-05-15 23:01:36','2023-05-15 23:01:36',NULL,'Thị trấn Củ Chi',20),(298,'2023-05-15 23:01:36','2023-05-15 23:01:36',NULL,'An Nhơn Tây',20),(299,'2023-05-15 23:01:36','2023-05-15 23:01:36',NULL,'An Phú',20),(300,'2023-05-15 23:01:36','2023-05-15 23:01:36',NULL,'Bình Mỹ',20),(301,'2023-05-15 23:01:36','2023-05-15 23:01:36',NULL,'Hòa Phú',20),(302,'2023-05-15 23:01:36','2023-05-15 23:01:36',NULL,'Nhuận Đức',20),(303,'2023-05-15 23:01:36','2023-05-15 23:01:36',NULL,'Phạm Văn Cội',20),(304,'2023-05-15 23:01:36','2023-05-15 23:01:36',NULL,'Phú Hòa Đông',20),(305,'2023-05-15 23:01:36','2023-05-15 23:01:36',NULL,'Phú Mỹ Hưng',20),(306,'2023-05-15 23:01:36','2023-05-15 23:01:36',NULL,'Phước Hiệp',20),(307,'2023-05-15 23:01:36','2023-05-15 23:01:36',NULL,'Phước Thạnh',20),(308,'2023-05-15 23:01:36','2023-05-15 23:01:36',NULL,'Tân An Hội',20),(309,'2023-05-15 23:01:36','2023-05-15 23:01:36',NULL,'Tân Phú Trung',20),(310,'2023-05-15 23:01:36','2023-05-15 23:01:36',NULL,'Tân Thạnh Đông',20),(311,'2023-05-15 23:01:36','2023-05-15 23:01:36',NULL,'Tân Thạnh Tây',20),(312,'2023-05-15 23:01:37','2023-05-15 23:01:37',NULL,'Tân Thông Hội',20),(313,'2023-05-15 23:01:37','2023-05-15 23:01:37',NULL,'Trung An',20),(314,'2023-05-15 23:01:37','2023-05-15 23:01:37',NULL,'Trung Lập Hạ',20),(315,'2023-05-15 23:01:37','2023-05-15 23:01:37',NULL,'Trung Lập Thượng',20),(316,'2023-05-15 23:01:37','2023-05-15 23:01:37',NULL,'Trường Thạnh',20),(317,'2023-05-15 23:01:37','2023-05-15 23:01:37',NULL,'Xá Xuân 1',20),(318,'2023-05-15 23:01:37','2023-05-15 23:01:37',NULL,'Xá Xuân 2',20),(319,'2023-05-15 23:03:37','2023-05-15 23:03:37',NULL,'Thị trấn Hóc Môn',21),(320,'2023-05-15 23:03:37','2023-05-15 23:03:37',NULL,'Bà Điểm',21),(321,'2023-05-15 23:03:37','2023-05-15 23:03:37',NULL,'Đông Thạnh',21),(322,'2023-05-15 23:03:37','2023-05-15 23:03:37',NULL,'Tân Hiệp',21),(323,'2023-05-15 23:03:37','2023-05-15 23:03:37',NULL,'Tân Thới Nhì',21),(324,'2023-05-15 23:03:38','2023-05-15 23:03:38',NULL,'Tân Xuân',21),(325,'2023-05-15 23:03:38','2023-05-15 23:03:38',NULL,'Thới Tam Thôn',21),(326,'2023-05-15 23:03:38','2023-05-15 23:03:38',NULL,'Trung Chánh',21),(327,'2023-05-15 23:03:38','2023-05-15 23:03:38',NULL,'Xuân Thới Đông',21),(328,'2023-05-15 23:03:38','2023-05-15 23:03:38',NULL,'Xuân Thới Sơn',21),(329,'2023-05-15 23:05:14','2023-05-15 23:05:14',NULL,'Thị trấn Nhà Bè',22),(330,'2023-05-15 23:05:14','2023-05-15 23:05:14',NULL,'Phước Kiển',22),(331,'2023-05-15 23:05:14','2023-05-15 23:05:14',NULL,'Phước Lộc',22),(332,'2023-05-15 23:05:14','2023-05-15 23:05:14',NULL,'Nhơn Đức',22),(333,'2023-05-15 23:05:14','2023-05-15 23:05:14',NULL,'Phú Xuân',22),(334,'2023-05-15 23:05:14','2023-05-15 23:05:14',NULL,'Long Thới',22),(335,'2023-05-15 23:05:14','2023-05-15 23:05:14',NULL,'Hiệp Phước',22),(336,'2023-05-15 23:07:53','2023-05-15 23:07:53',NULL,'Thị trấn Cần Thạnh',23),(337,'2023-05-15 23:07:53','2023-05-15 23:07:53',NULL,'An Thới Đông',23),(338,'2023-05-15 23:07:53','2023-05-15 23:07:53',NULL,'Bình Khánh',23),(339,'2023-05-15 23:07:53','2023-05-15 23:07:53',NULL,'Long Hòa',23),(340,'2023-05-15 23:07:53','2023-05-15 23:07:53',NULL,'Lý Nhơn',23),(341,'2023-05-15 23:07:53','2023-05-15 23:07:53',NULL,'Tam Thôn Hiệp',23),(342,'2023-05-15 23:07:53','2023-05-15 23:07:53',NULL,'Thạnh An',23),(343,'2023-05-15 23:07:53','2023-05-15 23:07:53',NULL,'Thạnh Lộc',23),(344,'2023-05-15 23:07:53','2023-05-15 23:07:53',NULL,'Thạnh Mỹ',23),(345,'2023-05-15 23:07:53','2023-05-15 23:07:53',NULL,'Thới Đông',23),(346,'2023-05-15 23:07:53','2023-05-15 23:07:53',NULL,'An Thới Tây',23),(347,'2023-05-15 23:07:53','2023-05-15 23:07:53',NULL,'Cần Thạnh',23),(348,'2023-05-15 23:07:53','2023-05-15 23:07:53',NULL,'Lộc An',23),(349,'2023-05-15 23:07:53','2023-05-15 23:07:53',NULL,'Tam Thôn Hội',23),(350,'2023-05-15 23:07:53','2023-05-15 23:07:53',NULL,'Thạnh Phú',23),(351,'2023-05-15 23:07:53','2023-05-15 23:07:53',NULL,'Thới Hải',23),(352,'2023-05-15 23:07:53','2023-05-15 23:07:53',NULL,'Thới Thuận',23),(353,'2023-05-15 23:07:53','2023-05-15 23:07:53',NULL,'Vĩnh Bình',23);
/*!40000 ALTER TABLE `ward_description` ENABLE KEYS */;
UNLOCK TABLES;

--
-- Table structure for table `work_experience`
--

DROP TABLE IF EXISTS `work_experience`;
/*!40101 SET @saved_cs_client     = @@character_set_client */;
/*!50503 SET character_set_client = utf8mb4 */;
CREATE TABLE `work_experience` (
  `id` varchar(255) COLLATE utf8mb3_unicode_ci NOT NULL,
  `COMPANY_NAME` varchar(255) COLLATE utf8mb3_unicode_ci NOT NULL,
  `DESCRIPTION` text COLLATE utf8mb3_unicode_ci NOT NULL,
  `END_DATE` datetime DEFAULT NULL,
  `START_DATE` datetime NOT NULL,
  `TITILE_POSITION` varchar(255) COLLATE utf8mb3_unicode_ci NOT NULL,
  `CV_ID` varchar(255) COLLATE utf8mb3_unicode_ci DEFAULT NULL,
  PRIMARY KEY (`id`),
  KEY `FKoiik09uxujmq3oo9ipj401328` (`CV_ID`),
  CONSTRAINT `FKoiik09uxujmq3oo9ipj401328` FOREIGN KEY (`CV_ID`) REFERENCES `cv` (`id`)
) ENGINE=InnoDB DEFAULT CHARSET=utf8mb3 COLLATE=utf8mb3_unicode_ci;
/*!40101 SET character_set_client = @saved_cs_client */;

--
-- Dumping data for table `work_experience`
--

LOCK TABLES `work_experience` WRITE;
/*!40000 ALTER TABLE `work_experience` DISABLE KEYS */;
INSERT INTO `work_experience` VALUES ('96504318-14c7-4006-94d4-37096e999c4e','Công ty TNHH MỘT MÌNH TAO','Làm một ngày thì bị đuổi',NULL,'2023-01-01 00:00:00','Giam đốc công nghệ','796aa7de-2d6b-4c00-b7d5-4c2637ba638c');
/*!40000 ALTER TABLE `work_experience` ENABLE KEYS */;
UNLOCK TABLES;

--
-- Table structure for table `zone`
--

DROP TABLE IF EXISTS `zone`;
/*!40101 SET @saved_cs_client     = @@character_set_client */;
/*!50503 SET character_set_client = utf8mb4 */;
CREATE TABLE `zone` (
  `ZONE_ID` bigint NOT NULL,
  `ZONE_CODE` varchar(255) COLLATE utf8mb3_unicode_ci NOT NULL,
  `COUNTRY_ID` int NOT NULL,
  PRIMARY KEY (`ZONE_ID`),
  UNIQUE KEY `UK_4tq3p5w8k4h4easyf5t3n1jdr` (`ZONE_CODE`),
  KEY `FKhn2c1w3e1twhjg7tiwv7vuk67` (`COUNTRY_ID`),
  CONSTRAINT `FKhn2c1w3e1twhjg7tiwv7vuk67` FOREIGN KEY (`COUNTRY_ID`) REFERENCES `country` (`COUNTRY_ID`)
) ENGINE=InnoDB DEFAULT CHARSET=utf8mb3 COLLATE=utf8mb3_unicode_ci;
/*!40101 SET character_set_client = @saved_cs_client */;

--
-- Dumping data for table `zone`
--

LOCK TABLES `zone` WRITE;
/*!40000 ALTER TABLE `zone` DISABLE KEYS */;
INSERT INTO `zone` VALUES (1,'Guipuzcoa',197),(2,'HI',224),(3,'PR',224),(4,'Zamora',197),(5,'Vizcaya',197),(6,'OTR',166),(7,'Albacete',197),(8,'Lleida',197),(9,'QC',37),(10,'NRW',78),(11,'IA',224),(12,'ID',224),(13,'YT',37),(14,'Leon',197),(15,'ACorua',197),(16,'Castellon',197),(17,'LasPalmas',197),(18,'Pontevedra',197),(19,'AA',224),(20,'Teruel',197),(21,'AB',37),(22,'AC',224),(23,'IL',224),(24,'AE',224),(25,'AF',224),(26,'IN',224),(27,'AG',204),(28,'A Corua',197),(29,'AI',204),(30,'AK',224),(31,'Caceres',197),(32,'Segovia',197),(33,'AL',224),(34,'AM',224),(35,'ZG',204),(36,'Malaga',197),(37,'CEN',166),(38,'ZH',204),(39,'LaRioja',197),(40,'AP',224),(41,'Melilla',197),(42,'AR',224),(43,'AS',224),(44,'NSW',13),(45,'Madrid',197),(46,'RI',224),(47,'AZ',224),(48,'Ceuta',197),(49,'BC',37),(50,'Huelva',197),(51,'BE',204),(52,'Huesca',197),(53,'ARCH',204),(54,'BL',204),(55,'JU',204),(56,'Asturias',197),(57,'SA',13),(58,'SB',14),(59,'TIAT',14),(60,'SC',224),(61,'THE',78),(62,'SD',224),(63,'BS',204),(64,'Cordoba',197),(65,'Tarragona',197),(66,'Valladolid',197),(67,'SG',204),(68,'SH',204),(69,'WAAU',13),(70,'SK',37),(71,'NDS',78),(72,'SO',204),(73,'CA',224),(74,'NTAU',13),(75,'ST',14),(76,'KN',14),(77,'Jaen',197),(78,'ASU',166),(79,'CiudadReal',197),(80,'SZ',204),(81,'Alava',197),(82,'KS',224),(83,'CO',224),(84,'KY',224),(85,'BER',78),(86,'CT',224),(87,'ACT',13),(88,'TG',204),(89,'LA',224),(90,'HAM',78),(91,'TI',204),(92,'Lugo',197),(93,'NECH',204),(94,'TN',224),(95,'Toledo',197),(96,'DC',224),(97,'Palencia',197),(98,'DE',224),(99,'TX',224),(100,'TAS',13),(101,'QLD',13),(102,'LU',204),(103,'Burgos',197),(104,'Cadiz',197),(105,'SantaCruzdeTenerife',197),(106,'MA',224),(107,'MB',37),(108,'MD',224),(109,'Girona',197),(110,'ME',224),(111,'Alicante',197),(112,'Guadalajara',197),(113,'Cantabria',197),(114,'MH',224),(115,'MI',224),(116,'UR',204),(117,'UT',224),(118,'MN',224),(119,'MO',224),(120,'MP',224),(121,'Barcelona',197),(122,'MS',224),(123,'MT',224),(124,'Badajoz',197),(125,'MEC',78),(126,'VA',224),(127,'VB',14),(128,'Cuenca',197),(129,'WIAT',14),(130,'VD',204),(131,'Sevilla',197),(132,'VI',224),(133,'Zaragoza',197),(134,'NB',37),(135,'SAC',78),(136,'NC',224),(137,'ND',224),(138,'NE',224),(139,'NF',37),(140,'NH',224),(141,'NJ',224),(142,'VS',204),(143,'VT',224),(144,'NM',224),(145,'NO',14),(146,'SAS',78),(147,'NS',37),(148,'SAR',78),(149,'FL',224),(150,'NT',37),(151,'FM',224),(152,'NU',37),(153,'NV',224),(154,'NW',204),(155,'WA',224),(156,'NY',224),(157,'Granada',197),(158,'Soria',197),(159,'FR',204),(160,'RHE',78),(161,'Ourense',197),(162,'WI',224),(163,'OH',224),(164,'GA',224),(165,'Murcia',197),(166,'OK',224),(167,'GE',204),(168,'WV',224),(169,'ON',37),(170,'OO',14),(171,'WY',224),(172,'BLAT',14),(173,'Avila',197),(174,'OR',224),(175,'Salamanca',197),(176,'GL',204),(177,'Baleares',197),(178,'OW',204),(179,'GR',204),(180,'GU',224),(181,'PA',224),(182,'VIC',13),(183,'BRE',78),(184,'PE',37),(185,'BRG',78),(186,'HES',78),(187,'Almeria',197),(188,'BAW',78),(189,'BAY',78),(190,'Navarra',197),(191,'Valencia',197),(192,'SCN',78),(193,'AndhraPradesh',97),(194,'ArunachalPradesh',97),(195,'Assam',97),(196,'Bihar',97),(197,'Chhattisgarh',97),(198,'Goa',97),(199,'Gujarat',97),(200,'Haryana',97),(201,'HimachalPradesh',97),(202,'Jharkhand',97),(203,'Karnataka',97),(204,'Kerala',97),(205,'MadhyaPradesh',97),(206,'Maharashtra',97),(207,'Manipur',97),(208,'Meghalaya',97),(209,'Mizoram',97),(210,'Nagaland',97),(211,'Odisha',97),(212,'Punjab',97),(213,'Rajasthan',97),(214,'Sikkim',97),(215,'TamilNadu',97),(216,'Telangana',97),(217,'Tripura',97),(218,'Uttarakhand',97),(219,'WestBengal',97);
/*!40000 ALTER TABLE `zone` ENABLE KEYS */;
UNLOCK TABLES;

--
-- Table structure for table `zone_description`
--

DROP TABLE IF EXISTS `zone_description`;
/*!40101 SET @saved_cs_client     = @@character_set_client */;
/*!50503 SET character_set_client = utf8mb4 */;
CREATE TABLE `zone_description` (
  `DESCRIPTION_ID` bigint NOT NULL,
  `DATE_CREATED` datetime DEFAULT NULL,
  `DATE_MODIFIED` datetime DEFAULT NULL,
  `UPDT_ID` varchar(60) COLLATE utf8mb3_unicode_ci DEFAULT NULL,
  `DESCRIPTION` longtext COLLATE utf8mb3_unicode_ci,
  `NAME` varchar(120) COLLATE utf8mb3_unicode_ci NOT NULL,
  `TITLE` varchar(100) COLLATE utf8mb3_unicode_ci DEFAULT NULL,
  `LANGUAGE_ID` int NOT NULL,
  `ZONE_ID` bigint NOT NULL,
  PRIMARY KEY (`DESCRIPTION_ID`),
  UNIQUE KEY `UKm64laxgrv9fxm6io232ap4su9` (`ZONE_ID`,`LANGUAGE_ID`),
  KEY `FK69ybu7r3bgpcq65c77ji1udh3` (`LANGUAGE_ID`),
  CONSTRAINT `FK69ybu7r3bgpcq65c77ji1udh3` FOREIGN KEY (`LANGUAGE_ID`) REFERENCES `language` (`LANGUAGE_ID`),
  CONSTRAINT `FKpv4elin6w3b03756obqvk447f` FOREIGN KEY (`ZONE_ID`) REFERENCES `zone` (`ZONE_ID`)
) ENGINE=InnoDB DEFAULT CHARSET=utf8mb3 COLLATE=utf8mb3_unicode_ci;
/*!40101 SET character_set_client = @saved_cs_client */;

--
-- Dumping data for table `zone_description`
--

LOCK TABLES `zone_description` WRITE;
/*!40000 ALTER TABLE `zone_description` DISABLE KEYS */;
INSERT INTO `zone_description` VALUES (1,'2023-05-17 03:35:28','2023-05-17 03:35:28',NULL,NULL,'Guipuzcoa',NULL,1,1),(2,'2023-05-17 03:35:28','2023-05-17 03:35:28',NULL,NULL,'Guipuzcoa',NULL,2,1),(3,'2023-05-17 03:35:28','2023-05-17 03:35:28',NULL,NULL,'Guipuzcoa',NULL,3,1),(4,'2023-05-17 03:35:28','2023-05-17 03:35:28',NULL,NULL,'Hawaii',NULL,1,2),(5,'2023-05-17 03:35:28','2023-05-17 03:35:28',NULL,NULL,'Hawaii',NULL,2,2),(6,'2023-05-17 03:35:28','2023-05-17 03:35:28',NULL,NULL,'Hawaii',NULL,3,2),(7,'2023-05-17 03:35:28','2023-05-17 03:35:28',NULL,NULL,'Puerto Rico',NULL,1,3),(8,'2023-05-17 03:35:28','2023-05-17 03:35:28',NULL,NULL,'Puerto Rico',NULL,2,3),(9,'2023-05-17 03:35:28','2023-05-17 03:35:28',NULL,NULL,'Puerto Rico',NULL,3,3),(10,'2023-05-17 03:35:28','2023-05-17 03:35:28',NULL,NULL,'Zamora',NULL,1,4),(11,'2023-05-17 03:35:28','2023-05-17 03:35:28',NULL,NULL,'Zamora',NULL,2,4),(12,'2023-05-17 03:35:28','2023-05-17 03:35:28',NULL,NULL,'Zamora',NULL,3,4),(13,'2023-05-17 03:35:28','2023-05-17 03:35:28',NULL,NULL,'Vizcaya',NULL,1,5),(14,'2023-05-17 03:35:28','2023-05-17 03:35:28',NULL,NULL,'Vizcaya',NULL,2,5),(15,'2023-05-17 03:35:28','2023-05-17 03:35:28',NULL,NULL,'Vizcaya',NULL,3,5),(16,'2023-05-17 03:35:28','2023-05-17 03:35:28',NULL,NULL,'Other',NULL,1,6),(17,'2023-05-17 03:35:28','2023-05-17 03:35:28',NULL,NULL,'Otro',NULL,3,6),(18,'2023-05-17 03:35:28','2023-05-17 03:35:28',NULL,NULL,'Albacete',NULL,1,7),(19,'2023-05-17 03:35:28','2023-05-17 03:35:28',NULL,NULL,'Albacete',NULL,2,7),(20,'2023-05-17 03:35:28','2023-05-17 03:35:28',NULL,NULL,'Albacete',NULL,3,7),(21,'2023-05-17 03:35:28','2023-05-17 03:35:28',NULL,NULL,'Lleida',NULL,1,8),(22,'2023-05-17 03:35:28','2023-05-17 03:35:28',NULL,NULL,'Lleida',NULL,2,8),(23,'2023-05-17 03:35:28','2023-05-17 03:35:28',NULL,NULL,'Lleida',NULL,3,8),(24,'2023-05-17 03:35:28','2023-05-17 03:35:28',NULL,NULL,'Quebec',NULL,1,9),(25,'2023-05-17 03:35:28','2023-05-17 03:35:28',NULL,NULL,'Québec',NULL,2,9),(26,'2023-05-17 03:35:28','2023-05-17 03:35:28',NULL,NULL,'Quebec',NULL,3,9),(27,'2023-05-17 03:35:28','2023-05-17 03:35:28',NULL,NULL,'Nordrhein-Westfalen',NULL,1,10),(28,'2023-05-17 03:35:28','2023-05-17 03:35:28',NULL,NULL,'Nordrhein-Westfalen',NULL,2,10),(29,'2023-05-17 03:35:28','2023-05-17 03:35:28',NULL,NULL,'Nordrhein-Westfalen',NULL,3,10),(30,'2023-05-17 03:35:28','2023-05-17 03:35:28',NULL,NULL,'Iowa',NULL,1,11),(31,'2023-05-17 03:35:28','2023-05-17 03:35:28',NULL,NULL,'Iowa',NULL,2,11),(32,'2023-05-17 03:35:28','2023-05-17 03:35:28',NULL,NULL,'Iowa',NULL,3,11),(33,'2023-05-17 03:35:28','2023-05-17 03:35:28',NULL,NULL,'Idaho',NULL,1,12),(34,'2023-05-17 03:35:28','2023-05-17 03:35:28',NULL,NULL,'Idaho',NULL,2,12),(35,'2023-05-17 03:35:28','2023-05-17 03:35:28',NULL,NULL,'Idaho',NULL,3,12),(36,'2023-05-17 03:35:28','2023-05-17 03:35:28',NULL,NULL,'Yukon Territory',NULL,1,13),(37,'2023-05-17 03:35:28','2023-05-17 03:35:28',NULL,NULL,'Yukon',NULL,2,13),(38,'2023-05-17 03:35:28','2023-05-17 03:35:28',NULL,NULL,'Yukon Territory',NULL,3,13),(39,'2023-05-17 03:35:28','2023-05-17 03:35:28',NULL,NULL,'Leon',NULL,1,14),(40,'2023-05-17 03:35:28','2023-05-17 03:35:28',NULL,NULL,'Leon',NULL,2,14),(41,'2023-05-17 03:35:28','2023-05-17 03:35:28',NULL,NULL,'Leon',NULL,3,14),(42,'2023-05-17 03:35:28','2023-05-17 03:35:28',NULL,NULL,'A Corua',NULL,1,15),(43,'2023-05-17 03:35:28','2023-05-17 03:35:28',NULL,NULL,'A Corua',NULL,3,15),(44,'2023-05-17 03:35:28','2023-05-17 03:35:28',NULL,NULL,'Castellon',NULL,1,16),(45,'2023-05-17 03:35:28','2023-05-17 03:35:28',NULL,NULL,'Castellon',NULL,2,16),(46,'2023-05-17 03:35:28','2023-05-17 03:35:28',NULL,NULL,'Castellon',NULL,3,16),(47,'2023-05-17 03:35:28','2023-05-17 03:35:28',NULL,NULL,'Las Palmas',NULL,1,17),(48,'2023-05-17 03:35:28','2023-05-17 03:35:28',NULL,NULL,'Las Palmas',NULL,2,17),(49,'2023-05-17 03:35:28','2023-05-17 03:35:28',NULL,NULL,'Las Palmas',NULL,3,17),(50,'2023-05-17 03:35:29','2023-05-17 03:35:29',NULL,NULL,'Pontevedra',NULL,1,18),(51,'2023-05-17 03:35:29','2023-05-17 03:35:29',NULL,NULL,'Pontevedra',NULL,2,18),(52,'2023-05-17 03:35:29','2023-05-17 03:35:29',NULL,NULL,'Pontevedra',NULL,3,18),(53,'2023-05-17 03:35:29','2023-05-17 03:35:29',NULL,NULL,'Armed Forces Americas',NULL,1,19),(54,'2023-05-17 03:35:29','2023-05-17 03:35:29',NULL,NULL,'Armed Forces Americas',NULL,2,19),(55,'2023-05-17 03:35:29','2023-05-17 03:35:29',NULL,NULL,'Armed Forces Americas',NULL,3,19),(56,'2023-05-17 03:35:29','2023-05-17 03:35:29',NULL,NULL,'Teruel',NULL,1,20),(57,'2023-05-17 03:35:29','2023-05-17 03:35:29',NULL,NULL,'Teruel',NULL,2,20),(58,'2023-05-17 03:35:29','2023-05-17 03:35:29',NULL,NULL,'Teruel',NULL,3,20),(59,'2023-05-17 03:35:29','2023-05-17 03:35:29',NULL,NULL,'Alberta',NULL,1,21),(60,'2023-05-17 03:35:29','2023-05-17 03:35:29',NULL,NULL,'Alberta',NULL,2,21),(61,'2023-05-17 03:35:29','2023-05-17 03:35:29',NULL,NULL,'Alberta',NULL,3,21),(62,'2023-05-17 03:35:29','2023-05-17 03:35:29',NULL,NULL,'Armed Forces Canada',NULL,1,22),(63,'2023-05-17 03:35:29','2023-05-17 03:35:29',NULL,NULL,'Armed Forces Canada',NULL,2,22),(64,'2023-05-17 03:35:29','2023-05-17 03:35:29',NULL,NULL,'Armed Forces Canada',NULL,3,22),(65,'2023-05-17 03:35:29','2023-05-17 03:35:29',NULL,NULL,'Illinois',NULL,1,23),(66,'2023-05-17 03:35:29','2023-05-17 03:35:29',NULL,NULL,'Illinois',NULL,2,23),(67,'2023-05-17 03:35:29','2023-05-17 03:35:29',NULL,NULL,'Illinois',NULL,3,23),(68,'2023-05-17 03:35:29','2023-05-17 03:35:29',NULL,NULL,'Armed Forces Europe',NULL,1,24),(69,'2023-05-17 03:35:29','2023-05-17 03:35:29',NULL,NULL,'Armed Forces Europe',NULL,2,24),(70,'2023-05-17 03:35:29','2023-05-17 03:35:29',NULL,NULL,'Armed Forces Europe',NULL,3,24),(71,'2023-05-17 03:35:29','2023-05-17 03:35:29',NULL,NULL,'Armed Forces Africa',NULL,1,25),(72,'2023-05-17 03:35:29','2023-05-17 03:35:29',NULL,NULL,'Armed Forces Africa',NULL,2,25),(73,'2023-05-17 03:35:29','2023-05-17 03:35:29',NULL,NULL,'Armed Forces Africa',NULL,3,25),(74,'2023-05-17 03:35:29','2023-05-17 03:35:29',NULL,NULL,'Indiana',NULL,1,26),(75,'2023-05-17 03:35:29','2023-05-17 03:35:29',NULL,NULL,'Indiana',NULL,2,26),(76,'2023-05-17 03:35:29','2023-05-17 03:35:29',NULL,NULL,'Indiana',NULL,3,26),(77,'2023-05-17 03:35:29','2023-05-17 03:35:29',NULL,NULL,'Aargau',NULL,1,27),(78,'2023-05-17 03:35:29','2023-05-17 03:35:29',NULL,NULL,'Aargau',NULL,2,27),(79,'2023-05-17 03:35:29','2023-05-17 03:35:29',NULL,NULL,'Aargau',NULL,3,27),(80,'2023-05-17 03:35:29','2023-05-17 03:35:29',NULL,NULL,'A Corua',NULL,2,28),(81,'2023-05-17 03:35:30','2023-05-17 03:35:30',NULL,NULL,'Appenzell Innerrhoden',NULL,1,29),(82,'2023-05-17 03:35:30','2023-05-17 03:35:30',NULL,NULL,'Appenzell Innerrhoden',NULL,2,29),(83,'2023-05-17 03:35:30','2023-05-17 03:35:30',NULL,NULL,'Appenzell Innerrhoden',NULL,3,29),(84,'2023-05-17 03:35:30','2023-05-17 03:35:30',NULL,NULL,'Alaska',NULL,1,30),(85,'2023-05-17 03:35:30','2023-05-17 03:35:30',NULL,NULL,'Alaska',NULL,2,30),(86,'2023-05-17 03:35:30','2023-05-17 03:35:30',NULL,NULL,'Alaska',NULL,3,30),(87,'2023-05-17 03:35:30','2023-05-17 03:35:30',NULL,NULL,'Caceres',NULL,1,31),(88,'2023-05-17 03:35:30','2023-05-17 03:35:30',NULL,NULL,'Caceres',NULL,2,31),(89,'2023-05-17 03:35:30','2023-05-17 03:35:30',NULL,NULL,'Caceres',NULL,3,31),(90,'2023-05-17 03:35:30','2023-05-17 03:35:30',NULL,NULL,'Segovia',NULL,1,32),(91,'2023-05-17 03:35:30','2023-05-17 03:35:30',NULL,NULL,'Segovia',NULL,2,32),(92,'2023-05-17 03:35:30','2023-05-17 03:35:30',NULL,NULL,'Segovia',NULL,3,32),(93,'2023-05-17 03:35:30','2023-05-17 03:35:30',NULL,NULL,'Alabama',NULL,1,33),(94,'2023-05-17 03:35:30','2023-05-17 03:35:30',NULL,NULL,'Alabama',NULL,2,33),(95,'2023-05-17 03:35:30','2023-05-17 03:35:30',NULL,NULL,'Alabama',NULL,3,33),(96,'2023-05-17 03:35:30','2023-05-17 03:35:30',NULL,NULL,'Armed Forces Middle East',NULL,1,34),(97,'2023-05-17 03:35:30','2023-05-17 03:35:30',NULL,NULL,'Armed Forces Middle East',NULL,2,34),(98,'2023-05-17 03:35:30','2023-05-17 03:35:30',NULL,NULL,'Armed Forces Middle East',NULL,3,34),(99,'2023-05-17 03:35:30','2023-05-17 03:35:30',NULL,NULL,'Zug',NULL,1,35),(100,'2023-05-17 03:35:30','2023-05-17 03:35:30',NULL,NULL,'Zug',NULL,2,35),(101,'2023-05-17 03:35:30','2023-05-17 03:35:30',NULL,NULL,'Zug',NULL,3,35),(102,'2023-05-17 03:35:30','2023-05-17 03:35:30',NULL,NULL,'Malaga',NULL,1,36),(103,'2023-05-17 03:35:30','2023-05-17 03:35:30',NULL,NULL,'Malaga',NULL,2,36),(104,'2023-05-17 03:35:30','2023-05-17 03:35:30',NULL,NULL,'Malaga',NULL,3,36),(105,'2023-05-17 03:35:30','2023-05-17 03:35:30',NULL,NULL,'Central',NULL,1,37),(106,'2023-05-17 03:35:30','2023-05-17 03:35:30',NULL,NULL,'Central',NULL,3,37),(107,'2023-05-17 03:35:30','2023-05-17 03:35:30',NULL,NULL,'Zrich',NULL,1,38),(108,'2023-05-17 03:35:30','2023-05-17 03:35:30',NULL,NULL,'Zrich',NULL,2,38),(109,'2023-05-17 03:35:30','2023-05-17 03:35:30',NULL,NULL,'Zrich',NULL,3,38),(110,'2023-05-17 03:35:30','2023-05-17 03:35:30',NULL,NULL,'La Rioja',NULL,1,39),(111,'2023-05-17 03:35:30','2023-05-17 03:35:30',NULL,NULL,'La Rioja',NULL,2,39),(112,'2023-05-17 03:35:30','2023-05-17 03:35:30',NULL,NULL,'La Rioja',NULL,3,39),(113,'2023-05-17 03:35:30','2023-05-17 03:35:30',NULL,NULL,'Armed Forces Pacific',NULL,1,40),(114,'2023-05-17 03:35:30','2023-05-17 03:35:30',NULL,NULL,'Armed Forces Pacific',NULL,2,40),(115,'2023-05-17 03:35:30','2023-05-17 03:35:30',NULL,NULL,'Armed Forces Pacific',NULL,3,40),(116,'2023-05-17 03:35:30','2023-05-17 03:35:30',NULL,NULL,'Melilla',NULL,1,41),(117,'2023-05-17 03:35:30','2023-05-17 03:35:30',NULL,NULL,'Melilla',NULL,2,41),(118,'2023-05-17 03:35:30','2023-05-17 03:35:30',NULL,NULL,'Melilla',NULL,3,41),(119,'2023-05-17 03:35:30','2023-05-17 03:35:30',NULL,NULL,'Arkansas',NULL,1,42),(120,'2023-05-17 03:35:30','2023-05-17 03:35:30',NULL,NULL,'Arkansas',NULL,2,42),(121,'2023-05-17 03:35:30','2023-05-17 03:35:30',NULL,NULL,'Arkansas',NULL,3,42),(122,'2023-05-17 03:35:31','2023-05-17 03:35:31',NULL,NULL,'American Samoa',NULL,1,43),(123,'2023-05-17 03:35:31','2023-05-17 03:35:31',NULL,NULL,'American Samoa',NULL,2,43),(124,'2023-05-17 03:35:31','2023-05-17 03:35:31',NULL,NULL,'American Samoa',NULL,3,43),(125,'2023-05-17 03:35:31','2023-05-17 03:35:31',NULL,NULL,'New South Wales',NULL,1,44),(126,'2023-05-17 03:35:31','2023-05-17 03:35:31',NULL,NULL,'Nouvelle-Galles du Sud',NULL,2,44),(127,'2023-05-17 03:35:31','2023-05-17 03:35:31',NULL,NULL,'New South Wales',NULL,3,44),(128,'2023-05-17 03:35:31','2023-05-17 03:35:31',NULL,NULL,'Madrid',NULL,1,45),(129,'2023-05-17 03:35:31','2023-05-17 03:35:31',NULL,NULL,'Madrid',NULL,2,45),(130,'2023-05-17 03:35:31','2023-05-17 03:35:31',NULL,NULL,'Madrid',NULL,3,45),(131,'2023-05-17 03:35:31','2023-05-17 03:35:31',NULL,NULL,'Rhode Island',NULL,1,46),(132,'2023-05-17 03:35:31','2023-05-17 03:35:31',NULL,NULL,'Rhode Island',NULL,2,46),(133,'2023-05-17 03:35:31','2023-05-17 03:35:31',NULL,NULL,'Rhode Island',NULL,3,46),(134,'2023-05-17 03:35:31','2023-05-17 03:35:31',NULL,NULL,'Arizona',NULL,1,47),(135,'2023-05-17 03:35:31','2023-05-17 03:35:31',NULL,NULL,'Arizona',NULL,2,47),(136,'2023-05-17 03:35:31','2023-05-17 03:35:31',NULL,NULL,'Arizona',NULL,3,47),(137,'2023-05-17 03:35:31','2023-05-17 03:35:31',NULL,NULL,'Ceuta',NULL,1,48),(138,'2023-05-17 03:35:31','2023-05-17 03:35:31',NULL,NULL,'Ceuta',NULL,2,48),(139,'2023-05-17 03:35:31','2023-05-17 03:35:31',NULL,NULL,'Ceuta',NULL,3,48),(140,'2023-05-17 03:35:31','2023-05-17 03:35:31',NULL,NULL,'British Columbia',NULL,1,49),(141,'2023-05-17 03:35:31','2023-05-17 03:35:31',NULL,NULL,'Colombie Britanique',NULL,2,49),(142,'2023-05-17 03:35:31','2023-05-17 03:35:31',NULL,NULL,'British Columbia',NULL,3,49),(143,'2023-05-17 03:35:31','2023-05-17 03:35:31',NULL,NULL,'Huelva',NULL,1,50),(144,'2023-05-17 03:35:31','2023-05-17 03:35:31',NULL,NULL,'Huelva',NULL,2,50),(145,'2023-05-17 03:35:31','2023-05-17 03:35:31',NULL,NULL,'Huelva',NULL,3,50),(146,'2023-05-17 03:35:31','2023-05-17 03:35:31',NULL,NULL,'Bern',NULL,1,51),(147,'2023-05-17 03:35:31','2023-05-17 03:35:31',NULL,NULL,'Bern',NULL,2,51),(148,'2023-05-17 03:35:31','2023-05-17 03:35:31',NULL,NULL,'Bern',NULL,3,51),(149,'2023-05-17 03:35:31','2023-05-17 03:35:31',NULL,NULL,'Huesca',NULL,1,52),(150,'2023-05-17 03:35:31','2023-05-17 03:35:31',NULL,NULL,'Huesca',NULL,2,52),(151,'2023-05-17 03:35:31','2023-05-17 03:35:31',NULL,NULL,'Huesca',NULL,3,52),(152,'2023-05-17 03:35:31','2023-05-17 03:35:31',NULL,NULL,'Appenzell Ausserrhoden',NULL,1,53),(153,'2023-05-17 03:35:31','2023-05-17 03:35:31',NULL,NULL,'Appenzell Ausserrhoden',NULL,2,53),(154,'2023-05-17 03:35:31','2023-05-17 03:35:31',NULL,NULL,'Appenzell Ausserrhoden',NULL,3,53),(155,'2023-05-17 03:35:31','2023-05-17 03:35:31',NULL,NULL,'Basel-Landschaft',NULL,1,54),(156,'2023-05-17 03:35:31','2023-05-17 03:35:31',NULL,NULL,'Basel-Landschaft',NULL,2,54),(157,'2023-05-17 03:35:31','2023-05-17 03:35:31',NULL,NULL,'Basel-Landschaft',NULL,3,54),(158,'2023-05-17 03:35:31','2023-05-17 03:35:31',NULL,NULL,'Jura',NULL,1,55),(159,'2023-05-17 03:35:31','2023-05-17 03:35:31',NULL,NULL,'Jura',NULL,2,55),(160,'2023-05-17 03:35:31','2023-05-17 03:35:31',NULL,NULL,'Jura',NULL,3,55),(161,'2023-05-17 03:35:31','2023-05-17 03:35:31',NULL,NULL,'Asturias',NULL,1,56),(162,'2023-05-17 03:35:31','2023-05-17 03:35:31',NULL,NULL,'Asturias',NULL,2,56),(163,'2023-05-17 03:35:31','2023-05-17 03:35:31',NULL,NULL,'Asturias',NULL,3,56),(164,'2023-05-17 03:35:31','2023-05-17 03:35:31',NULL,NULL,'South Australia',NULL,1,57),(165,'2023-05-17 03:35:31','2023-05-17 03:35:31',NULL,NULL,'Australie-Mridionale',NULL,2,57),(166,'2023-05-17 03:35:31','2023-05-17 03:35:31',NULL,NULL,'South Australia',NULL,3,57),(167,'2023-05-17 03:35:31','2023-05-17 03:35:31',NULL,NULL,'Salzburg',NULL,1,58),(168,'2023-05-17 03:35:31','2023-05-17 03:35:31',NULL,NULL,'Salzburg',NULL,2,58),(169,'2023-05-17 03:35:31','2023-05-17 03:35:31',NULL,NULL,'Salzburg',NULL,3,58),(170,'2023-05-17 03:35:31','2023-05-17 03:35:31',NULL,NULL,'Tirol',NULL,1,59),(171,'2023-05-17 03:35:31','2023-05-17 03:35:31',NULL,NULL,'Tirol',NULL,2,59),(172,'2023-05-17 03:35:31','2023-05-17 03:35:31',NULL,NULL,'Tirol',NULL,3,59),(173,'2023-05-17 03:35:31','2023-05-17 03:35:31',NULL,NULL,'South Carolina',NULL,1,60),(174,'2023-05-17 03:35:31','2023-05-17 03:35:31',NULL,NULL,'Caroline du Sud',NULL,2,60),(175,'2023-05-17 03:35:31','2023-05-17 03:35:31',NULL,NULL,'South Carolina',NULL,3,60),(176,'2023-05-17 03:35:31','2023-05-17 03:35:31',NULL,NULL,'Thringen',NULL,1,61),(177,'2023-05-17 03:35:31','2023-05-17 03:35:31',NULL,NULL,'Thringen',NULL,2,61),(178,'2023-05-17 03:35:31','2023-05-17 03:35:31',NULL,NULL,'Thringen',NULL,3,61),(179,'2023-05-17 03:35:31','2023-05-17 03:35:31',NULL,NULL,'South Dakota',NULL,1,62),(180,'2023-05-17 03:35:31','2023-05-17 03:35:31',NULL,NULL,'Dakota du Sud',NULL,2,62),(181,'2023-05-17 03:35:31','2023-05-17 03:35:31',NULL,NULL,'South Dakota',NULL,3,62),(182,'2023-05-17 03:35:31','2023-05-17 03:35:31',NULL,NULL,'Basel-Stadt',NULL,1,63),(183,'2023-05-17 03:35:31','2023-05-17 03:35:31',NULL,NULL,'Basel-Stadt',NULL,2,63),(184,'2023-05-17 03:35:31','2023-05-17 03:35:31',NULL,NULL,'Basel-Stadt',NULL,3,63),(185,'2023-05-17 03:35:31','2023-05-17 03:35:31',NULL,NULL,'Cordoba',NULL,1,64),(186,'2023-05-17 03:35:31','2023-05-17 03:35:31',NULL,NULL,'Cordoba',NULL,2,64),(187,'2023-05-17 03:35:31','2023-05-17 03:35:31',NULL,NULL,'Cordoba',NULL,3,64),(188,'2023-05-17 03:35:31','2023-05-17 03:35:31',NULL,NULL,'Tarragona',NULL,1,65),(189,'2023-05-17 03:35:31','2023-05-17 03:35:31',NULL,NULL,'Tarragona',NULL,2,65),(190,'2023-05-17 03:35:31','2023-05-17 03:35:31',NULL,NULL,'Tarragona',NULL,3,65),(191,'2023-05-17 03:35:31','2023-05-17 03:35:31',NULL,NULL,'Valladolid',NULL,1,66),(192,'2023-05-17 03:35:31','2023-05-17 03:35:31',NULL,NULL,'Valladolid',NULL,2,66),(193,'2023-05-17 03:35:32','2023-05-17 03:35:32',NULL,NULL,'Valladolid',NULL,3,66),(194,'2023-05-17 03:35:32','2023-05-17 03:35:32',NULL,NULL,'St. Gallen',NULL,1,67),(195,'2023-05-17 03:35:32','2023-05-17 03:35:32',NULL,NULL,'St. Gallen',NULL,2,67),(196,'2023-05-17 03:35:32','2023-05-17 03:35:32',NULL,NULL,'St. Gallen',NULL,3,67),(197,'2023-05-17 03:35:32','2023-05-17 03:35:32',NULL,NULL,'Schaffhausen',NULL,1,68),(198,'2023-05-17 03:35:32','2023-05-17 03:35:32',NULL,NULL,'Schaffhausen',NULL,2,68),(199,'2023-05-17 03:35:32','2023-05-17 03:35:32',NULL,NULL,'Schaffhausen',NULL,3,68),(200,'2023-05-17 03:35:32','2023-05-17 03:35:32',NULL,NULL,'Western Australia',NULL,1,69),(201,'2023-05-17 03:35:32','2023-05-17 03:35:32',NULL,NULL,'Australie-Occidentale',NULL,2,69),(202,'2023-05-17 03:35:32','2023-05-17 03:35:32',NULL,NULL,'Western Australia',NULL,3,69),(203,'2023-05-17 03:35:32','2023-05-17 03:35:32',NULL,NULL,'Saskatchewan',NULL,1,70),(204,'2023-05-17 03:35:32','2023-05-17 03:35:32',NULL,NULL,'Saskatchewan',NULL,2,70),(205,'2023-05-17 03:35:32','2023-05-17 03:35:32',NULL,NULL,'Saskatchewan',NULL,3,70),(206,'2023-05-17 03:35:32','2023-05-17 03:35:32',NULL,NULL,'Niedersachsen',NULL,1,71),(207,'2023-05-17 03:35:32','2023-05-17 03:35:32',NULL,NULL,'Niedersachsen',NULL,2,71),(208,'2023-05-17 03:35:32','2023-05-17 03:35:32',NULL,NULL,'Niedersachsen',NULL,3,71),(209,'2023-05-17 03:35:32','2023-05-17 03:35:32',NULL,NULL,'Solothurn',NULL,1,72),(210,'2023-05-17 03:35:32','2023-05-17 03:35:32',NULL,NULL,'Solothurn',NULL,2,72),(211,'2023-05-17 03:35:32','2023-05-17 03:35:32',NULL,NULL,'Solothurn',NULL,3,72),(212,'2023-05-17 03:35:32','2023-05-17 03:35:32',NULL,NULL,'California',NULL,1,73),(213,'2023-05-17 03:35:32','2023-05-17 03:35:32',NULL,NULL,'Californie',NULL,2,73),(214,'2023-05-17 03:35:32','2023-05-17 03:35:32',NULL,NULL,'California',NULL,3,73),(215,'2023-05-17 03:35:32','2023-05-17 03:35:32',NULL,NULL,'Northern Territory',NULL,1,74),(216,'2023-05-17 03:35:32','2023-05-17 03:35:32',NULL,NULL,'Territoire du Nord',NULL,2,74),(217,'2023-05-17 03:35:32','2023-05-17 03:35:32',NULL,NULL,'Northern Territory',NULL,3,74),(218,'2023-05-17 03:35:32','2023-05-17 03:35:32',NULL,NULL,'Steiermark',NULL,1,75),(219,'2023-05-17 03:35:32','2023-05-17 03:35:32',NULL,NULL,'Steiermark',NULL,2,75),(220,'2023-05-17 03:35:32','2023-05-17 03:35:32',NULL,NULL,'Steiermark',NULL,3,75),(221,'2023-05-17 03:35:32','2023-05-17 03:35:32',NULL,NULL,'Katen',NULL,1,76),(222,'2023-05-17 03:35:32','2023-05-17 03:35:32',NULL,NULL,'Karten',NULL,2,76),(223,'2023-05-17 03:35:32','2023-05-17 03:35:32',NULL,NULL,'Katen',NULL,3,76),(224,'2023-05-17 03:35:32','2023-05-17 03:35:32',NULL,NULL,'Jaen',NULL,1,77),(225,'2023-05-17 03:35:32','2023-05-17 03:35:32',NULL,NULL,'Jaen',NULL,2,77),(226,'2023-05-17 03:35:32','2023-05-17 03:35:32',NULL,NULL,'Jaen',NULL,3,77),(227,'2023-05-17 03:35:32','2023-05-17 03:35:32',NULL,NULL,'Asuncion',NULL,1,78),(228,'2023-05-17 03:35:32','2023-05-17 03:35:32',NULL,NULL,'Asunción',NULL,3,78),(229,'2023-05-17 03:35:32','2023-05-17 03:35:32',NULL,NULL,'Ciudad Real',NULL,1,79),(230,'2023-05-17 03:35:32','2023-05-17 03:35:32',NULL,NULL,'Ciudad Real',NULL,2,79),(231,'2023-05-17 03:35:32','2023-05-17 03:35:32',NULL,NULL,'Ciudad Real',NULL,3,79),(232,'2023-05-17 03:35:32','2023-05-17 03:35:32',NULL,NULL,'Schwyz',NULL,1,80),(233,'2023-05-17 03:35:32','2023-05-17 03:35:32',NULL,NULL,'Schwyz',NULL,2,80),(234,'2023-05-17 03:35:32','2023-05-17 03:35:32',NULL,NULL,'Schwyz',NULL,3,80),(235,'2023-05-17 03:35:32','2023-05-17 03:35:32',NULL,NULL,'Alava',NULL,1,81),(236,'2023-05-17 03:35:32','2023-05-17 03:35:32',NULL,NULL,'Alava',NULL,2,81),(237,'2023-05-17 03:35:32','2023-05-17 03:35:32',NULL,NULL,'Alava',NULL,3,81),(238,'2023-05-17 03:35:32','2023-05-17 03:35:32',NULL,NULL,'Kansas',NULL,1,82),(239,'2023-05-17 03:35:32','2023-05-17 03:35:32',NULL,NULL,'Kansas',NULL,2,82),(240,'2023-05-17 03:35:32','2023-05-17 03:35:32',NULL,NULL,'Kansas',NULL,3,82),(241,'2023-05-17 03:35:32','2023-05-17 03:35:32',NULL,NULL,'Colorado',NULL,1,83),(242,'2023-05-17 03:35:32','2023-05-17 03:35:32',NULL,NULL,'Colorado',NULL,2,83),(243,'2023-05-17 03:35:32','2023-05-17 03:35:32',NULL,NULL,'Colorado',NULL,3,83),(244,'2023-05-17 03:35:32','2023-05-17 03:35:32',NULL,NULL,'Kentucky',NULL,1,84),(245,'2023-05-17 03:35:32','2023-05-17 03:35:32',NULL,NULL,'Kentucky',NULL,2,84),(246,'2023-05-17 03:35:32','2023-05-17 03:35:32',NULL,NULL,'Kentucky',NULL,3,84),(247,'2023-05-17 03:35:32','2023-05-17 03:35:32',NULL,NULL,'Berlin',NULL,1,85),(248,'2023-05-17 03:35:32','2023-05-17 03:35:32',NULL,NULL,'Berlin',NULL,2,85),(249,'2023-05-17 03:35:32','2023-05-17 03:35:32',NULL,NULL,'Berlin',NULL,3,85),(250,'2023-05-17 03:35:32','2023-05-17 03:35:32',NULL,NULL,'Connecticut',NULL,1,86),(251,'2023-05-17 03:35:32','2023-05-17 03:35:32',NULL,NULL,'Connecticut',NULL,2,86),(252,'2023-05-17 03:35:32','2023-05-17 03:35:32',NULL,NULL,'Connecticut',NULL,3,86),(253,'2023-05-17 03:35:32','2023-05-17 03:35:32',NULL,NULL,'Australian Capital Territory',NULL,1,87),(254,'2023-05-17 03:35:32','2023-05-17 03:35:32',NULL,NULL,'Territoire de la capitale australienne',NULL,2,87),(255,'2023-05-17 03:35:33','2023-05-17 03:35:33',NULL,NULL,'Australian Capital Territory',NULL,3,87),(256,'2023-05-17 03:35:33','2023-05-17 03:35:33',NULL,NULL,'Thurgau',NULL,1,88),(257,'2023-05-17 03:35:33','2023-05-17 03:35:33',NULL,NULL,'Thurgau',NULL,2,88),(258,'2023-05-17 03:35:33','2023-05-17 03:35:33',NULL,NULL,'Thurgau',NULL,3,88),(259,'2023-05-17 03:35:33','2023-05-17 03:35:33',NULL,NULL,'Louisiana',NULL,1,89),(260,'2023-05-17 03:35:33','2023-05-17 03:35:33',NULL,NULL,'Louisiane',NULL,2,89),(261,'2023-05-17 03:35:33','2023-05-17 03:35:33',NULL,NULL,'Louisiana',NULL,3,89),(262,'2023-05-17 03:35:33','2023-05-17 03:35:33',NULL,NULL,'Hamburg',NULL,1,90),(263,'2023-05-17 03:35:33','2023-05-17 03:35:33',NULL,NULL,'Hamburg',NULL,2,90),(264,'2023-05-17 03:35:33','2023-05-17 03:35:33',NULL,NULL,'Hamburg',NULL,3,90),(265,'2023-05-17 03:35:33','2023-05-17 03:35:33',NULL,NULL,'Tessin',NULL,1,91),(266,'2023-05-17 03:35:33','2023-05-17 03:35:33',NULL,NULL,'Tessin',NULL,2,91),(267,'2023-05-17 03:35:33','2023-05-17 03:35:33',NULL,NULL,'Tessin',NULL,3,91),(268,'2023-05-17 03:35:33','2023-05-17 03:35:33',NULL,NULL,'Lugo',NULL,1,92),(269,'2023-05-17 03:35:33','2023-05-17 03:35:33',NULL,NULL,'Lugo',NULL,2,92),(270,'2023-05-17 03:35:33','2023-05-17 03:35:33',NULL,NULL,'Lugo',NULL,3,92),(271,'2023-05-17 03:35:33','2023-05-17 03:35:33',NULL,NULL,'Neuenburg',NULL,1,93),(272,'2023-05-17 03:35:33','2023-05-17 03:35:33',NULL,NULL,'Neuenburg',NULL,2,93),(273,'2023-05-17 03:35:33','2023-05-17 03:35:33',NULL,NULL,'Neuenburg',NULL,3,93),(274,'2023-05-17 03:35:33','2023-05-17 03:35:33',NULL,NULL,'Tennessee',NULL,1,94),(275,'2023-05-17 03:35:33','2023-05-17 03:35:33',NULL,NULL,'Tennessee',NULL,2,94),(276,'2023-05-17 03:35:33','2023-05-17 03:35:33',NULL,NULL,'Tennessee',NULL,3,94),(277,'2023-05-17 03:35:33','2023-05-17 03:35:33',NULL,NULL,'Toledo',NULL,1,95),(278,'2023-05-17 03:35:33','2023-05-17 03:35:33',NULL,NULL,'Toledo',NULL,2,95),(279,'2023-05-17 03:35:33','2023-05-17 03:35:33',NULL,NULL,'Toledo',NULL,3,95),(280,'2023-05-17 03:35:33','2023-05-17 03:35:33',NULL,NULL,'District of Columbia',NULL,1,96),(281,'2023-05-17 03:35:33','2023-05-17 03:35:33',NULL,NULL,'District de Columbia',NULL,2,96),(282,'2023-05-17 03:35:33','2023-05-17 03:35:33',NULL,NULL,'District of Columbia',NULL,3,96),(283,'2023-05-17 03:35:33','2023-05-17 03:35:33',NULL,NULL,'Palencia',NULL,1,97),(284,'2023-05-17 03:35:33','2023-05-17 03:35:33',NULL,NULL,'Palencia',NULL,2,97),(285,'2023-05-17 03:35:33','2023-05-17 03:35:33',NULL,NULL,'Palencia',NULL,3,97),(286,'2023-05-17 03:35:33','2023-05-17 03:35:33',NULL,NULL,'Delaware',NULL,1,98),(287,'2023-05-17 03:35:33','2023-05-17 03:35:33',NULL,NULL,'Delaware',NULL,2,98),(288,'2023-05-17 03:35:33','2023-05-17 03:35:33',NULL,NULL,'Delaware',NULL,3,98),(289,'2023-05-17 03:35:33','2023-05-17 03:35:33',NULL,NULL,'Texas',NULL,1,99),(290,'2023-05-17 03:35:33','2023-05-17 03:35:33',NULL,NULL,'Texas',NULL,2,99),(291,'2023-05-17 03:35:33','2023-05-17 03:35:33',NULL,NULL,'Texas',NULL,3,99),(292,'2023-05-17 03:35:33','2023-05-17 03:35:33',NULL,NULL,'Tasmania',NULL,1,100),(293,'2023-05-17 03:35:33','2023-05-17 03:35:33',NULL,NULL,'Tasmanie',NULL,2,100),(294,'2023-05-17 03:35:33','2023-05-17 03:35:33',NULL,NULL,'Tasmania',NULL,3,100),(295,'2023-05-17 03:35:33','2023-05-17 03:35:33',NULL,NULL,'Queensland',NULL,1,101),(296,'2023-05-17 03:35:33','2023-05-17 03:35:33',NULL,NULL,'Queensland',NULL,2,101),(297,'2023-05-17 03:35:33','2023-05-17 03:35:33',NULL,NULL,'Queensland',NULL,3,101),(298,'2023-05-17 03:35:33','2023-05-17 03:35:33',NULL,NULL,'Luzern',NULL,1,102),(299,'2023-05-17 03:35:33','2023-05-17 03:35:33',NULL,NULL,'Luzern',NULL,2,102),(300,'2023-05-17 03:35:33','2023-05-17 03:35:33',NULL,NULL,'Luzern',NULL,3,102),(301,'2023-05-17 03:35:33','2023-05-17 03:35:33',NULL,NULL,'Burgos',NULL,1,103),(302,'2023-05-17 03:35:33','2023-05-17 03:35:33',NULL,NULL,'Burgos',NULL,2,103),(303,'2023-05-17 03:35:33','2023-05-17 03:35:33',NULL,NULL,'Burgos',NULL,3,103),(304,'2023-05-17 03:35:33','2023-05-17 03:35:33',NULL,NULL,'Cadiz',NULL,1,104),(305,'2023-05-17 03:35:33','2023-05-17 03:35:33',NULL,NULL,'Cadiz',NULL,2,104),(306,'2023-05-17 03:35:33','2023-05-17 03:35:33',NULL,NULL,'Cadiz',NULL,3,104),(307,'2023-05-17 03:35:33','2023-05-17 03:35:33',NULL,NULL,'Santa Cruz de Tenerife',NULL,1,105),(308,'2023-05-17 03:35:33','2023-05-17 03:35:33',NULL,NULL,'Santa Cruz de Tenerife',NULL,2,105),(309,'2023-05-17 03:35:33','2023-05-17 03:35:33',NULL,NULL,'Santa Cruz de Tenerife',NULL,3,105),(310,'2023-05-17 03:35:33','2023-05-17 03:35:33',NULL,NULL,'Massachusetts',NULL,1,106),(311,'2023-05-17 03:35:33','2023-05-17 03:35:33',NULL,NULL,'Massachusetts',NULL,2,106),(312,'2023-05-17 03:35:33','2023-05-17 03:35:33',NULL,NULL,'Massachusetts',NULL,3,106),(313,'2023-05-17 03:35:33','2023-05-17 03:35:33',NULL,NULL,'Manitoba',NULL,1,107),(314,'2023-05-17 03:35:33','2023-05-17 03:35:33',NULL,NULL,'Manitoba',NULL,2,107),(315,'2023-05-17 03:35:33','2023-05-17 03:35:33',NULL,NULL,'Manitoba',NULL,3,107),(316,'2023-05-17 03:35:33','2023-05-17 03:35:33',NULL,NULL,'Maryland',NULL,1,108),(317,'2023-05-17 03:35:33','2023-05-17 03:35:33',NULL,NULL,'Maryland',NULL,2,108),(318,'2023-05-17 03:35:33','2023-05-17 03:35:33',NULL,NULL,'Maryland',NULL,3,108),(319,'2023-05-17 03:35:33','2023-05-17 03:35:33',NULL,NULL,'Girona',NULL,1,109),(320,'2023-05-17 03:35:33','2023-05-17 03:35:33',NULL,NULL,'Girona',NULL,2,109),(321,'2023-05-17 03:35:34','2023-05-17 03:35:34',NULL,NULL,'Girona',NULL,3,109),(322,'2023-05-17 03:35:34','2023-05-17 03:35:34',NULL,NULL,'Maine',NULL,1,110),(323,'2023-05-17 03:35:34','2023-05-17 03:35:34',NULL,NULL,'Maine',NULL,2,110),(324,'2023-05-17 03:35:34','2023-05-17 03:35:34',NULL,NULL,'Maine',NULL,3,110),(325,'2023-05-17 03:35:34','2023-05-17 03:35:34',NULL,NULL,'Alicante',NULL,1,111),(326,'2023-05-17 03:35:34','2023-05-17 03:35:34',NULL,NULL,'Alicante',NULL,2,111),(327,'2023-05-17 03:35:34','2023-05-17 03:35:34',NULL,NULL,'Alicante',NULL,3,111),(328,'2023-05-17 03:35:34','2023-05-17 03:35:34',NULL,NULL,'Guadalajara',NULL,1,112),(329,'2023-05-17 03:35:34','2023-05-17 03:35:34',NULL,NULL,'Guadalajara',NULL,2,112),(330,'2023-05-17 03:35:34','2023-05-17 03:35:34',NULL,NULL,'Guadalajara',NULL,3,112),(331,'2023-05-17 03:35:34','2023-05-17 03:35:34',NULL,NULL,'Cantabria',NULL,1,113),(332,'2023-05-17 03:35:34','2023-05-17 03:35:34',NULL,NULL,'Cantabria',NULL,2,113),(333,'2023-05-17 03:35:34','2023-05-17 03:35:34',NULL,NULL,'Cantabria',NULL,3,113),(334,'2023-05-17 03:35:34','2023-05-17 03:35:34',NULL,NULL,'Marshall Islands',NULL,1,114),(335,'2023-05-17 03:35:34','2023-05-17 03:35:34',NULL,NULL,'Marshall Islands',NULL,2,114),(336,'2023-05-17 03:35:34','2023-05-17 03:35:34',NULL,NULL,'Marshall Islands',NULL,3,114),(337,'2023-05-17 03:35:34','2023-05-17 03:35:34',NULL,NULL,'Michigan',NULL,1,115),(338,'2023-05-17 03:35:34','2023-05-17 03:35:34',NULL,NULL,'Michigan',NULL,2,115),(339,'2023-05-17 03:35:34','2023-05-17 03:35:34',NULL,NULL,'Michigan',NULL,3,115),(340,'2023-05-17 03:35:34','2023-05-17 03:35:34',NULL,NULL,'Uri',NULL,1,116),(341,'2023-05-17 03:35:34','2023-05-17 03:35:34',NULL,NULL,'Uri',NULL,2,116),(342,'2023-05-17 03:35:34','2023-05-17 03:35:34',NULL,NULL,'Uri',NULL,3,116),(343,'2023-05-17 03:35:34','2023-05-17 03:35:34',NULL,NULL,'Utah',NULL,1,117),(344,'2023-05-17 03:35:34','2023-05-17 03:35:34',NULL,NULL,'Utah',NULL,2,117),(345,'2023-05-17 03:35:34','2023-05-17 03:35:34',NULL,NULL,'Utah',NULL,3,117),(346,'2023-05-17 03:35:34','2023-05-17 03:35:34',NULL,NULL,'Minnesota',NULL,1,118),(347,'2023-05-17 03:35:34','2023-05-17 03:35:34',NULL,NULL,'Minnesota',NULL,2,118),(348,'2023-05-17 03:35:34','2023-05-17 03:35:34',NULL,NULL,'Minnesota',NULL,3,118),(349,'2023-05-17 03:35:34','2023-05-17 03:35:34',NULL,NULL,'Missouri',NULL,1,119),(350,'2023-05-17 03:35:34','2023-05-17 03:35:34',NULL,NULL,'Missouri',NULL,2,119),(351,'2023-05-17 03:35:34','2023-05-17 03:35:34',NULL,NULL,'Missouri',NULL,3,119),(352,'2023-05-17 03:35:34','2023-05-17 03:35:34',NULL,NULL,'Northern Mariana Islands',NULL,1,120),(353,'2023-05-17 03:35:34','2023-05-17 03:35:34',NULL,NULL,'Northern Mariana Islands',NULL,2,120),(354,'2023-05-17 03:35:34','2023-05-17 03:35:34',NULL,NULL,'Northern Mariana Islands',NULL,3,120),(355,'2023-05-17 03:35:34','2023-05-17 03:35:34',NULL,NULL,'Barcelona',NULL,1,121),(356,'2023-05-17 03:35:34','2023-05-17 03:35:34',NULL,NULL,'Barcelona',NULL,2,121),(357,'2023-05-17 03:35:34','2023-05-17 03:35:34',NULL,NULL,'Barcelona',NULL,3,121),(358,'2023-05-17 03:35:34','2023-05-17 03:35:34',NULL,NULL,'Mississippi',NULL,1,122),(359,'2023-05-17 03:35:34','2023-05-17 03:35:34',NULL,NULL,'Mississippi',NULL,2,122),(360,'2023-05-17 03:35:34','2023-05-17 03:35:34',NULL,NULL,'Mississippi',NULL,3,122),(361,'2023-05-17 03:35:34','2023-05-17 03:35:34',NULL,NULL,'Montana',NULL,1,123),(362,'2023-05-17 03:35:34','2023-05-17 03:35:34',NULL,NULL,'Montana',NULL,2,123),(363,'2023-05-17 03:35:34','2023-05-17 03:35:34',NULL,NULL,'Montana',NULL,3,123),(364,'2023-05-17 03:35:34','2023-05-17 03:35:34',NULL,NULL,'Badajoz',NULL,1,124),(365,'2023-05-17 03:35:34','2023-05-17 03:35:34',NULL,NULL,'Badajoz',NULL,2,124),(366,'2023-05-17 03:35:34','2023-05-17 03:35:34',NULL,NULL,'Badajoz',NULL,3,124),(367,'2023-05-17 03:35:34','2023-05-17 03:35:34',NULL,NULL,'Mecklenburg-Vorpommern',NULL,1,125),(368,'2023-05-17 03:35:34','2023-05-17 03:35:34',NULL,NULL,'Mecklenburg-Vorpommern',NULL,2,125),(369,'2023-05-17 03:35:34','2023-05-17 03:35:34',NULL,NULL,'Mecklenburg-Vorpommern',NULL,3,125),(370,'2023-05-17 03:35:34','2023-05-17 03:35:34',NULL,NULL,'Virginia',NULL,1,126),(371,'2023-05-17 03:35:34','2023-05-17 03:35:34',NULL,NULL,'Virginie',NULL,2,126),(372,'2023-05-17 03:35:34','2023-05-17 03:35:34',NULL,NULL,'Virginia',NULL,3,126),(373,'2023-05-17 03:35:34','2023-05-17 03:35:34',NULL,NULL,'Voralberg',NULL,1,127),(374,'2023-05-17 03:35:34','2023-05-17 03:35:34',NULL,NULL,'Voralberg',NULL,2,127),(375,'2023-05-17 03:35:34','2023-05-17 03:35:34',NULL,NULL,'Voralberg',NULL,3,127),(376,'2023-05-17 03:35:34','2023-05-17 03:35:34',NULL,NULL,'Cuenca',NULL,1,128),(377,'2023-05-17 03:35:34','2023-05-17 03:35:34',NULL,NULL,'Cuenca',NULL,2,128),(378,'2023-05-17 03:35:34','2023-05-17 03:35:34',NULL,NULL,'Cuenca',NULL,3,128),(379,'2023-05-17 03:35:34','2023-05-17 03:35:34',NULL,NULL,'Wien',NULL,1,129),(380,'2023-05-17 03:35:34','2023-05-17 03:35:34',NULL,NULL,'Wien',NULL,2,129),(381,'2023-05-17 03:35:34','2023-05-17 03:35:34',NULL,NULL,'Wien',NULL,3,129),(382,'2023-05-17 03:35:34','2023-05-17 03:35:34',NULL,NULL,'Waadt',NULL,1,130),(383,'2023-05-17 03:35:34','2023-05-17 03:35:34',NULL,NULL,'Waadt',NULL,2,130),(384,'2023-05-17 03:35:34','2023-05-17 03:35:34',NULL,NULL,'Waadt',NULL,3,130),(385,'2023-05-17 03:35:34','2023-05-17 03:35:34',NULL,NULL,'Sevilla',NULL,1,131),(386,'2023-05-17 03:35:34','2023-05-17 03:35:34',NULL,NULL,'Sevilla',NULL,2,131),(387,'2023-05-17 03:35:34','2023-05-17 03:35:34',NULL,NULL,'Sevilla',NULL,3,131),(388,'2023-05-17 03:35:34','2023-05-17 03:35:34',NULL,NULL,'Virgin Islands',NULL,1,132),(389,'2023-05-17 03:35:34','2023-05-17 03:35:34',NULL,NULL,'Virgin Islands',NULL,2,132),(390,'2023-05-17 03:35:34','2023-05-17 03:35:34',NULL,NULL,'Virgin Islands',NULL,3,132),(391,'2023-05-17 03:35:34','2023-05-17 03:35:34',NULL,NULL,'Zaragoza',NULL,1,133),(392,'2023-05-17 03:35:34','2023-05-17 03:35:34',NULL,NULL,'Zaragoza',NULL,2,133),(393,'2023-05-17 03:35:34','2023-05-17 03:35:34',NULL,NULL,'Zaragoza',NULL,3,133),(394,'2023-05-17 03:35:34','2023-05-17 03:35:34',NULL,NULL,'New Brunswick',NULL,1,134),(395,'2023-05-17 03:35:34','2023-05-17 03:35:34',NULL,NULL,'Nouveau Brunswick',NULL,2,134),(396,'2023-05-17 03:35:34','2023-05-17 03:35:34',NULL,NULL,'New Brunswick',NULL,3,134),(397,'2023-05-17 03:35:34','2023-05-17 03:35:34',NULL,NULL,'Sachsen-Anhalt',NULL,1,135),(398,'2023-05-17 03:35:34','2023-05-17 03:35:34',NULL,NULL,'Sachsen-Anhalt',NULL,2,135),(399,'2023-05-17 03:35:35','2023-05-17 03:35:35',NULL,NULL,'Sachsen-Anhalt',NULL,3,135),(400,'2023-05-17 03:35:35','2023-05-17 03:35:35',NULL,NULL,'North Carolina',NULL,1,136),(401,'2023-05-17 03:35:35','2023-05-17 03:35:35',NULL,NULL,'Caroline du Nord',NULL,2,136),(402,'2023-05-17 03:35:35','2023-05-17 03:35:35',NULL,NULL,'North Carolina',NULL,3,136),(403,'2023-05-17 03:35:35','2023-05-17 03:35:35',NULL,NULL,'North Dakota',NULL,1,137),(404,'2023-05-17 03:35:35','2023-05-17 03:35:35',NULL,NULL,'Dakota du Nord',NULL,2,137),(405,'2023-05-17 03:35:35','2023-05-17 03:35:35',NULL,NULL,'North Dakota',NULL,3,137),(406,'2023-05-17 03:35:35','2023-05-17 03:35:35',NULL,NULL,'Nebraska',NULL,1,138),(407,'2023-05-17 03:35:35','2023-05-17 03:35:35',NULL,NULL,'Nebraska',NULL,2,138),(408,'2023-05-17 03:35:35','2023-05-17 03:35:35',NULL,NULL,'Nebraska',NULL,3,138),(409,'2023-05-17 03:35:35','2023-05-17 03:35:35',NULL,NULL,'Newfoundland - Labrador',NULL,1,139),(410,'2023-05-17 03:35:35','2023-05-17 03:35:35',NULL,NULL,'Terre-Neuve - Labrador',NULL,2,139),(411,'2023-05-17 03:35:35','2023-05-17 03:35:35',NULL,NULL,'Newfoundland - Labrador',NULL,3,139),(412,'2023-05-17 03:35:35','2023-05-17 03:35:35',NULL,NULL,'New Hampshire',NULL,1,140),(413,'2023-05-17 03:35:35','2023-05-17 03:35:35',NULL,NULL,'Nouveau Hampshire',NULL,2,140),(414,'2023-05-17 03:35:35','2023-05-17 03:35:35',NULL,NULL,'New Hampshire',NULL,3,140),(415,'2023-05-17 03:35:35','2023-05-17 03:35:35',NULL,NULL,'New Jersey',NULL,1,141),(416,'2023-05-17 03:35:35','2023-05-17 03:35:35',NULL,NULL,'New Jersey',NULL,2,141),(417,'2023-05-17 03:35:35','2023-05-17 03:35:35',NULL,NULL,'New Jersey',NULL,3,141),(418,'2023-05-17 03:35:35','2023-05-17 03:35:35',NULL,NULL,'Wallis',NULL,1,142),(419,'2023-05-17 03:35:35','2023-05-17 03:35:35',NULL,NULL,'Wallis',NULL,2,142),(420,'2023-05-17 03:35:35','2023-05-17 03:35:35',NULL,NULL,'Wallis',NULL,3,142),(421,'2023-05-17 03:35:35','2023-05-17 03:35:35',NULL,NULL,'Vermont',NULL,1,143),(422,'2023-05-17 03:35:35','2023-05-17 03:35:35',NULL,NULL,'Vermont',NULL,2,143),(423,'2023-05-17 03:35:35','2023-05-17 03:35:35',NULL,NULL,'Vermont',NULL,3,143),(424,'2023-05-17 03:35:35','2023-05-17 03:35:35',NULL,NULL,'New Mexico',NULL,1,144),(425,'2023-05-17 03:35:35','2023-05-17 03:35:35',NULL,NULL,'Nouveau Mexique',NULL,2,144),(426,'2023-05-17 03:35:35','2023-05-17 03:35:35',NULL,NULL,'New Mexico',NULL,3,144),(427,'2023-05-17 03:35:35','2023-05-17 03:35:35',NULL,NULL,'Niederosterreich',NULL,1,145),(428,'2023-05-17 03:35:35','2023-05-17 03:35:35',NULL,NULL,'Niederosterreich',NULL,2,145),(429,'2023-05-17 03:35:35','2023-05-17 03:35:35',NULL,NULL,'Niederosterreich',NULL,3,145),(430,'2023-05-17 03:35:35','2023-05-17 03:35:35',NULL,NULL,'Sachsen',NULL,1,146),(431,'2023-05-17 03:35:35','2023-05-17 03:35:35',NULL,NULL,'Sachsen',NULL,2,146),(432,'2023-05-17 03:35:35','2023-05-17 03:35:35',NULL,NULL,'Sachsen',NULL,3,146),(433,'2023-05-17 03:35:35','2023-05-17 03:35:35',NULL,NULL,'Nova Scotia',NULL,1,147),(434,'2023-05-17 03:35:35','2023-05-17 03:35:35',NULL,NULL,'Nouvelle Écosse',NULL,2,147),(435,'2023-05-17 03:35:35','2023-05-17 03:35:35',NULL,NULL,'Nova Scotia',NULL,3,147),(436,'2023-05-17 03:35:35','2023-05-17 03:35:35',NULL,NULL,'Saarland',NULL,1,148),(437,'2023-05-17 03:35:35','2023-05-17 03:35:35',NULL,NULL,'Saarland',NULL,2,148),(438,'2023-05-17 03:35:35','2023-05-17 03:35:35',NULL,NULL,'Saarland',NULL,3,148),(439,'2023-05-17 03:35:35','2023-05-17 03:35:35',NULL,NULL,'Florida',NULL,1,149),(440,'2023-05-17 03:35:35','2023-05-17 03:35:35',NULL,NULL,'Floride',NULL,2,149),(441,'2023-05-17 03:35:35','2023-05-17 03:35:35',NULL,NULL,'Florida',NULL,3,149),(442,'2023-05-17 03:35:35','2023-05-17 03:35:35',NULL,NULL,'Northwest Territories',NULL,1,150),(443,'2023-05-17 03:35:35','2023-05-17 03:35:35',NULL,NULL,'Territores du Nord-Ouest',NULL,2,150),(444,'2023-05-17 03:35:35','2023-05-17 03:35:35',NULL,NULL,'Northwest Territories',NULL,3,150),(445,'2023-05-17 03:35:35','2023-05-17 03:35:35',NULL,NULL,'Federated States Of Micronesia',NULL,1,151),(446,'2023-05-17 03:35:35','2023-05-17 03:35:35',NULL,NULL,'Federated States Of Micronesia',NULL,2,151),(447,'2023-05-17 03:35:35','2023-05-17 03:35:35',NULL,NULL,'Federated States Of Micronesia',NULL,3,151),(448,'2023-05-17 03:35:35','2023-05-17 03:35:35',NULL,NULL,'Nunavut',NULL,1,152),(449,'2023-05-17 03:35:35','2023-05-17 03:35:35',NULL,NULL,'Nunavut',NULL,2,152),(450,'2023-05-17 03:35:35','2023-05-17 03:35:35',NULL,NULL,'Nunavut',NULL,3,152),(451,'2023-05-17 03:35:35','2023-05-17 03:35:35',NULL,NULL,'Nevada',NULL,1,153),(452,'2023-05-17 03:35:35','2023-05-17 03:35:35',NULL,NULL,'Nevada',NULL,2,153),(453,'2023-05-17 03:35:35','2023-05-17 03:35:35',NULL,NULL,'Nevada',NULL,3,153),(454,'2023-05-17 03:35:35','2023-05-17 03:35:35',NULL,NULL,'Nidwalden',NULL,1,154),(455,'2023-05-17 03:35:35','2023-05-17 03:35:35',NULL,NULL,'Nidwalden',NULL,2,154),(456,'2023-05-17 03:35:35','2023-05-17 03:35:35',NULL,NULL,'Nidwalden',NULL,3,154),(457,'2023-05-17 03:35:35','2023-05-17 03:35:35',NULL,NULL,'Washington',NULL,1,155),(458,'2023-05-17 03:35:35','2023-05-17 03:35:35',NULL,NULL,'Washington',NULL,2,155),(459,'2023-05-17 03:35:35','2023-05-17 03:35:35',NULL,NULL,'Washington',NULL,3,155),(460,'2023-05-17 03:35:35','2023-05-17 03:35:35',NULL,NULL,'New York',NULL,1,156),(461,'2023-05-17 03:35:35','2023-05-17 03:35:35',NULL,NULL,'New York',NULL,2,156),(462,'2023-05-17 03:35:35','2023-05-17 03:35:35',NULL,NULL,'New York',NULL,3,156),(463,'2023-05-17 03:35:35','2023-05-17 03:35:35',NULL,NULL,'Granada',NULL,1,157),(464,'2023-05-17 03:35:35','2023-05-17 03:35:35',NULL,NULL,'Granada',NULL,2,157),(465,'2023-05-17 03:35:35','2023-05-17 03:35:35',NULL,NULL,'Granada',NULL,3,157),(466,'2023-05-17 03:35:35','2023-05-17 03:35:35',NULL,NULL,'Soria',NULL,1,158),(467,'2023-05-17 03:35:35','2023-05-17 03:35:35',NULL,NULL,'Soria',NULL,2,158),(468,'2023-05-17 03:35:35','2023-05-17 03:35:35',NULL,NULL,'Soria',NULL,3,158),(469,'2023-05-17 03:35:35','2023-05-17 03:35:35',NULL,NULL,'Freiburg',NULL,1,159),(470,'2023-05-17 03:35:35','2023-05-17 03:35:35',NULL,NULL,'Freiburg',NULL,2,159),(471,'2023-05-17 03:35:35','2023-05-17 03:35:35',NULL,NULL,'Freiburg',NULL,3,159),(472,'2023-05-17 03:35:35','2023-05-17 03:35:35',NULL,NULL,'Rheinland-Pfalz',NULL,1,160),(473,'2023-05-17 03:35:35','2023-05-17 03:35:35',NULL,NULL,'Rheinland-Pfalz',NULL,2,160),(474,'2023-05-17 03:35:35','2023-05-17 03:35:35',NULL,NULL,'Rheinland-Pfalz',NULL,3,160),(475,'2023-05-17 03:35:35','2023-05-17 03:35:35',NULL,NULL,'Ourense',NULL,1,161),(476,'2023-05-17 03:35:35','2023-05-17 03:35:35',NULL,NULL,'Ourense',NULL,2,161),(477,'2023-05-17 03:35:35','2023-05-17 03:35:35',NULL,NULL,'Ourense',NULL,3,161),(478,'2023-05-17 03:35:35','2023-05-17 03:35:35',NULL,NULL,'Wisconsin',NULL,1,162),(479,'2023-05-17 03:35:35','2023-05-17 03:35:35',NULL,NULL,'Wisconsin',NULL,2,162),(480,'2023-05-17 03:35:35','2023-05-17 03:35:35',NULL,NULL,'Wisconsin',NULL,3,162),(481,'2023-05-17 03:35:36','2023-05-17 03:35:36',NULL,NULL,'Ohio',NULL,1,163),(482,'2023-05-17 03:35:36','2023-05-17 03:35:36',NULL,NULL,'Ohio',NULL,2,163),(483,'2023-05-17 03:35:36','2023-05-17 03:35:36',NULL,NULL,'Ohio',NULL,3,163),(484,'2023-05-17 03:35:36','2023-05-17 03:35:36',NULL,NULL,'Georgia',NULL,1,164),(485,'2023-05-17 03:35:36','2023-05-17 03:35:36',NULL,NULL,'Georgie',NULL,2,164),(486,'2023-05-17 03:35:36','2023-05-17 03:35:36',NULL,NULL,'Georgia',NULL,3,164),(487,'2023-05-17 03:35:36','2023-05-17 03:35:36',NULL,NULL,'Murcia',NULL,1,165),(488,'2023-05-17 03:35:36','2023-05-17 03:35:36',NULL,NULL,'Murcia',NULL,2,165),(489,'2023-05-17 03:35:36','2023-05-17 03:35:36',NULL,NULL,'Murcia',NULL,3,165),(490,'2023-05-17 03:35:36','2023-05-17 03:35:36',NULL,NULL,'Oklahoma',NULL,1,166),(491,'2023-05-17 03:35:36','2023-05-17 03:35:36',NULL,NULL,'Oklahoma',NULL,2,166),(492,'2023-05-17 03:35:36','2023-05-17 03:35:36',NULL,NULL,'Oklahoma',NULL,3,166),(493,'2023-05-17 03:35:36','2023-05-17 03:35:36',NULL,NULL,'Genf',NULL,1,167),(494,'2023-05-17 03:35:36','2023-05-17 03:35:36',NULL,NULL,'Genf',NULL,2,167),(495,'2023-05-17 03:35:36','2023-05-17 03:35:36',NULL,NULL,'Genf',NULL,3,167),(496,'2023-05-17 03:35:36','2023-05-17 03:35:36',NULL,NULL,'West Virginia',NULL,1,168),(497,'2023-05-17 03:35:36','2023-05-17 03:35:36',NULL,NULL,'West Virginia',NULL,2,168),(498,'2023-05-17 03:35:36','2023-05-17 03:35:36',NULL,NULL,'West Virginia',NULL,3,168),(499,'2023-05-17 03:35:36','2023-05-17 03:35:36',NULL,NULL,'Ontario',NULL,1,169),(500,'2023-05-17 03:35:36','2023-05-17 03:35:36',NULL,NULL,'Ontario',NULL,2,169),(501,'2023-05-17 03:35:36','2023-05-17 03:35:36',NULL,NULL,'Ontario',NULL,3,169),(502,'2023-05-17 03:35:36','2023-05-17 03:35:36',NULL,NULL,'Oberosterreich',NULL,1,170),(503,'2023-05-17 03:35:36','2023-05-17 03:35:36',NULL,NULL,'Oberosterreich',NULL,2,170),(504,'2023-05-17 03:35:36','2023-05-17 03:35:36',NULL,NULL,'Oberosterreich',NULL,3,170),(505,'2023-05-17 03:35:36','2023-05-17 03:35:36',NULL,NULL,'Wyoming',NULL,1,171),(506,'2023-05-17 03:35:36','2023-05-17 03:35:36',NULL,NULL,'Wyoming',NULL,2,171),(507,'2023-05-17 03:35:36','2023-05-17 03:35:36',NULL,NULL,'Wyoming',NULL,3,171),(508,'2023-05-17 03:35:36','2023-05-17 03:35:36',NULL,NULL,'Burgenland',NULL,1,172),(509,'2023-05-17 03:35:36','2023-05-17 03:35:36',NULL,NULL,'Burgenland',NULL,2,172),(510,'2023-05-17 03:35:36','2023-05-17 03:35:36',NULL,NULL,'Burgenland',NULL,3,172),(511,'2023-05-17 03:35:36','2023-05-17 03:35:36',NULL,NULL,'Avila',NULL,1,173),(512,'2023-05-17 03:35:36','2023-05-17 03:35:36',NULL,NULL,'Avila',NULL,2,173),(513,'2023-05-17 03:35:36','2023-05-17 03:35:36',NULL,NULL,'Avila',NULL,3,173),(514,'2023-05-17 03:35:36','2023-05-17 03:35:36',NULL,NULL,'Oregon',NULL,1,174),(515,'2023-05-17 03:35:36','2023-05-17 03:35:36',NULL,NULL,'Oregon',NULL,2,174),(516,'2023-05-17 03:35:36','2023-05-17 03:35:36',NULL,NULL,'Oregon',NULL,3,174),(517,'2023-05-17 03:35:36','2023-05-17 03:35:36',NULL,NULL,'Salamanca',NULL,1,175),(518,'2023-05-17 03:35:36','2023-05-17 03:35:36',NULL,NULL,'Salamanca',NULL,2,175),(519,'2023-05-17 03:35:36','2023-05-17 03:35:36',NULL,NULL,'Salamanca',NULL,3,175),(520,'2023-05-17 03:35:36','2023-05-17 03:35:36',NULL,NULL,'Glarus',NULL,1,176),(521,'2023-05-17 03:35:36','2023-05-17 03:35:36',NULL,NULL,'Glarus',NULL,2,176),(522,'2023-05-17 03:35:36','2023-05-17 03:35:36',NULL,NULL,'Glarus',NULL,3,176),(523,'2023-05-17 03:35:36','2023-05-17 03:35:36',NULL,NULL,'Baleares',NULL,1,177),(524,'2023-05-17 03:35:36','2023-05-17 03:35:36',NULL,NULL,'Baleares',NULL,2,177),(525,'2023-05-17 03:35:36','2023-05-17 03:35:36',NULL,NULL,'Baleares',NULL,3,177),(526,'2023-05-17 03:35:36','2023-05-17 03:35:36',NULL,NULL,'Obwalden',NULL,1,178),(527,'2023-05-17 03:35:36','2023-05-17 03:35:36',NULL,NULL,'Obwalden',NULL,2,178),(528,'2023-05-17 03:35:36','2023-05-17 03:35:36',NULL,NULL,'Obwalden',NULL,3,178),(529,'2023-05-17 03:35:36','2023-05-17 03:35:36',NULL,NULL,'Graubnden',NULL,1,179),(530,'2023-05-17 03:35:36','2023-05-17 03:35:36',NULL,NULL,'Graubnden',NULL,2,179),(531,'2023-05-17 03:35:36','2023-05-17 03:35:36',NULL,NULL,'Graubnden',NULL,3,179),(532,'2023-05-17 03:35:36','2023-05-17 03:35:36',NULL,NULL,'Guam',NULL,1,180),(533,'2023-05-17 03:35:36','2023-05-17 03:35:36',NULL,NULL,'Guam',NULL,2,180),(534,'2023-05-17 03:35:36','2023-05-17 03:35:36',NULL,NULL,'Guam',NULL,3,180),(535,'2023-05-17 03:35:36','2023-05-17 03:35:36',NULL,NULL,'Pennsylvania',NULL,1,181),(536,'2023-05-17 03:35:36','2023-05-17 03:35:36',NULL,NULL,'Pennsylvanie',NULL,2,181),(537,'2023-05-17 03:35:36','2023-05-17 03:35:36',NULL,NULL,'Pennsylvania',NULL,3,181),(538,'2023-05-17 03:35:36','2023-05-17 03:35:36',NULL,NULL,'Victoria',NULL,1,182),(539,'2023-05-17 03:35:36','2023-05-17 03:35:36',NULL,NULL,'Victoria',NULL,2,182),(540,'2023-05-17 03:35:36','2023-05-17 03:35:36',NULL,NULL,'Victoria',NULL,3,182),(541,'2023-05-17 03:35:36','2023-05-17 03:35:36',NULL,NULL,'Bremen',NULL,1,183),(542,'2023-05-17 03:35:36','2023-05-17 03:35:36',NULL,NULL,'Bremen',NULL,2,183),(543,'2023-05-17 03:35:36','2023-05-17 03:35:36',NULL,NULL,'Bremen',NULL,3,183),(544,'2023-05-17 03:35:36','2023-05-17 03:35:36',NULL,NULL,'Prince Edward Island',NULL,1,184),(545,'2023-05-17 03:35:36','2023-05-17 03:35:36',NULL,NULL,'Île-du-Prince-Édouard',NULL,2,184),(546,'2023-05-17 03:35:36','2023-05-17 03:35:36',NULL,NULL,'Prince Edward Island',NULL,3,184),(547,'2023-05-17 03:35:36','2023-05-17 03:35:36',NULL,NULL,'Brandenburg',NULL,1,185),(548,'2023-05-17 03:35:36','2023-05-17 03:35:36',NULL,NULL,'Brandenburg',NULL,2,185),(549,'2023-05-17 03:35:36','2023-05-17 03:35:36',NULL,NULL,'Brandenburg',NULL,3,185),(550,'2023-05-17 03:35:36','2023-05-17 03:35:36',NULL,NULL,'Hessen',NULL,1,186),(551,'2023-05-17 03:35:36','2023-05-17 03:35:36',NULL,NULL,'Hessen',NULL,2,186),(552,'2023-05-17 03:35:36','2023-05-17 03:35:36',NULL,NULL,'Hessen',NULL,3,186),(553,'2023-05-17 03:35:36','2023-05-17 03:35:36',NULL,NULL,'Almeria',NULL,1,187),(554,'2023-05-17 03:35:37','2023-05-17 03:35:37',NULL,NULL,'Almeria',NULL,2,187),(555,'2023-05-17 03:35:37','2023-05-17 03:35:37',NULL,NULL,'Almeria',NULL,3,187),(556,'2023-05-17 03:35:37','2023-05-17 03:35:37',NULL,NULL,'Baden-Wrttemberg',NULL,1,188),(557,'2023-05-17 03:35:37','2023-05-17 03:35:37',NULL,NULL,'Baden-Wrttemberg',NULL,2,188),(558,'2023-05-17 03:35:37','2023-05-17 03:35:37',NULL,NULL,'Baden-Wrttemberg',NULL,3,188),(559,'2023-05-17 03:35:37','2023-05-17 03:35:37',NULL,NULL,'Bayern',NULL,1,189),(560,'2023-05-17 03:35:37','2023-05-17 03:35:37',NULL,NULL,'Bayern',NULL,2,189),(561,'2023-05-17 03:35:37','2023-05-17 03:35:37',NULL,NULL,'Bayern',NULL,3,189),(562,'2023-05-17 03:35:37','2023-05-17 03:35:37',NULL,NULL,'Navarra',NULL,1,190),(563,'2023-05-17 03:35:37','2023-05-17 03:35:37',NULL,NULL,'Navarra',NULL,2,190),(564,'2023-05-17 03:35:37','2023-05-17 03:35:37',NULL,NULL,'Navarra',NULL,3,190),(565,'2023-05-17 03:35:37','2023-05-17 03:35:37',NULL,NULL,'Valencia',NULL,1,191),(566,'2023-05-17 03:35:37','2023-05-17 03:35:37',NULL,NULL,'Valencia',NULL,2,191),(567,'2023-05-17 03:35:37','2023-05-17 03:35:37',NULL,NULL,'Valencia',NULL,3,191),(568,'2023-05-17 03:35:37','2023-05-17 03:35:37',NULL,NULL,'Schleswig-Holstein',NULL,1,192),(569,'2023-05-17 03:35:37','2023-05-17 03:35:37',NULL,NULL,'Schleswig-Holstein',NULL,2,192),(570,'2023-05-17 03:35:37','2023-05-17 03:35:37',NULL,NULL,'Schleswig-Holstein',NULL,3,192),(571,'2023-05-17 03:35:37','2023-05-17 03:35:37',NULL,NULL,'Andhra Pradesh',NULL,1,193),(572,'2023-05-17 03:35:37','2023-05-17 03:35:37',NULL,NULL,'Andhra Pradesh',NULL,2,193),(573,'2023-05-17 03:35:37','2023-05-17 03:35:37',NULL,NULL,'Andhra Pradesh',NULL,3,193),(574,'2023-05-17 03:35:37','2023-05-17 03:35:37',NULL,NULL,'Arunachal Pradesh',NULL,1,194),(575,'2023-05-17 03:35:37','2023-05-17 03:35:37',NULL,NULL,'Arunachal Pradesh',NULL,2,194),(576,'2023-05-17 03:35:37','2023-05-17 03:35:37',NULL,NULL,'Arunachal Pradesh',NULL,3,194),(577,'2023-05-17 03:35:37','2023-05-17 03:35:37',NULL,NULL,'Assam',NULL,1,195),(578,'2023-05-17 03:35:37','2023-05-17 03:35:37',NULL,NULL,'Assam',NULL,2,195),(579,'2023-05-17 03:35:37','2023-05-17 03:35:37',NULL,NULL,'Assam',NULL,3,195),(580,'2023-05-17 03:35:37','2023-05-17 03:35:37',NULL,NULL,'Bihar',NULL,1,196),(581,'2023-05-17 03:35:37','2023-05-17 03:35:37',NULL,NULL,'Bihar',NULL,2,196),(582,'2023-05-17 03:35:37','2023-05-17 03:35:37',NULL,NULL,'Bihar',NULL,3,196),(583,'2023-05-17 03:35:37','2023-05-17 03:35:37',NULL,NULL,'Chhattisgarh',NULL,1,197),(584,'2023-05-17 03:35:37','2023-05-17 03:35:37',NULL,NULL,'Chhattisgarh',NULL,2,197),(585,'2023-05-17 03:35:37','2023-05-17 03:35:37',NULL,NULL,'Chhattisgarh',NULL,3,197),(586,'2023-05-17 03:35:37','2023-05-17 03:35:37',NULL,NULL,'Goa',NULL,1,198),(587,'2023-05-17 03:35:37','2023-05-17 03:35:37',NULL,NULL,'Goa',NULL,2,198),(588,'2023-05-17 03:35:37','2023-05-17 03:35:37',NULL,NULL,'Goa',NULL,3,198),(589,'2023-05-17 03:35:37','2023-05-17 03:35:37',NULL,NULL,'Gujarat',NULL,1,199),(590,'2023-05-17 03:35:37','2023-05-17 03:35:37',NULL,NULL,'Gujarat',NULL,2,199),(591,'2023-05-17 03:35:37','2023-05-17 03:35:37',NULL,NULL,'Gujarat',NULL,3,199),(592,'2023-05-17 03:35:37','2023-05-17 03:35:37',NULL,NULL,'Haryana',NULL,1,200),(593,'2023-05-17 03:35:37','2023-05-17 03:35:37',NULL,NULL,'Haryana',NULL,2,200),(594,'2023-05-17 03:35:37','2023-05-17 03:35:37',NULL,NULL,'Haryana',NULL,3,200),(595,'2023-05-17 03:35:37','2023-05-17 03:35:37',NULL,NULL,'Himachal Pradesh',NULL,1,201),(596,'2023-05-17 03:35:37','2023-05-17 03:35:37',NULL,NULL,'Himachal Pradesh',NULL,2,201),(597,'2023-05-17 03:35:37','2023-05-17 03:35:37',NULL,NULL,'Himachal Pradesh',NULL,3,201),(598,'2023-05-17 03:35:37','2023-05-17 03:35:37',NULL,NULL,'Jharkhand',NULL,1,202),(599,'2023-05-17 03:35:37','2023-05-17 03:35:37',NULL,NULL,'Jharkhand',NULL,2,202),(600,'2023-05-17 03:35:37','2023-05-17 03:35:37',NULL,NULL,'Jharkhand',NULL,3,202),(601,'2023-05-17 03:35:37','2023-05-17 03:35:37',NULL,NULL,'Karnataka',NULL,1,203),(602,'2023-05-17 03:35:37','2023-05-17 03:35:37',NULL,NULL,'Karnataka',NULL,2,203),(603,'2023-05-17 03:35:37','2023-05-17 03:35:37',NULL,NULL,'Karnataka',NULL,3,203),(604,'2023-05-17 03:35:37','2023-05-17 03:35:37',NULL,NULL,'Kerala',NULL,1,204),(605,'2023-05-17 03:35:37','2023-05-17 03:35:37',NULL,NULL,'Kerala',NULL,2,204),(606,'2023-05-17 03:35:37','2023-05-17 03:35:37',NULL,NULL,'Kerala',NULL,3,204),(607,'2023-05-17 03:35:37','2023-05-17 03:35:37',NULL,NULL,'Madhya Pradesh',NULL,1,205),(608,'2023-05-17 03:35:37','2023-05-17 03:35:37',NULL,NULL,'Madhya Pradesh',NULL,2,205),(609,'2023-05-17 03:35:37','2023-05-17 03:35:37',NULL,NULL,'Madhya Pradesh',NULL,3,205),(610,'2023-05-17 03:35:37','2023-05-17 03:35:37',NULL,NULL,'Maharashtra',NULL,1,206),(611,'2023-05-17 03:35:37','2023-05-17 03:35:37',NULL,NULL,'Maharashtra',NULL,2,206),(612,'2023-05-17 03:35:37','2023-05-17 03:35:37',NULL,NULL,'Maharashtra',NULL,3,206),(613,'2023-05-17 03:35:37','2023-05-17 03:35:37',NULL,NULL,'Manipur',NULL,1,207),(614,'2023-05-17 03:35:37','2023-05-17 03:35:37',NULL,NULL,'Manipur',NULL,2,207),(615,'2023-05-17 03:35:37','2023-05-17 03:35:37',NULL,NULL,'Manipur',NULL,3,207),(616,'2023-05-17 03:35:37','2023-05-17 03:35:37',NULL,NULL,'Meghalaya',NULL,1,208),(617,'2023-05-17 03:35:37','2023-05-17 03:35:37',NULL,NULL,'Meghalaya',NULL,2,208),(618,'2023-05-17 03:35:37','2023-05-17 03:35:37',NULL,NULL,'Meghalaya',NULL,3,208),(619,'2023-05-17 03:35:37','2023-05-17 03:35:37',NULL,NULL,'Mizoram',NULL,1,209),(620,'2023-05-17 03:35:37','2023-05-17 03:35:37',NULL,NULL,'Mizoram',NULL,2,209),(621,'2023-05-17 03:35:37','2023-05-17 03:35:37',NULL,NULL,'Mizoram',NULL,3,209),(622,'2023-05-17 03:35:37','2023-05-17 03:35:37',NULL,NULL,'Nagaland',NULL,1,210),(623,'2023-05-17 03:35:37','2023-05-17 03:35:37',NULL,NULL,'Nagaland',NULL,2,210),(624,'2023-05-17 03:35:37','2023-05-17 03:35:37',NULL,NULL,'Nagaland',NULL,3,210),(625,'2023-05-17 03:35:37','2023-05-17 03:35:37',NULL,NULL,'Odisha',NULL,1,211),(626,'2023-05-17 03:35:37','2023-05-17 03:35:37',NULL,NULL,'Odisha',NULL,2,211),(627,'2023-05-17 03:35:37','2023-05-17 03:35:37',NULL,NULL,'Odisha',NULL,3,211),(628,'2023-05-17 03:35:37','2023-05-17 03:35:37',NULL,NULL,'Punjab',NULL,1,212),(629,'2023-05-17 03:35:37','2023-05-17 03:35:37',NULL,NULL,'Punjab',NULL,2,212),(630,'2023-05-17 03:35:37','2023-05-17 03:35:37',NULL,NULL,'Punjab',NULL,3,212),(631,'2023-05-17 03:35:37','2023-05-17 03:35:37',NULL,NULL,'Rajasthan',NULL,1,213),(632,'2023-05-17 03:35:37','2023-05-17 03:35:37',NULL,NULL,'Rajasthan',NULL,2,213),(633,'2023-05-17 03:35:37','2023-05-17 03:35:37',NULL,NULL,'Rajasthan',NULL,3,213),(634,'2023-05-17 03:35:37','2023-05-17 03:35:37',NULL,NULL,'Sikkim',NULL,1,214),(635,'2023-05-17 03:35:37','2023-05-17 03:35:37',NULL,NULL,'Sikkim',NULL,2,214),(636,'2023-05-17 03:35:37','2023-05-17 03:35:37',NULL,NULL,'Sikkim',NULL,3,214),(637,'2023-05-17 03:35:38','2023-05-17 03:35:38',NULL,NULL,'Tamil Nadu',NULL,1,215),(638,'2023-05-17 03:35:38','2023-05-17 03:35:38',NULL,NULL,'Tamil Nadu',NULL,2,215),(639,'2023-05-17 03:35:38','2023-05-17 03:35:38',NULL,NULL,'Tamil Nadu',NULL,3,215),(640,'2023-05-17 03:35:38','2023-05-17 03:35:38',NULL,NULL,'Telangana',NULL,1,216),(641,'2023-05-17 03:35:38','2023-05-17 03:35:38',NULL,NULL,'Telangana',NULL,2,216),(642,'2023-05-17 03:35:38','2023-05-17 03:35:38',NULL,NULL,'Telangana',NULL,3,216),(643,'2023-05-17 03:35:38','2023-05-17 03:35:38',NULL,NULL,'Tripura',NULL,1,217),(644,'2023-05-17 03:35:38','2023-05-17 03:35:38',NULL,NULL,'Tripura',NULL,2,217),(645,'2023-05-17 03:35:38','2023-05-17 03:35:38',NULL,NULL,'Tripura',NULL,3,217),(646,'2023-05-17 03:35:38','2023-05-17 03:35:38',NULL,NULL,'Uttarakhand',NULL,1,218),(647,'2023-05-17 03:35:38','2023-05-17 03:35:38',NULL,NULL,'Uttarakhand',NULL,2,218),(648,'2023-05-17 03:35:38','2023-05-17 03:35:38',NULL,NULL,'Uttarakhand',NULL,3,218),(649,'2023-05-17 03:35:38','2023-05-17 03:35:38',NULL,NULL,'West Bengal',NULL,1,219),(650,'2023-05-17 03:35:38','2023-05-17 03:35:38',NULL,NULL,'West Bengal',NULL,2,219),(651,'2023-05-17 03:35:38','2023-05-17 03:35:38',NULL,NULL,'West Bengal',NULL,3,219);
/*!40000 ALTER TABLE `zone_description` ENABLE KEYS */;
UNLOCK TABLES;
/*!40103 SET TIME_ZONE=@OLD_TIME_ZONE */;

/*!40101 SET SQL_MODE=@OLD_SQL_MODE */;
/*!40014 SET FOREIGN_KEY_CHECKS=@OLD_FOREIGN_KEY_CHECKS */;
/*!40014 SET UNIQUE_CHECKS=@OLD_UNIQUE_CHECKS */;
/*!40101 SET CHARACTER_SET_CLIENT=@OLD_CHARACTER_SET_CLIENT */;
/*!40101 SET CHARACTER_SET_RESULTS=@OLD_CHARACTER_SET_RESULTS */;
/*!40101 SET COLLATION_CONNECTION=@OLD_COLLATION_CONNECTION */;
/*!40111 SET SQL_NOTES=@OLD_SQL_NOTES */;

-- Dump completed on 2023-06-20  6:50:03
