-- MySQL dump 10.13  Distrib 8.0.32, for Win64 (x86_64)
--
-- Host: localhost    Database: viecsinhvien3
-- ------------------------------------------------------
-- Server version	8.0.32

/*!40101 SET @OLD_CHARACTER_SET_CLIENT=@@CHARACTER_SET_CLIENT */;
/*!40101 SET @OLD_CHARACTER_SET_RESULTS=@@CHARACTER_SET_RESULTS */;
/*!40101 SET @OLD_COLLATION_CONNECTION=@@COLLATION_CONNECTION */;
/*!50503 SET NAMES utf8 */;
/*!40103 SET @OLD_TIME_ZONE=@@TIME_ZONE */;
/*!40103 SET TIME_ZONE='+00:00' */;
/*!40014 SET @OLD_UNIQUE_CHECKS=@@UNIQUE_CHECKS, UNIQUE_CHECKS=0 */;
/*!40014 SET @OLD_FOREIGN_KEY_CHECKS=@@FOREIGN_KEY_CHECKS, FOREIGN_KEY_CHECKS=0 */;
/*!40101 SET @OLD_SQL_MODE=@@SQL_MODE, SQL_MODE='NO_AUTO_VALUE_ON_ZERO' */;
/*!40111 SET @OLD_SQL_NOTES=@@SQL_NOTES, SQL_NOTES=0 */;

--
-- Table structure for table `catalog`
--

DROP TABLE IF EXISTS `catalog`;
/*!40101 SET @saved_cs_client     = @@character_set_client */;
/*!50503 SET character_set_client = utf8mb4 */;
CREATE TABLE `catalog` (
  `id` bigint NOT NULL,
  `DATE_CREATED` datetime DEFAULT NULL,
  `DATE_MODIFIED` datetime DEFAULT NULL,
  `UPDT_ID` varchar(60) COLLATE utf8mb3_unicode_ci DEFAULT NULL,
  `CODE` varchar(100) COLLATE utf8mb3_unicode_ci NOT NULL,
  `DEFAULT_CATALOG` bit(1) DEFAULT NULL,
  `SORT_ORDER` int DEFAULT NULL,
  `VISIBLE` bit(1) DEFAULT NULL,
  `MERCHANT_ID` int NOT NULL,
  PRIMARY KEY (`id`),
  UNIQUE KEY `UK32mubpubtaqu30n34bwl7xiis` (`MERCHANT_ID`,`CODE`),
  CONSTRAINT `FKranq0rweb0r6j31j565ak51g8` FOREIGN KEY (`MERCHANT_ID`) REFERENCES `merchant_store` (`MERCHANT_ID`)
) ENGINE=InnoDB DEFAULT CHARSET=utf8mb3 COLLATE=utf8mb3_unicode_ci;
/*!40101 SET character_set_client = @saved_cs_client */;

--
-- Dumping data for table `catalog`
--

LOCK TABLES `catalog` WRITE;
/*!40000 ALTER TABLE `catalog` DISABLE KEYS */;
/*!40000 ALTER TABLE `catalog` ENABLE KEYS */;
UNLOCK TABLES;

--
-- Table structure for table `catalog_entry`
--

DROP TABLE IF EXISTS `catalog_entry`;
/*!40101 SET @saved_cs_client     = @@character_set_client */;
/*!50503 SET character_set_client = utf8mb4 */;
CREATE TABLE `catalog_entry` (
  `id` bigint NOT NULL,
  `DATE_CREATED` datetime DEFAULT NULL,
  `DATE_MODIFIED` datetime DEFAULT NULL,
  `UPDT_ID` varchar(60) COLLATE utf8mb3_unicode_ci DEFAULT NULL,
  `VISIBLE` bit(1) DEFAULT NULL,
  `CATALOG_ID` bigint NOT NULL,
  `CATEGORY_ID` bigint NOT NULL,
  PRIMARY KEY (`id`),
  UNIQUE KEY `UK5q8159i414r299kia2w9re90k` (`CATEGORY_ID`,`CATALOG_ID`),
  KEY `FKqp2j48hb3vodovb8gn2o4gox` (`CATALOG_ID`),
  CONSTRAINT `FK374wks7em54d0oghju0earttl` FOREIGN KEY (`CATEGORY_ID`) REFERENCES `category` (`CATEGORY_ID`),
  CONSTRAINT `FKqp2j48hb3vodovb8gn2o4gox` FOREIGN KEY (`CATALOG_ID`) REFERENCES `catalog` (`id`)
) ENGINE=InnoDB DEFAULT CHARSET=utf8mb3 COLLATE=utf8mb3_unicode_ci;
/*!40101 SET character_set_client = @saved_cs_client */;

--
-- Dumping data for table `catalog_entry`
--

LOCK TABLES `catalog_entry` WRITE;
/*!40000 ALTER TABLE `catalog_entry` DISABLE KEYS */;
/*!40000 ALTER TABLE `catalog_entry` ENABLE KEYS */;
UNLOCK TABLES;

--
-- Table structure for table `category`
--

DROP TABLE IF EXISTS `category`;
/*!40101 SET @saved_cs_client     = @@character_set_client */;
/*!50503 SET character_set_client = utf8mb4 */;
CREATE TABLE `category` (
  `CATEGORY_ID` bigint NOT NULL,
  `DATE_CREATED` datetime DEFAULT NULL,
  `DATE_MODIFIED` datetime DEFAULT NULL,
  `UPDT_ID` varchar(60) COLLATE utf8mb3_unicode_ci DEFAULT NULL,
  `CATEGORY_IMAGE` varchar(100) COLLATE utf8mb3_unicode_ci DEFAULT NULL,
  `CATEGORY_STATUS` bit(1) DEFAULT NULL,
  `CODE` varchar(100) COLLATE utf8mb3_unicode_ci NOT NULL,
  `DEPTH` int DEFAULT NULL,
  `FEATURED` bit(1) DEFAULT NULL,
  `LINEAGE` varchar(255) COLLATE utf8mb3_unicode_ci DEFAULT NULL,
  `SORT_ORDER` int DEFAULT NULL,
  `VISIBLE` bit(1) DEFAULT NULL,
  `MERCHANT_ID` int DEFAULT NULL,
  `PARENT_ID` bigint DEFAULT NULL,
  `NAME` varchar(255) COLLATE utf8mb3_unicode_ci NOT NULL,
  PRIMARY KEY (`CATEGORY_ID`),
  UNIQUE KEY `UK3mq9i6qmgquvoieslx39pej6x` (`MERCHANT_ID`,`CODE`),
  KEY `IDXlctdd0gcnad49kass3ntxv54n` (`LINEAGE`),
  KEY `FKn3kekntr7pm8g9v8ask698ato` (`PARENT_ID`),
  CONSTRAINT `FK8a09asq5fcx0a88i4m8nsixy` FOREIGN KEY (`MERCHANT_ID`) REFERENCES `merchant_store` (`MERCHANT_ID`),
  CONSTRAINT `FKn3kekntr7pm8g9v8ask698ato` FOREIGN KEY (`PARENT_ID`) REFERENCES `category` (`CATEGORY_ID`)
) ENGINE=InnoDB DEFAULT CHARSET=utf8mb3 COLLATE=utf8mb3_unicode_ci;
/*!40101 SET character_set_client = @saved_cs_client */;

--
-- Dumping data for table `category`
--

LOCK TABLES `category` WRITE;
/*!40000 ALTER TABLE `category` DISABLE KEYS */;
INSERT INTO `category` VALUES (50,'2023-05-14 15:40:41','2023-05-14 15:40:41','ndlong2004@gmail.com',NULL,_binary '','parttime',0,_binary '','/50/',0,_binary '',2,NULL,'Bán thời gian'),(51,'2023-06-17 17:55:13','2023-06-17 17:55:13','ndlong@gmail.com',NULL,_binary '','fulltime',NULL,_binary '\0',NULL,0,_binary '\0',NULL,NULL,'Toàn thời gian'),(100,'2023-05-14 15:49:35','2023-05-14 15:49:37','ndlong2004@gmail.com',NULL,_binary '','remote',0,_binary '','/100/',0,_binary '',2,NULL,'Làm việc từ xa');
/*!40000 ALTER TABLE `category` ENABLE KEYS */;
UNLOCK TABLES;

--
-- Table structure for table `category_description`
--

DROP TABLE IF EXISTS `category_description`;
/*!40101 SET @saved_cs_client     = @@character_set_client */;
/*!50503 SET character_set_client = utf8mb4 */;
CREATE TABLE `category_description` (
  `DESCRIPTION_ID` bigint NOT NULL,
  `DATE_CREATED` datetime DEFAULT NULL,
  `DATE_MODIFIED` datetime DEFAULT NULL,
  `UPDT_ID` varchar(60) COLLATE utf8mb3_unicode_ci DEFAULT NULL,
  `DESCRIPTION` longtext COLLATE utf8mb3_unicode_ci,
  `NAME` varchar(120) COLLATE utf8mb3_unicode_ci NOT NULL,
  `TITLE` varchar(100) COLLATE utf8mb3_unicode_ci DEFAULT NULL,
  `CATEGORY_HIGHLIGHT` varchar(255) COLLATE utf8mb3_unicode_ci DEFAULT NULL,
  `META_DESCRIPTION` varchar(255) COLLATE utf8mb3_unicode_ci DEFAULT NULL,
  `META_KEYWORDS` varchar(255) COLLATE utf8mb3_unicode_ci DEFAULT NULL,
  `META_TITLE` varchar(120) COLLATE utf8mb3_unicode_ci DEFAULT NULL,
  `SEF_URL` varchar(120) COLLATE utf8mb3_unicode_ci DEFAULT NULL,
  `LANGUAGE_ID` int NOT NULL,
  `CATEGORY_ID` bigint NOT NULL,
  PRIMARY KEY (`DESCRIPTION_ID`),
  UNIQUE KEY `UKbuesqq6cyx7e5hy3mf30cfieq` (`CATEGORY_ID`,`LANGUAGE_ID`),
  KEY `FKl4j5boteutpu1p8f67kydpnmd` (`LANGUAGE_ID`),
  CONSTRAINT `FKa58u7d0ydfgref1iaux5efyov` FOREIGN KEY (`CATEGORY_ID`) REFERENCES `category` (`CATEGORY_ID`),
  CONSTRAINT `FKl4j5boteutpu1p8f67kydpnmd` FOREIGN KEY (`LANGUAGE_ID`) REFERENCES `language` (`LANGUAGE_ID`)
) ENGINE=InnoDB DEFAULT CHARSET=utf8mb3 COLLATE=utf8mb3_unicode_ci;
/*!40101 SET character_set_client = @saved_cs_client */;

--
-- Dumping data for table `category_description`
--

LOCK TABLES `category_description` WRITE;
/*!40000 ALTER TABLE `category_description` DISABLE KEYS */;
/*!40000 ALTER TABLE `category_description` ENABLE KEYS */;
UNLOCK TABLES;

--
-- Table structure for table `certificate`
--

DROP TABLE IF EXISTS `certificate`;
/*!40101 SET @saved_cs_client     = @@character_set_client */;
/*!50503 SET character_set_client = utf8mb4 */;
CREATE TABLE `certificate` (
  `id` varchar(255) COLLATE utf8mb3_unicode_ci NOT NULL,
  `LINK_REFERENCE` varchar(255) COLLATE utf8mb3_unicode_ci DEFAULT NULL,
  `TITLE` varchar(255) COLLATE utf8mb3_unicode_ci DEFAULT NULL,
  `CV_ID` varchar(255) COLLATE utf8mb3_unicode_ci DEFAULT NULL,
  PRIMARY KEY (`id`),
  KEY `FK29y2yad2e110wxr9semu05vnv` (`CV_ID`),
  CONSTRAINT `FK29y2yad2e110wxr9semu05vnv` FOREIGN KEY (`CV_ID`) REFERENCES `cv` (`id`)
) ENGINE=InnoDB DEFAULT CHARSET=utf8mb3 COLLATE=utf8mb3_unicode_ci;
/*!40101 SET character_set_client = @saved_cs_client */;

--
-- Dumping data for table `certificate`
--

LOCK TABLES `certificate` WRITE;
/*!40000 ALTER TABLE `certificate` DISABLE KEYS */;
INSERT INTO `certificate` VALUES ('f8f46e06-15ed-4834-8569-1260d6c1c3b9','www.404.com/1f','Chứng chỉ đa cấp xuyên lục địaf da update','92772af3-4e29-4fd2-a6e5-dd4a1c4cc14e');
/*!40000 ALTER TABLE `certificate` ENABLE KEYS */;
UNLOCK TABLES;

--
-- Table structure for table `content`
--

DROP TABLE IF EXISTS `content`;
/*!40101 SET @saved_cs_client     = @@character_set_client */;
/*!50503 SET character_set_client = utf8mb4 */;
CREATE TABLE `content` (
  `CONTENT_ID` bigint NOT NULL,
  `DATE_CREATED` datetime DEFAULT NULL,
  `DATE_MODIFIED` datetime DEFAULT NULL,
  `UPDT_ID` varchar(60) COLLATE utf8mb3_unicode_ci DEFAULT NULL,
  `CODE` varchar(100) COLLATE utf8mb3_unicode_ci NOT NULL,
  `CONTENT_POSITION` varchar(10) COLLATE utf8mb3_unicode_ci DEFAULT NULL,
  `CONTENT_TYPE` varchar(10) COLLATE utf8mb3_unicode_ci DEFAULT NULL,
  `LINK_TO_MENU` bit(1) DEFAULT NULL,
  `PRODUCT_GROUP` varchar(255) COLLATE utf8mb3_unicode_ci DEFAULT NULL,
  `SORT_ORDER` int DEFAULT NULL,
  `VISIBLE` bit(1) DEFAULT NULL,
  `MERCHANT_ID` int NOT NULL,
  PRIMARY KEY (`CONTENT_ID`),
  UNIQUE KEY `UKt1v2ld0mrwviquqourql4uub0` (`MERCHANT_ID`,`CODE`),
  KEY `CODE_IDX` (`CODE`),
  CONSTRAINT `FKfmoi0fkjbtfty3o8fs94t11r1` FOREIGN KEY (`MERCHANT_ID`) REFERENCES `merchant_store` (`MERCHANT_ID`)
) ENGINE=InnoDB DEFAULT CHARSET=utf8mb3 COLLATE=utf8mb3_unicode_ci;
/*!40101 SET character_set_client = @saved_cs_client */;

--
-- Dumping data for table `content`
--

LOCK TABLES `content` WRITE;
/*!40000 ALTER TABLE `content` DISABLE KEYS */;
/*!40000 ALTER TABLE `content` ENABLE KEYS */;
UNLOCK TABLES;

--
-- Table structure for table `content_description`
--

DROP TABLE IF EXISTS `content_description`;
/*!40101 SET @saved_cs_client     = @@character_set_client */;
/*!50503 SET character_set_client = utf8mb4 */;
CREATE TABLE `content_description` (
  `DESCRIPTION_ID` bigint NOT NULL,
  `DATE_CREATED` datetime DEFAULT NULL,
  `DATE_MODIFIED` datetime DEFAULT NULL,
  `UPDT_ID` varchar(60) COLLATE utf8mb3_unicode_ci DEFAULT NULL,
  `DESCRIPTION` longtext COLLATE utf8mb3_unicode_ci,
  `NAME` varchar(120) COLLATE utf8mb3_unicode_ci NOT NULL,
  `TITLE` varchar(100) COLLATE utf8mb3_unicode_ci DEFAULT NULL,
  `META_DESCRIPTION` varchar(255) COLLATE utf8mb3_unicode_ci DEFAULT NULL,
  `META_KEYWORDS` varchar(255) COLLATE utf8mb3_unicode_ci DEFAULT NULL,
  `META_TITLE` varchar(255) COLLATE utf8mb3_unicode_ci DEFAULT NULL,
  `SEF_URL` varchar(120) COLLATE utf8mb3_unicode_ci DEFAULT NULL,
  `LANGUAGE_ID` int NOT NULL,
  `CONTENT_ID` bigint NOT NULL,
  PRIMARY KEY (`DESCRIPTION_ID`),
  UNIQUE KEY `UKn0w5r7ctbp88r4rvk7ayklofm` (`CONTENT_ID`,`LANGUAGE_ID`),
  KEY `FK47yxf681u0rfw2kvarhqb0r3v` (`LANGUAGE_ID`),
  CONSTRAINT `FK47yxf681u0rfw2kvarhqb0r3v` FOREIGN KEY (`LANGUAGE_ID`) REFERENCES `language` (`LANGUAGE_ID`),
  CONSTRAINT `FKk7fabfxn2flvcofwwpyg5sys` FOREIGN KEY (`CONTENT_ID`) REFERENCES `content` (`CONTENT_ID`)
) ENGINE=InnoDB DEFAULT CHARSET=utf8mb3 COLLATE=utf8mb3_unicode_ci;
/*!40101 SET character_set_client = @saved_cs_client */;

--
-- Dumping data for table `content_description`
--

LOCK TABLES `content_description` WRITE;
/*!40000 ALTER TABLE `content_description` DISABLE KEYS */;
/*!40000 ALTER TABLE `content_description` ENABLE KEYS */;
UNLOCK TABLES;

--
-- Table structure for table `country`
--

DROP TABLE IF EXISTS `country`;
/*!40101 SET @saved_cs_client     = @@character_set_client */;
/*!50503 SET character_set_client = utf8mb4 */;
CREATE TABLE `country` (
  `COUNTRY_ID` int NOT NULL,
  `COUNTRY_ISOCODE` varchar(255) COLLATE utf8mb3_unicode_ci DEFAULT NULL,
  `COUNTRY_SUPPORTED` bit(1) DEFAULT NULL,
  `GEOZONE_ID` bigint DEFAULT NULL,
  PRIMARY KEY (`COUNTRY_ID`),
  UNIQUE KEY `UK_dqb99v22pt27v0tgeqo958e6x` (`COUNTRY_ISOCODE`),
  KEY `FKd2q9e14kh1j6tm1gpbct2xwws` (`GEOZONE_ID`),
  CONSTRAINT `FKd2q9e14kh1j6tm1gpbct2xwws` FOREIGN KEY (`GEOZONE_ID`) REFERENCES `geozone` (`GEOZONE_ID`)
) ENGINE=InnoDB DEFAULT CHARSET=utf8mb3 COLLATE=utf8mb3_unicode_ci;
/*!40101 SET character_set_client = @saved_cs_client */;

--
-- Dumping data for table `country`
--

LOCK TABLES `country` WRITE;
/*!40000 ALTER TABLE `country` DISABLE KEYS */;
INSERT INTO `country` VALUES (1,'AF',_binary '',NULL),(2,'AX',_binary '',NULL),(3,'AL',_binary '',NULL),(4,'DZ',_binary '',NULL),(5,'AS',_binary '',NULL),(6,'AD',_binary '',NULL),(7,'AO',_binary '',NULL),(8,'AI',_binary '',NULL),(9,'AG',_binary '',NULL),(10,'AR',_binary '',NULL),(11,'AM',_binary '',NULL),(12,'AW',_binary '',NULL),(13,'AU',_binary '',NULL),(14,'AT',_binary '',NULL),(15,'AZ',_binary '',NULL),(16,'BS',_binary '',NULL),(17,'BH',_binary '',NULL),(18,'BD',_binary '',NULL),(19,'BB',_binary '',NULL),(20,'BY',_binary '',NULL),(21,'BE',_binary '',NULL),(22,'BZ',_binary '',NULL),(23,'BJ',_binary '',NULL),(24,'BM',_binary '',NULL),(25,'BT',_binary '',NULL),(26,'BO',_binary '',NULL),(27,'BA',_binary '',NULL),(28,'BW',_binary '',NULL),(29,'BR',_binary '',NULL),(30,'IO',_binary '',NULL),(31,'BN',_binary '',NULL),(32,'BG',_binary '',NULL),(33,'BF',_binary '',NULL),(34,'BI',_binary '',NULL),(35,'KH',_binary '',NULL),(36,'CM',_binary '',NULL),(37,'CA',_binary '',NULL),(38,'CV',_binary '',NULL),(39,'KY',_binary '',NULL),(40,'CF',_binary '',NULL),(41,'TD',_binary '',NULL),(42,'CL',_binary '',NULL),(43,'CN',_binary '',NULL),(44,'CX',_binary '',NULL),(45,'CC',_binary '',NULL),(46,'CO',_binary '',NULL),(47,'KM',_binary '',NULL),(48,'CG',_binary '',NULL),(49,'CD',_binary '',NULL),(50,'CK',_binary '',NULL),(51,'CR',_binary '',NULL),(52,'CI',_binary '',NULL),(53,'HR',_binary '',NULL),(54,'CU',_binary '',NULL),(55,'CY',_binary '',NULL),(56,'CZ',_binary '',NULL),(57,'DK',_binary '',NULL),(58,'DJ',_binary '',NULL),(59,'DM',_binary '',NULL),(60,'DO',_binary '',NULL),(61,'EC',_binary '',NULL),(62,'EG',_binary '',NULL),(63,'SV',_binary '',NULL),(64,'GQ',_binary '',NULL),(65,'ER',_binary '',NULL),(66,'EE',_binary '',NULL),(67,'ET',_binary '',NULL),(68,'FK',_binary '',NULL),(69,'FO',_binary '',NULL),(70,'FJ',_binary '',NULL),(71,'FI',_binary '',NULL),(72,'FR',_binary '',NULL),(73,'GF',_binary '',NULL),(74,'PF',_binary '',NULL),(75,'GA',_binary '',NULL),(76,'GM',_binary '',NULL),(77,'GE',_binary '',NULL),(78,'DE',_binary '',NULL),(79,'GH',_binary '',NULL),(80,'GI',_binary '',NULL),(81,'GR',_binary '',NULL),(82,'GL',_binary '',NULL),(83,'GD',_binary '',NULL),(84,'GP',_binary '',NULL),(85,'GU',_binary '',NULL),(86,'GT',_binary '',NULL),(87,'GG',_binary '',NULL),(88,'GN',_binary '',NULL),(89,'GW',_binary '',NULL),(90,'GY',_binary '',NULL),(91,'HT',_binary '',NULL),(92,'VA',_binary '',NULL),(93,'HN',_binary '',NULL),(94,'HK',_binary '',NULL),(95,'HU',_binary '',NULL),(96,'IS',_binary '',NULL),(97,'IN',_binary '',NULL),(98,'ID',_binary '',NULL),(99,'IR',_binary '',NULL),(100,'IQ',_binary '',NULL),(101,'IE',_binary '',NULL),(102,'IM',_binary '',NULL),(103,'IL',_binary '',NULL),(104,'IT',_binary '',NULL),(105,'JM',_binary '',NULL),(106,'JP',_binary '',NULL),(107,'JE',_binary '',NULL),(108,'JO',_binary '',NULL),(109,'KZ',_binary '',NULL),(110,'KE',_binary '',NULL),(111,'KI',_binary '',NULL),(112,'KP',_binary '',NULL),(113,'KR',_binary '',NULL),(114,'KW',_binary '',NULL),(115,'KG',_binary '',NULL),(116,'LA',_binary '',NULL),(117,'LV',_binary '',NULL),(118,'LB',_binary '',NULL),(119,'LS',_binary '',NULL),(120,'LR',_binary '',NULL),(121,'LY',_binary '',NULL),(122,'LI',_binary '',NULL),(123,'LT',_binary '',NULL),(124,'LU',_binary '',NULL),(125,'MO',_binary '',NULL),(126,'MK',_binary '',NULL),(127,'MG',_binary '',NULL),(128,'MW',_binary '',NULL),(129,'MY',_binary '',NULL),(130,'ML',_binary '',NULL),(131,'MT',_binary '',NULL),(132,'MH',_binary '',NULL),(133,'MQ',_binary '',NULL),(134,'MR',_binary '',NULL),(135,'MU',_binary '',NULL),(136,'YT',_binary '',NULL),(137,'MX',_binary '',NULL),(138,'FM',_binary '',NULL),(139,'MD',_binary '',NULL),(140,'MC',_binary '',NULL),(141,'MN',_binary '',NULL),(142,'ME',_binary '',NULL),(143,'MS',_binary '',NULL),(144,'MA',_binary '',NULL),(145,'MZ',_binary '',NULL),(146,'MM',_binary '',NULL),(147,'NA',_binary '',NULL),(148,'NR',_binary '',NULL),(149,'NP',_binary '',NULL),(150,'NL',_binary '',NULL),(151,'NC',_binary '',NULL),(152,'NZ',_binary '',NULL),(153,'NI',_binary '',NULL),(154,'NE',_binary '',NULL),(155,'NG',_binary '',NULL),(156,'NU',_binary '',NULL),(157,'NF',_binary '',NULL),(158,'MP',_binary '',NULL),(159,'NO',_binary '',NULL),(160,'OM',_binary '',NULL),(161,'PK',_binary '',NULL),(162,'PW',_binary '',NULL),(163,'PS',_binary '',NULL),(164,'PA',_binary '',NULL),(165,'PG',_binary '',NULL),(166,'PY',_binary '',NULL),(167,'PE',_binary '',NULL),(168,'PH',_binary '',NULL),(169,'PN',_binary '',NULL),(170,'PL',_binary '',NULL),(171,'PT',_binary '',NULL),(172,'PR',_binary '',NULL),(173,'QA',_binary '',NULL),(174,'RE',_binary '',NULL),(175,'RO',_binary '',NULL),(176,'RU',_binary '',NULL),(177,'RW',_binary '',NULL),(178,'SH',_binary '',NULL),(179,'KN',_binary '',NULL),(180,'LC',_binary '',NULL),(181,'PM',_binary '',NULL),(182,'VC',_binary '',NULL),(183,'WS',_binary '',NULL),(184,'SM',_binary '',NULL),(185,'ST',_binary '',NULL),(186,'SA',_binary '',NULL),(187,'SN',_binary '',NULL),(188,'RS',_binary '',NULL),(189,'SC',_binary '',NULL),(190,'SL',_binary '',NULL),(191,'SG',_binary '',NULL),(192,'SK',_binary '',NULL),(193,'SI',_binary '',NULL),(194,'SB',_binary '',NULL),(195,'SO',_binary '',NULL),(196,'ZA',_binary '',NULL),(197,'ES',_binary '',NULL),(198,'LK',_binary '',NULL),(199,'SD',_binary '',NULL),(200,'SR',_binary '',NULL),(201,'SJ',_binary '',NULL),(202,'SZ',_binary '',NULL),(203,'SE',_binary '',NULL),(204,'CH',_binary '',NULL),(205,'SY',_binary '',NULL),(206,'TW',_binary '',NULL),(207,'TJ',_binary '',NULL),(208,'TZ',_binary '',NULL),(209,'TH',_binary '',NULL),(210,'TL',_binary '',NULL),(211,'TG',_binary '',NULL),(212,'TK',_binary '',NULL),(213,'TO',_binary '',NULL),(214,'TT',_binary '',NULL),(215,'TN',_binary '',NULL),(216,'TR',_binary '',NULL),(217,'TM',_binary '',NULL),(218,'TC',_binary '',NULL),(219,'TV',_binary '',NULL),(220,'UG',_binary '',NULL),(221,'UA',_binary '',NULL),(222,'AE',_binary '',NULL),(223,'GB',_binary '',NULL),(224,'US',_binary '',NULL),(225,'UM',_binary '',NULL),(226,'UY',_binary '',NULL),(227,'UZ',_binary '',NULL),(228,'VU',_binary '',NULL),(229,'VE',_binary '',NULL),(230,'VN',_binary '',NULL),(231,'VG',_binary '',NULL),(232,'VI',_binary '',NULL),(233,'WF',_binary '',NULL),(234,'EH',_binary '',NULL),(235,'YE',_binary '',NULL),(236,'ZM',_binary '',NULL),(237,'ZW',_binary '',NULL);
/*!40000 ALTER TABLE `country` ENABLE KEYS */;
UNLOCK TABLES;

--
-- Table structure for table `country_description`
--

DROP TABLE IF EXISTS `country_description`;
/*!40101 SET @saved_cs_client     = @@character_set_client */;
/*!50503 SET character_set_client = utf8mb4 */;
CREATE TABLE `country_description` (
  `DESCRIPTION_ID` bigint NOT NULL,
  `DATE_CREATED` datetime DEFAULT NULL,
  `DATE_MODIFIED` datetime DEFAULT NULL,
  `UPDT_ID` varchar(60) COLLATE utf8mb3_unicode_ci DEFAULT NULL,
  `DESCRIPTION` longtext COLLATE utf8mb3_unicode_ci,
  `NAME` varchar(120) COLLATE utf8mb3_unicode_ci NOT NULL,
  `TITLE` varchar(100) COLLATE utf8mb3_unicode_ci DEFAULT NULL,
  `LANGUAGE_ID` int NOT NULL,
  `COUNTRY_ID` int NOT NULL,
  PRIMARY KEY (`DESCRIPTION_ID`),
  UNIQUE KEY `UKt7nshki1rbp6157ed0v6cx4y4` (`COUNTRY_ID`,`LANGUAGE_ID`),
  KEY `FKersrbjot9p9nfukxfd2l27c7t` (`LANGUAGE_ID`),
  CONSTRAINT `FKersrbjot9p9nfukxfd2l27c7t` FOREIGN KEY (`LANGUAGE_ID`) REFERENCES `language` (`LANGUAGE_ID`),
  CONSTRAINT `FKkd2sy7q97wr2ahvyiiqc4txji` FOREIGN KEY (`COUNTRY_ID`) REFERENCES `country` (`COUNTRY_ID`)
) ENGINE=InnoDB DEFAULT CHARSET=utf8mb3 COLLATE=utf8mb3_unicode_ci;
/*!40101 SET character_set_client = @saved_cs_client */;

--
-- Dumping data for table `country_description`
--

LOCK TABLES `country_description` WRITE;
/*!40000 ALTER TABLE `country_description` DISABLE KEYS */;
INSERT INTO `country_description` VALUES (1,'2023-05-17 03:35:18','2023-05-17 03:35:18',NULL,NULL,'Afghanistan',NULL,1,1),(2,'2023-05-17 03:35:18','2023-05-17 03:35:18',NULL,NULL,'Afghanistan',NULL,2,1),(3,'2023-05-17 03:35:18','2023-05-17 03:35:18',NULL,NULL,'Afganistán',NULL,3,1),(4,'2023-05-17 03:35:18','2023-05-17 03:35:18',NULL,NULL,'Åland Islands',NULL,1,2),(5,'2023-05-17 03:35:18','2023-05-17 03:35:18',NULL,NULL,'Îles Åland',NULL,2,2),(6,'2023-05-17 03:35:18','2023-05-17 03:35:18',NULL,NULL,'Islas Aland',NULL,3,2),(7,'2023-05-17 03:35:18','2023-05-17 03:35:18',NULL,NULL,'Albania',NULL,1,3),(8,'2023-05-17 03:35:18','2023-05-17 03:35:18',NULL,NULL,'Albanie',NULL,2,3),(9,'2023-05-17 03:35:18','2023-05-17 03:35:18',NULL,NULL,'Albania',NULL,3,3),(10,'2023-05-17 03:35:18','2023-05-17 03:35:18',NULL,NULL,'Algeria',NULL,1,4),(11,'2023-05-17 03:35:18','2023-05-17 03:35:18',NULL,NULL,'Algérie',NULL,2,4),(12,'2023-05-17 03:35:18','2023-05-17 03:35:18',NULL,NULL,'Argelia',NULL,3,4),(13,'2023-05-17 03:35:18','2023-05-17 03:35:18',NULL,NULL,'American Samoa',NULL,1,5),(14,'2023-05-17 03:35:18','2023-05-17 03:35:18',NULL,NULL,'Samoa américaines',NULL,2,5),(15,'2023-05-17 03:35:18','2023-05-17 03:35:18',NULL,NULL,'Samoa Americana',NULL,3,5),(16,'2023-05-17 03:35:18','2023-05-17 03:35:18',NULL,NULL,'Andorra',NULL,1,6),(17,'2023-05-17 03:35:18','2023-05-17 03:35:18',NULL,NULL,'Andorre',NULL,2,6),(18,'2023-05-17 03:35:18','2023-05-17 03:35:18',NULL,NULL,'Andorra',NULL,3,6),(19,'2023-05-17 03:35:18','2023-05-17 03:35:18',NULL,NULL,'Angola',NULL,1,7),(20,'2023-05-17 03:35:18','2023-05-17 03:35:18',NULL,NULL,'Angola',NULL,2,7),(21,'2023-05-17 03:35:18','2023-05-17 03:35:18',NULL,NULL,'Angola',NULL,3,7),(22,'2023-05-17 03:35:18','2023-05-17 03:35:18',NULL,NULL,'Anguilla',NULL,1,8),(23,'2023-05-17 03:35:18','2023-05-17 03:35:18',NULL,NULL,'Anguilla',NULL,2,8),(24,'2023-05-17 03:35:18','2023-05-17 03:35:18',NULL,NULL,'Anguila',NULL,3,8),(25,'2023-05-17 03:35:18','2023-05-17 03:35:18',NULL,NULL,'Antigua & Barbuda',NULL,1,9),(26,'2023-05-17 03:35:18','2023-05-17 03:35:18',NULL,NULL,'Antigua-et-Barbuda',NULL,2,9),(27,'2023-05-17 03:35:18','2023-05-17 03:35:18',NULL,NULL,'Antigua y Barbuda',NULL,3,9),(28,'2023-05-17 03:35:18','2023-05-17 03:35:18',NULL,NULL,'Argentina',NULL,1,10),(29,'2023-05-17 03:35:18','2023-05-17 03:35:18',NULL,NULL,'Argentine',NULL,2,10),(30,'2023-05-17 03:35:18','2023-05-17 03:35:18',NULL,NULL,'Argentina',NULL,3,10),(31,'2023-05-17 03:35:18','2023-05-17 03:35:18',NULL,NULL,'Armenia',NULL,1,11),(32,'2023-05-17 03:35:18','2023-05-17 03:35:18',NULL,NULL,'Arménie',NULL,2,11),(33,'2023-05-17 03:35:18','2023-05-17 03:35:18',NULL,NULL,'Armenia',NULL,3,11),(34,'2023-05-17 03:35:18','2023-05-17 03:35:18',NULL,NULL,'Aruba',NULL,1,12),(35,'2023-05-17 03:35:18','2023-05-17 03:35:18',NULL,NULL,'Aruba',NULL,2,12),(36,'2023-05-17 03:35:18','2023-05-17 03:35:18',NULL,NULL,'Aruba',NULL,3,12),(37,'2023-05-17 03:35:18','2023-05-17 03:35:18',NULL,NULL,'Australia',NULL,1,13),(38,'2023-05-17 03:35:18','2023-05-17 03:35:18',NULL,NULL,'Australie',NULL,2,13),(39,'2023-05-17 03:35:19','2023-05-17 03:35:19',NULL,NULL,'Australia',NULL,3,13),(40,'2023-05-17 03:35:19','2023-05-17 03:35:19',NULL,NULL,'Austria',NULL,1,14),(41,'2023-05-17 03:35:19','2023-05-17 03:35:19',NULL,NULL,'Autriche',NULL,2,14),(42,'2023-05-17 03:35:19','2023-05-17 03:35:19',NULL,NULL,'Austria',NULL,3,14),(43,'2023-05-17 03:35:19','2023-05-17 03:35:19',NULL,NULL,'Azerbaijan',NULL,1,15),(44,'2023-05-17 03:35:19','2023-05-17 03:35:19',NULL,NULL,'Azerbaïdjan',NULL,2,15),(45,'2023-05-17 03:35:19','2023-05-17 03:35:19',NULL,NULL,'Azerbaiyán',NULL,3,15),(46,'2023-05-17 03:35:19','2023-05-17 03:35:19',NULL,NULL,'Bahamas',NULL,1,16),(47,'2023-05-17 03:35:19','2023-05-17 03:35:19',NULL,NULL,'Bahamas',NULL,2,16),(48,'2023-05-17 03:35:19','2023-05-17 03:35:19',NULL,NULL,'Bahamas',NULL,3,16),(49,'2023-05-17 03:35:19','2023-05-17 03:35:19',NULL,NULL,'Bahrain',NULL,1,17),(50,'2023-05-17 03:35:19','2023-05-17 03:35:19',NULL,NULL,'Bahreïn',NULL,2,17),(51,'2023-05-17 03:35:19','2023-05-17 03:35:19',NULL,NULL,'Baréin',NULL,3,17),(52,'2023-05-17 03:35:19','2023-05-17 03:35:19',NULL,NULL,'Bangladesh',NULL,1,18),(53,'2023-05-17 03:35:19','2023-05-17 03:35:19',NULL,NULL,'Bangladesh',NULL,2,18),(54,'2023-05-17 03:35:19','2023-05-17 03:35:19',NULL,NULL,'Bangladés',NULL,3,18),(55,'2023-05-17 03:35:19','2023-05-17 03:35:19',NULL,NULL,'Barbados',NULL,1,19),(56,'2023-05-17 03:35:19','2023-05-17 03:35:19',NULL,NULL,'Barbade',NULL,2,19),(57,'2023-05-17 03:35:19','2023-05-17 03:35:19',NULL,NULL,'Barbados',NULL,3,19),(58,'2023-05-17 03:35:19','2023-05-17 03:35:19',NULL,NULL,'Belarus',NULL,1,20),(59,'2023-05-17 03:35:19','2023-05-17 03:35:19',NULL,NULL,'Biélorussie',NULL,2,20),(60,'2023-05-17 03:35:19','2023-05-17 03:35:19',NULL,NULL,'Bielorrusia',NULL,3,20),(61,'2023-05-17 03:35:19','2023-05-17 03:35:19',NULL,NULL,'Belgium',NULL,1,21),(62,'2023-05-17 03:35:19','2023-05-17 03:35:19',NULL,NULL,'Belgique',NULL,2,21),(63,'2023-05-17 03:35:19','2023-05-17 03:35:19',NULL,NULL,'Bélgica',NULL,3,21),(64,'2023-05-17 03:35:19','2023-05-17 03:35:19',NULL,NULL,'Belize',NULL,1,22),(65,'2023-05-17 03:35:19','2023-05-17 03:35:19',NULL,NULL,'Belize',NULL,2,22),(66,'2023-05-17 03:35:19','2023-05-17 03:35:19',NULL,NULL,'Belice',NULL,3,22),(67,'2023-05-17 03:35:19','2023-05-17 03:35:19',NULL,NULL,'Benin',NULL,1,23),(68,'2023-05-17 03:35:19','2023-05-17 03:35:19',NULL,NULL,'Bénin',NULL,2,23),(69,'2023-05-17 03:35:19','2023-05-17 03:35:19',NULL,NULL,'Benín',NULL,3,23),(70,'2023-05-17 03:35:19','2023-05-17 03:35:19',NULL,NULL,'Bermuda',NULL,1,24),(71,'2023-05-17 03:35:19','2023-05-17 03:35:19',NULL,NULL,'Bermudes',NULL,2,24),(72,'2023-05-17 03:35:19','2023-05-17 03:35:19',NULL,NULL,'Bermudas',NULL,3,24),(73,'2023-05-17 03:35:19','2023-05-17 03:35:19',NULL,NULL,'Bhutan',NULL,1,25),(74,'2023-05-17 03:35:19','2023-05-17 03:35:19',NULL,NULL,'Bhoutan',NULL,2,25),(75,'2023-05-17 03:35:19','2023-05-17 03:35:19',NULL,NULL,'Bután',NULL,3,25),(76,'2023-05-17 03:35:19','2023-05-17 03:35:19',NULL,NULL,'Bolivia',NULL,1,26),(77,'2023-05-17 03:35:19','2023-05-17 03:35:19',NULL,NULL,'Bolivie',NULL,2,26),(78,'2023-05-17 03:35:19','2023-05-17 03:35:19',NULL,NULL,'Bolivia',NULL,3,26),(79,'2023-05-17 03:35:19','2023-05-17 03:35:19',NULL,NULL,'Bosnia & Herzegovina',NULL,1,27),(80,'2023-05-17 03:35:19','2023-05-17 03:35:19',NULL,NULL,'Bosnie-Herzégovine',NULL,2,27),(81,'2023-05-17 03:35:19','2023-05-17 03:35:19',NULL,NULL,'Bosnia y Herzegovina',NULL,3,27),(82,'2023-05-17 03:35:19','2023-05-17 03:35:19',NULL,NULL,'Botswana',NULL,1,28),(83,'2023-05-17 03:35:19','2023-05-17 03:35:19',NULL,NULL,'Botswana',NULL,2,28),(84,'2023-05-17 03:35:19','2023-05-17 03:35:19',NULL,NULL,'Botsuana',NULL,3,28),(85,'2023-05-17 03:35:19','2023-05-17 03:35:19',NULL,NULL,'Brazil',NULL,1,29),(86,'2023-05-17 03:35:19','2023-05-17 03:35:19',NULL,NULL,'Brésil',NULL,2,29),(87,'2023-05-17 03:35:19','2023-05-17 03:35:19',NULL,NULL,'Brasil',NULL,3,29),(88,'2023-05-17 03:35:19','2023-05-17 03:35:19',NULL,NULL,'British Indian Ocean Territory',NULL,1,30),(89,'2023-05-17 03:35:19','2023-05-17 03:35:19',NULL,NULL,'Territoire britannique de l’océan Indien',NULL,2,30),(90,'2023-05-17 03:35:19','2023-05-17 03:35:19',NULL,NULL,'Territorio Británico del Océano Índico',NULL,3,30),(91,'2023-05-17 03:35:19','2023-05-17 03:35:19',NULL,NULL,'Brunei',NULL,1,31),(92,'2023-05-17 03:35:19','2023-05-17 03:35:19',NULL,NULL,'Brunei',NULL,2,31),(93,'2023-05-17 03:35:19','2023-05-17 03:35:19',NULL,NULL,'Brunéi',NULL,3,31),(94,'2023-05-17 03:35:19','2023-05-17 03:35:19',NULL,NULL,'Bulgaria',NULL,1,32),(95,'2023-05-17 03:35:19','2023-05-17 03:35:19',NULL,NULL,'Bulgarie',NULL,2,32),(96,'2023-05-17 03:35:19','2023-05-17 03:35:19',NULL,NULL,'Bulgaria',NULL,3,32),(97,'2023-05-17 03:35:19','2023-05-17 03:35:19',NULL,NULL,'Burkina Faso',NULL,1,33),(98,'2023-05-17 03:35:19','2023-05-17 03:35:19',NULL,NULL,'Burkina Faso',NULL,2,33),(99,'2023-05-17 03:35:19','2023-05-17 03:35:19',NULL,NULL,'Burkina Faso',NULL,3,33),(100,'2023-05-17 03:35:20','2023-05-17 03:35:20',NULL,NULL,'Burundi',NULL,1,34),(101,'2023-05-17 03:35:20','2023-05-17 03:35:20',NULL,NULL,'Burundi',NULL,2,34),(102,'2023-05-17 03:35:20','2023-05-17 03:35:20',NULL,NULL,'Burundi',NULL,3,34),(103,'2023-05-17 03:35:20','2023-05-17 03:35:20',NULL,NULL,'Cambodia',NULL,1,35),(104,'2023-05-17 03:35:20','2023-05-17 03:35:20',NULL,NULL,'Cambodge',NULL,2,35),(105,'2023-05-17 03:35:20','2023-05-17 03:35:20',NULL,NULL,'Camboya',NULL,3,35),(106,'2023-05-17 03:35:20','2023-05-17 03:35:20',NULL,NULL,'Cameroon',NULL,1,36),(107,'2023-05-17 03:35:20','2023-05-17 03:35:20',NULL,NULL,'Cameroun',NULL,2,36),(108,'2023-05-17 03:35:20','2023-05-17 03:35:20',NULL,NULL,'Camerún',NULL,3,36),(109,'2023-05-17 03:35:20','2023-05-17 03:35:20',NULL,NULL,'Canada',NULL,1,37),(110,'2023-05-17 03:35:20','2023-05-17 03:35:20',NULL,NULL,'Canada',NULL,2,37),(111,'2023-05-17 03:35:20','2023-05-17 03:35:20',NULL,NULL,'Canadá',NULL,3,37),(112,'2023-05-17 03:35:20','2023-05-17 03:35:20',NULL,NULL,'Cape Verde',NULL,1,38),(113,'2023-05-17 03:35:20','2023-05-17 03:35:20',NULL,NULL,'Cap-Vert',NULL,2,38),(114,'2023-05-17 03:35:20','2023-05-17 03:35:20',NULL,NULL,'Cabo Verde',NULL,3,38),(115,'2023-05-17 03:35:20','2023-05-17 03:35:20',NULL,NULL,'Cayman Islands',NULL,1,39),(116,'2023-05-17 03:35:20','2023-05-17 03:35:20',NULL,NULL,'Îles Caïmans',NULL,2,39),(117,'2023-05-17 03:35:20','2023-05-17 03:35:20',NULL,NULL,'Islas Caimán',NULL,3,39),(118,'2023-05-17 03:35:20','2023-05-17 03:35:20',NULL,NULL,'Central African Republic',NULL,1,40),(119,'2023-05-17 03:35:20','2023-05-17 03:35:20',NULL,NULL,'République centrafricaine',NULL,2,40),(120,'2023-05-17 03:35:20','2023-05-17 03:35:20',NULL,NULL,'República Centroafricana',NULL,3,40),(121,'2023-05-17 03:35:20','2023-05-17 03:35:20',NULL,NULL,'Chad',NULL,1,41),(122,'2023-05-17 03:35:20','2023-05-17 03:35:20',NULL,NULL,'Tchad',NULL,2,41),(123,'2023-05-17 03:35:20','2023-05-17 03:35:20',NULL,NULL,'Chad',NULL,3,41),(124,'2023-05-17 03:35:20','2023-05-17 03:35:20',NULL,NULL,'Chile',NULL,1,42),(125,'2023-05-17 03:35:20','2023-05-17 03:35:20',NULL,NULL,'Chili',NULL,2,42),(126,'2023-05-17 03:35:20','2023-05-17 03:35:20',NULL,NULL,'Chile',NULL,3,42),(127,'2023-05-17 03:35:20','2023-05-17 03:35:20',NULL,NULL,'China',NULL,1,43),(128,'2023-05-17 03:35:20','2023-05-17 03:35:20',NULL,NULL,'Chine',NULL,2,43),(129,'2023-05-17 03:35:20','2023-05-17 03:35:20',NULL,NULL,'China',NULL,3,43),(130,'2023-05-17 03:35:20','2023-05-17 03:35:20',NULL,NULL,'Christmas Island',NULL,1,44),(131,'2023-05-17 03:35:20','2023-05-17 03:35:20',NULL,NULL,'Île Christmas',NULL,2,44),(132,'2023-05-17 03:35:20','2023-05-17 03:35:20',NULL,NULL,'Isla de Navidad',NULL,3,44),(133,'2023-05-17 03:35:20','2023-05-17 03:35:20',NULL,NULL,'Cocos (Keeling) Islands',NULL,1,45),(134,'2023-05-17 03:35:20','2023-05-17 03:35:20',NULL,NULL,'Îles Cocos',NULL,2,45),(135,'2023-05-17 03:35:20','2023-05-17 03:35:20',NULL,NULL,'Islas Cocos',NULL,3,45),(136,'2023-05-17 03:35:20','2023-05-17 03:35:20',NULL,NULL,'Colombia',NULL,1,46),(137,'2023-05-17 03:35:20','2023-05-17 03:35:20',NULL,NULL,'Colombie',NULL,2,46),(138,'2023-05-17 03:35:20','2023-05-17 03:35:20',NULL,NULL,'Colombia',NULL,3,46),(139,'2023-05-17 03:35:20','2023-05-17 03:35:20',NULL,NULL,'Comoros',NULL,1,47),(140,'2023-05-17 03:35:20','2023-05-17 03:35:20',NULL,NULL,'Comores',NULL,2,47),(141,'2023-05-17 03:35:20','2023-05-17 03:35:20',NULL,NULL,'Comoras',NULL,3,47),(142,'2023-05-17 03:35:20','2023-05-17 03:35:20',NULL,NULL,'Congo - Brazzaville',NULL,1,48),(143,'2023-05-17 03:35:20','2023-05-17 03:35:20',NULL,NULL,'Congo-Brazzaville',NULL,2,48),(144,'2023-05-17 03:35:20','2023-05-17 03:35:20',NULL,NULL,'Congo',NULL,3,48),(145,'2023-05-17 03:35:20','2023-05-17 03:35:20',NULL,NULL,'Congo - Kinshasa',NULL,1,49),(146,'2023-05-17 03:35:20','2023-05-17 03:35:20',NULL,NULL,'Congo-Kinshasa',NULL,2,49),(147,'2023-05-17 03:35:20','2023-05-17 03:35:20',NULL,NULL,'República Democrática del Congo',NULL,3,49),(148,'2023-05-17 03:35:20','2023-05-17 03:35:20',NULL,NULL,'Cook Islands',NULL,1,50),(149,'2023-05-17 03:35:20','2023-05-17 03:35:20',NULL,NULL,'Îles Cook',NULL,2,50),(150,'2023-05-17 03:35:20','2023-05-17 03:35:20',NULL,NULL,'Islas Cook',NULL,3,50),(151,'2023-05-17 03:35:20','2023-05-17 03:35:20',NULL,NULL,'Costa Rica',NULL,1,51),(152,'2023-05-17 03:35:20','2023-05-17 03:35:20',NULL,NULL,'Costa Rica',NULL,2,51),(153,'2023-05-17 03:35:20','2023-05-17 03:35:20',NULL,NULL,'Costa Rica',NULL,3,51),(154,'2023-05-17 03:35:20','2023-05-17 03:35:20',NULL,NULL,'Côte d’Ivoire',NULL,1,52),(155,'2023-05-17 03:35:20','2023-05-17 03:35:20',NULL,NULL,'Côte d’Ivoire',NULL,2,52),(156,'2023-05-17 03:35:20','2023-05-17 03:35:20',NULL,NULL,'Côte d’Ivoire',NULL,3,52),(157,'2023-05-17 03:35:20','2023-05-17 03:35:20',NULL,NULL,'Croatia',NULL,1,53),(158,'2023-05-17 03:35:20','2023-05-17 03:35:20',NULL,NULL,'Croatie',NULL,2,53),(159,'2023-05-17 03:35:20','2023-05-17 03:35:20',NULL,NULL,'Croacia',NULL,3,53),(160,'2023-05-17 03:35:20','2023-05-17 03:35:20',NULL,NULL,'Cuba',NULL,1,54),(161,'2023-05-17 03:35:20','2023-05-17 03:35:20',NULL,NULL,'Cuba',NULL,2,54),(162,'2023-05-17 03:35:20','2023-05-17 03:35:20',NULL,NULL,'Cuba',NULL,3,54),(163,'2023-05-17 03:35:20','2023-05-17 03:35:20',NULL,NULL,'Cyprus',NULL,1,55),(164,'2023-05-17 03:35:20','2023-05-17 03:35:20',NULL,NULL,'Chypre',NULL,2,55),(165,'2023-05-17 03:35:20','2023-05-17 03:35:20',NULL,NULL,'Chipre',NULL,3,55),(166,'2023-05-17 03:35:20','2023-05-17 03:35:20',NULL,NULL,'Czechia',NULL,1,56),(167,'2023-05-17 03:35:20','2023-05-17 03:35:20',NULL,NULL,'Tchéquie',NULL,2,56),(168,'2023-05-17 03:35:20','2023-05-17 03:35:20',NULL,NULL,'Chequia',NULL,3,56),(169,'2023-05-17 03:35:21','2023-05-17 03:35:21',NULL,NULL,'Denmark',NULL,1,57),(170,'2023-05-17 03:35:21','2023-05-17 03:35:21',NULL,NULL,'Danemark',NULL,2,57),(171,'2023-05-17 03:35:21','2023-05-17 03:35:21',NULL,NULL,'Dinamarca',NULL,3,57),(172,'2023-05-17 03:35:21','2023-05-17 03:35:21',NULL,NULL,'Djibouti',NULL,1,58),(173,'2023-05-17 03:35:21','2023-05-17 03:35:21',NULL,NULL,'Djibouti',NULL,2,58),(174,'2023-05-17 03:35:21','2023-05-17 03:35:21',NULL,NULL,'Yibuti',NULL,3,58),(175,'2023-05-17 03:35:21','2023-05-17 03:35:21',NULL,NULL,'Dominica',NULL,1,59),(176,'2023-05-17 03:35:21','2023-05-17 03:35:21',NULL,NULL,'Dominique',NULL,2,59),(177,'2023-05-17 03:35:21','2023-05-17 03:35:21',NULL,NULL,'Dominica',NULL,3,59),(178,'2023-05-17 03:35:21','2023-05-17 03:35:21',NULL,NULL,'Dominican Republic',NULL,1,60),(179,'2023-05-17 03:35:21','2023-05-17 03:35:21',NULL,NULL,'République dominicaine',NULL,2,60),(180,'2023-05-17 03:35:21','2023-05-17 03:35:21',NULL,NULL,'República Dominicana',NULL,3,60),(181,'2023-05-17 03:35:21','2023-05-17 03:35:21',NULL,NULL,'Ecuador',NULL,1,61),(182,'2023-05-17 03:35:21','2023-05-17 03:35:21',NULL,NULL,'Équateur',NULL,2,61),(183,'2023-05-17 03:35:21','2023-05-17 03:35:21',NULL,NULL,'Ecuador',NULL,3,61),(184,'2023-05-17 03:35:21','2023-05-17 03:35:21',NULL,NULL,'Egypt',NULL,1,62),(185,'2023-05-17 03:35:21','2023-05-17 03:35:21',NULL,NULL,'Égypte',NULL,2,62),(186,'2023-05-17 03:35:21','2023-05-17 03:35:21',NULL,NULL,'Egipto',NULL,3,62),(187,'2023-05-17 03:35:21','2023-05-17 03:35:21',NULL,NULL,'El Salvador',NULL,1,63),(188,'2023-05-17 03:35:21','2023-05-17 03:35:21',NULL,NULL,'Salvador',NULL,2,63),(189,'2023-05-17 03:35:21','2023-05-17 03:35:21',NULL,NULL,'El Salvador',NULL,3,63),(190,'2023-05-17 03:35:21','2023-05-17 03:35:21',NULL,NULL,'Equatorial Guinea',NULL,1,64),(191,'2023-05-17 03:35:21','2023-05-17 03:35:21',NULL,NULL,'Guinée équatoriale',NULL,2,64),(192,'2023-05-17 03:35:21','2023-05-17 03:35:21',NULL,NULL,'Guinea Ecuatorial',NULL,3,64),(193,'2023-05-17 03:35:21','2023-05-17 03:35:21',NULL,NULL,'Eritrea',NULL,1,65),(194,'2023-05-17 03:35:21','2023-05-17 03:35:21',NULL,NULL,'Érythrée',NULL,2,65),(195,'2023-05-17 03:35:21','2023-05-17 03:35:21',NULL,NULL,'Eritrea',NULL,3,65),(196,'2023-05-17 03:35:21','2023-05-17 03:35:21',NULL,NULL,'Estonia',NULL,1,66),(197,'2023-05-17 03:35:21','2023-05-17 03:35:21',NULL,NULL,'Estonie',NULL,2,66),(198,'2023-05-17 03:35:21','2023-05-17 03:35:21',NULL,NULL,'Estonia',NULL,3,66),(199,'2023-05-17 03:35:21','2023-05-17 03:35:21',NULL,NULL,'Ethiopia',NULL,1,67),(200,'2023-05-17 03:35:21','2023-05-17 03:35:21',NULL,NULL,'Éthiopie',NULL,2,67),(201,'2023-05-17 03:35:21','2023-05-17 03:35:21',NULL,NULL,'Etiopía',NULL,3,67),(202,'2023-05-17 03:35:21','2023-05-17 03:35:21',NULL,NULL,'Falkland Islands',NULL,1,68),(203,'2023-05-17 03:35:21','2023-05-17 03:35:21',NULL,NULL,'Îles Malouines',NULL,2,68),(204,'2023-05-17 03:35:21','2023-05-17 03:35:21',NULL,NULL,'Islas Malvinas',NULL,3,68),(205,'2023-05-17 03:35:21','2023-05-17 03:35:21',NULL,NULL,'Faroe Islands',NULL,1,69),(206,'2023-05-17 03:35:21','2023-05-17 03:35:21',NULL,NULL,'Îles Féroé',NULL,2,69),(207,'2023-05-17 03:35:21','2023-05-17 03:35:21',NULL,NULL,'Islas Feroe',NULL,3,69),(208,'2023-05-17 03:35:21','2023-05-17 03:35:21',NULL,NULL,'Fiji',NULL,1,70),(209,'2023-05-17 03:35:21','2023-05-17 03:35:21',NULL,NULL,'Fidji',NULL,2,70),(210,'2023-05-17 03:35:21','2023-05-17 03:35:21',NULL,NULL,'Fiyi',NULL,3,70),(211,'2023-05-17 03:35:21','2023-05-17 03:35:21',NULL,NULL,'Finland',NULL,1,71),(212,'2023-05-17 03:35:21','2023-05-17 03:35:21',NULL,NULL,'Finlande',NULL,2,71),(213,'2023-05-17 03:35:21','2023-05-17 03:35:21',NULL,NULL,'Finlandia',NULL,3,71),(214,'2023-05-17 03:35:21','2023-05-17 03:35:21',NULL,NULL,'France',NULL,1,72),(215,'2023-05-17 03:35:21','2023-05-17 03:35:21',NULL,NULL,'France',NULL,2,72),(216,'2023-05-17 03:35:21','2023-05-17 03:35:21',NULL,NULL,'Francia',NULL,3,72),(217,'2023-05-17 03:35:21','2023-05-17 03:35:21',NULL,NULL,'French Guiana',NULL,1,73),(218,'2023-05-17 03:35:21','2023-05-17 03:35:21',NULL,NULL,'Guyane française',NULL,2,73),(219,'2023-05-17 03:35:21','2023-05-17 03:35:21',NULL,NULL,'Guayana Francesa',NULL,3,73),(220,'2023-05-17 03:35:21','2023-05-17 03:35:21',NULL,NULL,'French Polynesia',NULL,1,74),(221,'2023-05-17 03:35:21','2023-05-17 03:35:21',NULL,NULL,'Polynésie française',NULL,2,74),(222,'2023-05-17 03:35:21','2023-05-17 03:35:21',NULL,NULL,'Polinesia Francesa',NULL,3,74),(223,'2023-05-17 03:35:21','2023-05-17 03:35:21',NULL,NULL,'Gabon',NULL,1,75),(224,'2023-05-17 03:35:21','2023-05-17 03:35:21',NULL,NULL,'Gabon',NULL,2,75),(225,'2023-05-17 03:35:21','2023-05-17 03:35:21',NULL,NULL,'Gabón',NULL,3,75),(226,'2023-05-17 03:35:21','2023-05-17 03:35:21',NULL,NULL,'Gambia',NULL,1,76),(227,'2023-05-17 03:35:21','2023-05-17 03:35:21',NULL,NULL,'Gambie',NULL,2,76),(228,'2023-05-17 03:35:21','2023-05-17 03:35:21',NULL,NULL,'Gambia',NULL,3,76),(229,'2023-05-17 03:35:21','2023-05-17 03:35:21',NULL,NULL,'Georgia',NULL,1,77),(230,'2023-05-17 03:35:21','2023-05-17 03:35:21',NULL,NULL,'Géorgie',NULL,2,77),(231,'2023-05-17 03:35:21','2023-05-17 03:35:21',NULL,NULL,'Georgia',NULL,3,77),(232,'2023-05-17 03:35:21','2023-05-17 03:35:21',NULL,NULL,'Germany',NULL,1,78),(233,'2023-05-17 03:35:21','2023-05-17 03:35:21',NULL,NULL,'Allemagne',NULL,2,78),(234,'2023-05-17 03:35:21','2023-05-17 03:35:21',NULL,NULL,'Alemania',NULL,3,78),(235,'2023-05-17 03:35:21','2023-05-17 03:35:21',NULL,NULL,'Ghana',NULL,1,79),(236,'2023-05-17 03:35:21','2023-05-17 03:35:21',NULL,NULL,'Ghana',NULL,2,79),(237,'2023-05-17 03:35:21','2023-05-17 03:35:21',NULL,NULL,'Ghana',NULL,3,79),(238,'2023-05-17 03:35:21','2023-05-17 03:35:21',NULL,NULL,'Gibraltar',NULL,1,80),(239,'2023-05-17 03:35:21','2023-05-17 03:35:21',NULL,NULL,'Gibraltar',NULL,2,80),(240,'2023-05-17 03:35:21','2023-05-17 03:35:21',NULL,NULL,'Gibraltar',NULL,3,80),(241,'2023-05-17 03:35:21','2023-05-17 03:35:21',NULL,NULL,'Greece',NULL,1,81),(242,'2023-05-17 03:35:21','2023-05-17 03:35:21',NULL,NULL,'Grèce',NULL,2,81),(243,'2023-05-17 03:35:22','2023-05-17 03:35:22',NULL,NULL,'Grecia',NULL,3,81),(244,'2023-05-17 03:35:22','2023-05-17 03:35:22',NULL,NULL,'Greenland',NULL,1,82),(245,'2023-05-17 03:35:22','2023-05-17 03:35:22',NULL,NULL,'Groenland',NULL,2,82),(246,'2023-05-17 03:35:22','2023-05-17 03:35:22',NULL,NULL,'Groenlandia',NULL,3,82),(247,'2023-05-17 03:35:22','2023-05-17 03:35:22',NULL,NULL,'Grenada',NULL,1,83),(248,'2023-05-17 03:35:22','2023-05-17 03:35:22',NULL,NULL,'Grenade',NULL,2,83),(249,'2023-05-17 03:35:22','2023-05-17 03:35:22',NULL,NULL,'Granada',NULL,3,83),(250,'2023-05-17 03:35:22','2023-05-17 03:35:22',NULL,NULL,'Guadeloupe',NULL,1,84),(251,'2023-05-17 03:35:22','2023-05-17 03:35:22',NULL,NULL,'Guadeloupe',NULL,2,84),(252,'2023-05-17 03:35:22','2023-05-17 03:35:22',NULL,NULL,'Guadalupe',NULL,3,84),(253,'2023-05-17 03:35:22','2023-05-17 03:35:22',NULL,NULL,'Guam',NULL,1,85),(254,'2023-05-17 03:35:22','2023-05-17 03:35:22',NULL,NULL,'Guam',NULL,2,85),(255,'2023-05-17 03:35:22','2023-05-17 03:35:22',NULL,NULL,'Guam',NULL,3,85),(256,'2023-05-17 03:35:22','2023-05-17 03:35:22',NULL,NULL,'Guatemala',NULL,1,86),(257,'2023-05-17 03:35:22','2023-05-17 03:35:22',NULL,NULL,'Guatemala',NULL,2,86),(258,'2023-05-17 03:35:22','2023-05-17 03:35:22',NULL,NULL,'Guatemala',NULL,3,86),(259,'2023-05-17 03:35:22','2023-05-17 03:35:22',NULL,NULL,'Guernsey',NULL,1,87),(260,'2023-05-17 03:35:22','2023-05-17 03:35:22',NULL,NULL,'Guernesey',NULL,2,87),(261,'2023-05-17 03:35:22','2023-05-17 03:35:22',NULL,NULL,'Guernesey',NULL,3,87),(262,'2023-05-17 03:35:22','2023-05-17 03:35:22',NULL,NULL,'Guinea',NULL,1,88),(263,'2023-05-17 03:35:22','2023-05-17 03:35:22',NULL,NULL,'Guinée',NULL,2,88),(264,'2023-05-17 03:35:22','2023-05-17 03:35:22',NULL,NULL,'Guinea',NULL,3,88),(265,'2023-05-17 03:35:22','2023-05-17 03:35:22',NULL,NULL,'Guinea-Bissau',NULL,1,89),(266,'2023-05-17 03:35:22','2023-05-17 03:35:22',NULL,NULL,'Guinée-Bissau',NULL,2,89),(267,'2023-05-17 03:35:22','2023-05-17 03:35:22',NULL,NULL,'Guinea-Bisáu',NULL,3,89),(268,'2023-05-17 03:35:22','2023-05-17 03:35:22',NULL,NULL,'Guyana',NULL,1,90),(269,'2023-05-17 03:35:22','2023-05-17 03:35:22',NULL,NULL,'Guyana',NULL,2,90),(270,'2023-05-17 03:35:22','2023-05-17 03:35:22',NULL,NULL,'Guyana',NULL,3,90),(271,'2023-05-17 03:35:22','2023-05-17 03:35:22',NULL,NULL,'Haiti',NULL,1,91),(272,'2023-05-17 03:35:22','2023-05-17 03:35:22',NULL,NULL,'Haïti',NULL,2,91),(273,'2023-05-17 03:35:22','2023-05-17 03:35:22',NULL,NULL,'Haití',NULL,3,91),(274,'2023-05-17 03:35:22','2023-05-17 03:35:22',NULL,NULL,'Vatican City',NULL,1,92),(275,'2023-05-17 03:35:22','2023-05-17 03:35:22',NULL,NULL,'État de la Cité du Vatican',NULL,2,92),(276,'2023-05-17 03:35:22','2023-05-17 03:35:22',NULL,NULL,'Ciudad del Vaticano',NULL,3,92),(277,'2023-05-17 03:35:22','2023-05-17 03:35:22',NULL,NULL,'Honduras',NULL,1,93),(278,'2023-05-17 03:35:22','2023-05-17 03:35:22',NULL,NULL,'Honduras',NULL,2,93),(279,'2023-05-17 03:35:22','2023-05-17 03:35:22',NULL,NULL,'Honduras',NULL,3,93),(280,'2023-05-17 03:35:22','2023-05-17 03:35:22',NULL,NULL,'Hong Kong SAR China',NULL,1,94),(281,'2023-05-17 03:35:22','2023-05-17 03:35:22',NULL,NULL,'R.A.S. chinoise de Hong Kong',NULL,2,94),(282,'2023-05-17 03:35:22','2023-05-17 03:35:22',NULL,NULL,'RAE de Hong Kong (China)',NULL,3,94),(283,'2023-05-17 03:35:22','2023-05-17 03:35:22',NULL,NULL,'Hungary',NULL,1,95),(284,'2023-05-17 03:35:22','2023-05-17 03:35:22',NULL,NULL,'Hongrie',NULL,2,95),(285,'2023-05-17 03:35:22','2023-05-17 03:35:22',NULL,NULL,'Hungría',NULL,3,95),(286,'2023-05-17 03:35:22','2023-05-17 03:35:22',NULL,NULL,'Iceland',NULL,1,96),(287,'2023-05-17 03:35:22','2023-05-17 03:35:22',NULL,NULL,'Islande',NULL,2,96),(288,'2023-05-17 03:35:22','2023-05-17 03:35:22',NULL,NULL,'Islandia',NULL,3,96),(289,'2023-05-17 03:35:22','2023-05-17 03:35:22',NULL,NULL,'India',NULL,1,97),(290,'2023-05-17 03:35:22','2023-05-17 03:35:22',NULL,NULL,'Inde',NULL,2,97),(291,'2023-05-17 03:35:22','2023-05-17 03:35:22',NULL,NULL,'India',NULL,3,97),(292,'2023-05-17 03:35:22','2023-05-17 03:35:22',NULL,NULL,'Indonesia',NULL,1,98),(293,'2023-05-17 03:35:22','2023-05-17 03:35:22',NULL,NULL,'Indonésie',NULL,2,98),(294,'2023-05-17 03:35:22','2023-05-17 03:35:22',NULL,NULL,'Indonesia',NULL,3,98),(295,'2023-05-17 03:35:22','2023-05-17 03:35:22',NULL,NULL,'Iran',NULL,1,99),(296,'2023-05-17 03:35:22','2023-05-17 03:35:22',NULL,NULL,'Iran',NULL,2,99),(297,'2023-05-17 03:35:22','2023-05-17 03:35:22',NULL,NULL,'Irán',NULL,3,99),(298,'2023-05-17 03:35:22','2023-05-17 03:35:22',NULL,NULL,'Iraq',NULL,1,100),(299,'2023-05-17 03:35:22','2023-05-17 03:35:22',NULL,NULL,'Irak',NULL,2,100),(300,'2023-05-17 03:35:22','2023-05-17 03:35:22',NULL,NULL,'Irak',NULL,3,100),(301,'2023-05-17 03:35:22','2023-05-17 03:35:22',NULL,NULL,'Ireland',NULL,1,101),(302,'2023-05-17 03:35:22','2023-05-17 03:35:22',NULL,NULL,'Irlande',NULL,2,101),(303,'2023-05-17 03:35:22','2023-05-17 03:35:22',NULL,NULL,'Irlanda',NULL,3,101),(304,'2023-05-17 03:35:22','2023-05-17 03:35:22',NULL,NULL,'Isle of Man',NULL,1,102),(305,'2023-05-17 03:35:22','2023-05-17 03:35:22',NULL,NULL,'Île de Man',NULL,2,102),(306,'2023-05-17 03:35:22','2023-05-17 03:35:22',NULL,NULL,'Isla de Man',NULL,3,102),(307,'2023-05-17 03:35:22','2023-05-17 03:35:22',NULL,NULL,'Israel',NULL,1,103),(308,'2023-05-17 03:35:22','2023-05-17 03:35:22',NULL,NULL,'Israël',NULL,2,103),(309,'2023-05-17 03:35:22','2023-05-17 03:35:22',NULL,NULL,'Israel',NULL,3,103),(310,'2023-05-17 03:35:22','2023-05-17 03:35:22',NULL,NULL,'Italy',NULL,1,104),(311,'2023-05-17 03:35:22','2023-05-17 03:35:22',NULL,NULL,'Italie',NULL,2,104),(312,'2023-05-17 03:35:22','2023-05-17 03:35:22',NULL,NULL,'Italia',NULL,3,104),(313,'2023-05-17 03:35:22','2023-05-17 03:35:22',NULL,NULL,'Jamaica',NULL,1,105),(314,'2023-05-17 03:35:22','2023-05-17 03:35:22',NULL,NULL,'Jamaïque',NULL,2,105),(315,'2023-05-17 03:35:22','2023-05-17 03:35:22',NULL,NULL,'Jamaica',NULL,3,105),(316,'2023-05-17 03:35:22','2023-05-17 03:35:22',NULL,NULL,'Japan',NULL,1,106),(317,'2023-05-17 03:35:23','2023-05-17 03:35:23',NULL,NULL,'Japon',NULL,2,106),(318,'2023-05-17 03:35:23','2023-05-17 03:35:23',NULL,NULL,'Japón',NULL,3,106),(319,'2023-05-17 03:35:23','2023-05-17 03:35:23',NULL,NULL,'Jersey',NULL,1,107),(320,'2023-05-17 03:35:23','2023-05-17 03:35:23',NULL,NULL,'Jersey',NULL,2,107),(321,'2023-05-17 03:35:23','2023-05-17 03:35:23',NULL,NULL,'Jersey',NULL,3,107),(322,'2023-05-17 03:35:23','2023-05-17 03:35:23',NULL,NULL,'Jordan',NULL,1,108),(323,'2023-05-17 03:35:23','2023-05-17 03:35:23',NULL,NULL,'Jordanie',NULL,2,108),(324,'2023-05-17 03:35:23','2023-05-17 03:35:23',NULL,NULL,'Jordania',NULL,3,108),(325,'2023-05-17 03:35:23','2023-05-17 03:35:23',NULL,NULL,'Kazakhstan',NULL,1,109),(326,'2023-05-17 03:35:23','2023-05-17 03:35:23',NULL,NULL,'Kazakhstan',NULL,2,109),(327,'2023-05-17 03:35:23','2023-05-17 03:35:23',NULL,NULL,'Kazajistán',NULL,3,109),(328,'2023-05-17 03:35:23','2023-05-17 03:35:23',NULL,NULL,'Kenya',NULL,1,110),(329,'2023-05-17 03:35:23','2023-05-17 03:35:23',NULL,NULL,'Kenya',NULL,2,110),(330,'2023-05-17 03:35:23','2023-05-17 03:35:23',NULL,NULL,'Kenia',NULL,3,110),(331,'2023-05-17 03:35:23','2023-05-17 03:35:23',NULL,NULL,'Kiribati',NULL,1,111),(332,'2023-05-17 03:35:23','2023-05-17 03:35:23',NULL,NULL,'Kiribati',NULL,2,111),(333,'2023-05-17 03:35:23','2023-05-17 03:35:23',NULL,NULL,'Kiribati',NULL,3,111),(334,'2023-05-17 03:35:23','2023-05-17 03:35:23',NULL,NULL,'North Korea',NULL,1,112),(335,'2023-05-17 03:35:23','2023-05-17 03:35:23',NULL,NULL,'Corée du Nord',NULL,2,112),(336,'2023-05-17 03:35:23','2023-05-17 03:35:23',NULL,NULL,'Corea del Norte',NULL,3,112),(337,'2023-05-17 03:35:23','2023-05-17 03:35:23',NULL,NULL,'South Korea',NULL,1,113),(338,'2023-05-17 03:35:23','2023-05-17 03:35:23',NULL,NULL,'Corée du Sud',NULL,2,113),(339,'2023-05-17 03:35:23','2023-05-17 03:35:23',NULL,NULL,'Corea del Sur',NULL,3,113),(340,'2023-05-17 03:35:23','2023-05-17 03:35:23',NULL,NULL,'Kuwait',NULL,1,114),(341,'2023-05-17 03:35:23','2023-05-17 03:35:23',NULL,NULL,'Koweït',NULL,2,114),(342,'2023-05-17 03:35:23','2023-05-17 03:35:23',NULL,NULL,'Kuwait',NULL,3,114),(343,'2023-05-17 03:35:23','2023-05-17 03:35:23',NULL,NULL,'Kyrgyzstan',NULL,1,115),(344,'2023-05-17 03:35:23','2023-05-17 03:35:23',NULL,NULL,'Kirghizstan',NULL,2,115),(345,'2023-05-17 03:35:23','2023-05-17 03:35:23',NULL,NULL,'Kirguistán',NULL,3,115),(346,'2023-05-17 03:35:23','2023-05-17 03:35:23',NULL,NULL,'Laos',NULL,1,116),(347,'2023-05-17 03:35:23','2023-05-17 03:35:23',NULL,NULL,'Laos',NULL,2,116),(348,'2023-05-17 03:35:23','2023-05-17 03:35:23',NULL,NULL,'Laos',NULL,3,116),(349,'2023-05-17 03:35:23','2023-05-17 03:35:23',NULL,NULL,'Latvia',NULL,1,117),(350,'2023-05-17 03:35:23','2023-05-17 03:35:23',NULL,NULL,'Lettonie',NULL,2,117),(351,'2023-05-17 03:35:23','2023-05-17 03:35:23',NULL,NULL,'Letonia',NULL,3,117),(352,'2023-05-17 03:35:23','2023-05-17 03:35:23',NULL,NULL,'Lebanon',NULL,1,118),(353,'2023-05-17 03:35:23','2023-05-17 03:35:23',NULL,NULL,'Liban',NULL,2,118),(354,'2023-05-17 03:35:23','2023-05-17 03:35:23',NULL,NULL,'Líbano',NULL,3,118),(355,'2023-05-17 03:35:23','2023-05-17 03:35:23',NULL,NULL,'Lesotho',NULL,1,119),(356,'2023-05-17 03:35:23','2023-05-17 03:35:23',NULL,NULL,'Lesotho',NULL,2,119),(357,'2023-05-17 03:35:23','2023-05-17 03:35:23',NULL,NULL,'Lesoto',NULL,3,119),(358,'2023-05-17 03:35:23','2023-05-17 03:35:23',NULL,NULL,'Liberia',NULL,1,120),(359,'2023-05-17 03:35:23','2023-05-17 03:35:23',NULL,NULL,'Liberia',NULL,2,120),(360,'2023-05-17 03:35:23','2023-05-17 03:35:23',NULL,NULL,'Liberia',NULL,3,120),(361,'2023-05-17 03:35:23','2023-05-17 03:35:23',NULL,NULL,'Libya',NULL,1,121),(362,'2023-05-17 03:35:23','2023-05-17 03:35:23',NULL,NULL,'Libye',NULL,2,121),(363,'2023-05-17 03:35:23','2023-05-17 03:35:23',NULL,NULL,'Libia',NULL,3,121),(364,'2023-05-17 03:35:23','2023-05-17 03:35:23',NULL,NULL,'Liechtenstein',NULL,1,122),(365,'2023-05-17 03:35:23','2023-05-17 03:35:23',NULL,NULL,'Liechtenstein',NULL,2,122),(366,'2023-05-17 03:35:23','2023-05-17 03:35:23',NULL,NULL,'Liechtenstein',NULL,3,122),(367,'2023-05-17 03:35:23','2023-05-17 03:35:23',NULL,NULL,'Lithuania',NULL,1,123),(368,'2023-05-17 03:35:23','2023-05-17 03:35:23',NULL,NULL,'Lituanie',NULL,2,123),(369,'2023-05-17 03:35:23','2023-05-17 03:35:23',NULL,NULL,'Lituania',NULL,3,123),(370,'2023-05-17 03:35:23','2023-05-17 03:35:23',NULL,NULL,'Luxembourg',NULL,1,124),(371,'2023-05-17 03:35:23','2023-05-17 03:35:23',NULL,NULL,'Luxembourg',NULL,2,124),(372,'2023-05-17 03:35:23','2023-05-17 03:35:23',NULL,NULL,'Luxemburgo',NULL,3,124),(373,'2023-05-17 03:35:23','2023-05-17 03:35:23',NULL,NULL,'Macao SAR China',NULL,1,125),(374,'2023-05-17 03:35:23','2023-05-17 03:35:23',NULL,NULL,'R.A.S. chinoise de Macao',NULL,2,125),(375,'2023-05-17 03:35:23','2023-05-17 03:35:23',NULL,NULL,'RAE de Macao (China)',NULL,3,125),(376,'2023-05-17 03:35:23','2023-05-17 03:35:23',NULL,NULL,'North Macedonia',NULL,1,126),(377,'2023-05-17 03:35:23','2023-05-17 03:35:23',NULL,NULL,'Macédoine du Nord',NULL,2,126),(378,'2023-05-17 03:35:23','2023-05-17 03:35:23',NULL,NULL,'Macedonia del Norte',NULL,3,126),(379,'2023-05-17 03:35:23','2023-05-17 03:35:23',NULL,NULL,'Madagascar',NULL,1,127),(380,'2023-05-17 03:35:23','2023-05-17 03:35:23',NULL,NULL,'Madagascar',NULL,2,127),(381,'2023-05-17 03:35:23','2023-05-17 03:35:23',NULL,NULL,'Madagascar',NULL,3,127),(382,'2023-05-17 03:35:23','2023-05-17 03:35:23',NULL,NULL,'Malawi',NULL,1,128),(383,'2023-05-17 03:35:23','2023-05-17 03:35:23',NULL,NULL,'Malawi',NULL,2,128),(384,'2023-05-17 03:35:23','2023-05-17 03:35:23',NULL,NULL,'Malaui',NULL,3,128),(385,'2023-05-17 03:35:23','2023-05-17 03:35:23',NULL,NULL,'Malaysia',NULL,1,129),(386,'2023-05-17 03:35:23','2023-05-17 03:35:23',NULL,NULL,'Malaisie',NULL,2,129),(387,'2023-05-17 03:35:23','2023-05-17 03:35:23',NULL,NULL,'Malasia',NULL,3,129),(388,'2023-05-17 03:35:23','2023-05-17 03:35:23',NULL,NULL,'Mali',NULL,1,130),(389,'2023-05-17 03:35:23','2023-05-17 03:35:23',NULL,NULL,'Mali',NULL,2,130),(390,'2023-05-17 03:35:23','2023-05-17 03:35:23',NULL,NULL,'Mali',NULL,3,130),(391,'2023-05-17 03:35:23','2023-05-17 03:35:23',NULL,NULL,'Malta',NULL,1,131),(392,'2023-05-17 03:35:23','2023-05-17 03:35:23',NULL,NULL,'Malte',NULL,2,131),(393,'2023-05-17 03:35:23','2023-05-17 03:35:23',NULL,NULL,'Malta',NULL,3,131),(394,'2023-05-17 03:35:23','2023-05-17 03:35:23',NULL,NULL,'Marshall Islands',NULL,1,132),(395,'2023-05-17 03:35:23','2023-05-17 03:35:23',NULL,NULL,'Îles Marshall',NULL,2,132),(396,'2023-05-17 03:35:23','2023-05-17 03:35:23',NULL,NULL,'Islas Marshall',NULL,3,132),(397,'2023-05-17 03:35:23','2023-05-17 03:35:23',NULL,NULL,'Martinique',NULL,1,133),(398,'2023-05-17 03:35:23','2023-05-17 03:35:23',NULL,NULL,'Martinique',NULL,2,133),(399,'2023-05-17 03:35:23','2023-05-17 03:35:23',NULL,NULL,'Martinica',NULL,3,133),(400,'2023-05-17 03:35:23','2023-05-17 03:35:23',NULL,NULL,'Mauritania',NULL,1,134),(401,'2023-05-17 03:35:23','2023-05-17 03:35:23',NULL,NULL,'Mauritanie',NULL,2,134),(402,'2023-05-17 03:35:23','2023-05-17 03:35:23',NULL,NULL,'Mauritania',NULL,3,134),(403,'2023-05-17 03:35:23','2023-05-17 03:35:23',NULL,NULL,'Mauritius',NULL,1,135),(404,'2023-05-17 03:35:23','2023-05-17 03:35:23',NULL,NULL,'Maurice',NULL,2,135),(405,'2023-05-17 03:35:23','2023-05-17 03:35:23',NULL,NULL,'Mauricio',NULL,3,135),(406,'2023-05-17 03:35:23','2023-05-17 03:35:23',NULL,NULL,'Mayotte',NULL,1,136),(407,'2023-05-17 03:35:24','2023-05-17 03:35:24',NULL,NULL,'Mayotte',NULL,2,136),(408,'2023-05-17 03:35:24','2023-05-17 03:35:24',NULL,NULL,'Mayotte',NULL,3,136),(409,'2023-05-17 03:35:24','2023-05-17 03:35:24',NULL,NULL,'Mexico',NULL,1,137),(410,'2023-05-17 03:35:24','2023-05-17 03:35:24',NULL,NULL,'Mexique',NULL,2,137),(411,'2023-05-17 03:35:24','2023-05-17 03:35:24',NULL,NULL,'México',NULL,3,137),(412,'2023-05-17 03:35:24','2023-05-17 03:35:24',NULL,NULL,'Micronesia',NULL,1,138),(413,'2023-05-17 03:35:24','2023-05-17 03:35:24',NULL,NULL,'Micronésie',NULL,2,138),(414,'2023-05-17 03:35:24','2023-05-17 03:35:24',NULL,NULL,'Micronesia',NULL,3,138),(415,'2023-05-17 03:35:24','2023-05-17 03:35:24',NULL,NULL,'Moldova',NULL,1,139),(416,'2023-05-17 03:35:24','2023-05-17 03:35:24',NULL,NULL,'Moldavie',NULL,2,139),(417,'2023-05-17 03:35:24','2023-05-17 03:35:24',NULL,NULL,'Moldavia',NULL,3,139),(418,'2023-05-17 03:35:24','2023-05-17 03:35:24',NULL,NULL,'Monaco',NULL,1,140),(419,'2023-05-17 03:35:24','2023-05-17 03:35:24',NULL,NULL,'Monaco',NULL,2,140),(420,'2023-05-17 03:35:24','2023-05-17 03:35:24',NULL,NULL,'Mónaco',NULL,3,140),(421,'2023-05-17 03:35:24','2023-05-17 03:35:24',NULL,NULL,'Mongolia',NULL,1,141),(422,'2023-05-17 03:35:24','2023-05-17 03:35:24',NULL,NULL,'Mongolie',NULL,2,141),(423,'2023-05-17 03:35:24','2023-05-17 03:35:24',NULL,NULL,'Mongolia',NULL,3,141),(424,'2023-05-17 03:35:24','2023-05-17 03:35:24',NULL,NULL,'Montenegro',NULL,1,142),(425,'2023-05-17 03:35:24','2023-05-17 03:35:24',NULL,NULL,'Monténégro',NULL,2,142),(426,'2023-05-17 03:35:24','2023-05-17 03:35:24',NULL,NULL,'Montenegro',NULL,3,142),(427,'2023-05-17 03:35:24','2023-05-17 03:35:24',NULL,NULL,'Montserrat',NULL,1,143),(428,'2023-05-17 03:35:24','2023-05-17 03:35:24',NULL,NULL,'Montserrat',NULL,2,143),(429,'2023-05-17 03:35:24','2023-05-17 03:35:24',NULL,NULL,'Montserrat',NULL,3,143),(430,'2023-05-17 03:35:24','2023-05-17 03:35:24',NULL,NULL,'Morocco',NULL,1,144),(431,'2023-05-17 03:35:24','2023-05-17 03:35:24',NULL,NULL,'Maroc',NULL,2,144),(432,'2023-05-17 03:35:24','2023-05-17 03:35:24',NULL,NULL,'Marruecos',NULL,3,144),(433,'2023-05-17 03:35:24','2023-05-17 03:35:24',NULL,NULL,'Mozambique',NULL,1,145),(434,'2023-05-17 03:35:24','2023-05-17 03:35:24',NULL,NULL,'Mozambique',NULL,2,145),(435,'2023-05-17 03:35:24','2023-05-17 03:35:24',NULL,NULL,'Mozambique',NULL,3,145),(436,'2023-05-17 03:35:24','2023-05-17 03:35:24',NULL,NULL,'Myanmar (Burma)',NULL,1,146),(437,'2023-05-17 03:35:24','2023-05-17 03:35:24',NULL,NULL,'Myanmar (Birmanie)',NULL,2,146),(438,'2023-05-17 03:35:24','2023-05-17 03:35:24',NULL,NULL,'Myanmar (Birmania)',NULL,3,146),(439,'2023-05-17 03:35:24','2023-05-17 03:35:24',NULL,NULL,'Namibia',NULL,1,147),(440,'2023-05-17 03:35:24','2023-05-17 03:35:24',NULL,NULL,'Namibie',NULL,2,147),(441,'2023-05-17 03:35:24','2023-05-17 03:35:24',NULL,NULL,'Namibia',NULL,3,147),(442,'2023-05-17 03:35:24','2023-05-17 03:35:24',NULL,NULL,'Nauru',NULL,1,148),(443,'2023-05-17 03:35:24','2023-05-17 03:35:24',NULL,NULL,'Nauru',NULL,2,148),(444,'2023-05-17 03:35:24','2023-05-17 03:35:24',NULL,NULL,'Nauru',NULL,3,148),(445,'2023-05-17 03:35:24','2023-05-17 03:35:24',NULL,NULL,'Nepal',NULL,1,149),(446,'2023-05-17 03:35:24','2023-05-17 03:35:24',NULL,NULL,'Népal',NULL,2,149),(447,'2023-05-17 03:35:24','2023-05-17 03:35:24',NULL,NULL,'Nepal',NULL,3,149),(448,'2023-05-17 03:35:24','2023-05-17 03:35:24',NULL,NULL,'Netherlands',NULL,1,150),(449,'2023-05-17 03:35:24','2023-05-17 03:35:24',NULL,NULL,'Pays-Bas',NULL,2,150),(450,'2023-05-17 03:35:24','2023-05-17 03:35:24',NULL,NULL,'Países Bajos',NULL,3,150),(451,'2023-05-17 03:35:24','2023-05-17 03:35:24',NULL,NULL,'New Caledonia',NULL,1,151),(452,'2023-05-17 03:35:24','2023-05-17 03:35:24',NULL,NULL,'Nouvelle-Calédonie',NULL,2,151),(453,'2023-05-17 03:35:24','2023-05-17 03:35:24',NULL,NULL,'Nueva Caledonia',NULL,3,151),(454,'2023-05-17 03:35:24','2023-05-17 03:35:24',NULL,NULL,'New Zealand',NULL,1,152),(455,'2023-05-17 03:35:24','2023-05-17 03:35:24',NULL,NULL,'Nouvelle-Zélande',NULL,2,152),(456,'2023-05-17 03:35:24','2023-05-17 03:35:24',NULL,NULL,'Nueva Zelanda',NULL,3,152),(457,'2023-05-17 03:35:24','2023-05-17 03:35:24',NULL,NULL,'Nicaragua',NULL,1,153),(458,'2023-05-17 03:35:24','2023-05-17 03:35:24',NULL,NULL,'Nicaragua',NULL,2,153),(459,'2023-05-17 03:35:24','2023-05-17 03:35:24',NULL,NULL,'Nicaragua',NULL,3,153),(460,'2023-05-17 03:35:24','2023-05-17 03:35:24',NULL,NULL,'Niger',NULL,1,154),(461,'2023-05-17 03:35:24','2023-05-17 03:35:24',NULL,NULL,'Niger',NULL,2,154),(462,'2023-05-17 03:35:24','2023-05-17 03:35:24',NULL,NULL,'Níger',NULL,3,154),(463,'2023-05-17 03:35:24','2023-05-17 03:35:24',NULL,NULL,'Nigeria',NULL,1,155),(464,'2023-05-17 03:35:24','2023-05-17 03:35:24',NULL,NULL,'Nigeria',NULL,2,155),(465,'2023-05-17 03:35:24','2023-05-17 03:35:24',NULL,NULL,'Nigeria',NULL,3,155),(466,'2023-05-17 03:35:24','2023-05-17 03:35:24',NULL,NULL,'Niue',NULL,1,156),(467,'2023-05-17 03:35:24','2023-05-17 03:35:24',NULL,NULL,'Niue',NULL,2,156),(468,'2023-05-17 03:35:24','2023-05-17 03:35:24',NULL,NULL,'Niue',NULL,3,156),(469,'2023-05-17 03:35:24','2023-05-17 03:35:24',NULL,NULL,'Norfolk Island',NULL,1,157),(470,'2023-05-17 03:35:24','2023-05-17 03:35:24',NULL,NULL,'Île Norfolk',NULL,2,157),(471,'2023-05-17 03:35:24','2023-05-17 03:35:24',NULL,NULL,'Isla Norfolk',NULL,3,157),(472,'2023-05-17 03:35:24','2023-05-17 03:35:24',NULL,NULL,'Northern Mariana Islands',NULL,1,158),(473,'2023-05-17 03:35:24','2023-05-17 03:35:24',NULL,NULL,'Îles Mariannes du Nord',NULL,2,158),(474,'2023-05-17 03:35:24','2023-05-17 03:35:24',NULL,NULL,'Islas Marianas del Norte',NULL,3,158),(475,'2023-05-17 03:35:24','2023-05-17 03:35:24',NULL,NULL,'Norway',NULL,1,159),(476,'2023-05-17 03:35:24','2023-05-17 03:35:24',NULL,NULL,'Norvège',NULL,2,159),(477,'2023-05-17 03:35:24','2023-05-17 03:35:24',NULL,NULL,'Noruega',NULL,3,159),(478,'2023-05-17 03:35:24','2023-05-17 03:35:24',NULL,NULL,'Oman',NULL,1,160),(479,'2023-05-17 03:35:24','2023-05-17 03:35:24',NULL,NULL,'Oman',NULL,2,160),(480,'2023-05-17 03:35:24','2023-05-17 03:35:24',NULL,NULL,'Omán',NULL,3,160),(481,'2023-05-17 03:35:24','2023-05-17 03:35:24',NULL,NULL,'Pakistan',NULL,1,161),(482,'2023-05-17 03:35:24','2023-05-17 03:35:24',NULL,NULL,'Pakistan',NULL,2,161),(483,'2023-05-17 03:35:24','2023-05-17 03:35:24',NULL,NULL,'Pakistán',NULL,3,161),(484,'2023-05-17 03:35:24','2023-05-17 03:35:24',NULL,NULL,'Palau',NULL,1,162),(485,'2023-05-17 03:35:24','2023-05-17 03:35:24',NULL,NULL,'Palaos',NULL,2,162),(486,'2023-05-17 03:35:24','2023-05-17 03:35:24',NULL,NULL,'Palaos',NULL,3,162),(487,'2023-05-17 03:35:24','2023-05-17 03:35:24',NULL,NULL,'Palestinian Territories',NULL,1,163),(488,'2023-05-17 03:35:24','2023-05-17 03:35:24',NULL,NULL,'Territoires palestiniens',NULL,2,163),(489,'2023-05-17 03:35:25','2023-05-17 03:35:25',NULL,NULL,'Territorios Palestinos',NULL,3,163),(490,'2023-05-17 03:35:25','2023-05-17 03:35:25',NULL,NULL,'Panama',NULL,1,164),(491,'2023-05-17 03:35:25','2023-05-17 03:35:25',NULL,NULL,'Panama',NULL,2,164),(492,'2023-05-17 03:35:25','2023-05-17 03:35:25',NULL,NULL,'Panamá',NULL,3,164),(493,'2023-05-17 03:35:25','2023-05-17 03:35:25',NULL,NULL,'Papua New Guinea',NULL,1,165),(494,'2023-05-17 03:35:25','2023-05-17 03:35:25',NULL,NULL,'Papouasie-Nouvelle-Guinée',NULL,2,165),(495,'2023-05-17 03:35:25','2023-05-17 03:35:25',NULL,NULL,'Papúa Nueva Guinea',NULL,3,165),(496,'2023-05-17 03:35:25','2023-05-17 03:35:25',NULL,NULL,'Paraguay',NULL,1,166),(497,'2023-05-17 03:35:25','2023-05-17 03:35:25',NULL,NULL,'Paraguay',NULL,2,166),(498,'2023-05-17 03:35:25','2023-05-17 03:35:25',NULL,NULL,'Paraguay',NULL,3,166),(499,'2023-05-17 03:35:25','2023-05-17 03:35:25',NULL,NULL,'Peru',NULL,1,167),(500,'2023-05-17 03:35:25','2023-05-17 03:35:25',NULL,NULL,'Pérou',NULL,2,167),(501,'2023-05-17 03:35:25','2023-05-17 03:35:25',NULL,NULL,'Perú',NULL,3,167),(502,'2023-05-17 03:35:25','2023-05-17 03:35:25',NULL,NULL,'Philippines',NULL,1,168),(503,'2023-05-17 03:35:25','2023-05-17 03:35:25',NULL,NULL,'Philippines',NULL,2,168),(504,'2023-05-17 03:35:25','2023-05-17 03:35:25',NULL,NULL,'Filipinas',NULL,3,168),(505,'2023-05-17 03:35:25','2023-05-17 03:35:25',NULL,NULL,'Pitcairn Islands',NULL,1,169),(506,'2023-05-17 03:35:25','2023-05-17 03:35:25',NULL,NULL,'Îles Pitcairn',NULL,2,169),(507,'2023-05-17 03:35:25','2023-05-17 03:35:25',NULL,NULL,'Islas Pitcairn',NULL,3,169),(508,'2023-05-17 03:35:25','2023-05-17 03:35:25',NULL,NULL,'Poland',NULL,1,170),(509,'2023-05-17 03:35:25','2023-05-17 03:35:25',NULL,NULL,'Pologne',NULL,2,170),(510,'2023-05-17 03:35:25','2023-05-17 03:35:25',NULL,NULL,'Polonia',NULL,3,170),(511,'2023-05-17 03:35:25','2023-05-17 03:35:25',NULL,NULL,'Portugal',NULL,1,171),(512,'2023-05-17 03:35:25','2023-05-17 03:35:25',NULL,NULL,'Portugal',NULL,2,171),(513,'2023-05-17 03:35:25','2023-05-17 03:35:25',NULL,NULL,'Portugal',NULL,3,171),(514,'2023-05-17 03:35:25','2023-05-17 03:35:25',NULL,NULL,'Puerto Rico',NULL,1,172),(515,'2023-05-17 03:35:25','2023-05-17 03:35:25',NULL,NULL,'Porto Rico',NULL,2,172),(516,'2023-05-17 03:35:25','2023-05-17 03:35:25',NULL,NULL,'Puerto Rico',NULL,3,172),(517,'2023-05-17 03:35:25','2023-05-17 03:35:25',NULL,NULL,'Qatar',NULL,1,173),(518,'2023-05-17 03:35:25','2023-05-17 03:35:25',NULL,NULL,'Qatar',NULL,2,173),(519,'2023-05-17 03:35:25','2023-05-17 03:35:25',NULL,NULL,'Catar',NULL,3,173),(520,'2023-05-17 03:35:25','2023-05-17 03:35:25',NULL,NULL,'Réunion',NULL,1,174),(521,'2023-05-17 03:35:25','2023-05-17 03:35:25',NULL,NULL,'La Réunion',NULL,2,174),(522,'2023-05-17 03:35:25','2023-05-17 03:35:25',NULL,NULL,'Reunión',NULL,3,174),(523,'2023-05-17 03:35:25','2023-05-17 03:35:25',NULL,NULL,'Romania',NULL,1,175),(524,'2023-05-17 03:35:25','2023-05-17 03:35:25',NULL,NULL,'Roumanie',NULL,2,175),(525,'2023-05-17 03:35:25','2023-05-17 03:35:25',NULL,NULL,'Rumanía',NULL,3,175),(526,'2023-05-17 03:35:25','2023-05-17 03:35:25',NULL,NULL,'Russia',NULL,1,176),(527,'2023-05-17 03:35:25','2023-05-17 03:35:25',NULL,NULL,'Russie',NULL,2,176),(528,'2023-05-17 03:35:25','2023-05-17 03:35:25',NULL,NULL,'Rusia',NULL,3,176),(529,'2023-05-17 03:35:25','2023-05-17 03:35:25',NULL,NULL,'Rwanda',NULL,1,177),(530,'2023-05-17 03:35:25','2023-05-17 03:35:25',NULL,NULL,'Rwanda',NULL,2,177),(531,'2023-05-17 03:35:25','2023-05-17 03:35:25',NULL,NULL,'Ruanda',NULL,3,177),(532,'2023-05-17 03:35:25','2023-05-17 03:35:25',NULL,NULL,'St. Helena',NULL,1,178),(533,'2023-05-17 03:35:25','2023-05-17 03:35:25',NULL,NULL,'Sainte-Hélène',NULL,2,178),(534,'2023-05-17 03:35:25','2023-05-17 03:35:25',NULL,NULL,'Santa Elena',NULL,3,178),(535,'2023-05-17 03:35:25','2023-05-17 03:35:25',NULL,NULL,'St. Kitts & Nevis',NULL,1,179),(536,'2023-05-17 03:35:25','2023-05-17 03:35:25',NULL,NULL,'Saint-Christophe-et-Niévès',NULL,2,179),(537,'2023-05-17 03:35:25','2023-05-17 03:35:25',NULL,NULL,'San Cristóbal y Nieves',NULL,3,179),(538,'2023-05-17 03:35:25','2023-05-17 03:35:25',NULL,NULL,'St. Lucia',NULL,1,180),(539,'2023-05-17 03:35:25','2023-05-17 03:35:25',NULL,NULL,'Sainte-Lucie',NULL,2,180),(540,'2023-05-17 03:35:25','2023-05-17 03:35:25',NULL,NULL,'Santa Lucía',NULL,3,180),(541,'2023-05-17 03:35:25','2023-05-17 03:35:25',NULL,NULL,'St. Pierre & Miquelon',NULL,1,181),(542,'2023-05-17 03:35:25','2023-05-17 03:35:25',NULL,NULL,'Saint-Pierre-et-Miquelon',NULL,2,181),(543,'2023-05-17 03:35:25','2023-05-17 03:35:25',NULL,NULL,'San Pedro y Miquelón',NULL,3,181),(544,'2023-05-17 03:35:25','2023-05-17 03:35:25',NULL,NULL,'St. Vincent & Grenadines',NULL,1,182),(545,'2023-05-17 03:35:25','2023-05-17 03:35:25',NULL,NULL,'Saint-Vincent-et-les Grenadines',NULL,2,182),(546,'2023-05-17 03:35:25','2023-05-17 03:35:25',NULL,NULL,'San Vicente y las Granadinas',NULL,3,182),(547,'2023-05-17 03:35:25','2023-05-17 03:35:25',NULL,NULL,'Samoa',NULL,1,183),(548,'2023-05-17 03:35:25','2023-05-17 03:35:25',NULL,NULL,'Samoa',NULL,2,183),(549,'2023-05-17 03:35:25','2023-05-17 03:35:25',NULL,NULL,'Samoa',NULL,3,183),(550,'2023-05-17 03:35:25','2023-05-17 03:35:25',NULL,NULL,'San Marino',NULL,1,184),(551,'2023-05-17 03:35:25','2023-05-17 03:35:25',NULL,NULL,'Saint-Marin',NULL,2,184),(552,'2023-05-17 03:35:25','2023-05-17 03:35:25',NULL,NULL,'San Marino',NULL,3,184),(553,'2023-05-17 03:35:25','2023-05-17 03:35:25',NULL,NULL,'São Tomé & Príncipe',NULL,1,185),(554,'2023-05-17 03:35:25','2023-05-17 03:35:25',NULL,NULL,'Sao Tomé-et-Principe',NULL,2,185),(555,'2023-05-17 03:35:25','2023-05-17 03:35:25',NULL,NULL,'Santo Tomé y Príncipe',NULL,3,185),(556,'2023-05-17 03:35:25','2023-05-17 03:35:25',NULL,NULL,'Saudi Arabia',NULL,1,186),(557,'2023-05-17 03:35:25','2023-05-17 03:35:25',NULL,NULL,'Arabie saoudite',NULL,2,186),(558,'2023-05-17 03:35:25','2023-05-17 03:35:25',NULL,NULL,'Arabia Saudí',NULL,3,186),(559,'2023-05-17 03:35:25','2023-05-17 03:35:25',NULL,NULL,'Senegal',NULL,1,187),(560,'2023-05-17 03:35:25','2023-05-17 03:35:25',NULL,NULL,'Sénégal',NULL,2,187),(561,'2023-05-17 03:35:25','2023-05-17 03:35:25',NULL,NULL,'Senegal',NULL,3,187),(562,'2023-05-17 03:35:25','2023-05-17 03:35:25',NULL,NULL,'Serbia',NULL,1,188),(563,'2023-05-17 03:35:26','2023-05-17 03:35:26',NULL,NULL,'Serbie',NULL,2,188),(564,'2023-05-17 03:35:26','2023-05-17 03:35:26',NULL,NULL,'Serbia',NULL,3,188),(565,'2023-05-17 03:35:26','2023-05-17 03:35:26',NULL,NULL,'Seychelles',NULL,1,189),(566,'2023-05-17 03:35:26','2023-05-17 03:35:26',NULL,NULL,'Seychelles',NULL,2,189),(567,'2023-05-17 03:35:26','2023-05-17 03:35:26',NULL,NULL,'Seychelles',NULL,3,189),(568,'2023-05-17 03:35:26','2023-05-17 03:35:26',NULL,NULL,'Sierra Leone',NULL,1,190),(569,'2023-05-17 03:35:26','2023-05-17 03:35:26',NULL,NULL,'Sierra Leone',NULL,2,190),(570,'2023-05-17 03:35:26','2023-05-17 03:35:26',NULL,NULL,'Sierra Leona',NULL,3,190),(571,'2023-05-17 03:35:26','2023-05-17 03:35:26',NULL,NULL,'Singapore',NULL,1,191),(572,'2023-05-17 03:35:26','2023-05-17 03:35:26',NULL,NULL,'Singapour',NULL,2,191),(573,'2023-05-17 03:35:26','2023-05-17 03:35:26',NULL,NULL,'Singapur',NULL,3,191),(574,'2023-05-17 03:35:26','2023-05-17 03:35:26',NULL,NULL,'Slovakia',NULL,1,192),(575,'2023-05-17 03:35:26','2023-05-17 03:35:26',NULL,NULL,'Slovaquie',NULL,2,192),(576,'2023-05-17 03:35:26','2023-05-17 03:35:26',NULL,NULL,'Eslovaquia',NULL,3,192),(577,'2023-05-17 03:35:26','2023-05-17 03:35:26',NULL,NULL,'Slovenia',NULL,1,193),(578,'2023-05-17 03:35:26','2023-05-17 03:35:26',NULL,NULL,'Slovénie',NULL,2,193),(579,'2023-05-17 03:35:26','2023-05-17 03:35:26',NULL,NULL,'Eslovenia',NULL,3,193),(580,'2023-05-17 03:35:26','2023-05-17 03:35:26',NULL,NULL,'Solomon Islands',NULL,1,194),(581,'2023-05-17 03:35:26','2023-05-17 03:35:26',NULL,NULL,'Îles Salomon',NULL,2,194),(582,'2023-05-17 03:35:26','2023-05-17 03:35:26',NULL,NULL,'Islas Salomón',NULL,3,194),(583,'2023-05-17 03:35:26','2023-05-17 03:35:26',NULL,NULL,'Somalia',NULL,1,195),(584,'2023-05-17 03:35:26','2023-05-17 03:35:26',NULL,NULL,'Somalie',NULL,2,195),(585,'2023-05-17 03:35:26','2023-05-17 03:35:26',NULL,NULL,'Somalia',NULL,3,195),(586,'2023-05-17 03:35:26','2023-05-17 03:35:26',NULL,NULL,'South Africa',NULL,1,196),(587,'2023-05-17 03:35:26','2023-05-17 03:35:26',NULL,NULL,'Afrique du Sud',NULL,2,196),(588,'2023-05-17 03:35:26','2023-05-17 03:35:26',NULL,NULL,'Sudáfrica',NULL,3,196),(589,'2023-05-17 03:35:26','2023-05-17 03:35:26',NULL,NULL,'Spain',NULL,1,197),(590,'2023-05-17 03:35:26','2023-05-17 03:35:26',NULL,NULL,'Espagne',NULL,2,197),(591,'2023-05-17 03:35:26','2023-05-17 03:35:26',NULL,NULL,'España',NULL,3,197),(592,'2023-05-17 03:35:26','2023-05-17 03:35:26',NULL,NULL,'Sri Lanka',NULL,1,198),(593,'2023-05-17 03:35:26','2023-05-17 03:35:26',NULL,NULL,'Sri Lanka',NULL,2,198),(594,'2023-05-17 03:35:26','2023-05-17 03:35:26',NULL,NULL,'Sri Lanka',NULL,3,198),(595,'2023-05-17 03:35:26','2023-05-17 03:35:26',NULL,NULL,'Sudan',NULL,1,199),(596,'2023-05-17 03:35:26','2023-05-17 03:35:26',NULL,NULL,'Soudan',NULL,2,199),(597,'2023-05-17 03:35:26','2023-05-17 03:35:26',NULL,NULL,'Sudán',NULL,3,199),(598,'2023-05-17 03:35:26','2023-05-17 03:35:26',NULL,NULL,'Suriname',NULL,1,200),(599,'2023-05-17 03:35:26','2023-05-17 03:35:26',NULL,NULL,'Suriname',NULL,2,200),(600,'2023-05-17 03:35:26','2023-05-17 03:35:26',NULL,NULL,'Surinam',NULL,3,200),(601,'2023-05-17 03:35:26','2023-05-17 03:35:26',NULL,NULL,'Svalbard & Jan Mayen',NULL,1,201),(602,'2023-05-17 03:35:26','2023-05-17 03:35:26',NULL,NULL,'Svalbard et Jan Mayen',NULL,2,201),(603,'2023-05-17 03:35:26','2023-05-17 03:35:26',NULL,NULL,'Svalbard y Jan Mayen',NULL,3,201),(604,'2023-05-17 03:35:26','2023-05-17 03:35:26',NULL,NULL,'Eswatini',NULL,1,202),(605,'2023-05-17 03:35:26','2023-05-17 03:35:26',NULL,NULL,'Eswatini',NULL,2,202),(606,'2023-05-17 03:35:26','2023-05-17 03:35:26',NULL,NULL,'Esuatini',NULL,3,202),(607,'2023-05-17 03:35:26','2023-05-17 03:35:26',NULL,NULL,'Sweden',NULL,1,203),(608,'2023-05-17 03:35:26','2023-05-17 03:35:26',NULL,NULL,'Suède',NULL,2,203),(609,'2023-05-17 03:35:26','2023-05-17 03:35:26',NULL,NULL,'Suecia',NULL,3,203),(610,'2023-05-17 03:35:26','2023-05-17 03:35:26',NULL,NULL,'Switzerland',NULL,1,204),(611,'2023-05-17 03:35:26','2023-05-17 03:35:26',NULL,NULL,'Suisse',NULL,2,204),(612,'2023-05-17 03:35:26','2023-05-17 03:35:26',NULL,NULL,'Suiza',NULL,3,204),(613,'2023-05-17 03:35:26','2023-05-17 03:35:26',NULL,NULL,'Syria',NULL,1,205),(614,'2023-05-17 03:35:26','2023-05-17 03:35:26',NULL,NULL,'Syrie',NULL,2,205),(615,'2023-05-17 03:35:26','2023-05-17 03:35:26',NULL,NULL,'Siria',NULL,3,205),(616,'2023-05-17 03:35:26','2023-05-17 03:35:26',NULL,NULL,'Taiwan',NULL,1,206),(617,'2023-05-17 03:35:26','2023-05-17 03:35:26',NULL,NULL,'Taïwan',NULL,2,206),(618,'2023-05-17 03:35:26','2023-05-17 03:35:26',NULL,NULL,'Taiwán',NULL,3,206),(619,'2023-05-17 03:35:26','2023-05-17 03:35:26',NULL,NULL,'Tajikistan',NULL,1,207),(620,'2023-05-17 03:35:26','2023-05-17 03:35:26',NULL,NULL,'Tadjikistan',NULL,2,207),(621,'2023-05-17 03:35:26','2023-05-17 03:35:26',NULL,NULL,'Tayikistán',NULL,3,207),(622,'2023-05-17 03:35:26','2023-05-17 03:35:26',NULL,NULL,'Tanzania',NULL,1,208),(623,'2023-05-17 03:35:26','2023-05-17 03:35:26',NULL,NULL,'Tanzanie',NULL,2,208),(624,'2023-05-17 03:35:26','2023-05-17 03:35:26',NULL,NULL,'Tanzania',NULL,3,208),(625,'2023-05-17 03:35:26','2023-05-17 03:35:26',NULL,NULL,'Thailand',NULL,1,209),(626,'2023-05-17 03:35:26','2023-05-17 03:35:26',NULL,NULL,'Thaïlande',NULL,2,209),(627,'2023-05-17 03:35:26','2023-05-17 03:35:26',NULL,NULL,'Tailandia',NULL,3,209),(628,'2023-05-17 03:35:26','2023-05-17 03:35:26',NULL,NULL,'Timor-Leste',NULL,1,210),(629,'2023-05-17 03:35:26','2023-05-17 03:35:26',NULL,NULL,'Timor oriental',NULL,2,210),(630,'2023-05-17 03:35:26','2023-05-17 03:35:26',NULL,NULL,'Timor-Leste',NULL,3,210),(631,'2023-05-17 03:35:26','2023-05-17 03:35:26',NULL,NULL,'Togo',NULL,1,211),(632,'2023-05-17 03:35:26','2023-05-17 03:35:26',NULL,NULL,'Togo',NULL,2,211),(633,'2023-05-17 03:35:26','2023-05-17 03:35:26',NULL,NULL,'Togo',NULL,3,211),(634,'2023-05-17 03:35:26','2023-05-17 03:35:26',NULL,NULL,'Tokelau',NULL,1,212),(635,'2023-05-17 03:35:26','2023-05-17 03:35:26',NULL,NULL,'Tokelau',NULL,2,212),(636,'2023-05-17 03:35:26','2023-05-17 03:35:26',NULL,NULL,'Tokelau',NULL,3,212),(637,'2023-05-17 03:35:26','2023-05-17 03:35:26',NULL,NULL,'Tonga',NULL,1,213),(638,'2023-05-17 03:35:26','2023-05-17 03:35:26',NULL,NULL,'Tonga',NULL,2,213),(639,'2023-05-17 03:35:26','2023-05-17 03:35:26',NULL,NULL,'Tonga',NULL,3,213),(640,'2023-05-17 03:35:26','2023-05-17 03:35:26',NULL,NULL,'Trinidad & Tobago',NULL,1,214),(641,'2023-05-17 03:35:26','2023-05-17 03:35:26',NULL,NULL,'Trinité-et-Tobago',NULL,2,214),(642,'2023-05-17 03:35:26','2023-05-17 03:35:26',NULL,NULL,'Trinidad y Tobago',NULL,3,214),(643,'2023-05-17 03:35:27','2023-05-17 03:35:27',NULL,NULL,'Tunisia',NULL,1,215),(644,'2023-05-17 03:35:27','2023-05-17 03:35:27',NULL,NULL,'Tunisie',NULL,2,215),(645,'2023-05-17 03:35:27','2023-05-17 03:35:27',NULL,NULL,'Túnez',NULL,3,215),(646,'2023-05-17 03:35:27','2023-05-17 03:35:27',NULL,NULL,'Turkey',NULL,1,216),(647,'2023-05-17 03:35:27','2023-05-17 03:35:27',NULL,NULL,'Turquie',NULL,2,216),(648,'2023-05-17 03:35:27','2023-05-17 03:35:27',NULL,NULL,'Turquía',NULL,3,216),(649,'2023-05-17 03:35:27','2023-05-17 03:35:27',NULL,NULL,'Turkmenistan',NULL,1,217),(650,'2023-05-17 03:35:27','2023-05-17 03:35:27',NULL,NULL,'Turkménistan',NULL,2,217),(651,'2023-05-17 03:35:27','2023-05-17 03:35:27',NULL,NULL,'Turkmenistán',NULL,3,217),(652,'2023-05-17 03:35:27','2023-05-17 03:35:27',NULL,NULL,'Turks & Caicos Islands',NULL,1,218),(653,'2023-05-17 03:35:27','2023-05-17 03:35:27',NULL,NULL,'Îles Turques-et-Caïques',NULL,2,218),(654,'2023-05-17 03:35:27','2023-05-17 03:35:27',NULL,NULL,'Islas Turcas y Caicos',NULL,3,218),(655,'2023-05-17 03:35:27','2023-05-17 03:35:27',NULL,NULL,'Tuvalu',NULL,1,219),(656,'2023-05-17 03:35:27','2023-05-17 03:35:27',NULL,NULL,'Tuvalu',NULL,2,219),(657,'2023-05-17 03:35:27','2023-05-17 03:35:27',NULL,NULL,'Tuvalu',NULL,3,219),(658,'2023-05-17 03:35:27','2023-05-17 03:35:27',NULL,NULL,'Uganda',NULL,1,220),(659,'2023-05-17 03:35:27','2023-05-17 03:35:27',NULL,NULL,'Ouganda',NULL,2,220),(660,'2023-05-17 03:35:27','2023-05-17 03:35:27',NULL,NULL,'Uganda',NULL,3,220),(661,'2023-05-17 03:35:27','2023-05-17 03:35:27',NULL,NULL,'Ukraine',NULL,1,221),(662,'2023-05-17 03:35:27','2023-05-17 03:35:27',NULL,NULL,'Ukraine',NULL,2,221),(663,'2023-05-17 03:35:27','2023-05-17 03:35:27',NULL,NULL,'Ucrania',NULL,3,221),(664,'2023-05-17 03:35:27','2023-05-17 03:35:27',NULL,NULL,'United Arab Emirates',NULL,1,222),(665,'2023-05-17 03:35:27','2023-05-17 03:35:27',NULL,NULL,'Émirats arabes unis',NULL,2,222),(666,'2023-05-17 03:35:27','2023-05-17 03:35:27',NULL,NULL,'Emiratos Árabes Unidos',NULL,3,222),(667,'2023-05-17 03:35:27','2023-05-17 03:35:27',NULL,NULL,'United Kingdom',NULL,1,223),(668,'2023-05-17 03:35:27','2023-05-17 03:35:27',NULL,NULL,'Royaume-Uni',NULL,2,223),(669,'2023-05-17 03:35:27','2023-05-17 03:35:27',NULL,NULL,'Reino Unido',NULL,3,223),(670,'2023-05-17 03:35:27','2023-05-17 03:35:27',NULL,NULL,'United States',NULL,1,224),(671,'2023-05-17 03:35:27','2023-05-17 03:35:27',NULL,NULL,'États-Unis',NULL,2,224),(672,'2023-05-17 03:35:27','2023-05-17 03:35:27',NULL,NULL,'Estados Unidos',NULL,3,224),(673,'2023-05-17 03:35:27','2023-05-17 03:35:27',NULL,NULL,'U.S. Outlying Islands',NULL,1,225),(674,'2023-05-17 03:35:27','2023-05-17 03:35:27',NULL,NULL,'Îles mineures éloignées des États-Unis',NULL,2,225),(675,'2023-05-17 03:35:27','2023-05-17 03:35:27',NULL,NULL,'Islas menores alejadas de EE. UU.',NULL,3,225),(676,'2023-05-17 03:35:27','2023-05-17 03:35:27',NULL,NULL,'Uruguay',NULL,1,226),(677,'2023-05-17 03:35:27','2023-05-17 03:35:27',NULL,NULL,'Uruguay',NULL,2,226),(678,'2023-05-17 03:35:27','2023-05-17 03:35:27',NULL,NULL,'Uruguay',NULL,3,226),(679,'2023-05-17 03:35:27','2023-05-17 03:35:27',NULL,NULL,'Uzbekistan',NULL,1,227),(680,'2023-05-17 03:35:27','2023-05-17 03:35:27',NULL,NULL,'Ouzbékistan',NULL,2,227),(681,'2023-05-17 03:35:27','2023-05-17 03:35:27',NULL,NULL,'Uzbekistán',NULL,3,227),(682,'2023-05-17 03:35:27','2023-05-17 03:35:27',NULL,NULL,'Vanuatu',NULL,1,228),(683,'2023-05-17 03:35:27','2023-05-17 03:35:27',NULL,NULL,'Vanuatu',NULL,2,228),(684,'2023-05-17 03:35:27','2023-05-17 03:35:27',NULL,NULL,'Vanuatu',NULL,3,228),(685,'2023-05-17 03:35:27','2023-05-17 03:35:27',NULL,NULL,'Venezuela',NULL,1,229),(686,'2023-05-17 03:35:27','2023-05-17 03:35:27',NULL,NULL,'Venezuela',NULL,2,229),(687,'2023-05-17 03:35:27','2023-05-17 03:35:27',NULL,NULL,'Venezuela',NULL,3,229),(688,'2023-05-17 03:35:27','2023-05-17 03:35:27',NULL,NULL,'Vietnam',NULL,1,230),(689,'2023-05-17 03:35:27','2023-05-17 03:35:27',NULL,NULL,'Viêt Nam',NULL,2,230),(690,'2023-05-17 03:35:27','2023-05-17 03:35:27',NULL,NULL,'Vietnam',NULL,3,230),(691,'2023-05-17 03:35:27','2023-05-17 03:35:27',NULL,NULL,'British Virgin Islands',NULL,1,231),(692,'2023-05-17 03:35:27','2023-05-17 03:35:27',NULL,NULL,'Îles Vierges britanniques',NULL,2,231),(693,'2023-05-17 03:35:27','2023-05-17 03:35:27',NULL,NULL,'Islas Vírgenes Británicas',NULL,3,231),(694,'2023-05-17 03:35:27','2023-05-17 03:35:27',NULL,NULL,'U.S. Virgin Islands',NULL,1,232),(695,'2023-05-17 03:35:27','2023-05-17 03:35:27',NULL,NULL,'Îles Vierges des États-Unis',NULL,2,232),(696,'2023-05-17 03:35:27','2023-05-17 03:35:27',NULL,NULL,'Islas Vírgenes de EE. UU.',NULL,3,232),(697,'2023-05-17 03:35:27','2023-05-17 03:35:27',NULL,NULL,'Wallis & Futuna',NULL,1,233),(698,'2023-05-17 03:35:27','2023-05-17 03:35:27',NULL,NULL,'Wallis-et-Futuna',NULL,2,233),(699,'2023-05-17 03:35:27','2023-05-17 03:35:27',NULL,NULL,'Wallis y Futuna',NULL,3,233),(700,'2023-05-17 03:35:27','2023-05-17 03:35:27',NULL,NULL,'Western Sahara',NULL,1,234),(701,'2023-05-17 03:35:27','2023-05-17 03:35:27',NULL,NULL,'Sahara occidental',NULL,2,234),(702,'2023-05-17 03:35:27','2023-05-17 03:35:27',NULL,NULL,'Sáhara Occidental',NULL,3,234),(703,'2023-05-17 03:35:27','2023-05-17 03:35:27',NULL,NULL,'Yemen',NULL,1,235),(704,'2023-05-17 03:35:27','2023-05-17 03:35:27',NULL,NULL,'Yémen',NULL,2,235),(705,'2023-05-17 03:35:27','2023-05-17 03:35:27',NULL,NULL,'Yemen',NULL,3,235),(706,'2023-05-17 03:35:27','2023-05-17 03:35:27',NULL,NULL,'Zambia',NULL,1,236),(707,'2023-05-17 03:35:27','2023-05-17 03:35:27',NULL,NULL,'Zambie',NULL,2,236),(708,'2023-05-17 03:35:27','2023-05-17 03:35:27',NULL,NULL,'Zambia',NULL,3,236),(709,'2023-05-17 03:35:27','2023-05-17 03:35:27',NULL,NULL,'Zimbabwe',NULL,1,237),(710,'2023-05-17 03:35:27','2023-05-17 03:35:27',NULL,NULL,'Zimbabwe',NULL,2,237),(711,'2023-05-17 03:35:27','2023-05-17 03:35:27',NULL,NULL,'Zimbabue',NULL,3,237);
/*!40000 ALTER TABLE `country_description` ENABLE KEYS */;
UNLOCK TABLES;

--
-- Table structure for table `currency`
--

DROP TABLE IF EXISTS `currency`;
/*!40101 SET @saved_cs_client     = @@character_set_client */;
/*!50503 SET character_set_client = utf8mb4 */;
CREATE TABLE `currency` (
  `CURRENCY_ID` bigint NOT NULL,
  `CURRENCY_CODE` varchar(255) COLLATE utf8mb3_unicode_ci DEFAULT NULL,
  `CURRENCY_CURRENCY_CODE` varchar(255) COLLATE utf8mb3_unicode_ci NOT NULL,
  `CURRENCY_NAME` varchar(255) COLLATE utf8mb3_unicode_ci DEFAULT NULL,
  `CURRENCY_SUPPORTED` bit(1) DEFAULT NULL,
  PRIMARY KEY (`CURRENCY_ID`),
  UNIQUE KEY `UK_m7ku15ekud52vp67ry73a36te` (`CURRENCY_CURRENCY_CODE`),
  UNIQUE KEY `UK_1ubr7n96hjajamtggqp090a4x` (`CURRENCY_CODE`),
  UNIQUE KEY `UK_7r1k69cbk5giewqr5c9r4v6f` (`CURRENCY_NAME`)
) ENGINE=InnoDB DEFAULT CHARSET=utf8mb3 COLLATE=utf8mb3_unicode_ci;
/*!40101 SET character_set_client = @saved_cs_client */;

--
-- Dumping data for table `currency`
--

LOCK TABLES `currency` WRITE;
/*!40000 ALTER TABLE `currency` DISABLE KEYS */;
INSERT INTO `currency` VALUES (1,'FJD','FJD','FJD',_binary ''),(2,'MXN','MXN','MXN',_binary ''),(3,'STD','STD','STD',_binary ''),(4,'LVL','LVL','LVL',_binary ''),(5,'SCR','SCR','SCR',_binary ''),(6,'CDF','CDF','CDF',_binary ''),(7,'BBD','BBD','BBD',_binary ''),(8,'GTQ','GTQ','GTQ',_binary ''),(9,'CLP','CLP','CLP',_binary ''),(10,'HNL','HNL','HNL',_binary ''),(11,'UGX','UGX','UGX',_binary ''),(12,'ZAR','ZAR','ZAR',_binary ''),(13,'MXV','MXV','MXV',_binary ''),(14,'TND','TND','TND',_binary ''),(15,'BSD','BSD','BSD',_binary ''),(16,'SLL','SLL','SLL',_binary ''),(17,'SDG','SDG','SDG',_binary ''),(18,'IQD','IQD','IQD',_binary ''),(19,'CUP','CUP','CUP',_binary ''),(20,'GMD','GMD','GMD',_binary ''),(21,'TWD','TWD','TWD',_binary ''),(22,'RSD','RSD','RSD',_binary ''),(23,'DOP','DOP','DOP',_binary ''),(24,'KMF','KMF','KMF',_binary ''),(25,'MYR','MYR','MYR',_binary ''),(26,'FKP','FKP','FKP',_binary ''),(27,'XOF','XOF','XOF',_binary ''),(28,'GEL','GEL','GEL',_binary ''),(29,'UYU','UYU','UYU',_binary ''),(30,'MAD','MAD','MAD',_binary ''),(31,'CVE','CVE','CVE',_binary ''),(32,'AZN','AZN','AZN',_binary ''),(33,'OMR','OMR','OMR',_binary ''),(34,'PGK','PGK','PGK',_binary ''),(35,'KES','KES','KES',_binary ''),(36,'SEK','SEK','SEK',_binary ''),(37,'BTN','BTN','BTN',_binary ''),(38,'UAH','UAH','UAH',_binary ''),(39,'GNF','GNF','GNF',_binary ''),(40,'ERN','ERN','ERN',_binary ''),(41,'MZN','MZN','MZN',_binary ''),(42,'SVC','SVC','SVC',_binary ''),(43,'ARS','ARS','ARS',_binary ''),(44,'QAR','QAR','QAR',_binary ''),(45,'IRR','IRR','IRR',_binary ''),(46,'MRO','MRO','MRO',_binary ''),(47,'CNY','CNY','CNY',_binary ''),(48,'XPF','XPF','XPF',_binary ''),(49,'THB','THB','THB',_binary ''),(50,'UZS','UZS','UZS',_binary ''),(51,'BDT','BDT','BDT',_binary ''),(52,'LYD','LYD','LYD',_binary ''),(53,'BMD','BMD','BMD',_binary ''),(54,'KWD','KWD','KWD',_binary ''),(55,'PHP','PHP','PHP',_binary ''),(56,'RUB','RUB','RUB',_binary ''),(57,'PYG','PYG','PYG',_binary ''),(58,'ISK','ISK','ISK',_binary ''),(59,'JMD','JMD','JMD',_binary ''),(60,'COP','COP','COP',_binary ''),(61,'USD','USD','USD',_binary ''),(62,'MKD','MKD','MKD',_binary ''),(63,'DZD','DZD','DZD',_binary ''),(64,'PAB','PAB','PAB',_binary ''),(65,'SGD','SGD','SGD',_binary ''),(66,'ETB','ETB','ETB',_binary ''),(67,'KGS','KGS','KGS',_binary ''),(68,'SOS','SOS','SOS',_binary ''),(69,'VUV','VUV','VUV',_binary ''),(70,'VEF','VEF','VEF',_binary ''),(71,'LAK','LAK','LAK',_binary ''),(72,'BND','BND','BND',_binary ''),(73,'ZMK','ZMK','ZMK',_binary ''),(74,'XAF','XAF','XAF',_binary ''),(75,'LRD','LRD','LRD',_binary ''),(76,'HRK','HRK','HRK',_binary ''),(77,'CHF','CHF','CHF',_binary ''),(78,'ALL','ALL','ALL',_binary ''),(79,'DJF','DJF','DJF',_binary ''),(80,'TZS','TZS','TZS',_binary ''),(81,'VND','VND','VND',_binary ''),(82,'AUD','AUD','AUD',_binary ''),(83,'ILS','ILS','ILS',_binary ''),(84,'GHS','GHS','GHS',_binary ''),(85,'GYD','GYD','GYD',_binary ''),(86,'KPW','KPW','KPW',_binary ''),(87,'BOB','BOB','BOB',_binary ''),(88,'KHR','KHR','KHR',_binary ''),(89,'MDL','MDL','MDL',_binary ''),(90,'IDR','IDR','IDR',_binary ''),(91,'KYD','KYD','KYD',_binary ''),(92,'AMD','AMD','AMD',_binary ''),(93,'BWP','BWP','BWP',_binary ''),(94,'SHP','SHP','SHP',_binary ''),(95,'TRY','TRY','TRY',_binary ''),(96,'LBP','LBP','LBP',_binary ''),(97,'TJS','TJS','TJS',_binary ''),(98,'JOD','JOD','JOD',_binary ''),(99,'HKD','HKD','HKD',_binary ''),(100,'RWF','RWF','RWF',_binary ''),(101,'AED','AED','AED',_binary ''),(102,'EUR','EUR','EUR',_binary ''),(103,'LSL','LSL','LSL',_binary ''),(104,'DKK','DKK','DKK',_binary ''),(105,'CAD','CAD','CAD',_binary ''),(106,'BOV','BOV','BOV',_binary ''),(107,'BGN','BGN','BGN',_binary ''),(108,'MMK','MMK','MMK',_binary ''),(109,'NOK','NOK','NOK',_binary ''),(110,'MUR','MUR','MUR',_binary ''),(111,'SYP','SYP','SYP',_binary ''),(112,'GIP','GIP','GIP',_binary ''),(113,'RON','RON','RON',_binary ''),(114,'LKR','LKR','LKR',_binary ''),(115,'NGN','NGN','NGN',_binary ''),(116,'CRC','CRC','CRC',_binary ''),(117,'CZK','CZK','CZK',_binary ''),(118,'PKR','PKR','PKR',_binary ''),(119,'XCD','XCD','XCD',_binary ''),(120,'ANG','ANG','ANG',_binary ''),(121,'HTG','HTG','HTG',_binary ''),(122,'BHD','BHD','BHD',_binary ''),(123,'KZT','KZT','KZT',_binary ''),(124,'SRD','SRD','SRD',_binary ''),(125,'SZL','SZL','SZL',_binary ''),(126,'LTL','LTL','LTL',_binary ''),(127,'SAR','SAR','SAR',_binary ''),(128,'TTD','TTD','TTD',_binary ''),(129,'YER','YER','YER',_binary ''),(130,'MVR','MVR','MVR',_binary ''),(131,'AFN','AFN','AFN',_binary ''),(132,'INR','INR','INR',_binary ''),(133,'AWG','AWG','AWG',_binary ''),(134,'KRW','KRW','KRW',_binary ''),(135,'NPR','NPR','NPR',_binary ''),(136,'JPY','JPY','JPY',_binary ''),(137,'MNT','MNT','MNT',_binary ''),(138,'AOA','AOA','AOA',_binary ''),(139,'PLN','PLN','PLN',_binary ''),(140,'GBP','GBP','GBP',_binary ''),(141,'SBD','SBD','SBD',_binary ''),(142,'HUF','HUF','HUF',_binary ''),(143,'BYR','BYR','BYR',_binary ''),(144,'BIF','BIF','BIF',_binary ''),(145,'MWK','MWK','MWK',_binary ''),(146,'MGA','MGA','MGA',_binary ''),(147,'XDR','XDR','XDR',_binary ''),(148,'BZD','BZD','BZD',_binary ''),(149,'BAM','BAM','BAM',_binary ''),(150,'EGP','EGP','EGP',_binary ''),(151,'MOP','MOP','MOP',_binary ''),(152,'NAD','NAD','NAD',_binary ''),(153,'NIO','NIO','NIO',_binary ''),(154,'PEN','PEN','PEN',_binary ''),(155,'NZD','NZD','NZD',_binary ''),(156,'WST','WST','WST',_binary ''),(157,'CLF','CLF','CLF',_binary ''),(158,'BRL','BRL','BRL',_binary '');
/*!40000 ALTER TABLE `currency` ENABLE KEYS */;
UNLOCK TABLES;

--
-- Table structure for table `customer`
--

DROP TABLE IF EXISTS `customer`;
/*!40101 SET @saved_cs_client     = @@character_set_client */;
/*!50503 SET character_set_client = utf8mb4 */;
CREATE TABLE `customer` (
  `CUSTOMER_ID` bigint NOT NULL,
  `CUSTOMER_ANONYMOUS` bit(1) DEFAULT NULL,
  `DATE_CREATED` datetime DEFAULT NULL,
  `DATE_MODIFIED` datetime DEFAULT NULL,
  `UPDT_ID` varchar(60) COLLATE utf8mb3_unicode_ci DEFAULT NULL,
  `CUSTOMER_COMPANY` varchar(100) COLLATE utf8mb3_unicode_ci DEFAULT NULL,
  `RESET_CREDENTIALS_REQ` varchar(256) COLLATE utf8mb3_unicode_ci DEFAULT NULL,
  `RESET_CREDENTIALS_EXP` date DEFAULT NULL,
  `REVIEW_AVG` decimal(19,2) DEFAULT NULL,
  `REVIEW_COUNT` int DEFAULT NULL,
  `CUSTOMER_DOB` datetime DEFAULT NULL,
  `CUSTOMER_EMAIL_ADDRESS` varchar(96) COLLATE utf8mb3_unicode_ci NOT NULL,
  `FIRST_NAME` varchar(255) COLLATE utf8mb3_unicode_ci DEFAULT NULL,
  `CUSTOMER_GENDER` varchar(1) COLLATE utf8mb3_unicode_ci DEFAULT NULL,
  `LAST_NAME` varchar(255) COLLATE utf8mb3_unicode_ci DEFAULT NULL,
  `CUSTOMER_NICK` varchar(96) COLLATE utf8mb3_unicode_ci DEFAULT NULL,
  `CUSTOMER_PASSWORD` varchar(60) COLLATE utf8mb3_unicode_ci DEFAULT NULL,
  `PROVIDER` varchar(255) COLLATE utf8mb3_unicode_ci DEFAULT NULL,
  `PHONE_NUMBER` varchar(255) COLLATE utf8mb3_unicode_ci DEFAULT NULL,
  PRIMARY KEY (`CUSTOMER_ID`),
  UNIQUE KEY `UK1nbk11jltesa5kihmrcai0v7y` (`CUSTOMER_NICK`)
) ENGINE=InnoDB DEFAULT CHARSET=utf8mb3 COLLATE=utf8mb3_unicode_ci;
/*!40101 SET character_set_client = @saved_cs_client */;

--
-- Dumping data for table `customer`
--

LOCK TABLES `customer` WRITE;
/*!40000 ALTER TABLE `customer` DISABLE KEYS */;
INSERT INTO `customer` VALUES (150,_binary '\0',NULL,'2023-06-02 06:35:57',NULL,NULL,NULL,NULL,NULL,NULL,NULL,'nd1long@gmail.com','LONG','M','LONG','nd1long@gmail.com','$2a$10$PZkJvjw3MeS3yPCEpG0N1ev2.vHfV67sYi8UGiQ3NOAQAbnJDvt.u',NULL,NULL),(200,_binary '\0',NULL,'2023-06-04 11:13:44',NULL,NULL,NULL,NULL,NULL,NULL,NULL,'ndlong28@gmail.com','Long',NULL,'Nguyen Duy','ndlong28@gmail.com','$2a$10$vf19FUZolHFtX1V.81FPgOjXauxSDVeBRwH795gTjQ61INyPS4Kn.',NULL,NULL),(250,_binary '\0',NULL,'2023-06-04 21:56:10',NULL,NULL,NULL,NULL,NULL,NULL,NULL,'n@gmail.com','Long',NULL,'Nguyen Duy','n@gmail.com','$2a$10$8QxgxJwxlNlE/0KbqMMhhef6ftxg4ARMo7yBdoxFdo6ougBta.5wO',NULL,NULL),(300,_binary '\0',NULL,'2023-06-04 22:03:54',NULL,NULL,NULL,NULL,NULL,NULL,NULL,'FADFADFDA','Long',NULL,'Nguyen Duy','FADFADFDA','$2a$10$hrfjwSWQtN8OL2FAKP/gBuOjmryT.BKByi7/qybNUWfr5vVds7jAm',NULL,NULL),(301,_binary '\0',NULL,'2023-06-04 22:04:52',NULL,NULL,NULL,NULL,NULL,NULL,NULL,'FADCFADFDA','Long',NULL,'Nguyen Duy','FADCFADFDA','$2a$10$8dV/0/dOBfhl2ZvjvXX//.U7kUIz1CCTQjLz2U0zj5pgFwqrBrg1W',NULL,NULL),(350,_binary '\0',NULL,'2023-06-04 22:29:26',NULL,NULL,NULL,NULL,NULL,NULL,NULL,'11','Long',NULL,'Nguyen Duy','11','$2a$10$mVznvJeKC7lbq69pDOuAsekhHbgJ40Wgg6Y9mWoLNAw6wKL.jA1ga',NULL,NULL),(400,_binary '\0',NULL,'2023-06-05 07:14:04',NULL,NULL,NULL,NULL,NULL,NULL,NULL,'2','LONG','M','LONG','2','$2a$10$py5v/xirBlHZFbaD1xYAceFagWlIiTIJV.GIACMH0R1pgUbW1DKuO',NULL,NULL),(450,_binary '\0',NULL,'2023-06-05 20:33:25',NULL,NULL,NULL,NULL,NULL,NULL,NULL,'2h','LONG','M','LONG','2h','$2a$10$xzNuMCgmsigbIE5QNqFu3eFpzfcsEH1Ob79.60xXQH0jtIgP/qv9W',NULL,NULL),(451,_binary '\0',NULL,'2023-06-05 20:33:58',NULL,NULL,NULL,NULL,NULL,NULL,'2023-07-13 00:00:00','23h','Nguyễn Dũy f','M','Long f','23h','$2a$10$uvxF0aciYoSf/hN9JPqhCO2bn8ekEHbHArkg/yeV3R2TZy0kuwoSW',NULL,'0379755079'),(500,_binary '\0',NULL,'2023-06-05 20:40:32',NULL,NULL,NULL,NULL,NULL,NULL,NULL,'long','Long',NULL,'Nguyen Duy','long','$2a$10$gINxxwKvs7am5uA4dwdOtO33633u1n8Sj3FvLya3mSp.6fvNcrJly',NULL,NULL);
/*!40000 ALTER TABLE `customer` ENABLE KEYS */;
UNLOCK TABLES;

--
-- Table structure for table `customer_attribute`
--

DROP TABLE IF EXISTS `customer_attribute`;
/*!40101 SET @saved_cs_client     = @@character_set_client */;
/*!50503 SET character_set_client = utf8mb4 */;
CREATE TABLE `customer_attribute` (
  `CUSTOMER_ATTRIBUTE_ID` bigint NOT NULL,
  `CUSTOMER_ATTR_TXT_VAL` varchar(255) COLLATE utf8mb3_unicode_ci DEFAULT NULL,
  `CUSTOMER_ID` bigint NOT NULL,
  `OPTION_ID` bigint NOT NULL,
  `OPTION_VALUE_ID` bigint NOT NULL,
  PRIMARY KEY (`CUSTOMER_ATTRIBUTE_ID`),
  UNIQUE KEY `UK46kbpre88yh963gewm3kmdni1` (`OPTION_ID`,`CUSTOMER_ID`),
  KEY `FKc3318o13i2bpxkci1bh52we5a` (`CUSTOMER_ID`),
  KEY `FK9fl7iexvdeeeoch9fh35o5vw4` (`OPTION_VALUE_ID`),
  CONSTRAINT `FK4xugs9yd9w4o3sw11fisb8tj5` FOREIGN KEY (`OPTION_ID`) REFERENCES `customer_option` (`CUSTOMER_OPTION_ID`),
  CONSTRAINT `FK9fl7iexvdeeeoch9fh35o5vw4` FOREIGN KEY (`OPTION_VALUE_ID`) REFERENCES `customer_option_value` (`CUSTOMER_OPTION_VALUE_ID`),
  CONSTRAINT `FKc3318o13i2bpxkci1bh52we5a` FOREIGN KEY (`CUSTOMER_ID`) REFERENCES `customer` (`CUSTOMER_ID`)
) ENGINE=InnoDB DEFAULT CHARSET=utf8mb3 COLLATE=utf8mb3_unicode_ci;
/*!40101 SET character_set_client = @saved_cs_client */;

--
-- Dumping data for table `customer_attribute`
--

LOCK TABLES `customer_attribute` WRITE;
/*!40000 ALTER TABLE `customer_attribute` DISABLE KEYS */;
/*!40000 ALTER TABLE `customer_attribute` ENABLE KEYS */;
UNLOCK TABLES;

--
-- Table structure for table `customer_group`
--

DROP TABLE IF EXISTS `customer_group`;
/*!40101 SET @saved_cs_client     = @@character_set_client */;
/*!50503 SET character_set_client = utf8mb4 */;
CREATE TABLE `customer_group` (
  `CUSTOMER_ID` bigint NOT NULL,
  `GROUP_ID` int NOT NULL,
  KEY `FKgrr5v89l1m9sl2qol62bbctq4` (`GROUP_ID`),
  KEY `FK257h3e27f4ujw08doqtq46hho` (`CUSTOMER_ID`),
  CONSTRAINT `FK257h3e27f4ujw08doqtq46hho` FOREIGN KEY (`CUSTOMER_ID`) REFERENCES `customer` (`CUSTOMER_ID`),
  CONSTRAINT `FKgrr5v89l1m9sl2qol62bbctq4` FOREIGN KEY (`GROUP_ID`) REFERENCES `sm_group` (`GROUP_ID`)
) ENGINE=InnoDB DEFAULT CHARSET=utf8mb3 COLLATE=utf8mb3_unicode_ci;
/*!40101 SET character_set_client = @saved_cs_client */;

--
-- Dumping data for table `customer_group`
--

LOCK TABLES `customer_group` WRITE;
/*!40000 ALTER TABLE `customer_group` DISABLE KEYS */;
INSERT INTO `customer_group` VALUES (1,4),(50,4),(100,4),(101,4),(150,4),(200,8),(250,8),(300,8),(301,8),(350,8),(400,8),(450,8),(451,8),(500,8);
/*!40000 ALTER TABLE `customer_group` ENABLE KEYS */;
UNLOCK TABLES;

--
-- Table structure for table `customer_opt_val_description`
--

DROP TABLE IF EXISTS `customer_opt_val_description`;
/*!40101 SET @saved_cs_client     = @@character_set_client */;
/*!50503 SET character_set_client = utf8mb4 */;
CREATE TABLE `customer_opt_val_description` (
  `DESCRIPTION_ID` bigint NOT NULL,
  `DATE_CREATED` datetime DEFAULT NULL,
  `DATE_MODIFIED` datetime DEFAULT NULL,
  `UPDT_ID` varchar(60) COLLATE utf8mb3_unicode_ci DEFAULT NULL,
  `DESCRIPTION` longtext COLLATE utf8mb3_unicode_ci,
  `NAME` varchar(120) COLLATE utf8mb3_unicode_ci NOT NULL,
  `TITLE` varchar(100) COLLATE utf8mb3_unicode_ci DEFAULT NULL,
  `LANGUAGE_ID` int NOT NULL,
  `CUSTOMER_OPT_VAL_ID` bigint DEFAULT NULL,
  PRIMARY KEY (`DESCRIPTION_ID`),
  UNIQUE KEY `UKge7f2t1d31r87wnk09h9u1tnv` (`CUSTOMER_OPT_VAL_ID`,`LANGUAGE_ID`),
  KEY `FK6rfssi3qfx4pswicxrfb18c1` (`LANGUAGE_ID`),
  CONSTRAINT `FK6rfssi3qfx4pswicxrfb18c1` FOREIGN KEY (`LANGUAGE_ID`) REFERENCES `language` (`LANGUAGE_ID`),
  CONSTRAINT `FKhwrs6fyqk6vh11yvcflu42yef` FOREIGN KEY (`CUSTOMER_OPT_VAL_ID`) REFERENCES `customer_option_value` (`CUSTOMER_OPTION_VALUE_ID`)
) ENGINE=InnoDB DEFAULT CHARSET=utf8mb3 COLLATE=utf8mb3_unicode_ci;
/*!40101 SET character_set_client = @saved_cs_client */;

--
-- Dumping data for table `customer_opt_val_description`
--

LOCK TABLES `customer_opt_val_description` WRITE;
/*!40000 ALTER TABLE `customer_opt_val_description` DISABLE KEYS */;
/*!40000 ALTER TABLE `customer_opt_val_description` ENABLE KEYS */;
UNLOCK TABLES;

--
-- Table structure for table `customer_optin`
--

DROP TABLE IF EXISTS `customer_optin`;
/*!40101 SET @saved_cs_client     = @@character_set_client */;
/*!50503 SET character_set_client = utf8mb4 */;
CREATE TABLE `customer_optin` (
  `CUSTOMER_OPTIN_ID` bigint NOT NULL,
  `EMAIL` varchar(255) COLLATE utf8mb3_unicode_ci NOT NULL,
  `FIRST` varchar(255) COLLATE utf8mb3_unicode_ci DEFAULT NULL,
  `LAST` varchar(255) COLLATE utf8mb3_unicode_ci DEFAULT NULL,
  `OPTIN_DATE` datetime DEFAULT NULL,
  `VALUE` longtext COLLATE utf8mb3_unicode_ci,
  `MERCHANT_ID` int NOT NULL,
  `OPTIN_ID` bigint DEFAULT NULL,
  PRIMARY KEY (`CUSTOMER_OPTIN_ID`),
  UNIQUE KEY `UKc4fnyu0pvxxtrbko10rm1jqyw` (`EMAIL`,`OPTIN_ID`),
  KEY `FKk5v94dvhsgibaw89hv4m8o5yw` (`MERCHANT_ID`),
  KEY `FK7qym878m07cwvs4foe68lvqjt` (`OPTIN_ID`),
  CONSTRAINT `FK7qym878m07cwvs4foe68lvqjt` FOREIGN KEY (`OPTIN_ID`) REFERENCES `optin` (`OPTIN_ID`),
  CONSTRAINT `FKk5v94dvhsgibaw89hv4m8o5yw` FOREIGN KEY (`MERCHANT_ID`) REFERENCES `merchant_store` (`MERCHANT_ID`)
) ENGINE=InnoDB DEFAULT CHARSET=utf8mb3 COLLATE=utf8mb3_unicode_ci;
/*!40101 SET character_set_client = @saved_cs_client */;

--
-- Dumping data for table `customer_optin`
--

LOCK TABLES `customer_optin` WRITE;
/*!40000 ALTER TABLE `customer_optin` DISABLE KEYS */;
/*!40000 ALTER TABLE `customer_optin` ENABLE KEYS */;
UNLOCK TABLES;

--
-- Table structure for table `customer_option`
--

DROP TABLE IF EXISTS `customer_option`;
/*!40101 SET @saved_cs_client     = @@character_set_client */;
/*!50503 SET character_set_client = utf8mb4 */;
CREATE TABLE `customer_option` (
  `CUSTOMER_OPTION_ID` bigint NOT NULL,
  `CUSTOMER_OPT_ACTIVE` bit(1) DEFAULT NULL,
  `CUSTOMER_OPT_CODE` varchar(255) COLLATE utf8mb3_unicode_ci DEFAULT NULL,
  `CUSTOMER_OPTION_TYPE` varchar(10) COLLATE utf8mb3_unicode_ci DEFAULT NULL,
  `CUSTOMER_OPT_PUBLIC` bit(1) DEFAULT NULL,
  `SORT_ORDER` int DEFAULT NULL,
  `MERCHANT_ID` int NOT NULL,
  PRIMARY KEY (`CUSTOMER_OPTION_ID`),
  UNIQUE KEY `UKrov34a6g4dhhiqukvhp1ggm0u` (`MERCHANT_ID`,`CUSTOMER_OPT_CODE`),
  KEY `CUST_OPT_CODE_IDX` (`CUSTOMER_OPT_CODE`),
  CONSTRAINT `FKcmqnh0rn2hukdfowean5tdy8k` FOREIGN KEY (`MERCHANT_ID`) REFERENCES `merchant_store` (`MERCHANT_ID`)
) ENGINE=InnoDB DEFAULT CHARSET=utf8mb3 COLLATE=utf8mb3_unicode_ci;
/*!40101 SET character_set_client = @saved_cs_client */;

--
-- Dumping data for table `customer_option`
--

LOCK TABLES `customer_option` WRITE;
/*!40000 ALTER TABLE `customer_option` DISABLE KEYS */;
/*!40000 ALTER TABLE `customer_option` ENABLE KEYS */;
UNLOCK TABLES;

--
-- Table structure for table `customer_option_desc`
--

DROP TABLE IF EXISTS `customer_option_desc`;
/*!40101 SET @saved_cs_client     = @@character_set_client */;
/*!50503 SET character_set_client = utf8mb4 */;
CREATE TABLE `customer_option_desc` (
  `DESCRIPTION_ID` bigint NOT NULL,
  `DATE_CREATED` datetime DEFAULT NULL,
  `DATE_MODIFIED` datetime DEFAULT NULL,
  `UPDT_ID` varchar(60) COLLATE utf8mb3_unicode_ci DEFAULT NULL,
  `DESCRIPTION` longtext COLLATE utf8mb3_unicode_ci,
  `NAME` varchar(120) COLLATE utf8mb3_unicode_ci NOT NULL,
  `TITLE` varchar(100) COLLATE utf8mb3_unicode_ci DEFAULT NULL,
  `CUSTOMER_OPTION_COMMENT` varchar(4000) COLLATE utf8mb3_unicode_ci DEFAULT NULL,
  `LANGUAGE_ID` int NOT NULL,
  `CUSTOMER_OPTION_ID` bigint NOT NULL,
  PRIMARY KEY (`DESCRIPTION_ID`),
  UNIQUE KEY `UK6ovl4t1ciag1wubtcebaoo7vi` (`CUSTOMER_OPTION_ID`,`LANGUAGE_ID`),
  KEY `FKm4iu7v9db17wk2a03xqbqdlfa` (`LANGUAGE_ID`),
  CONSTRAINT `FKc2yiucjbw0wjha8ww7a01qfeo` FOREIGN KEY (`CUSTOMER_OPTION_ID`) REFERENCES `customer_option` (`CUSTOMER_OPTION_ID`),
  CONSTRAINT `FKm4iu7v9db17wk2a03xqbqdlfa` FOREIGN KEY (`LANGUAGE_ID`) REFERENCES `language` (`LANGUAGE_ID`)
) ENGINE=InnoDB DEFAULT CHARSET=utf8mb3 COLLATE=utf8mb3_unicode_ci;
/*!40101 SET character_set_client = @saved_cs_client */;

--
-- Dumping data for table `customer_option_desc`
--

LOCK TABLES `customer_option_desc` WRITE;
/*!40000 ALTER TABLE `customer_option_desc` DISABLE KEYS */;
/*!40000 ALTER TABLE `customer_option_desc` ENABLE KEYS */;
UNLOCK TABLES;

--
-- Table structure for table `customer_option_set`
--

DROP TABLE IF EXISTS `customer_option_set`;
/*!40101 SET @saved_cs_client     = @@character_set_client */;
/*!50503 SET character_set_client = utf8mb4 */;
CREATE TABLE `customer_option_set` (
  `CUSTOMER_OPTIONSET_ID` bigint NOT NULL,
  `SORT_ORDER` int DEFAULT NULL,
  `CUSTOMER_OPTION_ID` bigint NOT NULL,
  `CUSTOMER_OPTION_VALUE_ID` bigint NOT NULL,
  PRIMARY KEY (`CUSTOMER_OPTIONSET_ID`),
  UNIQUE KEY `UK4peli2ritnnq2xqpyq188srm6` (`CUSTOMER_OPTION_ID`,`CUSTOMER_OPTION_VALUE_ID`),
  KEY `FKj9vnvyh6hhhftjbcsymgiodm9` (`CUSTOMER_OPTION_VALUE_ID`),
  CONSTRAINT `FK1y5qtsuabhpwft3dyhqrgmtb4` FOREIGN KEY (`CUSTOMER_OPTION_ID`) REFERENCES `customer_option` (`CUSTOMER_OPTION_ID`),
  CONSTRAINT `FKj9vnvyh6hhhftjbcsymgiodm9` FOREIGN KEY (`CUSTOMER_OPTION_VALUE_ID`) REFERENCES `customer_option_value` (`CUSTOMER_OPTION_VALUE_ID`)
) ENGINE=InnoDB DEFAULT CHARSET=utf8mb3 COLLATE=utf8mb3_unicode_ci;
/*!40101 SET character_set_client = @saved_cs_client */;

--
-- Dumping data for table `customer_option_set`
--

LOCK TABLES `customer_option_set` WRITE;
/*!40000 ALTER TABLE `customer_option_set` DISABLE KEYS */;
/*!40000 ALTER TABLE `customer_option_set` ENABLE KEYS */;
UNLOCK TABLES;

--
-- Table structure for table `customer_option_value`
--

DROP TABLE IF EXISTS `customer_option_value`;
/*!40101 SET @saved_cs_client     = @@character_set_client */;
/*!50503 SET character_set_client = utf8mb4 */;
CREATE TABLE `customer_option_value` (
  `CUSTOMER_OPTION_VALUE_ID` bigint NOT NULL,
  `CUSTOMER_OPT_VAL_CODE` varchar(255) COLLATE utf8mb3_unicode_ci DEFAULT NULL,
  `CUSTOMER_OPT_VAL_IMAGE` varchar(255) COLLATE utf8mb3_unicode_ci DEFAULT NULL,
  `SORT_ORDER` int DEFAULT NULL,
  `MERCHANT_ID` int NOT NULL,
  PRIMARY KEY (`CUSTOMER_OPTION_VALUE_ID`),
  UNIQUE KEY `UKcb1fmv71nrx7m1rlx1ff5qvdt` (`MERCHANT_ID`,`CUSTOMER_OPT_VAL_CODE`),
  KEY `CUST_OPT_VAL_CODE_IDX` (`CUSTOMER_OPT_VAL_CODE`),
  CONSTRAINT `FKho87ssg5rnvwauj3y690a96g6` FOREIGN KEY (`MERCHANT_ID`) REFERENCES `merchant_store` (`MERCHANT_ID`)
) ENGINE=InnoDB DEFAULT CHARSET=utf8mb3 COLLATE=utf8mb3_unicode_ci;
/*!40101 SET character_set_client = @saved_cs_client */;

--
-- Dumping data for table `customer_option_value`
--

LOCK TABLES `customer_option_value` WRITE;
/*!40000 ALTER TABLE `customer_option_value` DISABLE KEYS */;
/*!40000 ALTER TABLE `customer_option_value` ENABLE KEYS */;
UNLOCK TABLES;

--
-- Table structure for table `customer_review`
--

DROP TABLE IF EXISTS `customer_review`;
/*!40101 SET @saved_cs_client     = @@character_set_client */;
/*!50503 SET character_set_client = utf8mb4 */;
CREATE TABLE `customer_review` (
  `CUSTOMER_REVIEW_ID` bigint NOT NULL,
  `DATE_CREATED` datetime DEFAULT NULL,
  `DATE_MODIFIED` datetime DEFAULT NULL,
  `UPDT_ID` varchar(60) COLLATE utf8mb3_unicode_ci DEFAULT NULL,
  `REVIEW_DATE` datetime DEFAULT NULL,
  `REVIEWS_RATING` double DEFAULT NULL,
  `REVIEWS_READ` bigint DEFAULT NULL,
  `STATUS` int DEFAULT NULL,
  `CUSTOMERS_ID` bigint DEFAULT NULL,
  `REVIEWED_CUSTOMER_ID` bigint DEFAULT NULL,
  PRIMARY KEY (`CUSTOMER_REVIEW_ID`),
  UNIQUE KEY `UK2momthbfrtgico2yyod8w18pk` (`CUSTOMERS_ID`,`REVIEWED_CUSTOMER_ID`),
  KEY `FK7pmqdk9od2af7cl6alx82fkek` (`REVIEWED_CUSTOMER_ID`),
  CONSTRAINT `FK7pmqdk9od2af7cl6alx82fkek` FOREIGN KEY (`REVIEWED_CUSTOMER_ID`) REFERENCES `customer` (`CUSTOMER_ID`),
  CONSTRAINT `FKayt6tbxp7d4g1qyg8crw2n73p` FOREIGN KEY (`CUSTOMERS_ID`) REFERENCES `customer` (`CUSTOMER_ID`)
) ENGINE=InnoDB DEFAULT CHARSET=utf8mb3 COLLATE=utf8mb3_unicode_ci;
/*!40101 SET character_set_client = @saved_cs_client */;

--
-- Dumping data for table `customer_review`
--

LOCK TABLES `customer_review` WRITE;
/*!40000 ALTER TABLE `customer_review` DISABLE KEYS */;
/*!40000 ALTER TABLE `customer_review` ENABLE KEYS */;
UNLOCK TABLES;

--
-- Table structure for table `customer_review_description`
--

DROP TABLE IF EXISTS `customer_review_description`;
/*!40101 SET @saved_cs_client     = @@character_set_client */;
/*!50503 SET character_set_client = utf8mb4 */;
CREATE TABLE `customer_review_description` (
  `DESCRIPTION_ID` bigint NOT NULL,
  `DATE_CREATED` datetime DEFAULT NULL,
  `DATE_MODIFIED` datetime DEFAULT NULL,
  `UPDT_ID` varchar(60) COLLATE utf8mb3_unicode_ci DEFAULT NULL,
  `DESCRIPTION` longtext COLLATE utf8mb3_unicode_ci,
  `NAME` varchar(120) COLLATE utf8mb3_unicode_ci NOT NULL,
  `TITLE` varchar(100) COLLATE utf8mb3_unicode_ci DEFAULT NULL,
  `LANGUAGE_ID` int NOT NULL,
  `CUSTOMER_REVIEW_ID` bigint DEFAULT NULL,
  PRIMARY KEY (`DESCRIPTION_ID`),
  UNIQUE KEY `UK1va9q0nhoe3wli25ktpmouvyh` (`CUSTOMER_REVIEW_ID`,`LANGUAGE_ID`),
  KEY `FK5pkgrlk32uqaxkrbve5mws1hj` (`LANGUAGE_ID`),
  CONSTRAINT `FK5pkgrlk32uqaxkrbve5mws1hj` FOREIGN KEY (`LANGUAGE_ID`) REFERENCES `language` (`LANGUAGE_ID`),
  CONSTRAINT `FKhf88oagf6t62k28afn8uaijc7` FOREIGN KEY (`CUSTOMER_REVIEW_ID`) REFERENCES `customer_review` (`CUSTOMER_REVIEW_ID`)
) ENGINE=InnoDB DEFAULT CHARSET=utf8mb3 COLLATE=utf8mb3_unicode_ci;
/*!40101 SET character_set_client = @saved_cs_client */;

--
-- Dumping data for table `customer_review_description`
--

LOCK TABLES `customer_review_description` WRITE;
/*!40000 ALTER TABLE `customer_review_description` DISABLE KEYS */;
/*!40000 ALTER TABLE `customer_review_description` ENABLE KEYS */;
UNLOCK TABLES;

--
-- Table structure for table `cv`
--

DROP TABLE IF EXISTS `cv`;
/*!40101 SET @saved_cs_client     = @@character_set_client */;
/*!50503 SET character_set_client = utf8mb4 */;
CREATE TABLE `cv` (
  `id` varchar(255) COLLATE utf8mb3_unicode_ci NOT NULL,
  `ADDRESS` varchar(255) COLLATE utf8mb3_unicode_ci DEFAULT NULL,
  `title` varchar(255) COLLATE utf8mb3_unicode_ci DEFAULT NULL,
  `ALUMNUS_ID` bigint NOT NULL,
  `EMAIL` varchar(255) COLLATE utf8mb3_unicode_ci DEFAULT NULL,
  PRIMARY KEY (`id`),
  KEY `FK8ynvwi3cgx6aax2facrfyu71o` (`ALUMNUS_ID`),
  CONSTRAINT `FK8ynvwi3cgx6aax2facrfyu71o` FOREIGN KEY (`ALUMNUS_ID`) REFERENCES `customer` (`CUSTOMER_ID`)
) ENGINE=InnoDB DEFAULT CHARSET=utf8mb3 COLLATE=utf8mb3_unicode_ci;
/*!40101 SET character_set_client = @saved_cs_client */;

--
-- Dumping data for table `cv`
--

LOCK TABLES `cv` WRITE;
/*!40000 ALTER TABLE `cv` DISABLE KEYS */;
INSERT INTO `cv` VALUES ('92772af3-4e29-4fd2-a6e5-dd4a1c4cc14e','Thôn Kỳ Tân, xã Đức Lợi f','Senior Intern Javaf',451,'nnn');
/*!40000 ALTER TABLE `cv` ENABLE KEYS */;
UNLOCK TABLES;

--
-- Table structure for table `cv_skill`
--

DROP TABLE IF EXISTS `cv_skill`;
/*!40101 SET @saved_cs_client     = @@character_set_client */;
/*!50503 SET character_set_client = utf8mb4 */;
CREATE TABLE `cv_skill` (
  `id` varchar(255) COLLATE utf8mb3_unicode_ci NOT NULL,
  `description` text COLLATE utf8mb3_unicode_ci,
  `RATE` double DEFAULT NULL,
  `SKILL` varchar(255) COLLATE utf8mb3_unicode_ci DEFAULT NULL,
  `CV_ID` varchar(255) COLLATE utf8mb3_unicode_ci DEFAULT NULL,
  `PROFILE_ID` bigint NOT NULL,
  PRIMARY KEY (`id`),
  KEY `FKn8blm0j58g2sbv4ujwi0eke59` (`CV_ID`),
  KEY `FK3c03v196xwxsadftd7agp7x3m` (`PROFILE_ID`),
  CONSTRAINT `FK3c03v196xwxsadftd7agp7x3m` FOREIGN KEY (`PROFILE_ID`) REFERENCES `profile` (`ID`),
  CONSTRAINT `FKn8blm0j58g2sbv4ujwi0eke59` FOREIGN KEY (`CV_ID`) REFERENCES `cv` (`id`)
) ENGINE=InnoDB DEFAULT CHARSET=utf8mb3 COLLATE=utf8mb3_unicode_ci;
/*!40101 SET character_set_client = @saved_cs_client */;

--
-- Dumping data for table `cv_skill`
--

LOCK TABLES `cv_skill` WRITE;
/*!40000 ALTER TABLE `cv_skill` DISABLE KEYS */;
INSERT INTO `cv_skill` VALUES ('dc87cb8c-0ebe-4a9c-808f-0dce35e54bf3','Khong dcó',999,'Skill test da update','92772af3-4e29-4fd2-a6e5-dd4a1c4cc14e',12);
/*!40000 ALTER TABLE `cv_skill` ENABLE KEYS */;
UNLOCK TABLES;

--
-- Table structure for table `district_description`
--

DROP TABLE IF EXISTS `district_description`;
/*!40101 SET @saved_cs_client     = @@character_set_client */;
/*!50503 SET character_set_client = utf8mb4 */;
CREATE TABLE `district_description` (
  `ID_DISTRICT` bigint NOT NULL AUTO_INCREMENT,
  `DATE_CREATED` datetime DEFAULT NULL,
  `DATE_MODIFIED` datetime DEFAULT NULL,
  `UPDT_ID` varchar(60) COLLATE utf8mb3_unicode_ci DEFAULT NULL,
  `NAME` varchar(255) COLLATE utf8mb3_unicode_ci DEFAULT NULL,
  `ID_PROVINCE` bigint DEFAULT NULL,
  PRIMARY KEY (`ID_DISTRICT`),
  KEY `FKbwijv76p0huposvgoy750cslq` (`ID_PROVINCE`),
  CONSTRAINT `FKbwijv76p0huposvgoy750cslq` FOREIGN KEY (`ID_PROVINCE`) REFERENCES `province_description` (`ID_PROVINCE`)
) ENGINE=InnoDB AUTO_INCREMENT=24 DEFAULT CHARSET=utf8mb3 COLLATE=utf8mb3_unicode_ci;
/*!40101 SET character_set_client = @saved_cs_client */;

--
-- Dumping data for table `district_description`
--

LOCK TABLES `district_description` WRITE;
/*!40000 ALTER TABLE `district_description` DISABLE KEYS */;
INSERT INTO `district_description` VALUES (1,'2023-05-15 22:11:28','2023-05-15 22:11:28',NULL,'Quận 1',1),(2,'2023-05-15 22:11:28','2023-05-15 22:11:28',NULL,'Quận 2',1),(3,'2023-05-15 22:11:28','2023-05-15 22:11:28',NULL,'Quận 3',1),(4,'2023-05-15 22:11:28','2023-05-15 22:11:28',NULL,'Quận 4',1),(5,'2023-05-15 22:11:28','2023-05-15 22:11:28',NULL,'Quận 5',1),(6,'2023-05-15 22:11:28','2023-05-15 22:11:28',NULL,'Quận 6',1),(7,'2023-05-15 22:12:28','2023-05-15 22:12:28',NULL,'Quận 7',1),(8,'2023-05-15 22:12:28','2023-05-15 22:12:28',NULL,'Quận 8',1),(9,'2023-05-15 22:12:28','2023-05-15 22:12:28',NULL,'Quận 9',1),(10,'2023-05-15 22:12:28','2023-05-15 22:12:28',NULL,'Quận 10',1),(11,'2023-05-15 22:12:28','2023-05-15 22:12:28',NULL,'Quận 11',1),(12,'2023-05-15 22:12:28','2023-05-15 22:12:28',NULL,'Quận 12',1),(13,'2023-05-15 22:13:16','2023-05-15 22:13:16',NULL,'Bình Thạnh',1),(14,'2023-05-15 22:13:16','2023-05-15 22:13:16',NULL,'Gò Vấp',1),(15,'2023-05-15 22:13:16','2023-05-15 22:13:16',NULL,'Phú Nhuận',1),(16,'2023-05-15 22:13:16','2023-05-15 22:13:16',NULL,'Tân Bình',1),(17,'2023-05-15 22:13:16','2023-05-15 22:13:16',NULL,'Tân Phú',1),(18,'2023-05-15 22:13:16','2023-05-15 22:13:16',NULL,'Thủ Đức',1),(19,'2023-05-15 22:13:45','2023-05-15 22:13:45',NULL,'Bình Tân',1),(20,'2023-05-15 22:13:45','2023-05-15 22:13:45',NULL,'Củ Chi',1),(21,'2023-05-15 22:13:45','2023-05-15 22:13:45',NULL,'Hóc Môn',1),(22,'2023-05-15 22:13:45','2023-05-15 22:13:45',NULL,'Nhà Bè',1),(23,'2023-05-15 22:13:45','2023-05-15 22:13:45',NULL,'Cần Giờ',1);
/*!40000 ALTER TABLE `district_description` ENABLE KEYS */;
UNLOCK TABLES;

--
-- Table structure for table `education`
--

DROP TABLE IF EXISTS `education`;
/*!40101 SET @saved_cs_client     = @@character_set_client */;
/*!50503 SET character_set_client = utf8mb4 */;
CREATE TABLE `education` (
  `id` varchar(255) COLLATE utf8mb3_unicode_ci NOT NULL,
  `END_DATE` datetime DEFAULT NULL,
  `IS_GRADUATED` bit(1) DEFAULT NULL,
  `MAJOR` varchar(255) COLLATE utf8mb3_unicode_ci NOT NULL,
  `SCHO0L` varchar(255) COLLATE utf8mb3_unicode_ci NOT NULL,
  `START_DATE` datetime NOT NULL,
  `CV_ID` varchar(255) COLLATE utf8mb3_unicode_ci DEFAULT NULL,
  `DESCRIPTION` varchar(255) COLLATE utf8mb3_unicode_ci DEFAULT NULL,
  PRIMARY KEY (`id`),
  KEY `FKi84md14f70rlkawtqyqude516` (`CV_ID`),
  CONSTRAINT `FKi84md14f70rlkawtqyqude516` FOREIGN KEY (`CV_ID`) REFERENCES `cv` (`id`)
) ENGINE=InnoDB DEFAULT CHARSET=utf8mb3 COLLATE=utf8mb3_unicode_ci;
/*!40101 SET character_set_client = @saved_cs_client */;

--
-- Dumping data for table `education`
--

LOCK TABLES `education` WRITE;
/*!40000 ALTER TABLE `education` DISABLE KEYS */;
INSERT INTO `education` VALUES ('f4eba01f-f819-4152-8b95-a1aae1ae4377',NULL,_binary '\0','Học sinh chứ gì nữaf','Trường THPT Số 2 Mộ Đứcf da update','2023-11-02 00:00:00','92772af3-4e29-4fd2-a6e5-dd4a1c4cc14e','Tao là trùm trường m có ý kiến gì ko');
/*!40000 ALTER TABLE `education` ENABLE KEYS */;
UNLOCK TABLES;

--
-- Table structure for table `english_level`
--

DROP TABLE IF EXISTS `english_level`;
/*!40101 SET @saved_cs_client     = @@character_set_client */;
/*!50503 SET character_set_client = utf8mb4 */;
CREATE TABLE `english_level` (
  `ID` bigint NOT NULL AUTO_INCREMENT,
  `DATE_CREATED` datetime DEFAULT NULL,
  `DATE_MODIFIED` datetime DEFAULT NULL,
  `UPDT_ID` varchar(60) COLLATE utf8mb3_unicode_ci DEFAULT NULL,
  `CODE` varchar(255) COLLATE utf8mb3_unicode_ci DEFAULT NULL,
  `NAME` varchar(255) COLLATE utf8mb3_unicode_ci DEFAULT NULL,
  PRIMARY KEY (`ID`)
) ENGINE=InnoDB AUTO_INCREMENT=5 DEFAULT CHARSET=utf8mb3 COLLATE=utf8mb3_unicode_ci;
/*!40101 SET character_set_client = @saved_cs_client */;

--
-- Dumping data for table `english_level`
--

LOCK TABLES `english_level` WRITE;
/*!40000 ALTER TABLE `english_level` DISABLE KEYS */;
INSERT INTO `english_level` VALUES (1,NULL,NULL,NULL,'LV0','Không biết'),(2,NULL,NULL,NULL,'LV1','Đọc hiểu cơ bản'),(3,NULL,NULL,NULL,'LV2','Giao tiếp tốt'),(4,NULL,NULL,NULL,'LV3','Thành thạo các kỹ năng');
/*!40000 ALTER TABLE `english_level` ENABLE KEYS */;
UNLOCK TABLES;

--
-- Table structure for table `experience_description`
--

DROP TABLE IF EXISTS `experience_description`;
/*!40101 SET @saved_cs_client     = @@character_set_client */;
/*!50503 SET character_set_client = utf8mb4 */;
CREATE TABLE `experience_description` (
  `ID_EXPERIENCE` bigint NOT NULL AUTO_INCREMENT,
  `CODE` varchar(255) COLLATE utf8mb3_unicode_ci DEFAULT NULL,
  `NAME` varchar(255) COLLATE utf8mb3_unicode_ci DEFAULT NULL,
  `DATE_CREATED` datetime DEFAULT NULL,
  `DATE_MODIFIED` datetime DEFAULT NULL,
  `UPDT_ID` varchar(60) COLLATE utf8mb3_unicode_ci DEFAULT NULL,
  PRIMARY KEY (`ID_EXPERIENCE`)
) ENGINE=InnoDB AUTO_INCREMENT=8 DEFAULT CHARSET=utf8mb3 COLLATE=utf8mb3_unicode_ci;
/*!40101 SET character_set_client = @saved_cs_client */;

--
-- Dumping data for table `experience_description`
--

LOCK TABLES `experience_description` WRITE;
/*!40000 ALTER TABLE `experience_description` DISABLE KEYS */;
INSERT INTO `experience_description` VALUES (1,'none-ex','Chưa có kinh nghiệm',NULL,NULL,NULL),(2,'less6','Ít hơn 6 tháng',NULL,NULL,NULL),(4,'m1y','Hơn một năm',NULL,NULL,NULL),(6,'kinhnghiemtest','Kinh nghiệm test',NULL,NULL,NULL),(7,'kinhnghiemtest','Kinh nghiệm test',NULL,NULL,NULL);
/*!40000 ALTER TABLE `experience_description` ENABLE KEYS */;
UNLOCK TABLES;

--
-- Table structure for table `file_history`
--

DROP TABLE IF EXISTS `file_history`;
/*!40101 SET @saved_cs_client     = @@character_set_client */;
/*!50503 SET character_set_client = utf8mb4 */;
CREATE TABLE `file_history` (
  `FILE_HISTORY_ID` bigint NOT NULL,
  `ACCOUNTED_DATE` datetime DEFAULT NULL,
  `DATE_ADDED` datetime NOT NULL,
  `DATE_DELETED` datetime DEFAULT NULL,
  `DOWNLOAD_COUNT` int NOT NULL,
  `FILE_ID` bigint DEFAULT NULL,
  `FILESIZE` int NOT NULL,
  `MERCHANT_ID` int NOT NULL,
  PRIMARY KEY (`FILE_HISTORY_ID`),
  UNIQUE KEY `UKav35sb3v4nxq8v1n1rkxufir` (`MERCHANT_ID`,`FILE_ID`),
  CONSTRAINT `FK2k8h4penkjlbtc23vamwyek2g` FOREIGN KEY (`MERCHANT_ID`) REFERENCES `merchant_store` (`MERCHANT_ID`)
) ENGINE=InnoDB DEFAULT CHARSET=utf8mb3 COLLATE=utf8mb3_unicode_ci;
/*!40101 SET character_set_client = @saved_cs_client */;

--
-- Dumping data for table `file_history`
--

LOCK TABLES `file_history` WRITE;
/*!40000 ALTER TABLE `file_history` DISABLE KEYS */;
/*!40000 ALTER TABLE `file_history` ENABLE KEYS */;
UNLOCK TABLES;

--
-- Table structure for table `geozone`
--

DROP TABLE IF EXISTS `geozone`;
/*!40101 SET @saved_cs_client     = @@character_set_client */;
/*!50503 SET character_set_client = utf8mb4 */;
CREATE TABLE `geozone` (
  `GEOZONE_ID` bigint NOT NULL,
  `GEOZONE_CODE` varchar(255) COLLATE utf8mb3_unicode_ci DEFAULT NULL,
  `GEOZONE_NAME` varchar(255) COLLATE utf8mb3_unicode_ci DEFAULT NULL,
  PRIMARY KEY (`GEOZONE_ID`)
) ENGINE=InnoDB DEFAULT CHARSET=utf8mb3 COLLATE=utf8mb3_unicode_ci;
/*!40101 SET character_set_client = @saved_cs_client */;

--
-- Dumping data for table `geozone`
--

LOCK TABLES `geozone` WRITE;
/*!40000 ALTER TABLE `geozone` DISABLE KEYS */;
/*!40000 ALTER TABLE `geozone` ENABLE KEYS */;
UNLOCK TABLES;

--
-- Table structure for table `geozone_description`
--

DROP TABLE IF EXISTS `geozone_description`;
/*!40101 SET @saved_cs_client     = @@character_set_client */;
/*!50503 SET character_set_client = utf8mb4 */;
CREATE TABLE `geozone_description` (
  `DESCRIPTION_ID` bigint NOT NULL,
  `DATE_CREATED` datetime DEFAULT NULL,
  `DATE_MODIFIED` datetime DEFAULT NULL,
  `UPDT_ID` varchar(60) COLLATE utf8mb3_unicode_ci DEFAULT NULL,
  `DESCRIPTION` longtext COLLATE utf8mb3_unicode_ci,
  `NAME` varchar(120) COLLATE utf8mb3_unicode_ci NOT NULL,
  `TITLE` varchar(100) COLLATE utf8mb3_unicode_ci DEFAULT NULL,
  `LANGUAGE_ID` int NOT NULL,
  `GEOZONE_ID` bigint DEFAULT NULL,
  PRIMARY KEY (`DESCRIPTION_ID`),
  UNIQUE KEY `UKsoq8o99w3c8ys3ntamt5i4mat` (`GEOZONE_ID`,`LANGUAGE_ID`),
  KEY `FK1t2hp628edebe5d6co2whbla9` (`LANGUAGE_ID`),
  CONSTRAINT `FK1t2hp628edebe5d6co2whbla9` FOREIGN KEY (`LANGUAGE_ID`) REFERENCES `language` (`LANGUAGE_ID`),
  CONSTRAINT `FKn82te2yb2st4hk2qlhl8ileb9` FOREIGN KEY (`GEOZONE_ID`) REFERENCES `geozone` (`GEOZONE_ID`)
) ENGINE=InnoDB DEFAULT CHARSET=utf8mb3 COLLATE=utf8mb3_unicode_ci;
/*!40101 SET character_set_client = @saved_cs_client */;

--
-- Dumping data for table `geozone_description`
--

LOCK TABLES `geozone_description` WRITE;
/*!40000 ALTER TABLE `geozone_description` DISABLE KEYS */;
/*!40000 ALTER TABLE `geozone_description` ENABLE KEYS */;
UNLOCK TABLES;

--
-- Table structure for table `job_rate`
--

DROP TABLE IF EXISTS `job_rate`;
/*!40101 SET @saved_cs_client     = @@character_set_client */;
/*!50503 SET character_set_client = utf8mb4 */;
CREATE TABLE `job_rate` (
  `id` varchar(255) COLLATE utf8mb3_unicode_ci NOT NULL,
  `COMMENT` text COLLATE utf8mb3_unicode_ci,
  `DATE_MODIFIED` datetime NOT NULL,
  `DATE_RATING` datetime NOT NULL,
  `jobRateStatus` int DEFAULT NULL,
  `ALUMNUS_ID` bigint NOT NULL,
  `JOB_ID` bigint NOT NULL,
  PRIMARY KEY (`id`),
  KEY `FKaannichnepayeg148s34t3e9e` (`ALUMNUS_ID`),
  KEY `FKa5ruq7eus2pv2rq9r9x5ktx56` (`JOB_ID`),
  CONSTRAINT `FKa5ruq7eus2pv2rq9r9x5ktx56` FOREIGN KEY (`JOB_ID`) REFERENCES `product` (`PRODUCT_ID`),
  CONSTRAINT `FKaannichnepayeg148s34t3e9e` FOREIGN KEY (`ALUMNUS_ID`) REFERENCES `customer` (`CUSTOMER_ID`)
) ENGINE=InnoDB DEFAULT CHARSET=utf8mb3 COLLATE=utf8mb3_unicode_ci;
/*!40101 SET character_set_client = @saved_cs_client */;

--
-- Dumping data for table `job_rate`
--

LOCK TABLES `job_rate` WRITE;
/*!40000 ALTER TABLE `job_rate` DISABLE KEYS */;
INSERT INTO `job_rate` VALUES ('2f6269af-0b9d-4604-bbcc-bda2374de8c0',NULL,'2023-06-12 22:18:49','2023-06-12 22:18:49',0,451,2),('c2c0cc03-e43f-4713-a7ba-1520592f5070',NULL,'2023-06-12 22:30:13','2023-06-12 22:19:00',1,451,151),('c4b34203-78a7-4a64-8290-dc5dab47d85c',NULL,'2023-06-12 22:18:54','2023-06-12 22:18:54',0,451,100);
/*!40000 ALTER TABLE `job_rate` ENABLE KEYS */;
UNLOCK TABLES;

--
-- Table structure for table `language`
--

DROP TABLE IF EXISTS `language`;
/*!40101 SET @saved_cs_client     = @@character_set_client */;
/*!50503 SET character_set_client = utf8mb4 */;
CREATE TABLE `language` (
  `LANGUAGE_ID` int NOT NULL,
  `DATE_CREATED` datetime DEFAULT NULL,
  `DATE_MODIFIED` datetime DEFAULT NULL,
  `UPDT_ID` varchar(60) COLLATE utf8mb3_unicode_ci DEFAULT NULL,
  `CODE` varchar(255) COLLATE utf8mb3_unicode_ci NOT NULL,
  `SORT_ORDER` int DEFAULT NULL,
  PRIMARY KEY (`LANGUAGE_ID`),
  KEY `CODE_IDX2` (`CODE`)
) ENGINE=InnoDB DEFAULT CHARSET=utf8mb3 COLLATE=utf8mb3_unicode_ci;
/*!40101 SET character_set_client = @saved_cs_client */;

--
-- Dumping data for table `language`
--

LOCK TABLES `language` WRITE;
/*!40000 ALTER TABLE `language` DISABLE KEYS */;
INSERT INTO `language` VALUES (1,'2023-05-17 03:35:17','2023-05-17 03:35:17',NULL,'en',NULL),(2,'2023-05-17 03:35:17','2023-05-17 03:35:17',NULL,'fr',NULL),(3,'2023-05-17 03:35:17','2023-05-17 03:35:17',NULL,'es',NULL),(4,NULL,NULL,NULL,'vn',NULL);
/*!40000 ALTER TABLE `language` ENABLE KEYS */;
UNLOCK TABLES;

--
-- Table structure for table `location_description`
--

DROP TABLE IF EXISTS `location_description`;
/*!40101 SET @saved_cs_client     = @@character_set_client */;
/*!50503 SET character_set_client = utf8mb4 */;
CREATE TABLE `location_description` (
  `ID_LOCATION` bigint NOT NULL AUTO_INCREMENT,
  `DETAIL_ADDRESS` varchar(255) COLLATE utf8mb3_unicode_ci DEFAULT NULL,
  `DATE_CREATED` datetime DEFAULT NULL,
  `DATE_MODIFIED` datetime DEFAULT NULL,
  `UPDT_ID` varchar(60) COLLATE utf8mb3_unicode_ci DEFAULT NULL,
  `ID_DISTRICT` bigint DEFAULT NULL,
  `ID_PROVINCE` bigint DEFAULT NULL,
  `ID_WARD` bigint DEFAULT NULL,
  PRIMARY KEY (`ID_LOCATION`),
  KEY `FK8259g9qqoelwx7i6d1sdki3a2` (`ID_DISTRICT`),
  KEY `FKr6qit76duexqdqvhhwfo6og0x` (`ID_PROVINCE`),
  KEY `FKngv2fan385in6p6tid4o9n5lr` (`ID_WARD`),
  CONSTRAINT `FK8259g9qqoelwx7i6d1sdki3a2` FOREIGN KEY (`ID_DISTRICT`) REFERENCES `district_description` (`ID_DISTRICT`),
  CONSTRAINT `FKngv2fan385in6p6tid4o9n5lr` FOREIGN KEY (`ID_WARD`) REFERENCES `ward_description` (`ID_WARD`),
  CONSTRAINT `FKr6qit76duexqdqvhhwfo6og0x` FOREIGN KEY (`ID_PROVINCE`) REFERENCES `province_description` (`ID_PROVINCE`)
) ENGINE=InnoDB AUTO_INCREMENT=15 DEFAULT CHARSET=utf8mb3 COLLATE=utf8mb3_unicode_ci;
/*!40101 SET character_set_client = @saved_cs_client */;

--
-- Dumping data for table `location_description`
--

LOCK TABLES `location_description` WRITE;
/*!40000 ALTER TABLE `location_description` DISABLE KEYS */;
INSERT INTO `location_description` VALUES (1,'thôn kỳ tân',NULL,NULL,NULL,1,1,1),(2,'thôn kỳ tân',NULL,NULL,NULL,1,1,1),(3,NULL,NULL,NULL,NULL,1,1,1),(4,'thôn kỳ tân',NULL,NULL,NULL,1,1,1),(6,'thôn kỳ tân',NULL,NULL,NULL,1,1,1),(7,'thôn kỳ tân',NULL,NULL,NULL,1,1,1),(8,'thôn kỳ tân',NULL,NULL,NULL,1,1,1),(9,'thôn kỳ tân',NULL,NULL,NULL,1,1,1),(10,'thôn kỳ tân',NULL,NULL,NULL,1,1,1),(11,'thôn kỳ tân',NULL,NULL,NULL,1,1,1),(12,'thôn kỳ tân',NULL,NULL,NULL,1,1,1),(13,'thôn kỳ tân',NULL,NULL,NULL,1,1,1),(14,'thôn kỳ tân',NULL,NULL,NULL,1,1,1);
/*!40000 ALTER TABLE `location_description` ENABLE KEYS */;
UNLOCK TABLES;

--
-- Table structure for table `location_product_entry`
--

DROP TABLE IF EXISTS `location_product_entry`;
/*!40101 SET @saved_cs_client     = @@character_set_client */;
/*!50503 SET character_set_client = utf8mb4 */;
CREATE TABLE `location_product_entry` (
  `PRODUCT_ID` bigint NOT NULL,
  `ID_LOCATION` bigint NOT NULL,
  PRIMARY KEY (`PRODUCT_ID`,`ID_LOCATION`),
  KEY `FK7hmpj379m2opg61rx1kq9o0kn` (`ID_LOCATION`),
  CONSTRAINT `FK7hmpj379m2opg61rx1kq9o0kn` FOREIGN KEY (`ID_LOCATION`) REFERENCES `location_description` (`ID_LOCATION`),
  CONSTRAINT `FKwb1v3psx4eqdalw8dhte0rhl` FOREIGN KEY (`PRODUCT_ID`) REFERENCES `product` (`PRODUCT_ID`)
) ENGINE=InnoDB DEFAULT CHARSET=utf8mb3 COLLATE=utf8mb3_unicode_ci;
/*!40101 SET character_set_client = @saved_cs_client */;

--
-- Dumping data for table `location_product_entry`
--

LOCK TABLES `location_product_entry` WRITE;
/*!40000 ALTER TABLE `location_product_entry` DISABLE KEYS */;
INSERT INTO `location_product_entry` VALUES (2,3),(100,8),(151,9),(200,10),(201,11),(251,12),(252,13),(253,14);
/*!40000 ALTER TABLE `location_product_entry` ENABLE KEYS */;
UNLOCK TABLES;

--
-- Table structure for table `manufacturer`
--

DROP TABLE IF EXISTS `manufacturer`;
/*!40101 SET @saved_cs_client     = @@character_set_client */;
/*!50503 SET character_set_client = utf8mb4 */;
CREATE TABLE `manufacturer` (
  `MANUFACTURER_ID` bigint NOT NULL,
  `DATE_CREATED` datetime DEFAULT NULL,
  `DATE_MODIFIED` datetime DEFAULT NULL,
  `UPDT_ID` varchar(60) COLLATE utf8mb3_unicode_ci DEFAULT NULL,
  `CODE` varchar(100) COLLATE utf8mb3_unicode_ci NOT NULL,
  `MANUFACTURER_IMAGE` varchar(255) COLLATE utf8mb3_unicode_ci DEFAULT NULL,
  `SORT_ORDER` int DEFAULT NULL,
  `MERCHANT_ID` int NOT NULL,
  PRIMARY KEY (`MANUFACTURER_ID`),
  UNIQUE KEY `UK6brqfdkga7jc78n8dh3v595y3` (`MERCHANT_ID`,`CODE`),
  CONSTRAINT `FKhswph4nthrqwffjekccudsrt2` FOREIGN KEY (`MERCHANT_ID`) REFERENCES `merchant_store` (`MERCHANT_ID`)
) ENGINE=InnoDB DEFAULT CHARSET=utf8mb3 COLLATE=utf8mb3_unicode_ci;
/*!40101 SET character_set_client = @saved_cs_client */;

--
-- Dumping data for table `manufacturer`
--

LOCK TABLES `manufacturer` WRITE;
/*!40000 ALTER TABLE `manufacturer` DISABLE KEYS */;
INSERT INTO `manufacturer` VALUES (1,'2023-05-17 03:35:39','2023-05-17 03:35:39',NULL,'DEFAULT',NULL,0,1);
/*!40000 ALTER TABLE `manufacturer` ENABLE KEYS */;
UNLOCK TABLES;

--
-- Table structure for table `manufacturer_description`
--

DROP TABLE IF EXISTS `manufacturer_description`;
/*!40101 SET @saved_cs_client     = @@character_set_client */;
/*!50503 SET character_set_client = utf8mb4 */;
CREATE TABLE `manufacturer_description` (
  `DESCRIPTION_ID` bigint NOT NULL,
  `DATE_CREATED` datetime DEFAULT NULL,
  `DATE_MODIFIED` datetime DEFAULT NULL,
  `UPDT_ID` varchar(60) COLLATE utf8mb3_unicode_ci DEFAULT NULL,
  `DESCRIPTION` longtext COLLATE utf8mb3_unicode_ci,
  `NAME` varchar(120) COLLATE utf8mb3_unicode_ci NOT NULL,
  `TITLE` varchar(100) COLLATE utf8mb3_unicode_ci DEFAULT NULL,
  `DATE_LAST_CLICK` datetime DEFAULT NULL,
  `MANUFACTURERS_URL` varchar(255) COLLATE utf8mb3_unicode_ci DEFAULT NULL,
  `URL_CLICKED` int DEFAULT NULL,
  `LANGUAGE_ID` int NOT NULL,
  `MANUFACTURER_ID` bigint NOT NULL,
  PRIMARY KEY (`DESCRIPTION_ID`),
  UNIQUE KEY `UKlpv09p83sc887clxe04nroup6` (`MANUFACTURER_ID`,`LANGUAGE_ID`),
  KEY `FK20t33wr4tp1kt1uyw7s8a3afl` (`LANGUAGE_ID`),
  CONSTRAINT `FK20t33wr4tp1kt1uyw7s8a3afl` FOREIGN KEY (`LANGUAGE_ID`) REFERENCES `language` (`LANGUAGE_ID`),
  CONSTRAINT `FKre4iys57n5cfbgpg3qqgewtrh` FOREIGN KEY (`MANUFACTURER_ID`) REFERENCES `manufacturer` (`MANUFACTURER_ID`)
) ENGINE=InnoDB DEFAULT CHARSET=utf8mb3 COLLATE=utf8mb3_unicode_ci;
/*!40101 SET character_set_client = @saved_cs_client */;

--
-- Dumping data for table `manufacturer_description`
--

LOCK TABLES `manufacturer_description` WRITE;
/*!40000 ALTER TABLE `manufacturer_description` DISABLE KEYS */;
INSERT INTO `manufacturer_description` VALUES (1,'2023-05-17 03:35:39','2023-05-17 03:35:39',NULL,'DEFAULT','DEFAULT',NULL,NULL,NULL,NULL,1,1);
/*!40000 ALTER TABLE `manufacturer_description` ENABLE KEYS */;
UNLOCK TABLES;

--
-- Table structure for table `merchant_configuration`
--

DROP TABLE IF EXISTS `merchant_configuration`;
/*!40101 SET @saved_cs_client     = @@character_set_client */;
/*!50503 SET character_set_client = utf8mb4 */;
CREATE TABLE `merchant_configuration` (
  `MERCHANT_CONFIG_ID` bigint NOT NULL,
  `ACTIVE` bit(1) DEFAULT NULL,
  `DATE_CREATED` datetime DEFAULT NULL,
  `DATE_MODIFIED` datetime DEFAULT NULL,
  `UPDT_ID` varchar(60) COLLATE utf8mb3_unicode_ci DEFAULT NULL,
  `CONFIG_KEY` varchar(255) COLLATE utf8mb3_unicode_ci DEFAULT NULL,
  `TYPE` varchar(255) COLLATE utf8mb3_unicode_ci DEFAULT NULL,
  `VALUE` longtext COLLATE utf8mb3_unicode_ci,
  `MERCHANT_ID` int DEFAULT NULL,
  PRIMARY KEY (`MERCHANT_CONFIG_ID`),
  UNIQUE KEY `UKj0c3h8onw3m6hjcr3yylst9fb` (`MERCHANT_ID`,`CONFIG_KEY`),
  CONSTRAINT `FKf9bkgf0ysbp5fo9j69shm0pri` FOREIGN KEY (`MERCHANT_ID`) REFERENCES `merchant_store` (`MERCHANT_ID`)
) ENGINE=InnoDB DEFAULT CHARSET=utf8mb3 COLLATE=utf8mb3_unicode_ci;
/*!40101 SET character_set_client = @saved_cs_client */;

--
-- Dumping data for table `merchant_configuration`
--

LOCK TABLES `merchant_configuration` WRITE;
/*!40000 ALTER TABLE `merchant_configuration` DISABLE KEYS */;
INSERT INTO `merchant_configuration` VALUES (1,_binary '\0','2023-05-17 03:35:40','2023-05-17 03:35:40',NULL,'CONFIG','CONFIG','{\"allowPurchaseItems\":true,\"displayContactUs\":false,\"displayCustomerAgreement\":false,\"defaultSearchConfigPath\":{},\"displayCustomerSection\":false,\"displayAddToCartOnFeaturedItems\":true,\"displayPagesMenu\":true,\"testMode\":false,\"displayStoreAddress\":false,\"displaySearchBox\":true,\"debugMode\":false,\"useDefaultSearchConfig\":{}}',1);
/*!40000 ALTER TABLE `merchant_configuration` ENABLE KEYS */;
UNLOCK TABLES;

--
-- Table structure for table `merchant_language`
--

DROP TABLE IF EXISTS `merchant_language`;
/*!40101 SET @saved_cs_client     = @@character_set_client */;
/*!50503 SET character_set_client = utf8mb4 */;
CREATE TABLE `merchant_language` (
  `stores_MERCHANT_ID` int NOT NULL,
  `languages_LANGUAGE_ID` int NOT NULL,
  KEY `FKjwy0pjijh1qmcoivq50o2jgec` (`languages_LANGUAGE_ID`),
  KEY `FKiisj0tmoujv6n3iqmytvo39kn` (`stores_MERCHANT_ID`),
  CONSTRAINT `FKiisj0tmoujv6n3iqmytvo39kn` FOREIGN KEY (`stores_MERCHANT_ID`) REFERENCES `merchant_store` (`MERCHANT_ID`),
  CONSTRAINT `FKjwy0pjijh1qmcoivq50o2jgec` FOREIGN KEY (`languages_LANGUAGE_ID`) REFERENCES `language` (`LANGUAGE_ID`)
) ENGINE=InnoDB DEFAULT CHARSET=utf8mb3 COLLATE=utf8mb3_unicode_ci;
/*!40101 SET character_set_client = @saved_cs_client */;

--
-- Dumping data for table `merchant_language`
--

LOCK TABLES `merchant_language` WRITE;
/*!40000 ALTER TABLE `merchant_language` DISABLE KEYS */;
INSERT INTO `merchant_language` VALUES (1,1);
/*!40000 ALTER TABLE `merchant_language` ENABLE KEYS */;
UNLOCK TABLES;

--
-- Table structure for table `merchant_log`
--

DROP TABLE IF EXISTS `merchant_log`;
/*!40101 SET @saved_cs_client     = @@character_set_client */;
/*!50503 SET character_set_client = utf8mb4 */;
CREATE TABLE `merchant_log` (
  `MERCHANT_LOG_ID` bigint NOT NULL,
  `LOG` longtext COLLATE utf8mb3_unicode_ci,
  `MODULE` varchar(25) COLLATE utf8mb3_unicode_ci DEFAULT NULL,
  `MERCHANT_ID` int NOT NULL,
  PRIMARY KEY (`MERCHANT_LOG_ID`),
  KEY `FKto727b9r68qrtn2vvdqdvd4ic` (`MERCHANT_ID`),
  CONSTRAINT `FKto727b9r68qrtn2vvdqdvd4ic` FOREIGN KEY (`MERCHANT_ID`) REFERENCES `merchant_store` (`MERCHANT_ID`)
) ENGINE=InnoDB DEFAULT CHARSET=utf8mb3 COLLATE=utf8mb3_unicode_ci;
/*!40101 SET character_set_client = @saved_cs_client */;

--
-- Dumping data for table `merchant_log`
--

LOCK TABLES `merchant_log` WRITE;
/*!40000 ALTER TABLE `merchant_log` DISABLE KEYS */;
/*!40000 ALTER TABLE `merchant_log` ENABLE KEYS */;
UNLOCK TABLES;

--
-- Table structure for table `merchant_store`
--

DROP TABLE IF EXISTS `merchant_store`;
/*!40101 SET @saved_cs_client     = @@character_set_client */;
/*!50503 SET character_set_client = utf8mb4 */;
CREATE TABLE `merchant_store` (
  `MERCHANT_ID` int NOT NULL,
  `DATE_CREATED` datetime DEFAULT NULL,
  `DATE_MODIFIED` datetime DEFAULT NULL,
  `UPDT_ID` varchar(60) COLLATE utf8mb3_unicode_ci DEFAULT NULL,
  `STORE_CODE` varchar(100) COLLATE utf8mb3_unicode_ci NOT NULL,
  `CONTINUESHOPPINGURL` varchar(150) COLLATE utf8mb3_unicode_ci DEFAULT NULL,
  `CURRENCY_FORMAT_NATIONAL` bit(1) DEFAULT NULL,
  `DOMAIN_NAME` varchar(80) COLLATE utf8mb3_unicode_ci DEFAULT NULL,
  `IN_BUSINESS_SINCE` date DEFAULT NULL,
  `INVOICE_TEMPLATE` varchar(25) COLLATE utf8mb3_unicode_ci DEFAULT NULL,
  `LINEAGE` varchar(255) COLLATE utf8mb3_unicode_ci DEFAULT NULL,
  `IS_RETAILER` bit(1) DEFAULT NULL,
  `SEIZEUNITCODE` varchar(5) COLLATE utf8mb3_unicode_ci DEFAULT NULL,
  `STORE_EMAIL` varchar(60) COLLATE utf8mb3_unicode_ci NOT NULL,
  `STORE_TEMPLATE` varchar(25) COLLATE utf8mb3_unicode_ci DEFAULT NULL,
  `STORE_ADDRESS` varchar(255) COLLATE utf8mb3_unicode_ci DEFAULT NULL,
  `STORE_CITY` varchar(100) COLLATE utf8mb3_unicode_ci DEFAULT NULL,
  `STORE_NAME` varchar(100) COLLATE utf8mb3_unicode_ci NOT NULL,
  `STORE_PHONE` varchar(50) COLLATE utf8mb3_unicode_ci DEFAULT NULL,
  `STORE_POSTAL_CODE` varchar(15) COLLATE utf8mb3_unicode_ci DEFAULT NULL,
  `STORE_STATE_PROV` varchar(100) COLLATE utf8mb3_unicode_ci DEFAULT NULL,
  `USE_CACHE` bit(1) DEFAULT NULL,
  `WEIGHTUNITCODE` varchar(5) COLLATE utf8mb3_unicode_ci DEFAULT NULL,
  `COUNTRY_ID` int NOT NULL,
  `CURRENCY_ID` bigint NOT NULL,
  `LANGUAGE_ID` int DEFAULT NULL,
  `PARENT_ID` int DEFAULT NULL,
  `ZONE_ID` bigint DEFAULT NULL,
  `STORE_LOGO` longblob,
  PRIMARY KEY (`MERCHANT_ID`),
  UNIQUE KEY `UK_4pvtsnqv4nlao8725n9ldpguf` (`STORE_CODE`),
  KEY `IDXrkmg1f192v53wcxln88wrwgrx` (`LINEAGE`),
  KEY `FK2gn7vpkd9x832urw7c6jlawnn` (`COUNTRY_ID`),
  KEY `FK63hlw9wp1k1x3f5tke7t2us7s` (`CURRENCY_ID`),
  KEY `FKdnemo9tl8tjhkxko83psvkv19` (`LANGUAGE_ID`),
  KEY `FKgkoele515h76u39b9defibkm9` (`PARENT_ID`),
  KEY `FK5o24aky9161jyofyxmg0g53vv` (`ZONE_ID`),
  CONSTRAINT `FK2gn7vpkd9x832urw7c6jlawnn` FOREIGN KEY (`COUNTRY_ID`) REFERENCES `country` (`COUNTRY_ID`),
  CONSTRAINT `FK5o24aky9161jyofyxmg0g53vv` FOREIGN KEY (`ZONE_ID`) REFERENCES `zone` (`ZONE_ID`),
  CONSTRAINT `FK63hlw9wp1k1x3f5tke7t2us7s` FOREIGN KEY (`CURRENCY_ID`) REFERENCES `currency` (`CURRENCY_ID`),
  CONSTRAINT `FKdnemo9tl8tjhkxko83psvkv19` FOREIGN KEY (`LANGUAGE_ID`) REFERENCES `language` (`LANGUAGE_ID`),
  CONSTRAINT `FKgkoele515h76u39b9defibkm9` FOREIGN KEY (`PARENT_ID`) REFERENCES `merchant_store` (`MERCHANT_ID`)
) ENGINE=InnoDB DEFAULT CHARSET=utf8mb3 COLLATE=utf8mb3_unicode_ci;
/*!40101 SET character_set_client = @saved_cs_client */;

--
-- Dumping data for table `merchant_store`
--

LOCK TABLES `merchant_store` WRITE;
/*!40000 ALTER TABLE `merchant_store` DISABLE KEYS */;
INSERT INTO `merchant_store` VALUES (1,NULL,NULL,NULL,'DEFAULT',NULL,_binary '\0','localhost:8080','2023-05-17',NULL,NULL,_binary '','IN','contact@shopizer.com','december','1234 Street address','My city','Shopizer','888-888-8888','H2H-2H2',NULL,_binary '\0','LB',37,105,1,NULL,9,NULL),(2,NULL,'2023-06-18 22:23:54','ndlong@gmail.com','nhahangmoi',NULL,_binary '\0',NULL,'2023-06-18',NULL,NULL,_binary '\0','IN','luanluong@gmail.com',NULL,'Đường Tô Vĩnh Lợi, phường Hoàng Hoa Thám, quận 11','Thành Phố Quảng Ngãi','Công ty trách nhiệm hữu hạn ăn không nói có','0379777722','84',NULL,_binary '\0','LB',37,81,NULL,NULL,9,_binary 'PNG\r\n\Z\n\0\0\0\rIHDR\0\0 \0\0r\0\0\06\\0\0\0sRGB\0\\\0\0SutEXtmxfile\03cU2FsdtGVkX129xZeeesbFzHh5QKlBLKznlYWtoHdeROk9Rd6p5A%3DZ8nPJLP5xvaLIVoa9eaaD2WysOIsLv1DcK5VYvPyBKMjeE2LPNGlSAGkNbQGCkC96wS6X0a78qlhk%2B6G4%2FbYvauSPrVR%2F8VcxXeq6z4KRDQODIYXbpT1P7NMh2Mp6%2BLu7juHVCUOZVh7BZZcmgnZnUXvMD2p%2FtG5UjF7USKoknSRLe6gkgE8QFrv65Y5DNZw6wn7iHKdB%2FWVsDC7%2BnnSlHpMu96RvYUwvSEseU3n60i1qecw%2FtaYa%2Bk%2BNQ%2FVPZLjOWXAPcpQfwAIG5aJCx%2BTM8WxMmLuK2QyXQgTz7n6ZRfbOYsR4NAJPh50xWdcL1I%2Bn5devAaABCnp4l8pG8xsefkBeQr9ev5XMqs1bLR5GFzBtRQzrpzyTAXXOazI%2Fk%2FavQ5r9wTK3pyNlndZFDHtLiKxZAy%2FF8xwilcCtGS5D%2FWAqxoFXX%2BeLZGgOTwq8Z6ezP6PiVGScKiO3N6V5KgG%2FZLOvJR4zGM8V7vQiOf%2FaKkICUiCQ50Y7DKTVqsu1j7NJ80RRR47eLiwc3wGsVOp20sZoJ2uRETgGVuC38BqDv1MiVPWJIZd9iB%2FE6nDT24MVS%2BLcbHHFgoWhKCHv%2BvbzTji9x7fI9Ad%2BiDQ66az1OGnKZtUWNS5nspfKye2wi7%2BulgffgzGtyP8ilYbVUTsaq9SOGrf6U4rOy19xX6LLaJ8tsdbmZUBbZnnM2ewpF%2BsgSFIQwY0JuiZvD6imHthk4lGmTSfSg9ReVhFaeZQzHFY4lvQ7Zgbza%2BTQ%2BJti8EQaxGonuOZ7d8PdqdKsKhMm5VD3DeKN2Zqyzjv%2FKDLVE6o8D3HPn0T5n5JOvBuCzOTDPzIFhbTO%2FU590gOqgzZhrIGzOT0gtBlNAup5tFFdcfSAKyH%2BOnpkjkxzKxxGrQgjgMj8nnLAQGvOcmMG4U6WwDRsWE6mbs7ZyDTu%2F%2FTtoR1jxU0Uju6O05YKxeFfjV1x%2BtN7153MN5QVpOP2Bm8CYgZcytkCLXXCH5Q22hiCIXhnnX%2FgXPG9JMVdFGR%2Fwls4klbSpUEWfgO%2FaHzDhhA3Eit92%2B1vIfGrneuziQzqjSzIh8FDIj%2FfLQ5gBr5xhL8xjiHEU8Otx4w%2FHC7AHCeGRfr4x2D1z58K7wtqxLJAUw%2FxNALwByraNMk1vChvXZ3kT8qZc4INFPpLkjzqCLp6CTh8P%2BQDRk9m4suXQ%2FQRYbfLnfby7qrSIQs1b2m4jDK7Uu%2FGU6biFitVT1boW5MerHRYWoyW6TZCqEhLuJFxI7aJeWdiQLZKjdvR5viawyNPuIvCFGiQQP9HXsc9xdGHKDenVZcjeU3fB6hVwygi50RotWgxtyQgm6QcrwbuDcDIWVZhxSuYKLtXQaYZ5RhefWGZFhaTm0b4IAvmhah6EWnkSn0LeWbvGG358IQC9%2B%2FiI7kbcrgq1i793IcnjsIlncb2yxMSdOs26%2B03s155yM2Hr68FzV45wXMERW2YdZWLVa2Ivacpecz292HZWdkkuYha0tNJxxEyvUKlWiavwPOXg5B1lcBrQc4XPP6Qw1nsR5tjc9YwScRqnNBYX%2Ffw0lVcnKwLAp3l4891egcuZqk4OI3z9yIwLNcNeoIAkGCOCYAfkXPXhWQ%2BpakRFKg3tinaW6%2FHZzXXM2%2BKADE8g42u5MoeP11PLsHVR6zVNDZx82tVRYQP4Ak5%2F9n%2BW9xy9N2jzAC8pc%2FGSBF0UhmcR8%2BhVRMpGayc%2FiPs4fKo1fIKRs8CRlMi9JqaDzOm3ghR8Ypo%2BSh6qf2XSOaDTbbIUBF74Gtvj%2B0fTQTSBe%2BfprbzdXYt6hZQPr5SgNrC1CR4RLjd%2F4hJZcvfPYMCh3oGudm8HD8zm%2FydBg5a9t7Kq3Qad9qvsYtuLmJfV%2FoN3fH3%2F2OBwlPOsPg28V4L1u9C7FfX4emY2b3LJzlyavpcVtycAfFAcdbSxswA9elFSzzOTJ7VWF%2BOZ9XkAgk4TAoR2uXgAqUoTzgmewwrccdDA7cLq7hTabG67sM54DZvHQF8d7om1QGWPK4Z%2Fx%2FfKgq5hoZeDLPk6e%2B2%2BuawgCvmKgheiiHHkwSzX4BKVIwa8u1vhWFYz7pIsde7FyrXMMz7kvG5tDQ99TEUrv2K1qUtIb1n3JRM4i0D3oBzTsjlC1neEvCvTl%2FtMrzzJpPGRQrlucxlIXkkQftDgnCvd%2Fb1aMZHo5Y3vaGEzhUgefu2DCCtsgvV49j8oVF736GSksc1%2BmBkwdQ578UGQERN9T2bdCW3pLrspMu6O5kYqDmQW6t7PYXCWPvolFyYtmqED47bWKB%2BbbuGkIrbn2qE6r%2F33YqUUBBoyAF8GJbw5%2FH2DUDgFMwyEbVY4gLd1dZwZZikUJeu5T%2FfO2qHzLStD%2B7bmVv%2BJJsVFHfRWN86OTWRqslfSZpeS34sXwg3GP6qC4t0m0S4ZAue4dhviSfjeWj8YDuoI%2BsRMdgkqWPr89P8ffDa9JnszetFGpdIHkfGSw%2FlEdAzeq2TyShD8DoyfF0FD6IxcN9tMwKzNFFo9cCDFQUE4FG8xx%2Bz9R3rN0WFtPDgID%2BxRn2m2LaDvSwOsavCBc1f6d5pIkiCEk3FlIOLmZxmcJ5zC3EJZ%2Firr3G7NmG68bUCFFPktk0sftXpsPoxcrk6YRpLhBu6KYrSHosWilmkpvMLBLIv6KwSSRfOiAJGKzyMpEDPaxzW20XrLdQljrJKaeRMtlS0ASif%2BEkC0agj%2FDjiYwUblzGKkkCGAx2kaxWbfuDZLRPHRcsvrd%2FRs2LwLggnDu0oXnI7Je7oFDbsgJ1kHSikkTPBPM16mDnn%2B29O68HlnaQg6LvFQjbNVEDWgehnkJDb4yiFEnVbbMhlNpmwKAmMbyS3kKEI0gHTfeDpWVVq6lebYTzrFQrXaPvr8%2BCySjCivgD6L%2FJmCTC1om0ujjuNhwv6EwBzFPSgiH8hRDOCehp8fzgfCRTKwC%2BMcSES0r%2BRlkZaKA0vw9LNEvekcLzzOSjF5aYEbkvekMR65fpmj%2B1rQKqFdymwBVQdqz%2BFf%2FUoSF4%2BQpxbA%2FW7C15kd8Rub473R5O%2F43ah9HxU1VTVKaV7hvWCwVgNv%2B%2Fi7YvqSqjIO33WHoBYsdZSGmnNAxd7vJN22sMAnHMtDmnG335hliIxOnq02lnFqVTBBlwpS9i5yibBb%2BAMQs6mSOn28LwHcGXXBVIWkShRcBdrBnNu7QmbCheiAyHELxwSyMoD0n1L5u5TqIf3tvQEoTWCB%2F7Iz65L%2FjP%2BIn254QpCiRc%2BpZB3rwnf6QldEKeEHwQx1rsYHyrxx5sZqyf6hf7NtplkJc1%2BClOUhnrKMhGr15ZkwUKHqp7FCvzjlLten5tZpOzOZwouNrs%2FAdZfxkVYtWZr9Tb5jUgFRlCTwRyNAJt5irFRTzBjjskoytXpMP5V6ABdv23QFLXYgE425QAqmhBn1k2t4MGzPp4FIDtV4CF41ySif6whKX%2Bm9nj1A0eOJUzXsG0QsGysswWLdK5d48ixexvQWG5eGTsmeN%2BXAAdsyLlW5%2Fj7pE%2FCvKuIKlrNSX6s%2FHhmm9H7d8ttIuwetFbKrGtxsEOmk0WtRbmhairaJW1Eev14ppLp2UD1VdEYCepP6UJu8SsKz6q6IE5ECC2Ln4gFi8f0eeS0r9oUF%2BBWiLyQJc1VmBYCNq32PvpEoTslNxpyzkWsl2hZqzjCMT2gJGK6TaDKJEj3YK%2BbL3q%2Bii6idyBGOej789qDfc0jlXFBmkogRC03jJJVT2WpltvlJ6jTlRY%2B3qV%2Fg6fHPHHtF4flBgl79P2d%2BJy%2BmgZwoODKItmnK%2FmHHWs%2BKIP9D6Fhc63MID3b6rE51IClselDn0EsqmbMqiMZFVYTjN6r3voEtIllsCJyetZ0ZJMW0ChpQXzf%2FZN8GZnW2O1Krzi9ipcy2DoPjbYyKEG0auGSGS9MVguVHaCVdptCkH8jThdE9TmzYfMwU7QOobcb0eoSxIMettB2BN9Cillnc0VF7mqkGCIaqrNF95u23XjfiB9hngGXwQXHgA9ZJUIj44kr15AJWqvOWRkhfRyzaBCD5U%2Baot%2BJ9btPvUbXRgRyzZX%2BBwzR6%2BwDPWehxxgINbEld0jp6VYSqq%2BmVOdAEbQvo3aT5XkEzMiaeUs2210olMDyTd6U%2FCh1eA%2BlCHngH9qNKovc8ShM8S78j%2FPSeA2N%2F9TeGM5xRCRkjSAr09iKGTMV0hX3boihY4nYKfoIF7TwnB1l8kXAlSTsy1OosXNl38S3DoW19W%2FWsx6SsQEptMNlCbnkVmRmPx7EEyxmNUZQZVBphts23xQBZ9n8nkxdGLVS%2BMHsOihGmegvRK%2Bc6I1h%2FRHNEMrLa0wKFymMh0x1oDuxlApkNdG8oQTmDyWQJyYJ9M11dbC7R%2F7Ac80rmofOJ97m4yxCFTh4nXIyVX5%2BeCmGSxh6qw4OHclTA7WPQG3QBPZjkutvSsa2ZgR8jqh%2BBUg%2B2YK6JTw79dObrqzWoQejISevtLXTVeDOMLo3NgXJ9e6XG8axMpSoYo%2BUiw3NGU9KKEFMdG64LtnLMK6NilIkCQOuNqgBEbkHhBvPdMGXforIKgg4l3TdB%2FLUo9azSBoJD695Nybm%2BLfDqCK1LTHoplr5lwcQZqkEuB%2BLQmXYzH4q%2BjLh%2B4Q%2BSwhCivCmqbEzQ%2B3jHqvbMwBRnrWbSaGwtuqbzsnfB6dei0WgDLCQ2sA7Z%2BrKDMNPzacxI6NN7CKcVhBaZHWlSa%2BUnT%2F82VC2UAFkVlRg49TW1sUr%2BbdI%2BKa14ZEWzbKlzaGuJlwWzisEhzX3pAe8wcZEtZQ9HV9EqtvZyfPGltv7knyL3NIqESeCc%2FyUmHVzhtkMWcP1dg0Lc2XfTLXBqwKqxfczj%2FdIMT6Be5OeRvKvIW8un%2FlpHs3x1Jxd7%2BiAukX6J7xrKWYOIRZjTvarIgNLjx1RsUahjpGu6jC%2B0rbnXpkxKOnl9%2Fbjjv9uDXrxogurEn5xi6qSfapFwbvgZSSnr9QUne2uen8sQSYiW2v6MXRQeTSmrRkPeiqVL1UtETOuHDDIH2Z%2BicHPmLNDFNUnZDyCwvRRKzecsOIukY2Yrn0vsc9nvjv51EV%2B3WGkyMfcKFrcPlra%2F8GFFbwEhppuPa7DE%2FsyGrRPDYVALOnBWa%2B%2BCWQPF3nVTqz56QxESmGrp7aRqhpuRdCioXDb3HnwWHRfL8pXLAS8mLXCixnMHY76XKKeZx7zlC5WzhdX0l0MTSe6zBxkAQHI5bZHFmO%2Fw0PVNz1yRCtWXiDhEgUgvWH%2FBNo1BK%2BTL2HMHPIXEBGClPZsXNUJnYN6O1emjPIXoGe021vvLoq5Lg%2BLvlLSqBkfSJ13qRnpL5ISWyE8bvxUT8Sp8PrEkznbW1Y%2FA8DJ4bYKmEsJCwO35eH1%2F17Rb55YrL%2FfjM1%2BQrdWu0qbWFMtUavy2AxKWLbhgc78ZxysSbZpijTpPSiWQ6%2BfW424wltS7LkIj%2FLLEQvudE9NeVFasytMHzyuEgLPQW6fNVS3fWiUpXtTQVxOXscagqz3zg5nAcWhDvF5DEekeBmj0PJ1Ru2AiCzKkoFV8cudych19uHUzUWQv0uAWOsI9wSrZiBbr6%2ByTP9ciJ%2FGtegElfnX5po%2BcbaturTxLCV1hXMT6UETYLJ2GT6%2BGZN%2B%2B6Pc%2F%2BoDGUd5s5fxT5D2cOhu89tYQjIv%2BaeP8KEVC0q6ErGkivrSfRXqz54DDgM3DvOIlNZDVLznG9WWyiphvTRLyTrhoVpjizEDdaL0XUjO%2BYKkxJv8Q%2FhrHtgz943l9fK4fZ5ZqsQT2HcYlTrhlpgYxTDeJxgSLBCwlZsfZpTqcbQ9zotD8mnz18jumVGxeXNxIhYlhA4XNk8POC0rd9bPwgV8ap3pJhGJ0Oh8taJQa%2BbBil46k4iem3xuZhhyK8ZEr99Bjk96OUnbpuqeZ7Rr2SgkJn3zpMvg1KwiJTzn%2BDOLIKATxx8BnuGfztVp0%2B%2BU4TW3tWgy%2Bk90%2F%2Bn2p9e2c9tNVkmD7pn9nLhgsw7pXNMoaRepx5ZOKxWHj4NQZcWcUcwoRHl5I8CCEjiYPubOR98pMEGtXw%2Fen4B%2FvZmdK0%2B8b8rA%2FIIydGfmUHxePtzk0RXg6nXUb86gfkUq6z0x36%2FRnJVglkFfDDhnQb9lke0LXltuAcZEwgGCMsMqkOzB1Kx9Faog0GlFHz2fzMO8XZTXwslHon%2F8ryk5Mr3TX2V3wQMerocL7Evp5r9N7oV7W631m5NVGe9JN15sJ9pRraTDU7%2FpVDn1QuMQM%2B%2B6FRIAPTvqjot8XLzi46DI0GFRueqvW60QFfX%2FAxBdCQr1VkNY%2Bbx4cL%2FX1ZGv%2BxJK78LzA60qS%2BbUcLsvQ%2FPYL7%2BU%2F1UwSmOspPKLEARfE1s6xbmHSJ7AyPRDSNRHPeF3%2FmQn6WZur%2Fx74GTZpdcPFoNjInl4GA3CYaDAM0vvcsosURR4NR2%2FrmdpKGUgnxMbda2h6peUu%2F6ooi03b4xPbB8YnY%2FVkg5jZmFpX9Ugj8UulFXX%2Bd8sqfmIh05HwayvPHgAFnozK9MwWHCwJmrXpJ9h0YePpRdac5fz59Iuoi19lIdl4ablYZrkvicYB0ob0a9Lpnj6y4NsiGgSB%2BHOoeWNWfn4WQnoBctJfkIhB6QXw3e0%2Fn%2B4X1VaYi90dztx92Frn10Mv%2FiAFYzpXS28%2BcYFGzwfxVDQMvuE62T4tUuwFu%2FR511qmE5XiHIZODvsG180JimHOYps%2FPufBTpzAsbZG2lNfzCYm6SwVTE%2BaRWPDV8bfHaLpbY6eY5ug0nVjCl7ziqXwS0tYgDkKOOFK9IIlH5zIid3ydyzL5pVcJeXBiwF3yLFDnxsh9GDIHKII9LvDRMLvr0%2Fi6V2WBf9SKFc0as9qF58wFz5IHXHnFkjbmwGbWoSbIg3vQKQa%2BUCfrORNnySEajPUkVNObuBICvZZKmnvuoDk2WKkstI43QPkwyUVEGfgP73XytAx%2FFmhQhJFhsuFFYxUKNIBV8Qp6fwrBYeoo15OWHeSo9IIkoxRvOn3fsCFaiQm50TZIJTnJyK3Y7U0ZE%2BHq%2FS750sYsDwv1jWYv%2Fj1zOIiQ5nI85T9QyD6%2BMBUuzPmCcLPOSmnrkMVKPiWSCQAtSbeNRLRrPWd%2FbIdTpBUNvSATU4SqtNg0U%2BbTO1AP0%2Fz1EBYe0%2BgDXom5I2yLx0LTwBuvEGfSGTabe%2F8QTXj9cL1flAXT5%2FIWA7GkEAJSNaGtkO1WsDmnRfnMEbvqr7y%2FVvflfNiDVz8xRyZbAejd%2FyAbdSMf637sOgbXHB6GmvjkiwkND91XHh11RD273lNXifoos4qgAlioPPb6TnC4pg7bVY%2FLCaaIq4MWI9XZ3Kr1qRU5bhy0iIDYpg30yeuw89WbkFTkRL%2B2Xy3JI10AiGK1MUxZhxSmGfboAUEIq44aY8ZGHooCX14g301DASAUEpHDiEH%2Bc47t4zmOrFJoMuz2deUqlLERrxy%2BSIQejeHCSgQQmACrl2uTCMrqng1fXho1NSkn6pBnZoNO5C3eVF8d6gQDeIXsa2okl8M8I2jgPr8H5XvqUYEYQCEkW0xj%2B%2BUzB40lyDT0qNS08yDBquuGPCSS3Zulxuo5j9Oen1F9dupbcGv7ZeN0BLUkxUYiMU35x6Fs5C2Sz%2FaHiE57Vtbusw2AY9aRU%2Ba9DEbieV%2BkzL%2B7KzExzQCqjSB9d5H4vxSmVpx2OLSGWtzo9CPtqPuWic7S0nTBgJ5Nw3oto5jqJzGNbX2cUGic3oKEhB6goOLSUpXg7Y16YUMa2aTCCbXmeZIdk%2FgrCv6wvsWf6U7gI4g0b9ZGaeGkNuVnB04klekKrUIfv%2FDMIcQQNp6%2BMPeOD3NVNibBf%2F7y91RLhluRYeBghMwhxgtAo4UZilUO1pQib7IO%2FhBRBX8r2NMWIChQgqXyhFWcHL4PP%2FJkDAVu%2BZ68ysGXTOFzDIAQAKjzK3mtTqEWy9MQQCwKmr8aBtVtF1i23C2D2CuMjVeD650%2Bh0ehuN%2Byd%2B%2FsANScUAByxDll0XniP4Q9sFnaavWIQLtMAUoHHe77xV3%2B1QOcCl4F0wOKjZtqmTLgDmKEE8944cs6FFbDZzGHfWAcWyjk%2FX1zew5fYjELa6zSl5uhUv4N9kLMDmXcwfwt1BON0iu2MUCdONUy9CyQDxor5SRtPulfrQDvKpTz4UIf%2FTN%2BdT%2F%2FtZcEpFD3Y3WOiNUMnfnFjYCQAC%2Ffljnqplg%2FqlUKoFzm9Tk1LM2vscBr1Y5X5qv6SaRtDjs0so%2BsfKJT6CHdtxtCkBfrXWRXVwi0ii26zvKy6ADFzZG47O%2F9HUqt15r6K5rk7bpwboJLYMfMrF3tbLrpEU1oNGHmgTLILq4IZ0vzEtCjwAN3fvbh%2FRyN50wEsdD7C7mljLlqsxQl6CO3zkVx0sR2yTeWYxkUSK6pQZ2fTSpdEd8uPqGBk7W9amHVnGPQzWA%2B06fwQORwOZVcdv8ygE%2Bwy2im6YU3RMIBBB%2FYrPmcd8YPuLLvQGUHPt0RDYbTfI4fhIVrlhrZEvgYeHtOYFJsk0ynym0N%2BYU1q8KB05yt3XM4P%2BHzDeNfc04vaT8aJ40HbSwrEJZ1eAb7%2Bhq4386akU4jRdfuLak%2FojpQP5f4yyfWLb8cAX5aUkafWagw3TxGDaOA37KiitaEZgS%2FqsTVLlnTZi4bTd4sKIAK0mEy6efnEs2KCF1TRSFM4vMhZtgbMkLNAkPfRxg1eRJfFE%2BnESX9aFgwPJhafhwLPA9MRWVf62M41apd3WHpgnvuSnB7H2LE1DXuXWYwYRfUn3ALYPDmf6IXW6UDCG4YVUzp1dQoCu3SynJZFp0geEOFbY9mCQJN03JKdMDthKxzIu8RFvQjotdOi51%2FnulVgQW0VVnacM3n0rQ9%2BPJuh6In2xD99mFyJiDQ7e2nACgMF5uCcqwgDO3c60DRAgLptWlRdmQDfTydMjlxWC8U4fubMmZIx8HhOUia8oCu37cjkqhpazPPsWPekyNcN2hTDCcxJ72e8E63coZ6jWtHe3DGrHjwOw7xdsSEFbcA4XakV4emmHc1cDjH6MB4Yb%2Bs%2F0LFy0C1VgkqvfZhksnPMoh%2FiUDJvH9wF6xfCz20f9dLDBe4FwJfDTHEdRc5ZxCVMEUnSMhFiQyeiNbLDIhgguS1vJ9WbD0hyBeB4g54T7hK2Ql4cBMCcS%2F0ggUXIDH%2Bxixa2Kkwi12rsHh%2B%2BKoMe5FFpkMk8MkP8XDzD46nq4c%2B2QUi5zmBE9ocI%2Ftp7jOBZZC7wwgQDkFaETjfU7t%2FJQnjPoXZTZgDvYS7eMz3SOgfcG7Q1akz1kbU9QYMgNnXrY5jenhUQNQqFHTZoMfZFeG1C%2Fp8o7388ZOMsiBggUyQ%2FZSCKzPP5aUhHfinl9K0PixQqoFNkNFmS1U8kqixNKq80QxgfkgrogUbuLMzWKaePrDnGAumQ%2BQnTH7S9T2Hv%2FgbxbXwMFbyzZ3GTdus9dWoKz3BzQFSxOzmBq%2FIXOX3GcIeQogibLidhAtVmQMvH8FRN4ZRhwEctVRxF6L6Odr63cgQQQWln9lz3FhXeTGfh%2B0Zt3JWr4DrUW%2BSOpzi1aV4wi1qH%2BxS9uwrf7sErwa4EKOhgy%2F05rbHyiJlmitrZIqe04Wd4mNTa3T0merN9Z%2FXFe%2BPSZvfO%2FvVL4%2Bm9VMVU8EMkvjd2aXPZBeTnj76iarOrzFnsli%2FLQbERlnr94QBk9Vacmnrg57WnDWriGYe8A4SrQ%2BkDoSkT5Osdf0XY%2Byb1tHkdN5BCnDJO6Mcerq3Fgtp%2F17pHNa%2BLSibqKqbkinY52yyEevF70Uz5tfUD7JGEEAJSkXUHf3yExClaJLiuuza4ky5RgwhiFoum0C%2BeaozJ3xG2wJn2c2qD6PJCABPvw1HPKidl%2FZI64u3qez%2Fzqx4Qm47LQzwFM4zxywXWMfVRMUwISOp7OD7JjZlaw%2FddvX3%2B8DDRGX2X0suDR81aQJr4EVULxUirYNmQ97o6CpoIiTUT6oP%2BB9gXgRggTzU8lBjJDYg31QXzsITFo64r445c5p9emeOP47dPvgskO14Lo7hDDi0wg55wOvkzZOgEeHM8MwThLBdbe7B%2BkmI9aAWoYEIvishhDr28JlGmDO7hB913AJYw0oU98TDKk%2BoBraza%2Fo0P6UO8GZkPf77sOZCY4ju0ySm3rP7ah4AAF7CCFj94g%2F7OrD66I8dkMjw%2FYJKvhpilPVn6Ukyl6U%2F9CzUX59O1eZVSzcvfv22CsuyS%2BOuyViPWiCoydZZG70lHkMi3i6hbp8MopEoSc7E2DgxNMVrUcJnBC9ujNc1pLQQXvsoAgdPelDnq7AfVJ9Dh2Dwl5rDuBO%2BUWunotEpBZ0IQzVMXQxZQDahZS0690ibzvYH4yJh9KYL60J2Bn9qGtUBo0TfzQwL29sFi9jz131i8b6PBuNP70wlgxNPJGyt0iaXkAO6k%2BHHsa108oUqGUgFBh%2BCWxtw4bTIgD%2F%2FbGFT1vtzpQ51ND0R1H0ys5RR5eOzDWLOyzPP2MfDUz9G4GAekkCU4pCv4cZEZ6k1nUoYzxJoD2vfkir4flNt7Yc2Zfs3NBNytFfS%2B1erFnYekhZG6JSdiuWFspcEsxHAFafAu6AIwYVKXUzAnP9DfqBpTYp1z3ibtzJ%2F%2Fx2UjQDlrF3yc4VYHYeWXOa2lJDchSeDVI6alE5rJtaykHyC%2Bj3vettzs9Wi0JKKYf6gfumpIi6lf0h8qW39WaMLXVvQWcJxWUXf7gvkoGmeJmYv6biR7E8TdhnnOtbH5uGyzGH%2F7XyLLF6sCDuwTiEdkuORlaMgBFBErCnH3oRPlCVqvYaiuCjTsos0ZcwtQVt5B94WaJBwsr5lmkOhIeNnARIIw1pJ%2B6BPhB2wj8zVFjPnHAI5aZrWMijjCTYn%2BNfes7%2Bls%2B%2Fhc9PZkv2%2FRAG6u48AeadNe0rAhxJEtS8WrafYuTOVddfSAaqejkHq%2FaO4c25NTZSdssuiS%2Fdo%2FQxlGucg5vkw6wkL40j%2FPJ%2B279JGEVju1wuz9gDKKnOhuAUFBGkOPM%2FbAcRGr1CU%2FY2Y7%2BTLublrmQ9ki1MtxZnqF3o8Y8Ps8pDN5ipu62w4L7vWvn3h7Lgvi8i3x6KbMe%2FOsO6lGmp0gK3r%2BJDzWnDFJ1Dvt8o%2FqpC5pEmcstH3eyow8ZEiO2Lsm2B%2B7ZwX1XjTvA1CH47hYDxX3%2FIo2YsZ6qhZOXdIUWYtmP3jMzoXd6NB%2BYFRUD4Lyda994BheSaUoEBSAM170k3E4IKs01CarnGi12gf6pewx8TJVPvboKRYYn26OLYrxstG2su635nLYjE%2FqMS%2FENgCLG8xWgjNbrbhsxEfe2bfB9vFrtqTRoUV3fm22ECFRRuC0V%2BbYpQ36Wq8G%2BNna7Qyd6Xaxx2kYr3faj2VG86YZvp7I1LP%2BwxU1S4ymnnMuVngInwNOgxq36KneKDEBKBv8GHH8fiEG6OlZR47T0BhS%2Bh49fKg1Opt%2FrT1l1peoSJ79cw5I9jhVNVoKSNzNcGsysou3yXIs0YWzjUz%2ByVL%2BEsfXtH44P6zbKKyvoOmIjPp3d%2FbUojRXd7hVAI%2FwaI0sHktZeeDX4pJnffUc2pf4W9t0IlP9ismuwEekJzlnN82%2FVFYtCoXFE582q6%2F3jHajwHWZeQqkMoO4EmxCNsObZe8oeyj6bdSa3qKooZ4pMHgHtzCuzSqsQVVv8W%2B9baUdPWFoGba%2BmmV%2FRYE3EWJlHWTrPzKhbOAMFhH%2FQ%2FXTq%2Bco1WKoS66BSb3mqAXwFHQftZjH7ynZoxR0dADwrHhzic8o4OVP2BVXlzkxGt6XWkDbKQZPPdsfV8nJhJo2zrwxIfKfGem6%2FkpWx9kUmJPUsuB9gIGliNWr7DJPIyi85depH6xbZ%2B%2FXpzsIFTq8Ft8WOpgcXbVtYUmI82cwixY6RG76eKZ8R2b2J5%2BLrt6Rq9iu%2FcPGQQEKRdKxUsXKdHwamGZoc6oOKS4awowNfRzrCdkvPnfxqgEUFtmq%2B%2BE8mgkXhvRVZxZ4431WRyoftya%2FpASWg%2FILyUeOumej5nKs06c6lNABwpjJvyLr5bIJse1vA4xlDTMsELNxebChWzvE%2Fdjpl45YQa3WJS98WayRXPY0qNfh2eKWDFr%2FKZscvE3%2Fj6FE29LX2iJylF2A7yadBDWVljLnoAj6ogSqf%2FHSw6mEWGxbadIubgWT70KrEqdFWqe%2FP6hc%2FR%2B7Nqdc8cBYl%2BSL3VMN%2Fyzcz%2BnFFpmORn4gHK0n3ru800v0Kg5t8YsdxBZhdLrVY3XcSEA6AVkBU%2FsPEQtUkACqcvjDuv4bEgrovq4uH0kRfLOpz%2F1VY8BzKbB97063LomenN1Zk0nY5ywOqjKqnsQn7Gd1cEYOm0%2B863%2FCbXKrK2yGu1mYtwaNBNUzS0kUKFfR2BgsCTu8%2F79LTnbSzeZgY86Jp%2FzNc%2FDmhvy%2BI%2Bl2sacZjZPDyLgXhFj66VtFg%2F7tjCpnlfQpAksuxlMwkeb2mzLXmIMB6XoUxQOOUXgN%2F6Ged8QdjCrKx8eBTWJdqMdSlpSjA2p9A1GLHhQ%2BOYdbPQOcF%2FSOpSL31SXzydZv8dXRytWBZCVyzhsPdzL5g8vKLqTfTnBekadOe6xP7e4zZfcSUsT2BGu4q754ggqrF3G8iVs27wQffknwUOW%2BYM9KwOxh3RQ21yjbQ%2FWS3LQaVqp0z5EcOp6fVt33nZjRk8Q84ZpJ5Rp9UH7vvS5zigBzTbFKB7qluH8uwGvVOPO4hfjbCducLBg8yaWOWAWrLj4wWPjMZhZMu7U01gISmXSFPf3DXmPAPvyGPkBvEtxvoSkmZQm397p%2BBVZiqnwJrQ4e2KY%2BhulHCXZuBVe0%2BQI6T%2FKlVihZSoNYAMdBWalV5VR7mJaMvtySdcynres%2FFNMIKytlwp7zF4Z87mlNZhW8Ld5QxER%2BRD1AGJF8ty6UQ8Mv3tzev9fuP0GW2wF4xrNu4%2Bz%2B8soZzEvAnAM0TohhwZ9o%2F7u7yg99d4jJzBgZrw42irgFnGG1XZcsmQ9m1vi74BnRA8Zixo62L2Q7QwLeEuwwqsLqOxMGYAEPzE2gQW0%2BMxG8QNbjMD5XKBQb5qgq9OQXEeR9yXGZ%2F2%2F7ZTNZNTJ%2BnrLiQsqO0FlQ6vDP%2FnzhNMV0pzRJfK0uYHp2NxWe%2ByT3P8FblGq0OoLPE3Ms%2Frz3XN3Z7LE2jxgOjVGp6PMlb4N6JFL1oRUl%2BCBuEC69lgBf9fU4BwYU4VPzM4mwU%2FiBYvg1b2Jln%2FnNgc2xQLKLRDi7aeKJe%2FrMQyKVF5%2BTlx7QIYfsHhyflRODRe24ZY2bNfsYinCEBCI48muMlFQg51TBx2SnEAA3SOrrAWxlq0z6duQwTaX8iOJRkUnORdozu9MtJwh0%2BbHKxHII0yZXNpMHe5wqER0fOu7FnRe2v1ZFL7EtXmWHzSEl%2BYCE0itsJyEdCdGty%2BDQG%2BXIwX4odyF2GS12h9WRYuIi9O7%2BLbuJH9aUMXxO5B648yOsSntjZdkD3bSC5haZbU25Wp8CNrM4McZsXG%2FweK%2BaKG4pydV9bh%2Bv696ggqAQ2F%2B9PE66PfD%2Fv5UJSWgkEXYoOhn3OK1tOgGIj75vPn1eXjx4a9O%2FzFeNDia2UQriP%2BEyvJbWQ590mwF5vTAIcVOyvwSqjk3Q9eXUlNKIdrEuKADqoPZ2yG3W9STUuEBPBMQIAYUpY8OcW6HUIso8cFnsOzOa%2Bc%2F8b19ycJ8hWEt535M0hwQryxarzK0uifWTx3Q187dGNzZIfmcpSlsctaHHFvYp7o5vcqM10MAhuftsJhj28pij%2BzfKt89AZmPe3SUEgBhZ8KMfrl%2BTZ5E27nCPnZReA6ghSyW%2FpaOyT3ZIowR%2F8K1xVCCuHKkUwnpPNLwMQrbrHAwu34su6LLvAc36Z7093SWW43wiq1Xst7pTMQ1UsW0nSB5AILjXILSHcP2FRX8hLm9ZScxQ3Inxss5PvcvwBWwQWRuMLp92ph1%2BqaiZedKlYhMbWl1DlajKMmnzkXZJFm1QXoSXZXTa5B5UXo2N0od9g5CmQ%2BPy50h0Sgptsq%2BfYWfrJMTQufWMhhMNI3pAVnD0lAMp6y96cmE8SeFTr2xLLw975iDaCvckYXYnDcp7WFCUTM4vnwDWwNXtrWws7AZIygE5uSf67VKSjnsZ40pXEHSActLktzq%2BasPjIbmvVdrnzMaKckIfzV%2FFKYmnf931q27y%2BOBJiKhujvbUxWfwUVUS8OBeG5AYEdmX%2BkgizbFtT1cNrRt01XXutDKtnY0ry5IKe2sRftoGGSSwnToHMzMHcnlL2XLafOyutmfL7A73MXkz4IyRFBy373QTCdHg6x0XXXmdGJvkHs7vxy6qHdmdGw%2FyAI44uHTqxBC1Keoc1cVESIKWhVmg%2F2vHkiof2AyDPu2vwXIuIcIjg6X6aHoZekR0%2Bn7ZUwZsVf7BjhN2UW0kNeAdtfl4iR3Rar3n5s3Gkp3g7pnqT3VJR%2FW7ZeOBOzwtno3nioayS4zP3YrQd4UpsgwCNHSoaG8sRsV4fDolvh3zwaxLp8WGRhobnl1b7DCqNaGJw7LViTnGs%2FoHscfinnllk8HDRuWcpj5Q9I55aQ6Grli9UUGzB4UlzsvFi%2BcV5nq345xiPRegGsdpQ3r%2BEXKeyt1eTQYmhKlaqqy64X9kiSBg%2Fl89GvdFFEr3QyH%2Fvf7gryU5D3frocEq2RT76GB6tBGXLhlGY6KG5WYkcgv9%2FnwQetGkDxJL%2BFMDhPvgHWPAiizsZyKc8f5mG7Bq8YtshcgozkDr2xwPMROhr8VEd6hH8BqtOlb4OY0%2B6H16%2BYl6esEvsDlTaoPUFJ4xEJTNFtxtRfxDXyihyBO39yDcWTuAVms1yXLrt9IzMz5LQEnKLZWaQtZuE1HZml3DCAe7S95QFrnIGu7P3ffDaiMAmLFAVkjOAR0QF9dw7sT0TfkoVLusXpCy0bmUD67kXajbC3JPc0Hb9V%2FqVj4HDZhxX2jwDj7WI4UOb%2FWyPmUAq8v%2FXE%2BeHpNiiU6vnyZnsnOTFbVdwZo0vF6ziIKpGAE5GuwN8aODQ38VLuC9G%2FfQm8d1uXYbAIw74SBTjuhtg3V7Lc9TJRFCc81RFzZug39%2FFzC0r0Ccg%2F1nqGQmZjho84jEdV0Gd7RLAaVVos6OMNghjOj86uVEqp6946z0tMdkNv93iboouAxY2IWTqRUzOmA0F0B1qY4avLnLdvcVV%2FFOJLIZCZL4zk%2B2q%2BxTR6F%2Bqq71rdJm9U6uk%2BHWJFvKmscCzmtnDokPdmKPYx2Mm4BCp00REsizye0geOu2FAtU8B3RzjAiljGgei1zske350BKcWfbFEtKJ21TBDkAxTdr64ZHWN5yvIs%2FVFhyD3mT7i2w2%2Fq7rVDn7SZdsdjbMvw4yRM1TX4ZrkkUh%2F4QQl0si%2BOXsKT0zhHuPMkTHO9gh3u2Y%2BBqUov9E8omxZVhb9Gq7it5aw3lTySmPjt%2Blw5By8pF%2BAZJOOq79Sruq9IR9Pia2OLr%2BXT64%2B2hjYIkn702EBPJ6V5Hyay1wp0N7hz8fOAIz7aurqSSgQ56%2BlfGgnEo0VQ4f8olocs3bKZT7T6BStbo73x9Pdqr7w7N7hPz4SlOhysvFF9PWBaq%2FeRCNoZvFC74lNmUwnaEJhyxMshb39MsUbAHO06gJ2OmSBrUkhPfU5S%2BrKIX3MJ0SVvjU3V7dgbovhRM0YINLjOP0LMNNY4G5e3y4IFq6Rxzy%2Bm%2BJJKOL%2Boc3cZ7PWEZO3FnAZjIscz045WsTRwwfHByETuFubflvUdAkDzfmV2fLahRtvGUjGXnmCnObob5do4jtKuYtsAxLFOqQj6e%2FOTCnVNj6ABU0oPHtuqUaC1TBhDHYq8Bz9aV6%2BBVDDKKxYVCCS9lDAAU3b8ibUQ9E9Mdhp7cZGcYzb40RU2Q%2FyCsHYzMUU6GZbIx3fFEB4WBG2aQ5mjhbPVi5XRJjfdT9erpKRULvpiUqGTVuXgay9VlFR5U0GMtp7ysOcX%2FsemccGt83TCQS%2FkOlGmyowxTkd3vzYfgCnN81cngtZisHsxt1slwnXB%2BeyqlgFgvaG34YnVhKy8SA9usOm8HCPw%2BGmsXqyoSDmzO%2FnCQAnYupVOR2wMk7DxN3E3rJGLhlpcKtuqcbRNBBJyliBfPtMEKr3GEqpYeSpP5wItAPk8wSxRkyDnlWUqLHzdesAIR32nevkMcirt2tAU2YiuNqnSiukMLtCH1g23LwzM9yaYt6Me%2B3be7ulpvdx5iJpWnBDY4xYeVnFUSjR8TeBDYqnr8t259BK0UsF%2BPkMPcZCWnRCLohnqT6OQD12nhDKvpOSGKifPKt9jFUpT%2BgGw21zYs6i29H8f2%2BGvKmk6F7qUVJt1dPWujGuwIma7WyWwah2d%2BFDy6Chn9lb%2FsB8hTq9XffSrr5nHVFOpG8D%2B%2B4Te5li3UBi8NBgWWx3ug%2F8ewlSzLhLqiuE%2BBtnFZ%2BQoILFWxrFYFftpZboS4eWyGQfTXjLRibr%2F9wVayzZ791ZIUcxxAEL3m5YKTLBaoah3xCc7g1O6G0BZMuOX5PJrmcY6WCl%2FzmtLS2ssxbpfsmO7VY4a2YaLhTQXIU%2BKYQsq1T2jK5kfk9j273zTeLmO4ftXxCpB3nWGoq%2BPWbG%2ByGsfpHKY6XulF7HpIa%2BxS5xcNVUnPgNzThpLjJh0Ky0jWHR2692MHsYFmRKv6BGBPXYTC1neU8NqIYNSRE1zCd0jkopRWdgeisHlTM0yXVrD7BIBCFoxgBV17EwX%2FnWtrDLZ1evoxrCL2cBlR5q%2Fh7uzXSGHNOutbLZCXmHiI%2F%2BEqwS7NX5QLgaqmJ13WJ7Fy44t77fg4loHLowvgWvmpc%2FiRC0E1MLkw4KcH2rsSAL1kpSIOT4R39qZ%2FFVTNLe5BCEtLDu0o%2BH0J0F6ibw4QQU7uBIxeKrhHdWMNNNNn%2BIkZhBQZBNRUhHx3TqPP98pP6fMLKevO%2FD2NPko%2BuUJeKmF5bVaFUxkce1wOp8cV5%2BADAvvimKa5qKNPqOTyOrHGE9cEa2fGWPE36fpxB3%2FUazmSJ1GSYhY0FdaMPwKdwXVoyTvgts6QMDybdGJTb9UnSmQ1aanyu3mGSqX9LlCfbBb4pKQ7FjK5Sid9sUsijF%2BbvJCZTJUD%2BrfljQidSsGT4JlsXA8Fhz1U58xZr4eXogLQo%2BjYgO6FjLvgYEiQ9W5o7nB28k9RNmMYq65gfdzrl7fWpTTHbU5PzF%2Fwi2VsvWo%2B4X1T6eSozGPG64EL8kugblHAhx%2FVuFhrPlmMrm6NJ7NAlQL9ZTW81MURy5gluj4EoKvIVgFb298EVOe10drww5DXskHKregCQ7Ak%2FRbgHIiPn6RwCjlEiNjQrwIPqNPfDysnhJN9vRixYdWq2rWmnxnfRjRNwGo%2FDpygpzPGAdERMW9ystFe6TAVUpXfX2tPbuwgXhM74zZLnL74Xn%2BvzordFLfP2PVa4uNYZKWASxPKsBcLnCFUG86wJlzamJ10Ut8xW4SHxWW6TCYxRBaJSIYatcOBLr77U6JN03g28bBnMFiBqenoc3AgghOv5Uy7%2B8Ssb9%2FMW42R06FTOn%2BWNjgQA4OBQPdlc9Illk%2B3PGOlylg3zvicqK9%2FMZ3HVEeNsO1WOcbOQU4r1yVcn19dZQgllquO7iXjp9AHPVOE5ToiqSD66kHkrhIoe%2BjMCPGYKDRWFb7%2FFrCvTllhEMr%2BhrOQa61xhkhdfBvAe2UKHNxQHH9bF4Qb9XWWJZLarOgAew4%2FPvZVUVHnvN0D4EaU5HVG4HLTY7XvFfQ9B38sebPLnV4uuyl7YzcRPiohqDA8ILvBCQIB3%2Fh8buZgIeaWhz6b16MXSWgFhCaQ3Gii%2FgmsplaNvFQWCgR9XvVBIId0z1v%2FcF8NNTlzNTEJyND2g%2FSVzi3uw8GRn%2BT4JE2FU8YKL9wvT791XZt3mGDGQur9B57UrVgLr2eDzRHmmxUhSfeiO7hXEfrmXaq1vgyKpJhaLJrUGWlVxmfIUbip4HrHafa9Gh%2BZpf3EaOTMCQ6gqdwW1IHGzMnR9nQNCH9TwY7lSTPYuVs2R2lMhXXb9tKX%2BdqrzIa3wbj9nvL4GQgV5YWkJtPc1m9dhjSJHKw%2FJprMc3RaVhsZXtn4aHhGASfkir9aObwi3TSDmk04ctTKgHSJKxRHucHNsOPqpnEpeyLydsU%2F0ujUkPnN5ME2UF7C6ky%2B7GRLM69X2Tm95aX8y5N7DZD9pr8Z3uzZ%2BbQ8JlzKBys5bekyghfM1WM5Nr44shX%2BgsX9vIWT6GbiMw0JmeM9NB8DaHPBm9midwPzPsqr4oV4vIEP36KHQWFLNvOzLNjQeOi08fTSwY7auXsluns5RjcrV3CxuEsS1Gq2RDptNrxU4xIs0eqbzLqvyM%2FgN0WsiUCBQtxO%2B%2BWKlJ4kQF33ugAdnzD7QA%2Bm98zuo0bJlTs9CyajMJhWZbpXbXyT8FbOxcm7DWQLLxBJcUm9xqNTarR0cS1Wr4lNGa2ROBvstq7tfRFzvyCUY7td1wx%2FB%2FhYEeWFPW0pr%2F6PMwgAz2RQJjExirCLFIKkU%2FtqQpwV4alzN%2BNfF3JA9zl48WN3peluXuMp1rRYxfAoviW7EgHrKoYiJwhC4rLmCo8YgxXDGUQBZDUJU9q3ga74pZ8nGyL4PrivimduygMrGbjP%2BAoj8YiSpQiUegkxhs6VpwsoW4kDL2U48zQdVFQy9fbv%2BAEB2cWAzVIrphI41BraaGHCpKuWArfW%2B8WfZzWZOyJsM%2BHxJoj4jrDBfjtE82e7Vyge%2FABsz%2F3afD9E1xSOoVWYdjlZctTQnedui%2BQsGuFhcFIy7SbBYTXk9Pwmr%2BfgpBgq18EVyecqjMz7jXypxcgwKJaMS1SmZd0tkCg7hObsar6zkmloRAGFB5fUytO%2FbFxoz0QofNFBGbz1N29axE1iiKL81Xh6zRaQyD%2BPkoYqoL1ICdX024DgzhMuUckFMsiicGSiZE484R5wEQgkTKILSsNGJ5IwakLCkIvEmFOi5ArBy5e5g2zrKCzvujGfpZBiZw46ET%2FWD9rzj3v%2FRnSKj%2FrGJHiqkuacE8ur0Sk8YtLZ%2BuNV71eyHW3dBGkoGylSB8Lx5QcIct5cboCYkUxZwUADk%2BlPR9qBLrDR75NWMcT7YfAckDAUeCgaqtaTf8IlxTOsr0f69%2BT%2FuZ0cda1TLQCJB2VxmSgmn7LKDyxpFTG8Q5Z6YqUDxx6P9wF0mGfDiCmMeNEOcP%2F%2B2Kb4a3EGl%2Bce0DoC%2FI39PYEhL4eGmFBeyddPeefdTewxuzDBPdRZEskOOa3jJer6LeV%2B5gYdmJeCnfI1k6AsOw6txIkivojeF2kPOu4XFY6VkdvLv1llzgUWbwvxKtjvOod5TUkm5TmzwhquO%2Fnpqmpjk%2FEzTiM71C5hFq48Jiuo7JW6PtOpnghZPwlFH6ddwK8cRgsfVlHCx3A6lVzC%2FOasfliggDZYC6tkjcie7ITI4NGfxM2t%2FXCaS0z5Hc9mKf%2FYjw6y%2Fatm%2BOZ5zXppIyhm8%2B6omYsJW5b7K0Jrr2Nj7Hf%2FQWcgZ3dWk1Q87j6vXf%2BqmZya5rkBDM%2BBVdVMukKyJkOopOTbUfYWKIKXm3Mg50J3K8sUWmc4ddbyo%2BKuVnm0lEDKoRtjcdN1BjwsLxZ339acKNlntLxMyJXJ3X2%2FXKc2effhGXulWN%2BnDjPsrBVcu1LKkBDUIpTFiNcA1eZcmp57Pn5Z2bnfOLAtgoGBZ%2BTXGDRo1tWFsgnyOGWsF9Qzj8zEcHg0UnGSTii2105qfajKfHEw%2FxT7gs4fnpXuyYAvk%2FobbDjFi0t%2BTqe385UWuDThgmiys0NMBn5MssZzI6M0QNwJ4DmblIZ%2Fh3eqWASwaAMQIX69zG2sZS%2B3ftIkScT4k262zG%2FIV9uEIqGX7GMla1SEbFrEX2pi6F5OwjFhRRBQU241cr%2BeTXQ7WQj84kitP8wolLzGucRQl8D7HUsGXcsp3i17vxmf7ZaN3hOpukWudhyB5PjJsDy95xL9RAf7bSGFLZdsiVU8zNfrHIWQJa%2BNrLEM9%2FU%2FsSqVRRXjz%2Fn7vfU5X4OxaKbmomix%2Fg0n%2BbUc%2FyBvxwwNF2Lpa32%2F14XMZ3e9) ;\\0\0 \0IDATx^\t\\\_\"M)\nT\n&\MФ%$@  -\" E)bA(\"6@Ai\<wn&\n\\&\g\\ݝ\7wfg\\-9D\p#           7\\\-jndʦH#^{\5)[\i\0	\0	\0	\0	\0	\0	\0	\0	\0	\ȑC(@&\!\0\alHHHHHHHHHm(@\r%\"\\0\y\\HHHHHHHHH=(@#[!L!@\"S0         7\0\l2\0\\"\~HHHHHHHHH2JDF	x\D 26\"        \T/ʼyiӦ裏Z;\\7l\P>\#y\gS|ȵk\dɒ%r\\9r<òv\ZT$$$ȱc\Rtq\=H>}@^rt\\Iƍ\'cƌqjǏ\\K*U䩧Ν;K||.\\XڶmjO?ԬYSw\.+Vvf;},^X^v\%888\Cq\\\W^~I>\\ڵ\ʕK\\q>\W1*U*Ei\rԩSe\\֭\ɓGΝ;\';v;v84\Z\Zz۹ĚXz\\;\\/d\֭\睘(E\{N\3gN\e͚5m\6ٷo\jժRvm\СԨQC\㎴\\o޼)w\˗/K-\lD	\0	\0	\0	\0	\0	\0	\0	\0	H3lf#\蛚\\\9\\\0_rE\"\"\"dРAjժ\\\{\\\\\0ѣGe\OJJR3\\\WcKK\0W-\",YR5w\~\0a2\Hrf\z\'O*\>D3f8%@\\f+ 9Z\\\\eڴi+.](= J\ \L2E\\Lӥ}!͊+ \F\"-BHHHHHHHHH[)@\3jQ\"((HE*\st<x\	\ի+WNy/]T·\w\U<r\έ<a8ޒ^xA{\wʲe\d\޽j_[AD{C@Ԇ\\-#GH\?\1ü\`\0֑\\\;Q(]:h\ĉg\\_\\08t萊lx\gy\Q\$\a,o_G\ً		Q\\O&L6G[8\"IM\cÜ~\7e@\cA޻뮻T$	\\\?D/ Bb\ܹx۵b7\\sD2el`]hQ\Z\\ƍ՚\\9\x\n\,_|\6m\ȓO>\\kUC <\0	\0	\0	\0	\0	\0	\0	\0	\0	d4[4^#EP\֭P]\0bѣG; [kx\ka)&N(;w3g\n\\ǏW\0^c3\0\P\rN\W_\>0h m)0\gyFB*\˧   \"Fj-\\rǣF7n(oaÆ)cNdTH-v~\~t\޳M|7o^\c9Hgχ9bFGt\\\2D\֭r\_Z)\.ڱ p\)=\"g j\\_FHd\s\#ȬYPL#F\I\T\&	\0	\0	\0	\0	\0	\0	\0	\0	7HS\b|̞\0\ MZf:\r`y\\rV\ѠA`\t=\Gd\0ț6mRFwi׮|\g*Oq\$A@E\\U !\Z\7G@@XA\r\_]+΀YXw\x\O4It_\\o-\|L<Yy}\n[n\\wߩ\"QfͤZjY\jO \Q	\	?Dq@x0`h\r\5\9s\\r+ZA\\/,e˖Ui\0NFF\Zy\<A,B\$A0X|\ZOTT|1}\0aFJcC\֭S<aϥVZJ@\\'\LG\\\'|\\'Ƈ\n0._XH4Z\P5O fvN\aBDsĆsc!\\Ĩc!r\\rT?\-\Z%L\\rMHHHHHHHHHN	\i\锐\\OU\0!`\t=x:\PtSQ\2j\(	\0O>]^|E\ܑ	\E;<;V}n[\\Z\\?\/ Vl߾]\VA\r4R0\"b^zI+T\B\n}}Z0nð6\\_\"\n\Z7nA7CDBQ\}\)s)\)t	\0ѤIeǆP\0\y\3gΨ4K .؊D#y\\K+	\\\nG-U\\P\\\/T\\\ \\T[V\h\g.\\\rA\r\z\AºĆ\%HM\c\X\\\>S%ἢ\\\\F\\Z!        )Aڨ\n\(\\6ȵ׺ `ݲe2\/\T^]*Wk@S\g|\|\a\mѢ\9VFJ*	\\\\Pe$0!d \0\\ ``F?0\n\=f\\Ё\Z7oV5(u\\'s0\0\0\H\4|pm\\Z`4\,aPGŋWE\Z\"\EQ\\j\u\0#9\N\"\9p#0CPb\	`AtZ\\S>D\np}`x\Zr&@@@\n1\'\\\ \`;\?#sh\ZΆmDjƅ(,\\\\OG\6-@ Z\48\吒\\L\p\HHHHHHHHH<A*@\۷Oz\iM+c\\\0R\C[=\\0\\"\G\|\5\0\0\0\\iw`ǆ<fBƱ(ܥKe@\E\޶m[e\\?\\\\rC7\0v\h>pڄYFa\AZ#1.=\A\\ZHI{n:\n\`?\a 0?+:D\h&\;ŭ1_D9 0W&k-gϞU``Gei\ԩ*\  >ƈB\\TL:!\ m\Ἓgà,8_:1׀a\KM\Z@#\'b8\\\ZXk\00/\TZT\vXm\rG\1\\\[h\vC\\RS(GE)@x\\6IHHHHHHHHU@Nzx#jFn|||*\\\0D\l\0S\\\߯\\\cPF\Z*5\\\yx\cm۶)C*s*\08#]\x\\\*\\\}\{>\`\ڃ\Zu1/st\\00nԓ\0-+\"0F;\"֮]1F\n\c\o\?\"Νwީ޶|pn\/\k\\z\F\!\v\0	0\0GD)@x1ut%m/\$hè~\*\it*.Ev\\6ݓf\>\\\Z3\b8\`L8׈\\y!\\	C9\\nc\M\Ū{\F!\\(@E\0	\0	\0	\0	\0	\0	\0	\0	\0	*\0FtsL\\UF_\`\iHG\"QH\\<\Qڷ\\p\\ҥK\OhFZ	ؐ&	\\0\0\\\|m \Zbccj\M\u\.\\\Ei>HuTHqA0o>`\+^\\\\\w\\Uwh\\\Q\n&\Q\@(	V娏\ќ1zJm?5nx\T@qOD@\\Bz$2݌\\\p\#,py\ \l\03cIHHHHHHHHU@Zxjc\E!4 ^cGf6\\I&\vF0\ZAÆ\r*\03Fqm\\b\	@\Z#\q$@h=0\\\8\Q_\\2*@؎\KZ\1\\(@خԀ\;lH5\ZD@\@\'\=.@ >\͛\\4x	\0	\0	\0	\0	\0	\0	\0	\0	\0	d\Z\0h\\h#\\\?o޼js~{F\r:u\8^Y\0#-J*ֺBT#G\\W_Ua\@$m7[Y@7v\0{^Μ\n:\\Q3-\\\Cߞ@\\c\ +\" 	  \(ԢJ\c\x\	\҃a.	RkL2*\\6\IdRamhxѢEYj܇HHHHHHHHHU@}x/^\\``xEj\\n\%@ eS˖-Pt9귷\`FJ*t8HI\r`\\f1\\\3\u\\%@hc=\m7\n\\\:\0qH`BlD~\(J/ K\B\8\h\HG\ eʔ).`}P\\\\#\PxM6\ol\c\V&\6\"\\J/\MO\n&q\\\PÂ	\0	\0	\0	\0	\0	\0	\0	\0	\0	x;\0\+\f\\Z\ѭ\7\'#._\n?oݺU}\"/B\\\\OM@!\\\HeTFǶ^ݰ&\AL\Q\_xQ%\,@h1	\5%О\m\ZgNxj\٫a\GAgW\s\0B\;\s[S\\\ņ\ׯ[S\Z-X@\\\J޵klܸQ\\p\0\n\y6\B\ȑ#O>2u\Tao\U\\W_}0D\cd\#<R\\"ά5\C$@$@$@$@$@$@$@$@$@YE \0a\H7\\'T6[lQkc<R1\\"\x̘1\R\rg\J\Νw6ZD׊@\nŊoV	\"H\'4}tU\Za\\k\\b\R@݊9s\(:\0L\0(^A&3Q\0q\\j.RT\r:T\\x+\98q:w=zP:DP\>0\rkC\ڵkQbԨQ*rB\|r\"K\\ĝO1\A!rD@v\\%>\\`7\\\T\oh֬j\\'P\\\ݻwH}*\\\?Tkk\j~(\Nu\nLL\Z\JOƃ7<yNKV\0\/	\0	\0	\0	\0	\0	\0	\0	\0	\0	8K*@\^~ee׵6\n\o`*j\0\`\i\\\\\|ZNcn;	\D0\ v\y!\Z MTɒ%0!Ŵ\ݛB1f\4\q\_\\"#``Xb``G\"0WZU\1/1NQx\lveZ\0K\~衇Tz-\Rs8q\"\?\nD\s_Æ\r\\ZB[\\|\HBW\ \\\0\E1\0Ϡӄٮ!Sp,6=_DH\\\&B H\k\0MHHPuPp>p,\".<^#U\5Ahg\6\\\g^\n\\nݺ9{ms?         \RV\\r6(.`g͚e 9s*\0aЅ\0\06G2	\0\:c`^LN:%oJ!s\=\(V\"\\=^DI b\ҥ\\e\\Y5 `>v옪Ɂ\0m\*F(|lose\\0Ab3\_\6Ƈ\Z.B̨bxhc\\\{\)aų\\bHK@ضm\\jN\3[FwpflJh7m\T{N>>!Dԭ[W	r\cBmgt\\N	D=\"-tl=vH/\"$.\\IHHHHHHHHH\0c2\0\0;\\ii>~2VÃ\v1\ZYN5\	}ÇW j	\0	\0	\0	\0	\0	\0	\0	\0	\0	\n5 	j\*\!^\H5SF\r~*v;}\6Ge˖*(@ʒ\8\0\"M~\#\"`\0	\0	\0	\0	\0	\0	\0	\0	\0	pX\W&q@v&L(@\\\HHHHHHHHHHPű\~@\r\͛\\9a         \&@·\G	Hv^䫯\Ƴ\\HHHHHHHHH+\n\\r^>O\0uW}Q	p$@$@$@$@$@$@$@$@$@Gs\\\Rxq\?PB>0bHHHHHHHHHR\nmڴ! /!\7\\3\<#,q$@$@$@$@$@$@$@$@$@$>Vb\ڵ\;{\0	x@͚5U7         EL\gc&          /\'@\\OG$@$@$@$@$@$@$@$@$@$@H/5HHHHHHHHHH\0/?A	\0	\0	\0	\0	\0	\0	\0	\0	\0	\0	\"\nx\8f          r qx$@$@$@$@$@$@$@$@$@$@$\(@\Y\IHHHHHHHHHH\	\0\"\\\#\0W<__\\\;G$\0\LO ph[g\!\t\&9\\4cS!0nU	^\\s0{\\\W\'|\9$)We\f\\^=F.c\l!\\\X#<\o\\{N5\\\p$$@\A\Q=\YD\rrg}R\)D-E\$IZ8E;\gɳu \4g.H~Axb\\l\ \0mݧ\\D\f7~oFs7\\\\\L͹7nȨ%k}Bx\sjwohoڪ\2\s \d\\\\'\\q8\n \\"\(ϝw|\\0H\rgɇEv\=wk\\\\g\$@&/i=\CDn7rD\0Ѧ\\Rx\!9\\\n\0w\.? eJ7ו\:Zw\>$nܔ\o\0r?]\\}\7\\\'j\ <]Ƴ\p\s{V~\\\xyqN$@$@\\j\/\0s\Ni\*H\9-w\\ewyw̬_R\ސ(\r6\\\\$@\"#\S=oa\\\DkD@g\\\Mn\L\0c|F`7-j5# 2\\\\\R~\s?^}3	@Zw\C\\-\]\\Dpp|y\i>aakQփH\\n\\$1{7\K hS0e\\NkAujH\, M/K&a[.V$䑒\*X\GI2qm\뮯GJCd\\\BPɕ;OZ\̒\c7~)Q&B\"K_::\0\:I\Z\5 4n )g\wv^\1\0/~v^\s_NH>|GM\\!k\lЏXq\E@ԫWOn>\\52\kn\$\\d\޽6IGL-EC\8\\\!@<-e \{k\e\\\2zJ\ xjt	_Z\/W^\nY6}(\KM!9s\/?: \Z?\\;)Fr\\+SGͣ\0a <\\z\j\\Aُ\0\0 \0IDAT\Iak\ny}\'ɕn\\\J{jWcM\Ȯ5+NVR OA\n𥾑 Y8\3\_|G~V\\\}Rw\\m\=\:j\H k	X\\aO\nu\\ז.\\	!!!\EqXA/GJoJBBB\^\H!|ALdG\"@F\3ʫ<-Qh{h,\Z/Er\Q\'m\$(%\V/>N\\Zזf\Z&ƨ\\\siq\?$\ޔ\nz>Gu\\>\\Uznd˧&k̲\֬ICZF2r\n)P(PNw\\ƿ\A\\'#\VH@w\!\뿛7$\\" ^\,_l \n\Mi/M{{ǯ\猵\/\\'t\\-/\\!~3㞨n$ ,&`\\ip}\\ր\Rb$5\0\L\\])z]\>ZY\,^\"]\G\N6\hZ]xd\r)e\'\LZcvĎ,[ފSZ\rg6ih\}Yf\,WƵTKk|\0^d \+jhY\0\\+\/\\\q+``WȼQ\:ǵҠMG\w\7r|}蠺6\/WGg\|l\QLz]\\\\rܧq\\"iSy}l~3V\\r\"S\`?\\~fv\\W\n\\0?{gx#f»k2]HJ\MBL\nݟ:\D6\0ፗ\\\p5q$@\&,@\\Z9\U\Β;@N-_=\\\H\H\0_\UT\ ^W\qT)IzcE\Y:9\\R\\*5w׬Hz͜(f,W1ݩ;\ޔކ2s\~Tuϟɽ:ʡ\;\\\<a\0\\/1r\JuS ^]CJ+bZ,CD\\\3S\\\R }\O\ޡ\#\k:5kW.\\aա\%˕Wׅu>n\ZS\~\\# \"s\\\]zY\\nS׈\并!ǩ\\ƽ~\\\\ޟ\1~wݟ\R0_\5 ѱQ})T e\*o\\\Z\\\-\\}\+\zgW\\K/w\\լ4NHiE\1\	\0\!|\0Xt93\>\c|Z\'I\\)\_\\\']Y<H 	!rOG	߀\Zx|%Qf\e \`\?w\T2O\\lU-welMA#k9Ӷ;\0\N\oD\5LƌVFW2VV\6-\P\Kۂͻ`@\n&/\pҫR[_p?jl\r\vtz6z]{E\ B\Z5y\U\ԓ[8\^\LN\\\\"g\W\NI<\3/I %p\0nK\\\Z\Al{w\\w\\n.\"M/I|#\l(K\\\'\\s\{kV\֥$f@9]vDh+yAC>Daed]6Qxo0I\ߵW%n\ ӏdԢ\\Z!\!\R\\D\\\\%\yL\yDtDh\^/S-Q0\ZmW~o\Ƶֱ>Yč	Saz\\CQ$7\0\\\RxQ\'\<\5f\GxZ\ۄdJ\\\w^޷|L\\b\P\P1մAD\ @L\\^8/\gD@4/\ϛݳO\\~\\\=\\\\3\'|\"..ΈH \T^\\\k7p\F@Wfddznxrr#\r\^TP\qv\͗ʠ\\^\kB:Mj%@\n\\Zj?\g\n\ߵkW$y\?=(pCnS!2<Pa([\)#-\\Ϫ+$C\\\\\\\Am$u[\:\\O>-&ƨ\!\Tw0\-j>V1#\n>=\Z0\ZRxe\w\\W/dϷ*\"\\\zU\\Z$!06w4\\KzO\z:\xB+h\\0\;>\8?Dv3\#3-؋\T\Ow\a\ީS0<\-ۖƩ_sy\|22F\n`%@\Kw\BZ(\B;w?,x\\%Ţ\ rQ^4\\FHd^	@V0\v\\jF?\\r))@JǑ\0	dcN\\\\\\WH\<ydr`e}a\\\\%iyAC6\ JD\\'\)\\fp=Gi\{ޕrʧ\\i}`\D hoݜh\O2Z\\m\\1J5X9(A\\֫\\o\|T[a{ZƧ\OϨ/O6\0)\" h?c.=X\sB!vt\f\#\k\kk/kODbj4\\1o\L7+A~itv^\މ5\x\\\gNҏV?N2\\\\+Ti9?\\\\3-\7n\\\Ѿa})?/D\\:O @?\'\2\%|_<\\\T\ɸ0k>ƫgM\,,\\>\tmS~C6\\^	h\~i}\8=ݸEۇ>w޳y4\\Sz\\y\vyi\oF:ڵ\\0	x\6<ߧ\ ep$\1k{%2\?c(XA\\[.>([A;v\*@B\I\%\\`\m[j\\\\0	*as\\2C\\aӈY1%B*>UCqFʧo>HF,LP\\\C\\X\\V#V\\S\o\ZRyٳ\\b	\vY!埨&3\"\yTj\<\\l\k\\oe*U\P\m.p`\\"(W!\Ë)@o\\#p%XcZ0ü~\\`f\coso\)>$@髏dh\:)w2{\\K\\9\Ǥ\\'\:\\\Xӽ`RpvUq?M\0\\\<\  \\s2w\'e\uW\r\ +[\ۻ6^2\Ok/[kZ-J,8ۿup\=L*j|\'Ȋ)\\ixt2Z9uL\n@\3\a\\|(@$ \\;*BN\\}#md\(\~H=2E\np\]\n\0H \h/*g`}\\rڰ\\F\\w߭\r\u1\Xճ\\ߑ\Jǫ*\,t\Vo6h\Z̓Km \Ƣ\V\\o\lqvrT\\\W43\\\\,\\ۥ\"\\\nYz\d3B\G/LUHQ\\\On7bÓ\S\n\\<V\ewV\k9ܸyC\0Ѷa=\'k).]8/Qc$\V\7?> Úձx)aCE`{z\t<sL\2|a\v3zC*c\\\zG$Y\T\w\\72[2|\*)Q(+KG-\F{~\☿~,`D\<hxv\\O1:z\Z!cI6o\\zﺕӷإt\\GoVG6\/T8ݩߜ\ߕ\0\gѽ;I\\\\itd\\j[\Tk\z# |\I<Ha#\\AVg\@\\\\	r\\n\v!gg?~\\nḯ\?&H\Ro9\\L\\'\/\oOM7s\♤\͘F\v<Y\\Ѥε 8IYDx\BP\\"@8\@E»>-@2	:\E;laPN/(@\H/\+3Fi>\"@A\n|`\\9\01ubk1cH|W\\]-\\\>R.ډ\ʬ\n\rxvfD\\*3\\2c|q\Pȼ\>[{\ם^\CӸ\e	#}#(F\ʝ\z]ٳSع_ྰp\`9q\#׾+k\\g͌\-ܳ\\#nI\c&ɲ#\K\w\\h\Z.!JL\Wơ\k۟y\r1,\\'R\'Q\\'A$\f\6r.>mMd)F\\Q\MǨU\YKmŞ%W\E\7\RK\suU\ 7\O*6,4n$@\C\0_^6\nq\\e7\辝\\\e|xʳz`\\\zw\/ߟOT\_S),]4bas\A剛\iDN\q%g-<9\2\o\Ij6k\s\Sސ#^U\S\o\\F|vO\\"*[\\uJ\Q=CǼ&F>j_ykU\+Κ\\\n:#<m{\\k@\\\=G\04Ļ\YZdBO\A\>\\!@ \zѼ4\Ohx\Q)]*Iן>&^ǃ:5\\i=o\|\'3oW^\\uvY3A\M9\ÆȰp\G=_2.J\_U\j|\,c1\p\9\}\َ\\~z·\\\DF@֔>xvѥ]a\\\\\kcм\RP\\=f2ogu\wo	\Ƞ\eRu\Ԑ\!n\ɚ͂f\3X*<uk-\>UD9ul\ea \\'FH\^\=}-c\z\\\\\\)K˽I@z3l#*\\\0𷮓\Y<tNSy\\\Rk\>!@(\"##\.\\FYn$@A 9\cs:?O/zFy5\0\\ZHT\ޓ\~^z8R0)\-\!\W(B\7PC(\0\\սdcM>~U.0R}\=)x`\o9R0M\i;\0QT.H#d~C䙦A\jC?ܺQf\rUF\r\=CAc\҅?q\\y\\\ʐ\nkf\D9\G2tR?UF\n&=?w\&llR\8.i:\U\r\%<\O\rs\\\Ӫ_2Ц|B=\n\\ópQv\[D-@h1\\< ^0,6	u\\9\\-3cM\ѢD\\0\\{\ZD-B\\p\\ǎ{\5{J¹EH9\FfDl%H[v*UeM\m>1fi]kQ\ΪZ ,g_\S8\lD\0_\P0\\8m\.\&^}(f5y PgXVeW\\0D1+}#\E]Iv\/\ٞ2iRFM=gbn\\\70v<ݤ\	yR\t`Ӟ|w\\y5cӞ\6)\:q=\\ nMTؼVg\\\+af\Pda~}\s\\\Z)\Ov\0m\ZK\u\rx<j\|t@F0R2U%c\\ӧRo\\r\m<t6ߛ\\\no݇v6G/\'Zԑ+=\q\v\>_g\:Έ|\\\q0EL9\!=c߅C#d)\\\q bմ\\`\}^a\\\"V\c\Q\0\\&\׎\=}# Y܇H$g\Ȅ6,5lFM {\~FV_Vj}n=\9[*:[rV\LUE\uS\\U%\rDեT\"\QT+TG\"QD>$[\\\r\\\IVq\Ĭ\M\G\n\+@X>\j\7\\H\r\>pC\$\}G)\*X\\J8i$L\n#k\'\~_~?}Jf\Tm@	5K\DEDtH\\6l\\rE\rb\\\f\?QG\O`JNNQ\\0\.2a:Z\/IXû-Pږtr\\\Q\\\1\Ht\\"`\>Zlr:4Gf$=]_n\Z$5_j+1=\!\\ߖq,\"n_qE\\i\oĕsg~\>C\\un t\\;3\n\\	\0\\\ğǺYGKM \\w\ejw\!F~2j\5j\?G\#\")Λ~\S,+F@\}&E@qË*jǆp\\\f -\n\\\\\[r\ni]\	+s4(C:1\\\<\" f\F\K\ՕU\\L39\~~\2{wʄ\bZV\bK\Ly\\RLy1\B\\u\\\̕;9TB;\?\"(`T\68\(\_vU6\FK}\\\eV.\qxpkxn\_R}\rFҮQ3\\*\,Ԥ%ڼ\\v^Tj4\r%c˷~d\\czYƢ\.<\l8l!\<VE?~:C\\\KI\v8\\I\,ٸEf\e\ó{Xh[\\N\\^r\\c2~>Pͨw\/vC\%W\<~b\\\E^\!/\BݷW3?C`xkl|{# %ʖm\\\GdL\~X<l}3&\\iC?f\;j\_l!\,6Fyb7\=\ʖ\p؟7\r \]j\r\\kY\\ˮ\rH \	X3lX\+\Fj{TF_m\S\F\D\;A.=hɕ\'6Zr\\Y46Lv@\s\x\Egd~\PcYp$\1\AY⦉Oc\n&7L3Z_\H\\@?zX\G\O{V\\ݺ\#\/\wGz>(<ʙoK[\=i\\D\\\nl\, Z \"_^f*oXR7TA:7_\/LiZp\\U紣Nqu\S\r\0R̰\>\j\rtOOCF\Vʰ\r\PD9\X2OZ\rSa̛\C;\\!o\ƭ\Ӄֹ\?r\+\\߬%sY\"\\0\ͱQMlz\\\ܥ#\"o1\8<E\n&\!PX\K\]\Z9\e\\zQ\\ưr\2jG\\Wձ\'AU\'\\שp_:w~?{\eR\\ނ\\2\_\\\\s\<Y3=Rg\Sﶦ\H\\\n\ǤT\-s+ol5?!\,g\n&9q \}ӑ\F_o ƈ5\\RlQ\z)^K(IF47w\{\jp~\(N:(C\N\YRCr2lP\\K$eR\#e\&34ۻOd\y\#\$1b\i\Io	Uaӯ\r#\2\P\@\o>IR\zBX\\\\<}r\Nyu\R\Q \^\\|{Rx\'A\0ƆĿ\\\(Hi=\n돍7C_\&֮m;\]rz|Z\gu\ry\\0^^C\6\ryWպEj\r\\^jw\#DsD@\ \\\\iƚ֗\~\\=Ey	/z}\Zf\փFhzų\ѸC\\391P쵡ǻj`kҽ|\\r뾠\",=\Cz\\\\PƩQ\HݎƾVJg\IZ\/cw?,x\\\>u\\`J_\r\\9c\[«C\"\j*\Fv~>2\H\\n)1}B\Ȟ\\F:_Zvj\'\r\}~\\\7Ǆ\O}՛5~g?\W\nY}c⠐cq\ԣX\-=\\\d\\\}#EA\\\\\6\s\?S):\\\R  0Eb\n\G\\Hj~6($\\b\'`\\B͠ѪX%w1ȉ큍\2ƃ*7\\5\\>o=ܓ\N\{WJ?^\\=N\0\0 \0IDAT\z#:\'5/|\" f\0\L	L\zNp\\"\\\Zm6gxHX\]S\\U\\\ZD;K\6\2\5ےn]Ì{\LF@\\Y\0	J@\\\\\L]:é(@&\2F7z$\$\}}J*,rz_w\\6˖SCxX\_~\Tk4Gx+!c{K/\\Z@^`]t\v|\\2\}\*E\J͗ګ\W+o\Α\r\\2g\y\09o\0w\j\"g?a\*V/\\\\ΥR\҃\\o\J\{Ko}.Hbe\;L!\\#[?q(ً:r\>2i|%QBFO	#\<\m\{@\T*\\5 ^CD*\\f7\\\-3\H}&?\P\\\\\\w3\\5v\\r[/s6HҐmʣǷ\,\\Zԕ.`\\<\x⌉RTi\ Ab\1Y\\02\X\"Pgn\jFD\[bD\u\xck@d!p\n\inh\\\0Qvm\e\FI<C@jݧ\HgZ#\sB?1ȡl\>\\o\w\ܰY\j\s\T\Ma\\!jYAӷ\\nhT]_\-\Р\\OȬҼ_To\J\;?>-zER$ȥs*\\r%Xe-[bcd\)\z<1\\\?h\H\K\ 8\\\Y\-YJ/x\pb{\r\Zo&AKmռzLr\\#`Jh;,B>ޚ(o\F[ǍvWog\n&C/a\Z9+\nӳXǹE1MT\(\CZ\"0\6W>޶ɚ\W\BI1_,K\w-u\?IJϓo%`+\\'\3_gO\Ųk\\)\\~9=W*.,@$\g\\k(\%k\|\1\\n\7en\0Ѵ)\\\w\'\\r}u\砐l\\\\\xA\j|\;\<@]f^\ɦ\M\w.\ZH \ܖ\[\NqGo L\"۷oW^|E1bD-nvD$1*S[k\Sr\'w\ę\\3F\\\yT?l\,%h\v]w\\\`n،-N\r\\\\\i5ho\~72<./\yRb\\\E\"6\\jʆA\8H)g\,F|T0`g\g{vcA\r\\m\sx*QBq5UI+Y&\'?H\T;#rc\2\[(0\ȣkW\\[P\!\*bIc|ڞ`\X\5\ߓ~1 \q\?uul\Nu>\ކHZ0ę\x\*_?\\+P#G;dѰ>ֵ\l\\'\\Z9cY\z\\#%.\\_~#\nTuA0~\\M\EUzC\\\r\ML\]dț\\c\\N_Č\Vs\\n_cݸqCbWFDu@L\Ԣ\Օߡ\0\\\\\<\u\0\Kfks2\g\JF@dk!\8#\w[XL\亢\\>-@[N(IIIj֪UKfΜ)mڤz \˚-\0	 R\d5\0s\\3]9VkE${_\51f\\/\f}\2\=\\=e\WF\ 	\Z4Zy&\\\\vN.\\)\\dv\ϯ<\rOp#\"C}f`~\ܰ\XkDI\X;\Bހ>@U4\'@@pТ k\0jmEZA!=q>7\W\\\\/\\cFJ%\	\mÒ\H\nzO0vn\\ E\\fKm\|\ϣYsG\_cz\\\϶}7=-9\0\r\sm`\\f\,@@\2{&ܙ9[B}7X[\ǪZ3\\Z|/	\\Id\Af{af^\\'~3# <M=[\.o\' ;ܞ(@d\닳\"\|Gu6P\]ƽr_GQÖ-[Aj\޽[5kUfl\h \yduG\-xbӆ2\\nCԖ\he=y!\\n\\n=,eV~?+y\Wmhs\\3\@ɶ\rVOt\kn)Ǭ*Q\\5\ܰ_\\0D\\\"ܣ-$I\\Z/b\s\n\kYW\[%I	2o@qjc\\Ij}\Xl{(#~(%@\Zj4{vc̆q-\\ֶ|\̉J@_ \m\z\\\\}\+TXRgE\ٽ|dp9\ٟ\\kU\޴\h\6\\!@7\8su\\\\R\v\~zs\\\\Yp_\\?\n\\D\\\VqK9\-!$=$\'>P\"\zV}`܁.ct,\wo\\F\-\sg~Nz\nzo\\'\˕W\\\o\2կuBTS+\"\,cbe+6̜dm|gRm\"-\\]X/~\Ǫun\\#7ej߈hT\\),\?W\\g\ی\Зg>!mh\\b\y\2\\\/L$\	$\\͂\Ÿ!ÆOF@\\tI={@`3g!\7\H\0\Qj\Y=x+m\\\^\H#s\k\\E7}=!8\zkB{{jh\'\fm-@\{ݸOVSo7̜(~=##\W.+\'\\3g=y\\"@D\KGɯߝٽi0yI+YaԀ\ax\\,ܧHg3e]i\/\\0_\\#d\F#%\ BԸ\>7+We\Up\^%=Ο:fmv97a.?|~\:J\y6\8 \\\?<\%<Ѩ\L}S\\^\E@\`\=*N6\2R0\rPDy\d\fv3_	nKRc:w\Z߈@C\\IZG@`\1ǂv\\H]y\{\.{\/Bxض6\\g\!@|\{\5w΋Dƿ\<N%͟ȪΧ\0U\\/	wԠж\qKnxƨO\nAAAR\\96mݥ?l\09y$&&z\0	\X*(=G\\Z\0`Ty\e}O\\\P_L\0|cD\\}\\FT=\\\mZ\Z\<\ܫ<xmg*w\\\anX @\uK\H5\\\6>*z P6\oy~\>cٰW\~r@Ʒw۱0 \\\"\-*M[a\<r`C\\Ejh+m^\={\l\8\`7\;T\\kԪo\\7^\F\%hWF\\75?\\1{\/ewhC\\\\-\DSu~劬4\"SZ#\Qj=N\v\*%_~\q3d\\A\JΉCd|\z)\\kKG\\;<V\y`V\ʕ3&ʉC\	Ԕ@c\TM\8\"Xzݾs떃FJ<y\\"\'$˕W\\bw[q\Qr\\\q\[\Z%,QG(>>ZUqBI+\\`FI\Z\\U(Bݰ^ɟ\Nbu\h<,\f# \\ٽg\Z\";\\riA# \I\H2L 9\wr0]vE\rwq͛B{\\'0\0\t}\]H\jOZ}\kzM.ᬸH\\H2L P$\[)϶\h\\^\VգWFMp`x\@j\iR|m\io\sϱuG\ \Ԩ&%ޛ\oSTKRt|h\>!R\Z\pnUD\01^	0?\ʒ\'\=>K!.+ZǶ\|F\g\ߖO\"\\q\e\5\r%\\)lz<VLس|\\\"p\\)[WD\@\fI\g\YZBU\łBe]y,za<m3mPk~OGzض#\g	Լ09\g)\X걪)Ƈ5n\\^_\X\#/\C\L\)W<\x-S0\+ݯ\\k@8>\Qc_]v,	\\\\T\\\<.J]\"s\ѽ;%r32Ժ~r{R4`JӿG\?N\=ߗ\nO=c\O\阏ݚ.\\Z>Jirr\r7 D_qkkLA{}ko\.\P\2\aoV\x[CpQ\0\\cƸH\c*Cn\-l\nh\\;F_x{reh\'f\Ʊvx\\"Ɏ\ZЏx\\\"@G\]$\aސ ^\\"=\0a\\nH\^]C\yFD\\i\(\/n\0h)	^1\\\\\Z\\ui47Qzvh>?Oc\yݼqC\\ՖyA\'\0\<\o\.\\D\\r\\xv\ޡ5\,$Z\\Z\\		/H+\wZ1\Ƣ\s=i6⥺耹\T\aGڿdI\4h֣qumB%׮^\\a\b;{sw\\nU\\ñ@v\'\\\A\#\j\x9\&2UYS\'if\\׮\\d\m|d\oJ\߿\˼~ip\`\իW5-M4\=H\ОM\vY\ڨt1\*(wW\T\Ư\/ @<[\))QHB5ŏ҄!ײ\u\!\Q3Ol~8mI\'\\e\\\s׿|aI쭆K\ˮ\\^ w@ě>\"@<Lyi\\\\\3k\(<w\:CY\v)8\n/\\\UL\Ǘ!N$\@ZDZ\\	(Rn\\'j\隡?Z~Ok}-d\Z\_\$թ\DA#<PcQڎC{xmN\Ǹ\?*:=s\Li\&jݺu2p\@UTRi7~N$T!;\n\lsFK|X.]h 7Y\ \nR|m֞\\i\i\\\\\'G@\\i\\׆, bZ߈_\k`\*^\\Y2p>\\]\S\\\Ed5#  \#k\Z\\\R\\˪!\"P\&-\\?N(=\dìIܫ\%@a\<wl-\cWkZ՛S5BQkTAbJ\m\P\@#\\QozUZK\0ٵ4N$\\\4\Z\7\x\\\\\Z>Q^=y\eĈ.)S\\\e\޽.σH<C\0_B\PB\3k\]&E\\$۱شs7\Zz@\ t=\\F\\G\\o^7@<sl:W\%GA$@\\h:=X6\˼] U^&/>sJ-M\\7\0uʕ3&ʺ\2v\>)Hs\\C\AT-HE\\SF={\\~\g}Q\. Py *m\\e+Z\@zƨ\GٳgˢE_uv\޽0@*Wvx0	\\E\!\\\Z\\t\[h	D\\O\Z\\K\\]~1\'Q^i\^l\\ @,]Itp{\\lE\f[5 ɝ\\۶\\"ր\qd>` \DCQ\K\=\?\">߻S\ ᩚıH&-\\\G\\ᏤJm\\"ĕV\ġt\4$\\\"ܓ5\H4\T\Aʼq\DY?=\:w\\ٓ\'dN\[\*\z=\Z\]\^/@d\ZeW$@L\0_=fu{\.?\n\ٝ!@<%Ř\\)PP\11\/|m8\zHto`\\\\qw_\"glU~KJΜ9e\;/^-[ȶm\d֬Y\(\͛7嫯8YӃ\c\'()@duI$@\'{_%@,LڙVS*!\\E\C`\$ߪ<VLr\Σj}yG\\'fN\$\\Kdӌ	\0q<T=y\\\	jM[I\\dn\`)\\\xէ=\Z\"r\l5I\OP\h;|:\a\\4s|u\\\>Mnj=:7\XoHt\\9\ر\رC^zɌ3$]s[rt\\\z\|j??^ʔ)\ǍH\{b錑\\x[ao\\'\3՞bpi\\\\\5 \$\\\ܫhR!v;\7o\rp\\\r>y\\E/e\\#GHBB-ZԣF\ҥK&VCʘ1c\ۄ\\\\\o!+VuF\\o߾s\NYb:M۽;Rp/OF$@\B\0> \\\>\` :(~\\\\E>߷SFoPSP\Z\a\4~3H\W\\e\̉*\ah6)@LhUOE?<R}Oϴ\nVc-\rx\{K\K\ރ\X~MZƆ6\n\{T>\F\\E2\"\8B\(<\߿?\\"[|NGWE\n.-HB\0_\:\" \i6hx,Z/LY~\	짳ԭ*!\+z#/\៫ץќD\\>\\%,\	Ao޸)\\m^\˖Ǉsg\WW\\]Vbcc\رc2p\@\Z]\t\\4h(Q\\c\\x\~N\.\\͛KE*\:\\'@+H\'\\{\Z\{n\ի&{V,\r\cuJ\9\$o\0kgNĨgKR\B;2\߼\ q rF\\AB\n\'K\hG8J>~{$]R0\rGq\/q\\g9K%\.6\\3ɞؠ J\\nGbCRR%Qef\=\j4j\H(:)	;\P{\'xB=L\>\վ=x\}6MGhq\\\o&O?tŗ\y\sV$6|Ab.\\0)\&~W3\"\\=!p\?d\2?ygv\>YH\0\\g\\uz\!Dzy~_\n\1\L#s#J\+3ǖY\\/믧C	\0	dO\nv=\"{RqϬ\2\\\\0\j׮\Q<PAH-|\,^\\_\"\"\"B\n\rlHd>\\J\e\ܹ\^2\ t>|X!\gzh20\~\\ի\\1n$@\r`,a\n&\!J\04q}\\u\x\\=y\'Lέ\4;7\2sl!@\r)|IGt\O\W\\M$@\(3jQCe\5\n\^Cz/\ns\\\n\\\\F_h1aȐ!)D\Ǐ+1cΜ9*>\\_TN	eA\gZJzp\\9eqC\\)@Ϲ֙R\3\q+\ZQyĈl\2R\m\tʕ++\.8t\\uރ>({\Q\'^}Uy\e\\RR%ۭ~\:Gc;u\L4I֯_/\W\05p\B߃\=L0AE\\\\.\֭W^yE\ظqcNt\\\e\ĉs\n\\>L}~k׮ߨ0@c@\=~::&o޼,7QqG )nmJ\ra*\"w:y,d\	h@$sl-\F2\\n.\,iB)i	ض\n)b*ʕ\\>uEs\0\0 \0IDAT$\%}f޽֣~J\W \{ϼ)@xϹ\HH@\\Sg!-m\;*Ő nݺ%K.3g\rQ\\nMk\Nr\έ\"\{q\\_R\Z5JW\\\nAj\B\n)\;\S\\?dѢER`Aߙ?\\>Ο?\PP\/T\C|d͚5jӧOW\m?t\\Yq\Ʋw\^%n\-Z؝OZ\pN\0\|\*! \G \g6KmķWp\Z\r\Z8]<\Q\roDFFZj-,3$=\\TO\\L\'\0\$\< 25{. \|\h(@\YϚ93s\\\L\:-~\PE	\B\0_ݳg\*~&M`;7nߒDoC\\V\0g5￫\cNt\=ȴi\T\sbÆ\r\ӧ5R\\/Jx\޽U@\" \a[\k\o\C$@$@ٍ\0nal,1\R|\\\'\	﹒\\qm\̙3)\4t\SLrDZ)B\\Q\\v\\|H %\n\\Jy\7\9\}$,B\\\*HFH\t\\5D3oJD\\7\\\"u\Ա\MꫯT4*b	-\\2)888E\ô~B(YdI\n\\\g\\ŋHe\\?~\\\1ΝE\E$@$@ً@\0TKZrtܛ^!J&jԨC/\:K]\\\\/؁~.-\Z3`\\\vt.QgP\\0\0\\bn\\\ِ= .\0=\3o\n\s.H(@8wI@9s脫W\ P\\\۲nݺ*%\;;VI\ٳ>|X՛0;\6{\\n\Xv,^X\~Vn\}\c\1ΝE݋)\s\$@ٛ\0\[\ɎJܺeW\\Kb8\8# \\\HH \0%\\\ЏI\\+\;	P\\\G\3s\'\S\F\"ߜ	N_0ң3\=`p\t\\MF*%۱\\?\\.V:p\B\\bD\޽Ha n\\OՊ@*\\rY\\[oI||\{ｷ۵kt\\EF\	\ںuJ5h\ߩLi\\Y߽X\\=gN$	h\"\`kQ\\\n<xCD^	\0	(@p%\0	@\\\_%\\'K\n\˚Wo.]J@@L0jwDeϞ=\k)J*vw;y\\0\P\Za\HB͈<x*\۷Kllo%@h\c;v\2l\R\=zT	\n)qPF\r6l*,#R\!<|\gJ@DTH\?衇R\\r :\˪2e\ȦMT\(ٷo_)UL<Y	?RH\3\<#KV\S\Z(RS:<54H\\+\\)@pU\0	@$;7\php\Z\P\r̃IHPš\0	\0	\0	x\0}Ykە+WNQ\^m\0{j\:P5~WA].>C%.8\\/TC\\\Z=SSB@@gŋWšQ:o޼n	\\\-\w=T\\\oUo\>%j<\#j\\rs@lDvTZU={l%j\Jծ\0a\03r\HU!@\@lc1e\\EZ\x\\gF)@d\i\0	G^:	@\8|w\\%d^\\0S0yI\H2\0S0e\nf;W\\\x\\0ᷧ\' !@\kNB$@$@$\\rX\΂)g\\Y:3i/\n\g\#n\'@HH 	P\\3IHH\0:~9\Ӟ%\0%؝\Vi\\*7p\0W  w\0\Nl~\0Wj[zT/n$@$\L\l\	Pų\L\"{Oo\rS0y\\A}\\|j\"p#\0^bܟHH\(@ڃ\0qb-\k\\M&YG\\s\0&@\"\\0\' \C\0\\k=}&ę\0	\0	/dj\n>wmq$\}A={Vؼy\ϑ {(@p]d5\nY}\?	\0	\0	\0	\0	PpIC\À\<	ml  <\վn\\"5Ȗ(@d\\\S\0\S˧\L>}8x   	\>49H &&u\\V\\jժ$&&f\?	x\0`e\ @\"ku`	L\$ \f(@d\\\0	x@Ԧg\L\Dfd\\5&2G\'9dH\Bd\y*c\SY\E%4\_\z\ΰ\9<g\}\y^^{\\\wm7z}z7`?~ynVE Ϟc̰;52\Z	HFW\ *\]w$\"\\rI[	H\HH6f̘l6mj;/\\F\Z?K\ \'\B\\BU\;PDI1\s\O\v}\o\b#}\\\\J4~\\\:k7攔$@$œ\@\k\\4{\\;oԻv@]@\hD\ЪaT: J\"ԕ\/\\'mAxh`o\	P\=T\nj.\" \" \\" \"YToD@D $@\\k b\()1&oy\\\c\\ٳ]/kkkc\[.\	FG	2ݚ6il۶)\	l3\i{	梁\'\M@Du_(\0/!_`X\\c\hR@=A\\Ç[mĈ\"($ \"nUT:V*Bk\xD@D L:ID@D$@nM\r\8a\[mT\3\\g2?	\\0Q^j$@h4@	HH\C:	Q\?)0G\L1\31vLPq\"H(.)R0M@\Wnl\" \" \\" \"&T`0&\"cgs\ԩS\C>\v\q\\\Z)ᪿ\z\!\\o\;\h͛7/\\/6Ȕ)S\\;\ƍ۩Z|cRD\u$@h0$xR8Jf@	g޽\z駟\\`I&ִiS[dEYf\\K,\,\\A-Z?Zr~g\al*\?`W\\q\}ݮ\=\\N?tk׮]\\\ov\q\\СC\=\wߌ\VR \\\\\^u;\\..]͡g͚eGq9\قO\vHǒg\T=j%\ԙ\ڵ\Z\Z5FfVK\&.GP\śSI \<\\W\[n\ӧی3l\̙߻?G={\/F@?\\jy\1;bUV=z\y\Wڼ\m]v\V[;\Q`\/?\\m,\\\{oǠ\\v\\Ԕ\T\z!m۶\na\\a	5V	E@\%EP\n\\"[ǽg}7W\nX9MƊĞػ09ꫯ\;\p\\r\Z\'YQ=j\(\݊z\\"@%tΝ;\{\1\\_t\@\\΋\\ם\o[Ϟ=\\.\ݻj\'\I*\x m\C7裏\\[o\>d\\__D\ro\96a\۹\\W\u\"P	\P\5\P\b\\Zd@2HHC\	^xᅮ݃:\N8\[|\COjc9ꨣ\\6iJ\\'Cäڹ\kl\5״{\GD\7\0n\k\u\\ѥ*\\/ARr	s\̱N:\\\+K \|M\L\06RƇr?e5m\\:mY\[*\' \_$@T\I4`{g\\%1ATO>\J\:\=\\۷v]\\4%\\\#<\u\]\<K\\Zk\M(vWz!\\km뭷3\>}\vᇻb\<˙\@\r\]w-\R\*@̟?\	&Cq;86\l3\\k\~x\[o\Zgq;\\*D|\wnO\Z\jU\:fG\Yge\?\瞎53\ϡp4\\%\\\vK/u\\َ=Xw=)8H5zh\\ﮃm#\\Z\Y³\\01xĈn\'\+bﾻ]|\ֺuk\'\fb7iҤXx\%;@] \" 1$L1tL	H(NP<\rV:0X^EU\׶\\\jl\p#=R	-\0\<L\'6I6o\\Z\\pFǼ2+S6Ͽ\;B9&\\\ׇ-@L8\=P?~\?s|\ÇN\\7\|sB(Av\\#|$8Ǝk[lEݽ3s\q2G9\\\\\ZjfP(\K/ui\\v۹\\r6\	 NG˖-\r!*\\\nqW\3\\뮮\L\\w~P\'!c\v?[t\E\IMw\)8\\Z\z,\\ǺzR0KN׉DyD@\0K(X˟Z\݄\\\'|m\V.xV\CDat\ ;+\	Ӷ\\\'XGzP# 6Eg\^\\O?uzvl\&\\\vU ^z\%_r\%8	\ q\Nv}BT@x{ᇝ\00B\r\Mcڴi\u\v[3\G\с\Tu0ymq\ . d\uEӅ?q>vam\\~\u\\q\\nk\5|TXr.,JI#\" \" Bc@D@D\$@T\\/\" N#HGV\nSgT%\VQsGyK1\J\l;%Qhn/\\g랕ĩD>}\\;6\oU˾\#<\V \\\JfΡICH-7\|\ѩ\Yұr/ҭ|dO<\!\]4O=Z}\;]P\!I>ڹy\u#MLz\!;\ݴX\Ok@!c\/g4\\ޏ>[9[\%l\?gu%X^\ZyC\\\\e\\z\.\Zk \'\"@,\\Y\-}\ȷ\"=0hA\\"v04nܸNH\"@d\']\޽\3\ɮl\˶\[\\\\*\eW	:\\\\;mڴ\\Lm\b\יΑ\0Q,9]\\G@)\\E $@\߇\ĝx0*\*\L^9XKąlG@=VZ\5@:\"\Y\<s\L$ʇ~\\\ݻwwKX\\r\Z\ҕ@\M7\\\A\\/\\;؃cV2;ɇO1[\KzR `!\H\q\\{)m\w}\g.\r\;J6\xc&K>w\\\bեZA p\\޵\5v\,}Y1\FM\4yQc6r+\Y\\/j$\(\3\GcL\:9\v\\Z\'	\Xm\l\W^`FL9҉\20`\5T\\z\\\\+E@h$\#`K`7F*_\\;س\>\\gXbrG6_f1\bb\麰H\\G@E\\E $@\߇\ĝx0J +\Lf\\'(\.^Tcf\oU\F_n\\\*\%I\\'\m۶KS+\MؙAq\\@$\\R$\;-\Z٩@\k\A\^[I=0n\ `4\@j\ާk\q\]RPd\BJ\@4!H08# \\g\ \~GN{\b7Vr\\<W \\(\3\\!x\\yb<k\\\"\xc\\"{\ ;D8āL\\8Ƙ\F\jpMMMM^^8+\\\Z\WR\'q\"@|\\'R:1?|j\UW\h\%N;,>\s\e\;ӣGzs\\n+\\7<\\wJN~\NW\\\y\4]\ǺXK(H|$@\#ߋ@	\WWq{Dz&ͮ(c$3Iw\J}\/A\cM\\\NU\>I1X\\Z]@}	uAl\eG+	𓏾s\\N\r\%\\\\L{R\ 0+6\WFE\AL\.@z\U\'p^z\r|A`vi\\0?\"Qg\\D?8\Pd+\\Sh\\\2ص\RKel`=ct|3\\o\\nsg#]\I\\ISm\rQ\n\@x\A9\`\/Zn\\\/\A\\\H\xB\aH\u=n\6\뮅\9\(\=m\G\vz\\\(Gz9v 1\.B뮻K9\<y`B\h߾O\I\q1uy,\\%@KNׅE@DX$\N>J~/\" \" \" \"P*	l\l.W6h&y\5ה,@\\n\ |!xn?\'GZ\a59s܊e|\\\' Jp\Çw>0fR@6\0jf2ya\\\\@8 \0\w.pNm\ۯ\N\ш\<CП:\r\\'ϮcȐ!uM\G>E2	\y\u3Q\\@\\" (0y\\\2\\\F!\\BBψ\0lD8HBS\Ǥڙ	\\\]<_>m!T\",0Gh\\N\X\_`뭷v&~@L6lu\1j\(\'# Ffvr)\g\%\B\-Z6Kz:t\\\\{s2e:GD\t]X$@ER툀T[Sg::kUiS\Z\\\[\\θQ\nƅY)v\;nGA\b\'\B=	qXELXi`OD\0ѧ]\r2&\\nbR(\:\믿v\Y	\/\zRt,<(乧:uZ\0}#hK\\H-\rR\\%\0♰\\|]\M \\E^O\nTq&uǈ\KjV\⤮\"8\\L\"IuQgX=\%t\N~d \"Yco$@\\kYD@I@)\Y%\" \"l \߂{GtVز2\0,XLNsV\g;X\\u\Y\ϪsXy\\r7\B\\\\.sK\'O}ƌnUfm\DV\'<$+}\f\}=\\\r\&E\n\\P\؉zP#\\I>	\&\\H\Ċ\\<\m\ܵ\ѓ&M+ԋH\N L nz\Z\<̈;`\D\r\B+\\Z\e\iV\	&\3\V)x`\	1tZ@%@\i\gϱ	Sf\\\v\H	\K@)\"\	\"{*B{\" \" 1$ \"N+ɤ%!O1[҅&(/={lW]vY\&\IHCQgv P7)H;Ctg\"\ -Awv\n\(lA]nzR\:oKo®3\8\\_}\>\N\=\=\\\d\?Zw\0\0 \0IDATe#Ta\'\0\S2U1q\D\' Xi\\\d \υB1av@԰?kg\\aS\\\(fKzX\ݝhHD\؁ (\s\E\r	I\)\\Bh\>\g\/p)_CD \\OnM4m[F\PY{*B{\"t@	(S\|a٧vj\'$\\a\3\s~G\\"\A	AI\>/+\\]Ԋ@\\	H\d\' \"8+)\" \"P*B]\Zv`0t\`\\0<1ϐW>K\rFv\$=\W. 7\\#`d@)zV\A@D<$+E@D \$@\Ļac\U5\"mI#Jg^}U~\\_w?j#\"\q\ǺhvG\\tA@Eà6J!L\ӵ\" \" $@h<TJ{ \K	NR\;p皚\\\h(f\k]-jod; (~\G\8\֗Xb	{\_E , \\"v%\"\Œ\u\" \" \$@hLTJ{ \	lZ#P\<C\aÆ\\^oC&Vz\nDGqEП|I\q\]D L ¤! jJT5]#\" \"^\" \"D b\\B1\\\\omg\\+<v﨣rdVXam۶nC\1i\$\K={{\7bdN\0Q-n?%@D\7ILE\QG$@Ч_ͺB#\" \" # b\q\ yu@1\3\z8\C\\ڥ\Z\\0o\<\?\\:vG,\B6|\+\jI\BTJ\}=	\Z\rE@DC\}D@D@D@Dz	H\%@\ġ2S\"@{\6t\Pkݺ\y\\/\O?\\ΝW5k-\2z\?ڈ#M6ֲeK\رc\0\0QPi *\깿R0U\S\t\ԮULhඑ\y7,40X\}t@`2\\t\M{yk\X3Bxe\\xXK:\\\A0fW\4\V\PO\0Qi *\\_D@C\\q\Y\͕)9UOD@D@\@@D$E@\NGނ?Zj)[wՑg$@p2iu\fcƌ\xS7\sls!D 8	Y\L\TZ#DD@D@\Zg;D\0uRŁ\Z7\k5}O/Y\\l; ROz\W\NS\{ P\F`\ִIc\ضetI@)\D F$@\\Y2UD@J@)b\\\\).\`BfF\0\\|\\+O`&\\[\h{\\61A\^k\'|믮\U@:֘\\0|\" \"u*Bucj@\\Q2SbF \\\\~\m\\'x\"fddn5P\nj.\E@Du[N \\\D(y#- b\()1\"f\ru[@^*BN(3`*3`5_G@)4D $@$\\\D{\$@\\Q2SbD8n=\#vü5kK{QH\na\"\0	\Z&\"ԕ\/\" \! \"9TOD@D $@\\s b\()1\"н{w:tn\\Yy&FΓe% x\x\0 @\)\" \" HI\'2\\riäD@2\<q!\0Pi *\깿R0U\\\%p˸\\\V/\0\\D@D\$@T\P`0\'%\"P<\3ųӕ\\" \"Yco$@\\kYE\\7Y-\" \" \" q\" \"&\R`0&\"cgb\<*	\TcE\0Q4]R	Ea\E\" \" \" \" xk\Lwvv\n*ާRwʫ\q\:ϴj\ʖYfk޼h\\Zli\/C=VX!d@@\A	H\JT=VO\0N\(S\0\\D@D$@T\)\"yA?\f̘a͝;\?\\͛g\\G\5&څZȚ4ib/-\\"֬Y3g\9s\Xǎm\r6}\\ڷoy>2zL=\&La;wиG \Y#\" q&\"\ql+	q\(+\\ѣs\\_\7\|cӧOw\;\￷Yf?,k\\.\\.Q@2ݚ6il۶QD@D \$@D\92MD@R0\\\ac\])\"Pg,;\8\;\#FX\Ν+@@\\"L\\o:	HN\\" \"%*B%o䰥R\\" !\<\ƌcFnݺ\+5!P\n\\nxP\xMV@!$@BK犀rP-CQ[jRD B2\\\N駟\"DGT&oGJM$\*	I$	HЈ4	@G%0\\\&\"CQgڶmkl=\1$)\N@D\=U:>K).\"P<	ųӕ\" \" \\0ǲ`\;T@晡C\\Gm{EX\\M@Du?\n\0/\H	\z!\" q& \"&ދR`0&\d@6\,\6d\\ӧO=\\\"P\Z	\ե\0Q:C \" \"7>j\	C_؍,\z-\"Qg\Yg\\<|1A$@$ș1\:.f+S&E@D@D@D f$@\\aQ\\(@\\=z\_|aovЩ\"P:	3T\0Q\Z?]Pg3E@D@D@D@#\ԙ\\N\Z\@jԨ52\\\\ؘ`l\P6\P\\'p\"hH \Z\" H\>\"P9}\\tT!	U\tuYD ?	;wI&\ܹs3D D\gϱ	Sf\\ڇت\$@g3K#L\\\"*B/\F\04端;\Ú6mj\rJLO\;\]\<L׿8IK>ĭ\Q N8\m\ԩP\\Ϸ>jo\ի={9\F\ZeW_}hѢ,d\\̔\Z3?e5m\\:m)\" \" \"P	%\\\\" \" !P\n 6DQ\9s\\#aÆӗ\\rI{\Gmm	ry\\Ov\QG\c=f\'x~\\\,@\6p\@\\\\\%\<S\0\_9qn\Eݳ\gـ\\g\\\wߊNEW\\q]s\5\k\=\\`\\^sEE$ĻX\P\Ȼ\o\^\w\\\rt\\\\Nkݺuˋ:\\~\;\ڶm dQ\E\ꗸ\\\\?n~j\瞁Gm!{ڎ\;\aU5k1\<\9\ᮻ\*Hx\glUV5\X{gF)v.`\dA@D\t@$@|+0X.Y\J\ j묳Nn@Q	^5XcrjK\<s\9\\UW]e9v\ygWT:\T\o\SN	&Eq\T.\\_c\:>\nuv\\7P2Ztn9(S9\LTZ\BO@D}@\	H/\`\;\\~\g׿n\\",R\\Z\eT_\\\0\҅\\\z\!#-Rmm\9\\\.<* \|M=zt\km\\\\\\\073fw\\r7,I!>\{\M\\ ?:LTL`\\$@hP@	HH\C:	QPy\\\{n]Ҋ\\~\ֲeb>fDv\rZ&K\nK\g}\\\SAY\O:1\؋/\Z<+믻vB	\ \t#\g\rs=m\o\\\ߺ0p\\N=TW\\/l뭷\e*\\n_\~\\\n\&[jl\ĉv\\O?\R`#v4i\$\\Omcǎ0`g\\y\]~Oy\u,RScej\\Ϸ	lt\I\\{\T>ݘ\Z2dm\v\\ꫯ^ׯR\\\%\\\u\]\\H\溎\}\G&\?K_ڿ,\RVړ\7\p|\\\g<\g\[oe~a\\<\s\ۺqO2Ϥ>o-\\\ovQN?_\\^n\#\_81h\\\\\\\#cA壏>2\I&\\\3\\?\\\2\7%6|nNc\ր\Lq\\\\^i\\@\g=\l\M7u\e\2v\\\"yK$@¤\H@D\\zIBO@D}@\	H`\/\08x\\e\	$0HpβVZ` iK`mϟ?\Հ9s\b-\\\ݻ\ k\7h\ \\i\\_va\\+4\\y\u\\.\\ƿ;C]@!X\\\N.؉X5+\=\\\z뭶\v\ي+肽0Ɩ\Ç\Fm\\Ѱ40\'py\!\m\aGk׮uoU\-Zp|	<#l\&\;,\b\.lƝ)O=F{a>H%e?ƍ\n6a\_[\޽G\G\\\0T\לּG!`\Zk1\-\3fB\\\'loc\A\V9\\3뢋.r\s\`\c\w~\Ln\6ǋq@оTby#ec!g\CuAc=֎9\\'\"z\\H\\\\_\<Sɼ\K\<\K/\;׈~~Gġj\ !2g\"~Pv\0\\"\\17ήz\'z2\\"&\r\-Ν\t\"\\X\N|cPD>B}	H(7a/\" \COu\\@\HK2TL`0*]#OjSb\cu5+	`-\r.Ί]\\r-\BNϭ\7\x,r\}v,l\u+z\\@\k|]׈ӦM\M\\\n`˹s\ ;+)`@\@7A||^z\%\%h\\gֈ\Z\ǀN|\Ͳ\+\\s\\qһt\\ \\'\jxD\\\`8\vNzq\\\M0bC}g̲\A/SG)\Ay\oVӳ\Z\(d\{\]qcV\\v\d/;IǏ\\A|\SsOro\Vsbn@@\CEh\Ye\\jy\\Fc_~\\L\Lz\Ϙ\~_\?È>gҋa\\L}\`zZL}LY1?9GD1\tM$@ISmTJ\/\ޅhN%E.\bX%aE-A#WЎ\Ӄܾ\rR\xվL理U\	ҿΝ;;\0:it\5k\,Pw\\>\'z\nU5B;8r	?蠃l\ww\"+)\\VT{\.@9l\0kݺ[\]g}	ֳC@=܆ X\w\/x\\'(\A\$\ZD%T\<\0H\n9H\2˸C\'M\\K/m|\\N\a\u\9C\l>˷\j+gBD\ {\a<i\< ;nz\҅\ D1a\\|\\6\I\=S\\,\/\\E\N%\"\0-\\B\_!\J(\-	堪63P\n&rxk\LwN\ZVi$\rj7*Vͩvh\"r\;|[Av\ \	\!.j9\;]\@`\WHEC\\ZĬ&ERH\)I- Ja\0׸LRTA\H?\0%EHEaG}\IҐO\SJ\S\G4\=b8`\'\rO\\\Ά\H\F-\0	RlۆK\\\v-5Sj}b\|\瓴`j\\lD%}OD&4\|\#󡷑!N\z2Y\JP	qS+T\57\\ \HBI甓r\U۩TZ\AO@)\cPD@D z$@T\')J;2IҤ!wR!&*?=(2ڧG\"mO+D3_{\56h\\.RsC@\tvV\!U\\\Xu\U]pU۬\\ԩ\ݣ5*=\\\v:KIE4D\p\'\rXӦMRϰ\\A|A HM \rMf\nR\\e>irs\,a\'ϨQ\\BW\\?\\\"H\r\0z\rb9v@\)5cU<0\$@_@\[\~v|1\s\Ž>3E\"uNj*)E\2DTv\OH\ҋŤ`\\\\sc1c%\5\gϱ	Sf\\\9]\@\$@T\rf! BCCO@E\cPD@D z$@\\'\(0L`+\A D\\EC\M@@ke\ns+\)l\vC\\.s\	\'\*}_u\6s)A*P/L![\O\\4\u5 \\@j\nx\m\\NČԃ0s\\\06\}C$iI}D6\4\6s : &\"\nLRw+\V4VCq\4<(k/4p.\	j\aI\wexS駟:!	Q	\\e\ߟb\\G\\`\r\\p\\]:A\\L5`ԧOV\$!AbϏ`4g\n\w\H\E\w\\u\Ѽ5kKo\\\.Xc뭷\;\K\> \3>\{\1Iu|¸b\uv\\\	2w Ȳs\:\j߾Q	3̘G `\y\\\\C_ᇝ\ʡfF\Xɳ}\ݺus\#\z=528ØoIKG_(hͳCz;L\'\ܑi\57;^tD)ӭi\ֱm˨*bN@)b\@/H\0IR0ox\Zϒ-$ LM6.Ka!\Yқ^HBP:5ҷ\0C4\ \\[\O0\\R%pO`\\o\iB\:iEh]\r|\z\\7\_KoI\nB\"UϞ=\Mr\'\	^9\	\瞮Y\\\~\n{\ڙ\W\N\n\S:Ӟ6\1\	*@\/&\\\\nhO>\@/y\\?^}U{\c\Vh3|*\D,\\L+?\\'e\br\\\.vrFm\o8\	st\\\r{\Z\c\\UJ=3\:\nA\/@0~c|hv%\0k|\(\\;`X\'@\ļ\\<\"\R\\?\\21\?#\lg(\<®%R\e1y\Ir=S;\\\\0>\rv\n11|3oӟ\y+\\\n\\47\\\P튀@\HGdT\\Ƥ2	d1b\q@Jj?gQG\s4\\\#W\8\/K\'L3T\" \" \" \  \"\Z~\" \"P\$@\}v\0\0 \0IDAT\ac\e\\0>c\"\\~:\a.gey5\gH\N V\K\Q\>u<$)Iތv_)\u\"	aPT\" \" \0Q\n4_\&\\\o@J[vs\s\َ;\\\7U\y\o\\-KaV\\\:\\\o	qRmT\d7JS\(yC@yH(W*\" \"\*zů@U\<cYk\@U<u\0Q]bo%@D\+ɴID2^@*	\Z\" \" & \x\i\" E\<S4:]0 \\vGDS)\\"P\0>j\-\\n*\" \" \\0.ϲ`\Ъah\P	H\H4	\/\" \" \" \" \"	a,s;\n0\3\Z\" Bc \Z$@D\BD@D@D@D@DtoM\\Z\ԮU\ŤF\ZY#3ɦ`l<%CE $@\\w<\\\.OV8	3\\P\n\\*`d@RHH\'\P	H\Z1\\؄)3l\\c\g \\xٮ\"\bu1\tF@Ditu	L8ю8\\m\/\\\\ٳm\ȑ6j\(ꫭE彡Z/\b)ӭi\ֱm\\\TC\"H>	\z(\" Q\'LQ\?)0G`f+®\\Z[s\5\{\\0\(gg\IWm@(S|\"D l \&D@D@\n%\"ԅ\\nV|o;k\,1bx\9\2[Tw\uW\\3\<c\\ZE٥$yFB&L\Z	\" \" \" I! \")T?D@D $@\\w\n\\Q\/\رc\SN\ye\\n}^\\~3\<\\+\"D/j	5aR0%\DHAF@U\0+0G`\3\\駟ʠ\p\=5l\\^#mkDx\\<Ko \\$X\"\Ib<LRH(0(6@\ny\O\o[E\v\\ܹsK.\\Z\}\9\\'|\GֳgO4iR\ϰZ\r\\p=\ּys;蠃\N\_ܾ\+\;iӦֻwoZ{\\~~Ɏ:\({\G\:\\O:\$=z<ؖ\\r\\;\\^rpx;:\6Jk֬Y]{]۴\Oص\^k묳u\Y\\?\\c\\?ow\y\\_>?\\6sǻc\ԩ=|\ k:v\h\\=\\;\3\\}]\\\\Gu\箻\\l\?ej[ፒ\lILu]^J\0QiT\Uz|V/	\\{\\D@B@DT<\\qԼy@\}嗷#G\af^z\#q\.8\w&\m\\gpx≶\;ؘ1c\\˜C\\޵USSc\_t\Eֽ{w#\q\gm۶\SO=eGy\\0}>sCD \\\/\\0iܸq\EY4\v\ƍm\\{ۢ.ꄊ\\\\>\Ϝ\O>d\x\\\SOuM{\dM\b-fCe]\	\F\iΈ5vr\\r5W]uU\\\|M\'Lw\y\Zk9\FUpm3:Ԋ\J\0QiT\%@T\\\%@Ч_ͺ\@=8	wA0\)\Y\~\v\7~\\\DLB \n\0\)\rvD ^d׳\/8\\\>\-\@j\~ڴiΞw\ѵ\\k/kᆶ\/\' bp\\>\c\]w۝p\%~!s\'\\\L\C\0\.v;{\\Ή:<< \~y8n*y$@$ϧq\y,*S|}\'\E@D@D@D .$@\\S\n\(ܷ\~{]0X\[3{l5jk\*b*@poDW^\\'O\\\\w?x{3\I\\/\\} ]\! t\\\\\@\\իWpy\5 	\-]\Z\nmF\K\yHoELy\\0?%\b	I#\" \" \" \" \K୩3]\;kU5\Z5jd̬\/q9\S\n\"{\`\'\0)n\6WTE\(Uȳ\>\R&\\W_֭[NَL{v7zp\&@l\\\"ώSz<oCm\\H\p	\\V\O@D}HeD\޳+St<\"KD@D@jr>>\sv\1\8 _\nVX.؞\H뮻l\W,(1\ .ă&MbΈ\nD\z\YfB\ԧ\ѣG\F~)\\\ߺ\|]jA\\\@6l\r>\Zl\\\'\r\<\jXp`Zi\\*(\nVS$\Zm\̙nɁQ$\aZ\%tR\rŜ\sls1\̏+	q\\\V\nL@TPb:_D@D@J\' tlaʔ)֧O\ر\/`\')(\K\r\]mԥ3!C:sj\'\ޮ];WL\Z\"ɣGvAsvAl\fxA\\\辐5H}\:\B\\0\j@5|?<3\\w(\r~wB&\'\\'\>\\"mn	&U -hS+b\vs\\"0P<zҤINp7\\옸\[[n\\G\Xqik\sKЀO97on]q\.\i\m-Z\v<]Χ\A;\?~c\RK\|\\<\H>\0!%\"jBD@B 0~\tkڤul\2\Ԅd\'\"\\Z\"| \cPD@N@)\\S`0>\ \'P\\yڤyꩧl\=tERSsy;\\\\0@5\ >x`裏\y4z\g\\<h6z+\Ə\\@\@| (\\*;=P\vg r\)YOs}\\")\͎\8!߿CF\T\'Nt\\rE6m\N~Չ=\\w\	`g\K/\D\^\8\ת`\ӧ;^c\w\"B{\Wlmq\M\̙\\\\\"D\\\GH@\[C?\9\\A\0\0^H?\'h\g\\7Y-\" \" \\0Q,9]\'! \">\" \"T*B\*0\Q\0s\\u;!\5 \\sN (Ɲo\@-\1b\m袋\t\\\<{!P\n@\P\nȻH@\$@P\rH@D\0\r84;ة@: Gvbs\9\[]o6r\~0\nj\O@FM@E5*M@)*\\_D@C@Dr|@\\	H\\\(j,Pd9\z|\ֻwo\իK/O\v\y\H\Aj\"_!\=IkDJ(v@lNO\\I\/tQoy,\\\<\\\u\0U\T]*B]=VOE@D\$@\\G@D>B\q\z\YW\\oA\	\%PÂ:	A\\חz_e_\\<\puh\0mTu \\\R0E\B\I@D9\m $@sd$晄;X\L@D`T:L$@	]PkP@	\2]\W\!UE@D@\"K@Dd]S\0c\()1&y&\Γ\\0*N5V	E@\%E\0Q6]$\" \" \" \"P\0	\\nV\-\A@LuY\O@D~F:$@Z`\h(7\t\ԮUo1\\\jkkk#cT>C\GH(\R	\\0OƷ \\;Y.\" Q#\~5\F\,\#\" \" & \"\\U\D@% Xr.iϞc̰;OZ\ԟ\0G\Ld@\HHK\!0H\\	2ݚ6il۶,1 9($\X=P\n{\dĘ\;O@ThDbF@D\&sE@D T:&NU`0&\"cgb\<*`\n\Z0	vLH	(\5\\n6,o\M\jPk\\TR0U\\s`_\K@D^=\0O\C8Jf@	hdz$@SA@EKD@D@2\0!\" \"Pi *큀W`0 (&\"PG`ڴiֺu\D4\FN@D\\IdĄ8Jf@	HsdDq\k׮֥K>|x !BLD\'3*N@D\]PH!\`\0P\F\"P1}լ[\\\" \" \" \"&c@8Jf@D @\\\\Y\V[\\"4\D\y2\$@T\Uo\r@En$\" \" \" UK@DL\\`L%3E \" \bgQ.!BLD\'3*N@D\]PH!\`\0$@4j\HD@D@D@[Sgwjתj4j\\\Z2\\&\#M\"D\s\=֦M:\5\DϏ2$@T\? 4\Z\ZR05i\G*G\\Z3@w*$ \n.@\\'@d\"$@T\(Q>{M2\v\\^D\"$@Tn*\" $\"ԉt:%\" \"q \"\ \'\"P:D\X\u\?8\ZOkG.\@ \" \")ӭi\ֱmKQH(	.R0\0!ȵ2\C&\f\\" 	&иqc\%@$\\\P\n&H>	\z(\" Q\'\"\Q\?)5JL%3E \"\"\"$Lt(PM@\H\d$8UDL%3E \"\nŨ5\D\y2\T\.z\@\0\`u#	CC@DL1q\\\'@\n\d\3q̨8	wA\\"\U?\ZR05j\H*F@D\\\\\" \"  66AظJ@$d n[^N\3p\0	pB \/\" !\0\"L5%\" \"P\(\n[\_`\3\E \ jjj꺐Kx\'i\e{$@ISmC@D1\t@&}լ+8\" \" \"P1 *+0X/-\N\0k׮֥K;\iQ{ 4*M@D=P=W\n\z*\" \" \" \" R\\\\" 6mڴ\<A#\0Pi *\깿PW\S\t\ԮULh6j\\\ZD\\rE@\"M@D\#\\Z[e$ BHh(ҺTR0U\,\" \"P$@T\\s$@hx\Ϟc̰;	^7U\nt:]eT\DHAFDyDT+S[\&cۖՊ@@	(S\\\ZB\&\H@L5z]}H2	I&\"  \"\)0G\L1\31vLR0SDR0E\92MB\" \"$jFD@Dh Fװ*0ذu7Fg\\\s&*BqQiJTi$;\S\=\}O\n\C~6h\ \ڵkr!g\"Pe$@T\\] 	tJ&dĘ\;OJ@D8\XTh$fK.m{Tw\\;\F\&\{#ۨG\0Nx\0?\JH2	11q\\<c\\P	H\Z+\"\@ ￶L\U\~m\:u\^\* \I\" \\+Y*\" I% \"&U`0&\"cgb\<*	\TcE\0Q4]@\0~@uĊ\0A~5\\\f+\" \", b\Oc\()1&y&\Γ\\0*N5V	E@\%HI\'H@D0\ٔ夫E@ yF\@& B#\$@T\ɽR0%׷\D[Sg:\:kUCQF\\\jkkkCo\\\r*0X.jWD\<  4A@D4D+\_\u\Y\U`J\էj\'p\\w_MjǠ@\0Ѡu3\0O\\r>{M2\v\оܷR\"\rr\0Q.jWK@E\Y&\" \"\\ \[LD JKE@D D\LM\Z[Ƕ-ClUMR0i@\0Q}>WE@D j)j\b1q\\<c\\t@@E@\)\"0 \PuGD@bH@Ec\4c\()1&y&\Γ\P\nPq1\0!g\h  \Zn#\" \"c\()1&y&\Γ\wv\+lHn\D (`\nJJ\J@)\n%E $@\߇\ĝxP\\\\ѣ\\{\\\Zk\\Z8qq\v\\믟&_}\q\ִiS4hP\\q\ofcƌ;\\\:묺\+\9\-jmf{\쌊=g\	\Qi *\\_E5\E@E\EV\@t	HodT	1t\6yd\[\\\'\ʮJk֬YY<\/\Ad͛7￿(\\v\\w\m\'x~\mE\\n\f̘a}aÆ=\o裏\	\'`K.d\\G\DD:\.\\\0v\iKz\);\#sX*jN\晊\\\cM@Dݗ\%@$\HEF@Y	H(+^5.\" \"\0pJ\s\=v\\!b{챇\\n\Bرc\nT\\㎳m\$@p\N:Ɇn_m\ꫯZMMM&%\9\\l\.STS.z\7s\\\}\:[b%gϞN\w\}3\*6>\3\*\\u\gAۋ\yIg\Vċx+\JHW\\'`d4$>j\m\[\^\" \" \"P\\\/\0\+\`#]\0n\;ϮZ:uz\n7\z\WT%\9oV;\#)@̛7\.\\ڵkX\w\\\Gm\{-\bNx ֶ\n[Vߟy\ַo\:\"\ϊrhD.J\<2#\$@\\y	1]DBnu\"D@D@D@D \$@\\I	\'\\7\lkV\\gPĔ)S\\SO=\~\7-[\e\A|3gەA鯊\\?\Kv\3~\O?\\D&M \k\*\~\W\\\lH\k\'\O\<uβ/$@D\GIPD\=\\I{\YD@D@D@[Sgwjתj4j\\\Z?M$\M>VZɖYf\SN9ŭ*\'\={]vn:3\\\/}\\\? z@>[\\\\\[O\Z\CdJ\y<K9믿 \o.+䡇\^uj\\O]w\\\Z2dm\6\^{\nr\\/E\;!bE_|ш&\\0\0 \0IDAT.\\"v{챶\{fm\\.Ws!կ\sHqﻱ1`\0\KviU:urvm\e\8.\iz#\gu\q\l\\\Z\\:v\XǓ\gqF\\^{\5;\88W^NDJ\\Z?cA\\O\r\q\0\\s9(ޥK\KIg*O7N	rg,;#\"n\J7\H\޳+SP՘\! BC@2yR>\/p\<\D {\YgYV\\3ͪx\\L3z5 81\m]Vq$r\]v+JM-Vُ9ұ!EլY\\w)d&=z躀ys2\@o\\W#<ˀ~\Ծ`ER\c\1\\Ρ\\\!%WgΜ\\\֭\\;\j\j</^F\\\\\'a^j<A\Z,`\8 f!\ne\Q\g~\\r\dM\\?w\\\C5\ƍ10A\ZO>\\Yz\+Jv\4Ϟc̰;u2\ZH/W*B]TPW\-\" \"P$@T\󙂵Y\ߖxP1\	\.\r.=\nƌ\/x\\\\6\kBپ5+\	d\\.\M\<#暌v\"p<f\x\\\\\ǃD6mp\\'\㏻4Dj`\\	vvt\c\9\ckKS\r\:\ѣG]\\n\\\l=6\xc\'<d\Z0ſBH`\\\"5O\!\v?D(bSs=PDuC`\ִIc\ضT\XVH@D>@n 4BD@D@*M@)*큀OB`0[M\\\-Z$R4%\rjR\d:`\׎O\TF\\\|\-,\\ԋⳋUqB\ \~z\%}	r52\; h:J\q@\0~6=\r6\H\\\\Gl\&4K@(\'$H\oZHQ\0\Sr.\_\\ݻ+\σ%\"\ZH\<SDuT\r`\ZW\"PG@@	u=Iz\\K{\\0Z\"W;>\\N\&L[o\%.)HD\0\?t, \w\\d S\0Ag\ `NJg}\6\t\z]LabֹX	\?pu6Zj)iܸq\n0]\8Aw\\;J.	L)׵\"\	(Ƃ@R	uR=~@v 4:D@D@*M@D=I7\\\\'N֧	e\09inHӺuk;\Q w>О\`?)HU\a\/\l#\jUP;\Nj ɓ\';\Z\\Bcb\W\{2\; ؅J}\n]O\;\\\ـ\\ԩh֬\\v\"˙X	TS}q5-v\i\'\\\\\r\Y\"\\\HQ[\(Q\\"РTAq\f(EH(Y+\% \"e\" \"P-$@\\\I @M  ,+\7\l34g:\'.\0\oڴ\qb\r7\P\Z\\FAc\\ZP297\h#w?c=\\n\k\\{3ݬl\'E)\ܹ\z\&O!f\r\P@{\\\7)Mo\6\'\\\;\'}\\W\]PB\켸\]\-@\əPSx\_\q%\r\*b\r=\#o\7\5Rw^xA\뮻\n\rL8\\{oWF[\,~\@m\nPS\Z&\\\]uxs.\_~Y\g\5\n\\Etڙ4iR]=?aM\*_182\T\, \\8FE\\xجL0	H\(bU\	=\\:\,#0\\iU|\0\ٳ\\#v\\e 84?͇\\E\:VX\~F\l\,\b.\L	\%a;9R-\rQaCj*V\Ϝ9\\\zk\v.]\\\u)}\!\\'R\?\\w\"EAvVFBd7x\.l>j;wv	rqnݺfT\\'b\0?\\\DP@\6\nc#D1>}#\\\ra|N>\s\_}\'!=\v\:\N\r,\\۴i\\	bG\/~\\\Z\\2τ\C\T/	\\\\DT<<;T:y>UD 	\\" \" \& ܄Cj_@4\hp\$@h$TJ{ \0\\ߪg\"\0A~5\a-\0$@\d(0G\L1\31vLPq\"H(.	D@)a\I\" \" \" \" !\0\"\r6`9\mh\8	H\H4	@r\\"\\z&\" \" \" Q!\\\3\\\~tZ\e\I=H\\Ȍ\q\\<[\\	H+邀$@\D A)A\TWD@D &/\9\p\:I=$@$ճ\@I$@O\'\sls	ꕺ\' \\x٪L0uՆ@!_2\0QȈѹ\" UC@@T\Q?e5m\\:mqKe^\u\<&{Et JgD@D@\n#\F\\Zj\\T)	U\xu	Hj\" \"P/I\\ME@\ZiӬu\ցo ҉	\'$\ԩS\\}Zf\ND\\ٳm\ȑ6j\(\m֬Y.\~\6lWR0i@@\0Q}>Oj\/{\\m\I\U&\Ϸ>jo\\\n\6\ԩek6\\Tq\\Y׮]K.6|@Bh\#\{\\r;v\h\\\Z\rgLwz\\K.aÆ\Z_Eަ\"\+B\oڵ\^kgqo:qR\oz\W\5\\\ck\s\=\K\'L`\\pMaR0\\\Q5_E\\%\#P-C\=\\{\m\%\\\ڏ\\-|\[l\ر\ۮ\jru\\\Zh\#\\\\.6mڸ,H\m\\"\gy\\g\\\w_2e|\\Y B\~\P|ID8#ID\0DMMM[mU^!B@4K\08餓\\1\ӧ]w\u\71Y\\j\#F؁߇\o\}Q\fm*jo7O\s.\\/\;\Ya¸ڨRw\uZhav\Y+l\Ö^lQۿ\UJG\.	\\"vE A\\\F\q\\q\Wڜ9s\\϶&MD\AX\3\\*R\bo\1Yv\e\SNW^\O{\m\֣G8p`w`ķ\K$.`\\\z{7\7ǌ3\NO<\\[o=\K B\ZJjFD \ \b\J=r	a<J\0{̘1ֳg\z/\z3>>^~e:L\oa\_}\q_\\l۾\<L囏5\"P\ntX׊k\&[t\0Q\n`]R0i`@\#8\N\w\yǉ7\t\\\`\0\|+\-M\ǣ:ʽ#Ȥ/rb\\{\\>:}|y\\UW]\\"P,Lm}\\\.奖Z\\u]\nŗ$@\\\u_lah\?[ӦM\\YE:#<\V]uՆ1$\]X\\n2짟~g͛7ϥ\\D\nruu֩ݥ\<\\\߭\\=;\[\V/L4{\9;\\\\IgX߸zGHyz\"\\\VE \nY7\&l\1IoJ\0wT\S{\1k5\e.I? |\WR\l\p_u\\!\Im۶u\(:D\\?\Fa]ƒ\0|7=U\?s(z\\u$V0RԮ];	#\ꨛo\n\;w\r\Z4\>\z\\ߺOܻq\\n+8\s\	\z M?g7\^{\\mgڹ}\\g\\\>v\[˖-]~\GP#R=!\00V\m\\Ə>\\,4iR\Ͼ\+gz\\\=\.w,\\O\.\گoCzue~֢.\~\G m\\ 0R\\H\rpꩧ\%.[|\ĉ\O\Eqb>\nYƇ\?\rsRz\\zvP\3\>0\C|\M7u\}۩m\7S\\fC-\\.b[}\\d9H\{ӯ\'x\\\@\:묳\r\t1$\lc>\\C\\_c>O,\\>4\ּyz<S}u\w:n\Cgӧ``?S\i\\v\6x\\*71\Ή$ \"nUD\	\">\-{dW\lǨQ\\C\U6\;\;\{\\\)\]\rҗ\{(u\.\k\r\9R\1\\\]\\y\L}\'\*\pM>[}w\\\wi~ꫯ\K#\\V&޿x\A\|\7?\]_\\پ\J\=w;{x?ǯپ-.Tx\A4?>\ɡ\\\\0\#\,~\\ Az;\07^#f\r\-W\\?&\n;\Kd&$W6_\`\ތ?\}m\s\\r!o9uF@%	 ]-\"A\An\.g\\+C/ƓǺp	\0׿eݻw\\p`5+>cUV\s\;;a]vqAQy\$\۰X˴\\\rDJ\M\VZZ>^8r>\\=/v[\\/|y[\\˭P\œ\Z\o;\(|\\\t\E9/}δ1r\>syꩧ\ǁ/ ΋.\\||̇\N;\\^\0\N@z\\\"\n\7@\x㍝\W\/I|((l%x 0\\9\r\n\b-\>pk\'ؐj1;|G\0sٌД\Y\\{oC~\#&l\\5s~Gu\\s\t\\\a$\y\\.7,7\d\ݸ\\2\n-\2\cW\\"E\.;v\N~/P\np\d\\T\e\0!.R.\\"@\z\a\\S\'$NЩS\'W\\Z5Y\Zkw(\%y_̔f*m\x9\\\5R\.{	\>Ėb\]yDaAh\m\\SK\С\\B|\1}\G\\0\\Y8\6\\\yo\{\\f`\\o\\\\m`%=\;찃{Gd	|F\\'|\7X\K֯_?w\߼\"Va\m\f\E\"lcf\|| ~P\\~l\\5\\\s\A~g\g0&#<_|\&\ڵ{\}\X\\\Os\\cܗ\ZmJU\/\"\݇lo_MxѡD@\0A\9YD^by$ 32m)僇\0>gV[ӦMw\l\fEU6[yY\eտC\\|>\'ˇeu_}\8\/~\Js^O|\3g\t\t[=lk@9\y\"@\\GA\L\\nba\\n3^=lu\c`8/\W\'\l6l[M\\=V/\iZ@C\d\g\!kSwn8qOv\qG\\\\!k.\|\{n\u\*p\\\{N dL]E\\Ex]Ƽ+P\\2=(\m\mn\\uQ1STZC-cߵ~5vFgo\6\\=1\\\u\n\7<\\_˻[\0+\p\ b	J\.I\g&h#\0\w糥wWx\\\杈ov2\L\G\v!\;@\],\"Ύ\?<7\\\|[ @0\aQK7Z6RW\\\,$O\\\c\c9\VZiz\\\aWA.sq\;\<܇ub\Pwr;8\0\W\\~5gM\{=ℷB\.H@Dܬ\z\E@R	hD|\C\Bz⃪ݺu\Z\J],5k@^IR\\`r>&xaF\H?\{O\sˊuV\^K \gϱ	Sf\\\י-_(\'\P\~V#\n%;(S^vST^\z_\#8Xq\NW\0n|6\\?XG|A\\e6\?\\=Og\n\nذ{\\sD!]\#\\+L}>\\:\j@glZ\CC	R\@` ҉\"\P6wKw\c=֥aB\=\|v\1 .Luӥc\Ϳ\N]\\O~ǻ\M8\^\\\|\\\]7fvl杔 =vR٤ژ\})\w\0\i\@E b4;\\ʮb\~vrˆ>Bߧ\*V\gsI+۷\8BF6sq\;\\0)X\b6\a\宻\NH]\U\7!SūB\0\9	H\0gCD\n Tϔ-al\\X]\煗xeeǊ+-f+i\\nf{Y7{VǰM\\Ox9&MT 	D_/\{G5^?{\6Eu\Cc.6XP#A\(Q6\\bD1؍\F5b{\+6TDQ(\Z\g,1ؕx̷ߖ\ݙ\)\<O\~3;3\w\9\,I<\C=\%NAi\տVj?\˪\(\VK\0y\g\_=P\\0s7-^yu%h)T9KqUzr}|^(߮|%h\iŤV\)\Y\\**h;Dbc*S\zì\\n+ؙ\'/-\@R017 ?y ZQ:t(Ea6\̣ZeJ\o=\m\\ʷ_lg\\s\ئkR)[x\xii~*٢͵>^e	\]\T\eiż\ݽ~au\a.\\(L\,1\\r\n\\\z\\s\A\XE\\_ľR\7s\{\.VJQ\$\H\ky\'+	\"\L|D\Y\@\	T ,7ƻ]\fQ\\Ü\T\MyJT[}a=uWs@\F`^\d\R0۩)5Q0^^T\\b9\E!A\\?./¥R`k(h%R\hlU]&S4M\\\rU+vbIQc9WK[\JP\L\˙\S\\q\6-\\V\Q\%:\׋Q`*gs\"\A_/ez\iO\.\\d)ڍP\o\I/Z\7UV4hzP]Պм\\\%\\g_Q\|C\	n\/\<?\F+9 %PGI y \Su?\ssFr\<S1:\\b=\j}\{\ut=+\nj\\*=K>cMu1$@zU\SLqr%((%đJϵ>S-Ϯ\:|\/Q\Zk\0\\svXhw%D\˿kTNF\\n~	b\n~kW\)J٬#oj\ӊʟ$Zi>W_ީF*J*P}_G\\3\5\;aa\rC\+ƶ0o\\[\0\0 \0IDAT5 *͞\N|	\\@*	 \"E\ς\\xW\\KME\\ElW^HjŷRiIz\TUࡼ\n\kշ\\}{0\J.kdg4A\][z\Z%k\z	\<\\\^\U1*\\j˶8Uev{QR1Ti~K\KZY HU|L/|Pu[\</V~|F\#\@ZIse\zx\V|hŏ^\46\\C/\\_/~---)m^Z\N)p7*\s꫻\S/\1k^B7	S\E\"^J\T؆Xj\%U\\\n+\VYB\S;\;H%1F\\\\]\\ߕ\P\Oy{9`/\_VT\\\0\;&$J\^\ot\N)_)*L#Z=V	-\ZO:WsրI\\\1- \\)\@t @(\D=k\9Fd\bD}[\~N\y\yXFvF\\Zz&\b=\\\\\P \?\)@\\YR\\yQ+\uh(\3\|\Jz\\s}0h<zzRj$\JyK\x\\\\ZW\=@ѻƩ]bkܥ ww\"=\\\׫σuw\P?z\\\\\?$\Y2؆v*!pHEz	W\㴀ITw.\\ 3/@(娞5U\0[\"\\S\\ݢb!W٠&\\c\8\v47\CV\P\gz/ջz&\{\UoOs\Z\\n\n3\\%\K9$ \"(.\'<x<\ \Z;Q\i\Ճ_Cs\n\b\U7C/9\n\WAS=Xi\Zu\֡\\\njiՔ\n\\|~\n\\Q[zPת0\\w= _z\\N|h7l/zӃr\a]/wN$P\A]y\\܏G\ԯјw;/v-vN\\"h\M\"v\z0֊UB;ZM\\ü^htK\4H\ \\\ \\\\'t/\n\+@\Z\r\0uhD?ȇzȍ\\ƍs/\z\|]Z]K/\\\6b\!AE}kNY\\yz#~%^\\_	zQ\h\R)%.\q\%*\U)\~\\S[>U@z)\\B\\w\H9kˠOR\4	\nH\Q\@	\\KA@ο\r;z\\\o+4wTELU\\dd@9*x\st\:Aϖ\r\izZw\u]z\s\1}\:\ \|]\n~\a%\\\=(P:J=\^\yPf=\\[7<\s#-z֫ٵ\ZX x\\1?4Q\n\\=x{P0]\t\igo=\k|\ŦR\D\1\,TQb-\>\riwI\K;Կ޻ʵw\r7ܰuni̾~D8=c\9_ɴF\ \3_Y\[l{\|\z\\sm)\Zc9\\T\NVX\;\s1_wi7\\!}Qrl\:p:\U\\\Uj\L\@\%:B\0i! BiTԎ±pHwK۩9=*[X(Z\\\\jgDG\&]4nR;B/dzH`T,ntd%+oD.<\(\\G\0z\~^ֺm׵W@fz@ \"@\ϳՏW^q\EAq\\|گ\\w KD*mm\\\'J\0J\DG\w\aj\_H`D\E\K9&\R-B\\r\"Ei\[9/Z\ZUm\	 t\7iUò<\\n])\=?\b\\6lw\\0U\ \"GJH<Ļ*\0\\Zѿ\2˸]ڡQt\iGRIK\WZIi|\\8\\BZ04\\r^,\0\\\z\ \WJ2h_Bf&\\n 9\ \\Rm\UPf\vam\\\~ܧ\\\q<#(\'@G\S^S	a\cer[ժ6\7\RM@[\}\r\(~\=\ˢ\4)\\\S>\\"~\Ls9]6E:7$ І\J4O<[\\T6q6Z\5\\V+wl-\3L;Y>GE)~KZh\xYfRilJ7Wh_\\\#@|	\ \0Ab\J3IB<Y9f9\\?\xGPIP\\{aSi^G\Z\\nW\r:PG	2\W4\I\te⭦u\]\02I@\)J\/ۙgi\oJP]W\\1T\rLcP|-<\h\'*B_\\_J|	\"_\0@\0\	p`f@`60 \'8\\m|\C\0\0 \0F \0шyF@\n	pH\09`\* @TS\"@\npq22A\m\U31@\0\ @|	\"3+!\0\\p\tP\f̴-\mP\	N\0\"\n\(B\<fu\\/ \0 \0\\\\!\0A0A \0$\-ӬK\N֧Gd!\0W2&\0\Z\'B\0@D/!@D4h\\ZnY(\\0 \0%@\n&fG\0\">g\\0MD\ C\0	%\r\" SÑ\! \\F\Ze-\\"\1Y$\0Di\02JDF6Â\0\%\r^\\Ί\'\;R0\wICΤ~\m\f=W\\\x\6_e\\?yf\2v\\6\\0j$\0Q#8.\0 \0	_Byp! m\ \_F\0DxVP\\5<\n֡w\q\cp=\K\[Dg	c\:{A\0H\KɛX$\07D#@\0\"Nȹ	9\0cǎ6k֬6\"\Z`<ܺtMoç9$\0D	\0rFDΦ<Å\0\\ ƍ\Za\.>5쥜P\o>\[ܨϫ\!\'@\0\\\\܆\:\\e\\'\\\o\\0F\0i!\0d\l`]\q\8v@03$Pn\SC\n(a\ \0@\0_B\k\0@(nL\&\0Lh6f{ ;ր\S\r\?Հuv|\H \0@\0@R_BH\\\\@ aA$\!\4MCO\?@`*DEC~\m\f=W\\\x\6_e\\Q$e\_z\'\@,\0 \0\\j\;Z\V\n7lۭ\d>4\VX\ܛLi;2\ƎD\\z,Ɩ\L\\'\L}\!0m\L\2\\M*	 @T	\K\K\Ql\s\\5m\\{M\n3-h\^\Zyxᤙ64\<\\nO\W߱z-\\gX\LXV\"T\Y\\eylY_m\ضW?\Ю\n\\\\\\\7_+\>;7[E pBm*mB\0A\0 \0$\-ӬK\N֧Gd!P(@L\2K.a]v\̘kH\2,\\\{k\u\pϱܙpcܭ৸	7}|\xSNm]\R\\om\"\n\\\vrv@4\gz$0\n\'A\0u\wx\\\n@\0HJ\y-cw\~\r80D@ g^oOSS9\0 P7/xv\u\\}\\1\\\0x\* ?\0 0\0)	@V	TJ\0U\3<@ȳ; \0\w\ymƌ/\{-\U\0\T\`ED\0\Iߙ:ryfP:3L\@HZ\%\B\"ԉwBnu#@\0\C<\Ww?\C*6\t\"M?\/~g\{Fޖ\03\(B\ld\A\ \04\K\Ny\fL߂H\\i@\f\0D\\\ @\i)1L)qfB B¤)@\0E@񥯖\c/\{\qͣ B\k\IǞ!\\\ӌJ{\ \&\)B_\3ld:`\`\\0 \pė\:t\`\l֬Y\Z\Z;\q\:@ ,~g⼬@Ⱥ?>\(\"@\s\\r@\0\0\CDzf+B\0\r%\r\, 윜\0G7a`jt\0 \0@\09#@|	\"gS\B\0a	pKN\0\"\N ZH\z!P;R0\Ύ+!\0@6ė j9\\d\07̻$0m\L\2\\\nN@ \Ik#\0l@P:>g\\0MD\ C\0	%\r\",@ wnf]:w>=\n\8^`/C  \l\0 mė =\ P3n5\B@\0@*P:n\HDJ\0\"R4@\0!_B1M8\#ny:c.FL\@  \Y\\ \0 \hė \Z=\\H	n)qf\N\"Ա#\nH\\0)\\"KH.\\ \0d\0%\m\\ID\0<3 2\\\\"ԩu]\\ru\]\0D\Hi\0* \0@Q\ M\0\l\@vGȮoJ@`n@\0@	_Bh?@ %A\Q;\\AL).\ld:`\\\Ze\0 9ė 27 \rn\p@H\>{0S:2@\0\0 ė 2 1n\@H\2c8Df\\ @$\%@\0\02GD\&5\0!\r\"\Z~\a\G\0v&\~R0%\7X).@\0_B\\@(nL\&0m\L\2\\	x\w\\+.]ؑG\\"@$\-0\"ԙp#@U(B].N@\5Q0&1/!@$f2b ,\ \I?\ƌcw\yt\I֫Wv\?\o<\\>v衇\,Af\\\?ܱ\\\c=6#{eu\\\\H0* \\;,@ j%\\{\[lĈ\ې!C\ҒK.O MuZ[LD\'A\0\$\r\;>\;\m\\\?ڍ7\\N2eu\Qv\G[߾}\믷	&\駟n]vm\\?S=z\\M鿙~\W\g=zh#@HDZfe\nHʹ!%R0EI \S5k{NՂSN9źu\f\s=\S6j\([dEb&ϭ<6e\\i]/!@\5\.n\-#@-)Əo\_;\~O<\\o>\С͜9\<@\jl뭷θ\~\GM6K\\QL\g\\\y9/Es\p3C`\Z%0u\T\w\}ݳ\/Kwz>\p\\rm\T\\\V\5\\Ec1 \0\ԢY@ \A݃\ZP ZZZ\q\6`V\\wߵA#\ӧ۰a\l5\Hl\n8y\n~\\gm\^{m\"R0\9\6D\\I\0\"~eԥg\\s\م^hs\=w-M\|\rϭmw\&f\ra	_B\gp@\A\Ύ+E JBZ0_}\\\\3f\oW+t믿\U\\!b\~]z\6r\H\l\s\:u\dp\v\m}\/q/JA:\ꫯڎ;\h&MjTjkq6Jlw\u\\.\\bi\;v\\/\\<`W]u\\n\=|\HÇwc\ܹ}\G.jn\o9\íқ8q\O>;QN>d;\\\|V(@ \?qL\7kfSY\\/)\cFB̉J	<\\Zvq<\K| \0%\r\ \z\vx|R^Aw\n^|E\Kl\-t/\\:\,\W^\-\gT@\f֊w\\$nH)֟\\[oM7\ԝ/K;<j\\\s\$\Wr[\uN;\ds\9A\k/wD\[~\m-^zɍW\\\sK+\kqhs\=b)JY\	f\~ξ! x\g\\\_nmYk3Z r\u\ռp\\l?\:߸.\/!@d{3:@f\ jFǅ#\"RHW^):ˣ\\>¿P(Wm	$J\ܵ\\nڱ\k;G;7$BHd(<\SOuBƠ\\ZV孹\N(&$\\gy&DI\9\'\0y3@#p\\6t@EځE-ӦM\;\V\\qE{\7\b^\-\\~Vb\'ܚ\\֚&e\0%\Or\FDmܸ*{\Z%@(\0\?5A,WCZF\n\\5\\\\\.UP(%@\ѣM\0\EBn\]wu53\\p\\r\{\*\vYhOc\0Q\T\ S\P!\0\@@\\W\yKD\Rfj\\\khq%<f\I&@|	\"\A\0\Q;;\(\.\*\ׯ_+\N;\\2u9W%m_b%R%@x\c뭷}\\:t\\\~UR&V*\'	W\\q\\\\W\\@\"\1@I@\0&ݳ\?좋.y\L9\\Zw\S\Zw\fx3:_Bcp) e\ \]\V\r([Vʠ\_ܥ=R@\?w5LZRO\)b\.\t/\nԗJ袋\"\:; |\n&ɖ\Cq8ছnr霴\nOu%4\~\?pWZi\O;wVrh\\"G\rZ\\W\0D%B\#p\m\uH=\\?ɓ\'\1\cZ8\\z[\Zϼ\\\ \0\\\\ \0pg3mb\tԻg\Q)\Ѱa\ܮ\#SLq)PWQ\k\>ӭk׮E9s	w\\.];OB\AdK.dhw\G\\\\\\Z\[\\:\}\b\;1Du$\]p_cQ\*.ɦ\|kfRΝ;/`ݿ;\cǎ\\?\m\$kDGJW%\\O~9\c9\=\\^u\\~\+=r\0\nQo\&v\\\",\Ƴ\b9D~:\I5%u @4|%S}\!PH\\\\"\?\ZZq\w}-{-ϭ~n\r58)w/!@\n\3`@ n\8qj.q\I\'\\'L\D^zɥ:\Cm(	S+K\;a̘1\K\6\l\V\'U~\ȑnǅv(Pt<裮\,(\re\<\lT_	믿m\f\\K\\:$R\?\6iҤ\\\n\Q\V޽{;aDbXz\\'q\w\\k턖\\ΉJ\!>\N\X4\޽0KYj\Np/ѲObƯ\ZA{e^S\\{\uųXF\[YΝO\\~rB\"\9q4Ä@\0\!,W_}\v\qGo\k\i\26yn\sk\\y\"@|	\"_3\B\0	p!\0@\0$\0Ja4\\"\0Q>.\0 \0\Z_Ba\p	 \ \e\@-)´\9\0ML\\0C \ZϜ!\0\\0%? P\07f5\ %R0EIuz\0\0\0 \0IDAT(B\|@ @\\\@	_Bh@ A$\1\p\rGN(B͔\0D\\di\%\0\\\` \0 \0չ͸ \0:	p g\0Df\\ځ @\u7LwB r#A@\0@_@\0E	p`b@`6fB	 @4\\\\"\\-#@)ц\\r @\0@\_Bh\d#@ ]A\_X\\r8\8qV g\\0 \0@\0\ \0Q݌\l@ 7A\\\H	 @4\\\L\-#\0 \0@\0I!@|	\")s; \0\0`N\ @4\r=D\0P\Ev!\\lC\\\02GD\&5\0!\r\"\Z~\f̴-\mP\\#H%T-F#@\M	H	P:R4@\0!_B1M8\#J7\no\}}\Gy\Ø!\04\-ӬK\N֧GIG PO\nSڰa\l\\\(!q$À\0 \"\K\FNcǦhTՙڡC\`ff͚UݕM<\5>]C \'J\|\T\\/<\H\3\'c\0 \0Pj)B-\a\6a\BQ\$$\0D5\0@86; 0\# P\D&Zh!v@\K\EL\\B\0\	T#@|6dȐV\Al\v\m\3!\0@h0\0@\ @ @\n\3`@ X}mv<^ݡm\\"ge\0E\\䏏L\QZ-\\\F\g\Fx\x\L\б%\0[\3p@\0M#\0\0Ѵ\G\@	\]aAQc;w\l\}\\\o\\\arX\0[\\\6Ə?\\d>7~>\W6\٩\\\xYu\\\\6_e\\\\h\,\\}\W\\{?\IR\\{\\Ľg\Z\\J>\j\7_?g\\=+\\'o~3q~\Ѷް\ϗԀHh|\(,d\0; 2\LRv@ԅ# 0\I6sخkAk4(\Q\F; 1\v@d˟@\Z\fD\Z\)6B\0M P\-\>xq\n\\Ԁhc\\ \Z @0%\\"&\ݷ\b4j@\\څ@c	\\6~\rjc;7@\0\5\\< P@Da1\Yf&\0ibppS*\ԩSm\5!xH\1\Z\0 \04\0D\&A\0\\"P\\9\\):]#\Z\'\0i6f{ \\"@aÆ\\ѣA\0\0 \0\MR|\Zu#WZ\0G\ff@`&4\0D=\I]\n\"p\m\uH/3Z@\0\%@|͝$\07ĺ\\ZL`ڌ6e\r\ݳ=\f@`&\E Lj_\".hh,P77A\0%\0\Ā\0 OL.;YݓaVd\0Df\\\@ \0DhT@\0 \0\T@ kAdͣ\0 Ж\0)\C\0h6\K͞$\07:\ZNL\rGN@\SA&\\r 1\ \0T$@|	\$\@ A\\=P3+ML\@vGȮoJ@`n@\0@	_Bh?@ %A\Q;\\Af\ELq]$\0Dr}e\0JDV\6\\0\$\rN\\qej\0Z\%\pP\'\E\	 @D!\0@\K|I \0%\r\ 	\&\0\ld\A\ƿhC \0@a/!@4l\ .\ \\/\0D|li9p8z`W@\0\0 \0TGDu3!\0\\W3\\n \"\&\0\ldPg׷\0 \0$\0%\E\\0FD\9M#\0\4tB\\ \\"KH.\\OVMX@\0#@|	\"sA\0\\\rGZI?i3f\Ė\6w\\0D*ݖ\nI\n7a$\"%@\Hq\ \0 @|	\"\4\@ A\\\H\"[YΝO\I4RL\"\)vCF5\2@\0\0%\'B\0\&\r\"\et\0 \0\\0G\0\">g\\0MD\ C\0	%\r\" SÑ\! \ `jh@ @$\@ \'/!@\d3L@Z\ %\Y%@\z6=\\"Sz|6K)B6a/\\'\0Q?CZ\0 \0\(\\\\4\\\\\Zhcǎ\ݡC\hg͚\|\	&\GX36ܪ\P^}huze|oi!GC\0\"\ZR;P\Ύ+\\0\?\o=\d{,\_\ [l\\02B\0\"#d\0RD\\kc\=/\\/io\:S \\\@NH8ir\hg\lvf;XϪ9y&D#@$\Yb\\6v˃\]\"\gL%\0[\3p@\0!p\ٱVMMq\07aڇ\02A 7L8A\M\0n4P\':r9 \0\3}>\0G %\\C,\0H 7@\0	\\\r& \0@\0\0 y/!@de2@ VyA\\n\SC\0\"5ʬum\\\{\6M]@\0\0 ϾL\%\Π*\"7f@= \ǵi&\0f\e\vl1\r\<\\n~\i0!\0\Z	Fp\\@\0\0D\%0m\L\2\\	\Z4\0DS\S\\A\\0Es\p@\0 \07` tIA\0Y%t\4\ҹ\\=Cd\\	!@\n83 #\\4 \0\"@\nPүkaް\E7juze;\b 	p#\0 \0@\0\1;C\0H<Ɨ\ɇ@	\QNGQH\(\@\0@\ \&L\0 P\0D%B	;; \̀\0 \0\u\]).ʌ`ʌ+J@`r@\0@	 @4\!G	\ \0@\0u@ \M\"\u#(BA \ R\<L\0 )q$DJ\R0eș*U\\\ @\\0&@`b@  \cF@ \ \K\0\0 \0@\0@	t<\\3o(B\0\0 \0@f͚UWo_^\h^j\\\/\+56ch\QΞQ-\Q5\0; I[\0 \0@\0@3	-E|\"\b4/5M#@\U64m7L;5\0DCq\YL@\0\0 \0@ +Җ\;6DZ}\\'\;ۀ\\c-k\\\'l\s\96\\\ss_}U;\\.?\\pGi&\\\RK-e|\\nQQPz	 @\K\\J\0\"ˎ\\e\G\\{\6M\\A@\CZG\\\n@\0\j\\\\ @\8guPXBB\n\\+1%JQҤZ	 @\J\\N`ڌ6e\r\\3\C@H\Rh6ES\4L@(B]%0N\0 \0\6\0\\)tv,w\q΂aÆ\\\\;ڤI\\ov\\^{m\H\|\\\~\I\'dp3\6\d\\\ig\\M\O>\\g;찃]z饮n\c7\x9@vu\\;̉ Fr\^y\v\E=\\\\\\!;q\)\\"O\\+J\0@9nf]:w>=7\\0z\\rܸ\\0D\\!\0$\0)\Jf׿V\Z`\\r^\qFXW\\رc+5\߽\0 \k=-\BN8\m\.x/\AW^yŝ~L_}\{>h;\SMbBL\ZD\0HM\>\\~\"C\־}:z\\*4\z-u\\\\\(I^}\mvkHXiJ\\\I\0\4 B\4@\0@J	)\lTA\0\nX\n@\0H[|) 4k%B\~\ä`\5_~x≮Ą\r7\еYJ$r\n\0<7k!\}(%@\s/R\Z_=\\U @\{GUHB]\8%	\@\0@V @dœ@z	 @\wi\]>MG\\\"\0!A`]vi\)c\0çVRj&KA࿃\\\m \n\z\.~LT8\r R\\L@ (BIjP`J0@	 @$\=@  R\\	A^@P\\bP݇!CHv@TJj7A$,wE=C)b\}m6)\\\;5\n4\\{o1cI@\0%\0\X\֞\0E\"@\nF4\0D\\3 \0\&\06BA3\<\\YXj\n#F\ÇQIm\Ͱ\k t^\ \\N\Q(@\TjO.hk\nB!%hOa\n\߶\n;{\\']\4\0)E~M\0\\@PQ\\#\0\<@\0f͚y6B`UW\\s\|0~̘1n7R)p_\\Q7׎s\=\.\wDvDH4iR\\POF2Vz%ji	v\W\E]\>\8@B\A}B{p\ԩ\k\"\\%\fHB\LV-\g\ZG\0F\ft\r!P\r=\j5p. \0@ Ri/Q:%E#9jl\7w\\Q3ԤH\\r\"+} \糬Y\05&w<`Jo\0 \0d@\\KY\\Gao\|͙#K\ \EkL\0\"\\ɇm3\0 \0@\0@-\7D&W]uv\i\\<̓\12@Hϰ8\Z\p\	 @\Ύ+!\0@-R01# \0@\0\@@nƤ\\gy\\g<򈭳\:)B\0\"/f͘i[۠\=@h\nv:\0 IΤ[ \0\H\0\")\{W\\;		￿l묻7.\^i\n\0Jxeu\\\\$@\0@] \\\\\0 R0E\0M׿V\Z`\@\n\\Z$3},\v\gdf<$}$@\\\j5\`\Z?3\\DHk\0 \0@ \ r>> \0H[\rv@@5kV6&@\0a	 @%\yy!@\nxqB\0\0O\0\">f\0N\0\"\ɾ4\@Hɤ\LD\0\0(B͌h6R05\@ ; \KF@  R\98\n3!B)t\Z&\J\0\"V4\0EC@\@\0E\0\"&N\0 \0	 @\7ʦ I[@\0m	 @0#M\0\@\0\!\0_2@\0i%\0\!@\Q	@H\09V\ B@\@\0E@AV\ru.\'A\0\0\ \0\\D*MB\0\0m	 @0#M\0\@\0\0 \0@ *Q\<rL\0\"\\g\E	 @01M\0\@\0\0 \0@ *Ͼk\G\d\t\\f͚UWjکb*q: \0DhT9qt\0`\`\Z \0ɶ\:`J\0\0H\0b\Ǎ\Za^ocǎm{̢pPS@\\!3f̰;\\\n;\ll7ӈ;\Z1\FǮj\m\l緋.\&L`Ǟv\LԻg3\+{\\N8z\\3\;2\^{فhoy+2zh\֭io\Zy @46}A\0\6Pgۿ\0\'E|\\(y4\r!\0`W\\qq\ֿ6\s\\\_o,y\M\\gm\\Jv\\ \nϹ\{m]vig\ꫯn;찃\\ֽ{\\\\(:\Ol\w1cƔmNc=6t}]~\v\M79߯ڶ\\6\lc\z\6\\\sn[ZZ\㏷\\\\\sM`\\wgy\5\\afs\=\x\\ۺ\\\<	[lp\2\\cf\k\h\"j0*B\q\g\ֱcǈ,l\̃>\\\u\\\z.4o\7\h\la@\0\&lQA\0HR0\[`J0)$\0\\n\7έ(\\lm\\|\6r\H{\젃*5f	Z	_JP\hVksK.\C\t5jV>\\ZKd\ $.z衶\RKK\u\]\\v\=\\ɓC	GJy\#\\o\rr\_ܾ\;\'Rs\1N\0\]p\\on@儌O?\\CW^\Ə\D	b%\\\\뮻\	X\>}\\g9\>\ThGk\SO\\\py\\n\<s\L7Ƿ\j+\oe\\Gu\KYu\\\\}\8 \0@\0\@\B\0@(B\\D*MB\0@Gꫯڎ;\\˅\Q\=zN\'|v\9縀_|\\v\5׸`}\GAA>	Cn3PS\\\:u\TvSLv\\OF\Νۜ1\\=ܢ;P\2\|\O<\0!]v\e矻W,δ3mb\v)dG1(P?##N\\0\?\ga,}\r\F\\\'\y\l뭷l\Nh\oUjS\ǡE\cliS \O\02N\0\"\fx\0R@\0\"N)qfB  \\n(\\bA\B\\DaN\JNjX:bDX{\\x\Q?\.lKe\l\j R]\ZDP1N\\"\/\\\ߔ=a9\0]*J%_k5\\<\y\ԜR\[Υ	\@*mB\0 @0 \0@\ 큐#@\i@\\$@P_Wx\V+:V\\K]z\'3SNqy\Ju\-\G\gLa\)&@(x\	?Ǝ\\*>x\g\n+`o[J=\heEѧO֔@Iy냟_|ѭ\V\0Z@\[;[ԧ\\(N H׿\+uRjigv:ւ篲\*.U\\sT\5qѡJWu5dx]U\\nkg?\rV4TIC)Tx\v\\\^w\\q9묳?5\~{;\S[y\b	*J;%c\ĉ\r_z\%gvk(Я\v\hgƐ!C\\{\%lZ>ݙj Ml5_sr6I|Pj)}gQ,u&\\\'\O?\\\\\\k\|%JA\}\_\	%\?\\'k׮vᇻς>\ߴ{G\\>ֻw\v\Id\\%}ux\\M6٤\\Rn\u\]u	+5 *,p \0\H\0Fp\\@\0@e\r!@\˗\!gY .\{\]Pp\oWW\y\\p Cop\	.\\k@9GsFAr\A\nr7\\0\0 \0IDAT*\\WdZE%\Wrss\\Zkeo~*@ୂ\a\P}MJg\gqJQ=\\`\0\wO(%\\x\X\Xj\15Lj/\{\]qg\Tx\m\С.ן\'\'(p\0\#Xžקv/[\'p(\-Ꮗ\\6]\\ƉC#JQ$QɳU7_x\\\_w\W\\\\0D coLR.\\\o4nIbjVTCsMd߽ ;7\p\VB\V0_.\&1R\4\S[4\3\<\\\nx\\w\\'*0\k`x\Vݘc9{\W\񑐠\\H\\r\-\w0\\޵+JXd\Ċ\ϵ\'\\rM\#\wD\Tcd嗏\09R\Z\0 \0 @0 \0@\ 큐#@\i@\\$@?\qU :]AF}\_@\йa\Qa\;\\Ae\֡ \+pCKAB\תxjv<\\\4+\*;JRpXAr١\D\\פPUCZ3\m\\\\n\\\\_n\ITJa׎buB\Lw	]\v猄?\\z?Nw\\	L:BbJ\0]w$HP\\}\\K@<xpY\Zvps\VvdG1@~{\\Yg\n_B\\\\\n#@\\\sGG)\D?kc\Eu\oq-\b\(vv.\\X$ISj.?6\W^yō[~Zc5\UuDU8\0 \\VqB\0\0%\0-\\ZC\r-\rC &@ȡJ\ZU\J$qcǎ.E\A\"\9AҊb}@+Ճp	JW\"J\S\\0\B-\ƪ\\^$(\n\0wf\_\eR(\z.u\\~P\9%\hwÝw\\fE)\0Q\yP|\\\\AQ8\bA \n\H\c\chG%o߾N̐ \\nŎ0Ą	\\\Ec\\\x\#@H\0!L\"\/\%Va؄\%NB\B\0\0 \0@\0I&\0d\lCH0)$5By\ʼ[n.˳\>\V\+`CxK	aΉJP]\n[zaB{\^\\jU\~Ep\+@hD\w\\I\\-R\\*tR\]HAa\CB@\1\<\\\	\nMx\:\՗[Ў`}h\J)*\V\XK\d/6Wj $DU\\P\	J\\;\\h\nv@F\\0 \0@\0@\<\K.\4\X\\Pf\PzZjq> @_?@vw\~pwC.]\\\\0nV \aСs\^ntj訴\^\\@jb-\\\JlC}]0v}\馛\N?irU\\\F\TR\f\n\nΟR5 |i)t\ָCDW_\Ȑ]KZ	Z&\\\n\b5 \nw)bLkJLT:\Z\"ž{\n|k_\]z	求\@*\\\W-/`R(E;Q4ϴA|eDw\y\ՑP\\xW0ͥJ)ԞV\n\\[\ .\n\qx?\M\rw΃\0 \0 S\<=\0 tÆѸQ#\+\\j\fQ8\7H NBRHA\\7\\	\]`\Jo/~㔚F\\V[\i*֫@\\k\V+\gm\'Nt+%<\"\OAX]๊T8ȑ#]&\@(w\K,\Pp^\-\8osP \\\Um\\\c\\U<zҤI.HP\1U@XSGث-jV@Zy%4H0\!\\.c`\h\?wb{\\\W׉R)0\T鐐kN?tԖ!}\R]\>yejch\L|\P\0\\jGRh<\w\zpU\K\	\ӦMkk@\\Jb\\n\\#qDAq/\k\i\]`k[8\D\"|\7Ʈ\\ZGi\\\K/]t\V\wHt\c=\u\\":LA~[Wp\{>b](s&\KuȲB\T,z\UW\;1D\8\_y\V\A\\UK\\ｘ\N`\\#\\\"\g~\㲿\el\\F\+\~4!X#\)I[\0 $@j\ \0@:Qķ\QΎ\AUu\\@\\ \Z]\/~u{>}J\hžۥ\U\Y)k\A\%(\-\brs\\nn+\4B\n2+\91\\r\n\:\oZ/Q@\߿23b\;Aתp4WJJ\#E4fǌ\\,F\B7\U8 !A)Aň\Av(h,QċE~,\r+\\r7ܰUЀ\.\M0zh\V\\\|d\	$iվvPh\աtZ\nKDQ_|J,Wj	WVXav\1\Z*6ïW:$?\Oy\SO\\ӮI:\u\՞D(m8\z\..&\i~\١9tM\\:$hg\	\nS֜*.N\"\)톐/\4W\\Xs\58\'\4kH>\d0M?G{\r9WM\r J\\\\<@7>@vШ?\ܐ\"nŧՎRd\r\-\\@*mB\0 @0 \0@\H\l\L!Aq\Z P5\r\4Zu\\nw\4Tv!qC)\T\;\(Ul뭷#1G\"KDTi\0 \0 NB؀\0@\05@	vYhER\\`а͘i[۠\=S<\\L׮s\ΐbM\ R\r\)AB[Ju!4_\: \\"K\0 \\0 \04\0D=8\r\0D\ȸ O\\nb+\Qa`}\{\E\&\\;m\7裏\\\\\>\Չ\\\0\*u^}D{\9Fv\HXPZ-\\\AiT\>\q!@D\_Z\0 \0@`6@\0@	 @4\!G	\ \0	 @T2B@u\nT$Y5B \;XE\U\\f(ƞ\&\\Pxjt\\\C;UDcOo\0D\0\"O\f\0I\0\"~igDJH!:\rc%\0+^\Z/B\0i@\0q@,\B\0@XaI5<&;\!av.C\0DMظu\R@\0hC\ki\_{\6Xa6)% \0@Q \ZE\~ \\\@IL%\0h4F?@\0\%.B\~\͚5+\0 \0$\0D\\\R\ 8\n3!B)t\Z&\J\0\"Vh|\ԩ\b+DhT@\0H\̒gX+\0\ZJ\\w?t]r\[kg\+֫fj\'=?DS\ \0J *\\y#\07G;\\\h뭷]w\uh}@k\0L\0\"\\g\\0 aËr7juze;6\n\5j\!\0 @Ԅ2L`ڌ6e\r\\3ãdhq\01`\\7\`BD\\ޠ]@\0#\0?3b@\0I#?pY\\8v)o\"\Yb4!\0\" \0# b\u\me\04\\'\\_o---v\I\'\\\s\\0~G{\\'\\/}\\\[_\nX\\N:\\G\ԯ^\\j\\wߵ\\<@\|\\\\,;\riGnݺz䈖\0D<i\r~\ٞ{\\\+\'x\\o]tijƌv\w\\w\m\w-\M\(;^uwS8eN&L>E|\i(7΄\0 \0Eڀ\0 0@)\q\\\\/ފ\"G/\Zu\W\G\.8\\>l\k\\?!Cر\kK.d\\o\p\E\\oo\sN/\\'O?\O\c=\fN̓p\W_}e|\Z5͙s\=\\С6h\ s\9#5\\O?\\?p竸\ޮJ{\\\]V \n\\uY\\\q\g\ֱcǸ] w~hcƌq\'\\իWNݿ\\\Ns\\\[\~m\nw\u꫶\k N;\Դ|y\7v\\\t$@\\ϷVZ\=\{\n܅\ꫯn;찃6w\^i\/#.!D\s\ĉ6b\\}# \-DL\\,b$\0#\\N%R0\m1\0\\r\r\n\w\Z8n\80aB\.`\-\_\\z\-s\\.\\"\5O>\\\\ώ;\h^xaC\\^]w\\\w_\m\L\%\\\yڝp衇:Q^\ѣG\7\|c7\pWyje\K/\j\R\ά9sy\nE9#\0K]j%\jٍ7\\NP`}_\@\v>)Cbv/\$^\_j\'pm\f\>\;\s\\'p}n\'J@9\S\]tѪLP@ꫯvy{{\\_\vEh\\C=\>[fe\"y(f`U\r\\\d崛N:_~e\j\Q\D;\ \0\0\LD/C `\u\0\\\n\T	}\7`+\ǡEG\y\\|Ӧ\=ܓfۄR)SZ\\{\ j=Gv\yg\'B\u|\gn{łz0յq	\'Z\կ^\Z\\Vez1;\K$\\r>\}$qDC\0\"\Z?\^VM>\\zZc5Z/\o\nK\裏u\Q;\l\\\NB\g\Y v\\w\UX,_x\W\^%ЋGV\Y\ \\r	m]A\_\'8!0G\\t\0\0\E/C \wG\0 Ж@\NlGHĨfw+Նz\nb+E)\ r_+U\6;V$H\n<\\r^\V\/E\Zk\\\Jj|ǹqP5|/&@(xTb>[ou<\4U,Æ\rsA\\$(0z/\qW,\SO=e\lo\$5aMBvA\guABmi~ve\\0\w:(\.LKv\u\]g\\pKGȑ?\zX\8b!X\h	\"\\K\\H\0\ZB)$?\JQ\9UR/\\3O\\0\DZ\r\\~;\\Bi\Zt9:\ \n\ZS9\\[nq)1Tz\muj\\\[ouV\!٦\\\\"\]F+9\jMOUlEk\\\_\}An\\\X=\3\J\AA#]NGi\_J!\?ӎPPZ.8\m\s$4>\:P[lE1T\\rvSykh5\ה\nP\u\\񸾔\0\{\\r+~Fi\\T\\\䥗^j#Gt\W?\[t~\,A|ҤI\&I4jC\t9\Sh\}\\\#Ԇ>R\v[+Xn)\4&\l\{vL\5\G:0}W:\"	<=.e},\\;\\jh\\\\\%JR/o\\\3Hiu\gJ\`?J\'\\/\O\\TsIs\g/t^E\n\>\/\\\1g\e\sUW]e+=tO\9\[`B\\kQ\ӧuG_L\\\\owc&[ԧj\(NE\_|)i5\  b\q\B\0\"4b)v^L+@P\"\*bB5D\0\\FPV\\rtPhTA\\n+%BZ5suT:G\\cT\L\1VYe\'j(Ϡժo Vf*=:p\\\n\"\k\\>馛J\nf\\\=\n|)_\~P\n,) \n\\\\\ħ\56\`\\\\ǮA\n}MR? \nKșc9\g\n0)\f\n *Ȣk\hѸԯ\nk\\wc+,]\ά\n~ԕp<\Q?k\0\ȺVb~/u B\~Kxh@~[{\+\7o\Zk\W\\#\[mH]x\\o~\n\7W\\\nv\׎	\n\\b*٦K\nK)\\U\b\\VɖrJ(\oo\#.QAtݓtѸU,\\:ZJ\nWI	bk +A\nf\'J\\-QZd\+N\5 Ծ:Wy\\N݇t/\,Q[~2կ~\\]o٨>o\7\tK0v\B8RL\ndLLd\\+\l\\\Q\\Mq@@u!@Ċ\!X\h	 @\y	0\0N\~2!\0\\n\\[\#\nP+ լ\n\,\.%\7V\khR\IQ\Qm\1\NS`7\h\՜>zGX\{\G\\KH$h\rjK	\n\:ujű\z\p:$.(U\˧ӦMsm(\\SJ2\\\6\Jf%i(\nyᇡ\\2\<{\W\\`PO0~r~\g	D<>$@Wi~oV\\q\րp\E\~\\n\\\|Z8\yD}:#\K$RH]h\\(\\\=D \\XTK	lS=\0\\nzK8dK~ߋ	~g\'[\=S$fh7Ėb;%4\4Qu\nEOu|*>\=P(@\q\.v\\2dK\kahmnߗӃ\$\\$kܕ\(6e\g\|!;̡ص@vv(\\\;!L\7~.  b\q\B\0\"4b)v^L/%@HxP.\\p)< ฟL#@\\_\0\S\(A6ү\K,\v \IP\A+TJ\(T8F~\\\F\(u(@\Z]\Z\\Y)F\R\n\\\\E]l\n%[}Y;\c\\;}Q.Sw;\+\0߹(cyj\"o |\JW\\\nד~F`\	-+6:_A+-ۥ\2\+\\\\rrD%\\\4Pҡw\+	-WG$0Kԗ8.T|߅dS\\\~Xv\i6bE\\Z~-6߼=\/\Z\j\\>(\$@H\3val\\Q)o6\E\0\"\\E/C `\@H``\nr7\"ɄJPrT\\Q,\\w&(U\k دڡZ}Y\-\P!muV_}vC\nd\V[m\\R\U\0Qibk \T?J\-qF\=G1\a\BH*B>\쀈\\"\Z\[\\^x\?^$D:L\V\+EA\\*j/ܡj *\\wiFpG[pգ\[յJV\n|\~F\!Q[Cto+vڅR\q݅\	\	(\@\"Dp\Fa~GGA9Q\ќcD<IIo\"\9\0+^\Z@, bJ)&0m\L\2\\\Q`zHP\r\+\\6fy}\\FAEB\^oPz\\0\0 \0IDAT֣\0T\ϭV$R\\~hR1Hn*@KLݺus\\ץ\P\M#R\pЮ	\ SnZ đ;WK%֪\z\rʙ\\\Ze}\\\\\uJՀP\5I\UDůCo+J|!-fP~ѓuP\\	VP]\v\m\\uBRh߉}L}ڣb)¤`*e\\nzvv7(5P\nB^kGTy\\y[*1\\\B#د\:\s\q\ݝkJՀ\_|\*O~	~\\%\"ƅb\Ql\>5ivL*ݕ!j_)o\V\<(Vy\J?\\4w\}\g\BAݏ\Z|\u\rD3\Z\"V4X @ĂF!\0ЪbJ!AH\d<y\k\oޚC\t+╺A\$VJ]	\n\+@\*Z\\ߔ[+\U@Ry0R0\\\jj(t\nD\|Zs\U_Am\fQc;\\\n\\`\2IO/^AV+_DR\rw\y]\\ԡ\	Z\k\n( %-Xԧt/]n\n\\.hU*کR\n\\vu=z^\Ѯ\\bT\k]]tc돞={\Od\N\tO3T\\\0\"\*\^fy8_7A0\uH%J{@\nC5VaFJP\	Kݠ\\\ⅇm\oOЮ\\\~[{\k(\\^{\\\\\jc\ȑM(H/[%\\H \o~\.b\u?\\\*\\}ث~\CmjG+\W\_\9P\nb\;뭷:\*\\"{<Ȓ*H.ڥ\%\\'E#L>2J%(\>Q\\٢ԅ^pPځ\ӲAO\\\X%n\\nЋA)JM\lP P߲E1TB\	J\ѓ&Mj\\Yv=\\V\ZwM6\ĉgz\ Q[`H\3|&1H,|C,.=ڬ\'\rY<\fZmX\Dxi@+B\0M\0\"4XOԊDV<Q @\C[\PF+N\}ݲD\n\E\7h\0\\nR\9\\'s|I\'<\\r7ܰ5_\,J`P@A,|T\?Կa\j\\@~\X(@\-RLH?T$T\`:Um)ȡ)\\RT\Zږ$\jS=\n\niv(\$@N\_Y\niRQI<-\\r\ZԦV\*Hջwo7\jPQn\\]Q\\`a\R\٩\\"/K\[\䈆\0D4}+\&\I\'Ԛ\\7\tBv\\F\nKwL+\ʋ	wM\n^\CA|}o_K+KhsA_I\.1]u(\nhκJ@\=B]P8{\S\6߮ږ\C\/,\لT\\&{u/!\#x({bŧ\*M\\Z\W\,1@\"u\\.Y0\Ӝ\\׼(\U\w\\vt\\٤\\]1/g\nC\_Bt_1\-\w/kRVI\\\(;\Y3vhJȒ@\\IkI\'\0\0\E/C `\ SR\ R\8̆@v(VrT&\[oVaK∆\0D4i%Z@\nAh{+ߚDrŧWK\.\\\Zik\Z@Bdk\\\'Xg>Dxi@+\0ES켔\0R\a6\nhR_h+>\OJXs\3\#\0Q?vIU\׎\VЊF\nk7vjECu6\_u5<\x\\Ю|@@u\Q\\n)nӋ\\ƃ[\t\&\[\3 \[FVڸqU\ jgǕHժPJ*\TKiF8\P\\zPj{iT\1/@ȋ\;NV*Ւ\4}>\^#S* \;С4B@Lb\s\"T=u\{_%2۰\\'Xg~\~U>C9JA\~GBQ@&me\0D1 @\_XrHS\\/\\\\hO@Nu\\\+\n\ @\ƍM\\ov;.T\\+kU\I\T&	V\1\O+\4\4\Xg]\b<Wv\'O\\n\\} @\M8\\#@\\=fE	 @48A\0\.\A\0HX\jV>^x\\t\MbW_}eZ#SNrEo\G\\0@D	 @48A\0\.\A\0HX\jVBH\\0\ƛN\0\.@HCr`D\!\04\0D@\\r \0$\0\0\\#\;\\\n&u\\\\_};m-p\\\\>W\\c`\`\\\Km\ȑ\Qq\\'ڒK.\\+Xm\G\\0@D	 @48A\0\.\A\0HX\j\O?\\o?\;]8{\9{\\C>\z\\ӧOwE%T\o\.\\r\-mV/\\:\,{\mԨQֽ{wwD\6#@\~\n\03mb\tԻ\'l \\rL\'\0rA\0\"nf\0M\0\"\	7B0ABÜs\igq\\=zh 0`\0\3\<\ćS\\s\\vO\\\"\K\\"\0<\0 \\\\\O\\0D\0\"K\d,\0\I\0\"֙g\"(4 nF;vs\96\\\s\r; bo\"S\0\0@	 @4\t@ C 2\L@   bS- Zj\뮳%X\"\\I\ @07 Ж\0)&\0\h\@  \[F@ -  b\E]Ԏ?xR)6\`;\Sl\eu\=\6[߾}\\\}\\0( @jD	 @48A\0\.\A\0HX\jV\u\]mv}\\:v\\\\?:Ȗ\\r\V\N\\\\_\\t8\3\\ouū#<\\o\k b4N\r\\0\@`R4\0D\ \0\@Ȯo \0fx\\\\SO[n%t\'K-\'fQ8\\\k\ѧOS\^z\L3f-Ҷ\6ۘD_\A\\Ga<\\>\_}\y\my\1	]t9\!C\\j	\Z`D-k\`DXRytrƉ\0_`	 \0Xfe\߷N:Ɏ:ꨒf\"@$Ճ\@ \w^1cu\\\\sOȺҁ\0\0Qi\,\nu\b@\LQL%\0h4F?@\0\#j\K\۵kW>|xQ!\"}\b@\0I&\\?QN:U\"  b\\E+\&\0L\0s ˟\!\0@0\0\@ń4x!\0@\\'\0\0\G/D<\\i9\0b\h4F?@\0\#P,\0TL@Ho@	\"  b\i &M\\6\\9\\:\\^k\K\Y\\\s(	\"JYbƀ\0.a- \0f(\0\n\n_|\rnfIG\\f͚Ռ!\\' \0@O1!\"֩F\"V 4@H0͘i[۠\=\/\\0D~}\\!\0%&\0\\\б\5\l\\oj+r\n9\0rN\\_\.Ņu\j\m\\maË^7n\\\x;vlv}Rm!\ZҤE9\AT@\`@	\\\&L\\n\\0rF`\-~\nēﺡ\.!a\0 P%\n;\\W\=\&\|\\"@ @7U\0Q.N@\" @$\\r\\0; r\|@ $jv@tyW[g\\m?ޮuR0\i\0 \,\.;\`iYH_\\Qķ\\(\n\hMC\0E @0- Ж\0)&\0\h\@ }*.޵kWD|\\0L\\'(<q @P\"\9\0+^\Z@, bJ)&@\;/#@\q\r@J0|p\n\+\\Z2$C\!!D\A*j(B\\"F%(L\k\$c\Pz\\>\~\\\ݟO\ֵ\\\\u͘1#-B]cJ8\'\\\\\N{\\  \n}, \n\k\(D!X\\ j켚\0QS\i$ 	4dDNq(	H@C@p(@(@h(@\\%PB\i	(@\\y55]\l	H@%HvD\p(	H@CDҤ\\"<(@\°DDp\ZP(\֖Dm]W[\ j\:\r$P\Z\a\ܹ\㏏\](\%$	H`h\\z\-S-\	O@p(@\\%PB\i	(@\\y55]\l	H@$\0QAh$ !#\0\0Q\W(K\n`\\ZPjjDM\*H@N\$	H@CF@B\%\0Q(^;@! \nj5&\0Qc\\\t:N% 	TDIDK^Pv.B(@\NkL`\Ea\\)k<M:yK[% 	TDuD\\\Pv.B$b\wݲ~\\_?>\|\Moİ\0\/	H ?\n\'	H@菀D+\'\]\nA\L\"\0q\\whV\4E_ Ɨ?$ AP$}ǖ$ (@(@$(@\\%P*9\NZ\qL&`\nA{`\W>;c	H@EP(J@@V\n\nY\J_\ \\M$P!3\!qӔ$P ;$ 	t$\0\0Q\#\0Q(^;$ (@\0\!FPpAH@@^ \"i?$\/~\N 2ajALpF@@\0vّD\"\0I$ ~	(@(@v2ݧ\0	$P_\\mT{5RyPȋd%\0\$ 	Hn$ 	M@B\5\0Q(^;@ J\\`\"\0Q!g)\nC\h)	H\n%@v	H@\H@B\GDPv.R	(@\*D@B\S \\NS@	 J\$\0\e\ry\\ŋ\f\E9R͒\P	t%\0\\r\)q\\\nOK\\\4	H@5#\0Q3i$ qH.q\v\o+@pP\ٵ$\`\t\\pQ=0}\\q5/\'S]\n\I@yL{% 	?\n`*tU+@\\%P*Rq;$0\ \N]M\\}-,\\#|$\3y\"\/l\4$  \n]\\n\s	J@T\&	1!v~	S_`A\k\UW]?hQ-Z9\p\\߭\J\[\Vxի^U\~x\KG>G=P\Yen\N\\\{lxӟ\b\0}=\0\Y+\n\n.XBڹJ%0gނ8\\Ik:I`\L4h\\n\\f\C}\Cᗿexꩧ¥^\R\\n\pկ\\pAXs\5\2u\8<H\+\;\񎁌?\A賵\ZkTP\y\{^K\r\^Ǯ\$EY\ש\\Moz\\J\׾o\BWDx\\\J `\ ;\(\n.	\|\\}\{_K\g8\\\\\𒗼hS2(`32OZ	\p\xrvAsQ(lI\vz_\'\\~={vx\[\:\GKzP  \n]\n\s	H@(D	B\5P*N_\a}	\\q\+վ\x\h\fm6Рڠ\04/\\7\i.\\"A9F\*@\\Y-L\&@z\SN	ӦMԧ\\\k\\i}  ]QM)@\\%P*S0\*D@B\S<1$\4\|\x\Nn\}\rzjX}\\Zp\\X3bҤIqg>\\\m]8\CÞ{\;\\Os\=7u\Y\/KL#&L\\W\\1\\G?\p\\:԰ \\&\\^\;\Y\\/6\\\\\}\{QtW\\q	\92k֬\\o\\뮋i\_<̜93\\s\51-\QG\\K|0}ѱ\A\eY&l\q2cn\&#\'Q\~\1ǌY\0AAj=\\\\\ *\u ~\5yM|t |_ΰ\l\"\	(@(@侨\Z;T(KT.UD1$(@8\nG}4\S\NBthO\	!* \"\y\1X/})\\1\cE\9\g<c\Z\\b\N;}\yK\(\\rĐV\ǖ\/<\㎱\rt\\ӟt\e]8\X\e/{Y7\'A9蠃b{D\~\/xA\i¯~8_\\W_}uLjq[\\OYL\7\\$\0QA`R\\K\w^|\\\8V\\\M%D\\\OC~yI@~Ѫ\	(@\\FPpEM k\0!@ޮ`uV[S  g>1\\n\\\?+Ues\VAy\n6\ڍ\\^ND\oo9%qb\[lEl\\\rDD\\\}om*;i6\|(@?\ .,\u%\0\Q{_#~~\{<y\ˤ|_\^	\"\0\0Q蓡\0Q(^;@ J\\`\"\0Q!g)\nC\\N3\0,;?\ǝ^Az#\/ݷ+\\,J \ZkQг\؊;IQ\)vl.\w+l\\'%&NP\w5y_/ zU\\\\_}LS\G ߟ\7JW0\E\%\0\0Q\\T(KT\n\v\nP3\!q\0ً\0AA\]\\\N C/8ڵ R\o|cx\ۧ\")8IB*\'~\\/~D\z\"\0\\5nN\Sޝֆ}\r՞DXPv.R	(@\*D`\Ea\\)+dg\n\ٻ՘[/)M݆V\'Ψ]@+`b\\'?ɰ\z\\@>{W]u\o\9\yN,\"MAH)(\{\GdDM\.,su%˟p\GF!\\=\yOlD\ͺlDVR\l}]\	\׾hU(@(@N \n\k\(DLb\nC\Nʣ>8:A`Qu{]X}\c]\"\\nfAkѢEQ$\e]v\\?0iҤрFw:\3G\Cv⊱\¿p\1Ǆ1\9u$̝}\1\\\(@qi\M\\֤F\\K/R뭶\*w\qaZ\~}\%\=1w\ܑ{_=p2\NO>d8\\\2\,D8 oy\[Cz&rS\Z\\\~\|\\\s\(rPG  cR|NSҲrPc2\\}\|{V\\\K\fȕte\0\0 \0IDATD3BڹJ%\0Q*n\;੷J\qǏ\H E\d\}\s\~\\.vr\!#f\"Ʈڰ\\]w\5x\#\'*\'\/\:+oNG<\я~\(Pg\ӟt?\\u\]\Q\b\\\Ϛ\{\\b\s!RЎy\q\#?kG)SDaK\rK3ꪰ\[F\MozS7H\\ZkSO=5̙3\'\"̅oDu\Y\'|\\Ϗ!v0jL4ڋmO=T\5\\\9³U\ׄDM\dfu\n}_\\\PP(t\r+@\\%P*9\NZ\qL&`\nA{`\W>;c	H@EP(J@@V\n\nY\J_\ \\M$P!3\!qӔ$P ;$ 	t$\0\0Q\#\0Q(^;$ (@\0\!FPpAH@@^ \"i?$\/~\N 2ajALpF@@\0vّX\\w1G>[$ 	~\PW\ӟ$ \\	(@(@亠;S(KT.UD1$#@ <\o?\\\";\3l\FCB\iJ@@;\n3g\-E\\^{\0o\<K@&\0\0\\\rDJ@=(@\\OZ?\cg\\C\Y\U&	H@\*@4\H\J@Bbk\\n\s	J@T\V!\nrƐEX\[niIEbHӔ$Ѕ@\\x\ȉ\\ \\b$0V\n\nc]C\ns	TDu|%\P(\Ixd\\\x]x;Rp%I@\0\	?9\|&<آ \\G$0V\n\nc]C\ns	TDu|%\pQ=0}\\rv%\J@x\\}wޚD&L6$0\	4?9\\𓯜x/\:l 	H@](@(@Pv.R	(@\$ !&\,@˔?Dd\6+BX~\õ\^\}\î\\Z\\\\z=0\>(\\\IjLA\tѧ?O0Ir@\:\vy\ajt\93Äof\\\3\o\\ZmXr\\\% |(@\\\^$ 	t#\,@|i\\m~\[rz`\w\#=\3۟\\s\{`Z}PxOK@@\\n7<\\\n,\e*\<z 0gނ\z\5z˦?S0\߇uAL\\\\Ǚc\nLl$	H`\h_\bĸ_NP	(@\5\0Q(^;$ X\1@\"\_\op;RSpQI@\0\	)81hѢQi3\\\:$ PP\\Z\xDx\\\J \0Qd\,@\\},<O\@э7\ؒJ\n|x\a\̙K\n#	H@+!B	ڹCL\񅖔K@\\ގBIXe]\ꫯ\>쳄\0\J$ ^DYPpI@X	(@(@u\r)@J\\%P/\\\n\v\\k޼ya\}\" \\I$Џ\0\(Ds\1au\	\)	H@蛀Dߋ\'ˍ`\B\6zI+\'\0?S{\L\=!Dt\I\\3\$ 	H S\rR0yI@\"\0\0Q\ڊ*@\\%P*Rq;X(@T\Cb\X!A\4% 	H #,E 2´$ 	E@B&l\'\P\n\p\ \\$Hڏ$ 	K@Bߵ\>Ll$ZP4\0.\n\>O\\@\v)%	(@*$ 	H /\ny	H@藀Dk\'\}\n0\H \0Q7i$0(@\':	H@!\0QGh$ !&\0\0Q\W(KT\n\v0	H`	(@$ 	(@\\\$ 	Hg\n\n=/^nP腖m%Pms\-NF\r\:	\LL9 \"$ 	d$\0\$ 	H0\n\n-.:V(K@@	,B]dE@\!	H@yPȋH@@  ];\SȄ\F$Pa\nv\85Mb:\iI@\0@wH	H@E\0\\o\He\fͪ$<\\\\ŋWrrj\\r8\'`\nq\`זl\new<	H@㗀\3$PO<\(S\\\\V\.[\)\\V(еy8@\Z聀E{e\qE@b\\Q4R@-(@\\M\Z)	H`\-G|[%\n4Ϯ% \\\T	(@@\&\0Q6qǓ$0~	7j7h;n\A_\0\L*Gn<\\\n.\<Tyv-	@n=LͦPp\rTDܡ1jM\\\j~\׵\r$ 	H@y[\<\\\ny\\ͳk	H\n=\\"\	q\\ZLFn\H	H@$wmTK\5Z$0yķ \n\\*\<z \0\,+.\n\>O<\\dK@\2	H@u\'\\\?=uK@J#G|[@w\\ͳk	H\n=$ 1P<o$  \\ $0h`\Z2\W2<\G\sf	w\f͚\b)@\\^%0\n\0PF;g	H@\P(H@@{u/\\DOD*\<z P7\T	\R6;$ \!\01<vJ@i\5qfJ@@\	X.\ j\2\r$P\nqJ@ j\Z8J3% 	H j\\\M@v.\`	H@!\0QWi$ qK@&U4S㈀)Ƒ3JO z\e\(@\\0\.$ 	H%$ 	Ġ=q|l&	\FnM܎\\/\(@\% 	\r\8m$ \[|)\Z\.p\\ͳk	Hu\aj6@G\n.	(@M\$ 	H@$ \-G|[Օ\n4Ϯ% \\\T\nJP;4F$ 	H@ȑ@\R|\\V\q5w\n4Ϯ% (@\0˦㊀\' ƕ;k1ZI#% 	Ԓ)j\6$ \#\0QpP\ٵ$\`\t\\pQ=0}\\q5/\'S]\n\I@;P\݃\/	H@e\#\0Q\pP\ٵ$\`\T(@J@@G\n.	H@4S0\r\\\+_\`Z\\\Z\q\93Äof\\\c1\ \jAPwL	H`	(@ם$ r(@\\Q$ 	H=ŗo{\'\"h]K@=B\\\l*L\)\0į~ǎþb󗆫l\OjN@\\|	H@　DM\	8J3% 	H,B]{\n\_(\RKɫ<\\zիj77\r$ P,G$  j\n j\(͔$ \Pk?~tGXie¾[nX8	H@,wt	H@P\\ZP4Tㆀ)ƍ+H zf\	(@\\% 	-u$P+:\0QGi\}@#Ne \\0\n.	H@ȋ\0\\Q^\ُ$ 	Hgu/\Q\\\"\=/\7\\\\R(@\> da\\EnĊ+\n\RK-[nz\\\z*6$ 	H@$ :\\7>h\\o+@y8(\ \0QeǨ\"	\,L\y\\Fq,\\\\'\g¹\;nr\\\\a\\\ͥ?;$ 	H@$0(sZ^w\3K1a/\{<\\\n}\\~c\>-$ 2(@A\1HnĲ\.\\w\>8kcHV]u\\\fS0\r\\Z 	H`\0Ӹq$ \\Z\\0\Y4\\A\=@ gj 0\0{\aɵ0H\\o\{\¥^\Z^E\?}\7l\C	\\'F~_$N8!L<9\mo\cL<(ڇ$ 	TE\푀$ 	5>=\ \np*\D2P\\f0^$ `g?ٰ˷\=\M6\$\"@䍽Jĭs\e6Yki$0d \\NW@	̙ Z5u\\ZX7\X\g(\\y8@\Z聀Dl*(J\o~򕯄\;t\I\\3\\'N \\7\.,s\9Q\\:\OG3\aڴi=\3+w\q\\O+m8\Pr\W}\\'q\?4\}DLa,Nd`\\n+\ҞV\01\\\$0\(@3:	H@5$Pv|i\ޯ\0Q\"\\Ah@Fe+\Ͳ\n\'P\L]t\Hu{]\#\Z<\Cõ\^\D;\^\hvbBE\\?\Z\7\+|\_$Gy\H\w_\SN\#\M\*ӎ;\8*\rv#NpO;{R:\Ť\0Q\\0$0\0\n\$0DM\+_\\\\6\\\Ι&\}s5k\@g\01P.	H@9kjN>Ay)\\S\nIx\_\VH\8\X\1\n} V[m8f\Z\;N@|\\\)\\\>\	\{<\\6ۄ\T=\|UI0S]H@@$\0\B$ AP2\0\$ 	H@c$Pw\;\)R͆t Yj@  f\W҉֨u 8e\xa\\o>iĽ޻\\)S\"\\\iR%lH>\Il\Z^%\\VZn\q5{$ 	;a_\_\	(@\,PȄ\F@L#L\ng}vL9t\1ǌ&\|\Z\"\0ј(uͧ9\GHnNq\,8 fΜ:\x \	ڥH/_\"\@xigO?)\\\\nzU4@!\01n\\\D$ 	ԖDM\\\0QGi\? \:Rsu zN\š)\|\\\b\\X\\"eW\Z\uR2馛B	O@ :4\n\u\'\ɄN\' 4n\' \ZW\\ΞV)^ׇ\j3\01(+	H`\;\6\ZsF$PeǗ\Z\"`\xZa\ŋk\(ڸJC%0n1n9\\0 \\\'pp\Yg5 }*`\N;-\\v\eN\ZŌ\g\:\?WJȜ9s\<?\ɓ\'\\6Rh:6:v7\n4/Raϝ;7Ϋ\nD\r$ 	H@@ʎ/U@\0S\c\\#h]K@=(\l*B	\U S\n\\'@Ihēk\Wn[P\k_Z8餓\-\VZiJX\0Q	7h$ 	H@$S|5>=\ rX4\\Ah@F\nA\l\\01\Q\[\S#_ʥ\0QOh$ 0S}\$ 	H7cO~\\s\<\\ 	B@vZ.\n\>O\\kCXv\e\;\\	\-\2\x`Kh\0Qd$0$,B=$v$0B`\ޯ\0Qb\\Ah@F\nA\L&\0џ)꫇\O?\n\ֹòKOzص$ 	as$Pm`FuMG Ƒ3ʸ&\2\\:x\\zyN\\3\g\\]w]\ڗ$ 	Hr *\\r$0tʎ/uX\\.p\\ͳk	He+\=fS	Jn)VXa\RKUW]P.\M7\4q\a\u\O\r.$ %(@($ 	H`\ 큌\{\"#(I@\HnE\'Nf̘8\1\\۫BLUvH@?\H@;xP&\L	H@=ڻu\]\$ 	TDe\\!DM\\\0QGi\S0#g:(@\\P(\0]J@R\nC\x-	HB *\N(@\\Q)qD\qΩԜD\8\WNt\n*B\Nۨ\"\h$ 	#\KcQ<\E\\\y8@\Z\@\=fS	J@PvDH6$ 	H@jA\\X\\c_\e\n6\\% \\h\$P8\;@o=-#?SO&,\\϶x\p\W\N$Б\5\\J\ܵ\r$ 	H@y(;\X\\c_\"Ӧ<Tv/	d$\0\\q\\\Ob\֚EK[aw)@Tޓ\Z(	H`|sikȅ\/^<xC@\-8 \ܾdj\kƧ\zD\}\qHK@P(\V\\\S&W\V8qb1cF8\#jaF.I 	[\xK<7|\c\n.	H@\Dɏ}Q۶37]Q\"II@@e\kt}\Yf;D\\\Z\g\rB\\NpP\ٵ$\`\T$\01@9\r\0H$ 7AI\0\\\rm>733LfA:\؃v\\V\nYI\N\\'\0Q}i \0Qu\0Q:	H@U!\0QOh$ \%0\8X\\c\{\n4Ϯ% ]$\l*B	Pvނ\B\"\0I$ ~	(@(@v2ݧ\0	$ 	H\,B]a\S\ Ʃc$ P\0t$ Q  \n}$ \n\k\$P ;\(\n.	H@ȋD^$\G%\0\0\\\\tD&L6@-n\\(@\0\.;PpH@@^ \"i?$\/~\N 2ajA\"ԵpF@@\0v\0\\Z$ R(@\A$ 	HBBڹJ%\0Q*n\n9cHLĐ8\iJ@(D	B:PP(Q(KT\n\v\nP3\;z\᪫\n\>υ\'.\i6cz=<\\\_zx\\V]u\\/~1\g?gqFx\3?x\.\O|\"\E/ޤ*j\O<;\hݱ\]v\ʮ\a}.\\}\{_\^җfmv\w^:u\\up^\^&\0\0\Z՟Dx\\\P(UD1$TUno|#<\\\G\zdѢE\;\Nt\|\\ꫯӦM+̓vZ\?6\`p\E \`\\\p\\v\\3\\_\W\e]m\\\xG\u\]\\_8\\g\o,\r\Ν\R7\|wnķp\GVZ)\\z饣z*\x㍱믿>\71|\\Xy\\V[m5k}oy^s\5a}Ybޛnix\\\ꫯ;,\L\֨ü~᠃\n`l\0\0 \0IDATcx &l$ЍD52\+@	7KR *\)\\\S&8jC\{ƌ1`\UOU \+u\Y\E\?\6O\CPxӟ\\\6۬\0{\@\	ml\G\\8\\:\z\(H\\\R~\_v_\r/C9$L>=\\}\sÿx\cXH\QMp\\g\Kbp\#\\\/~{\Z	ѢQ\>\xzⓟd\~\\2\,\\׼\5=ծ\\"\yr\_\\'x89q\\r7ğ=\y\\sN<3\u9=ór\WFӕ]s<@>\#\\o\Ҟ\Q\	% 	H\0\n\n,\RPv.R	(@\$\7\U\ƪ\n\0\"0\Zk ~\ĝ\\\K/=0Ym\#\\\\f\"͟\\0as뮻\[\\?Df~\̙\\OoyB#+8sT?\_\u\u\0iO\1\\W\%\r~ꩧ\^;7c|\\|&l\\Y\oVO8\p\}\~ѯ\ώޅ^\f<3Y\\\\\\r\'7\\"@\G?\';]Y۵\A\K_R\\I\gr\\^\"O%	H@PP\g\dG\"3*J *\\"\r@$\0QPW\"\\fg6)F)>\nS;i%@d]]SV\zK\J@_\-@\]\SC\"pH\ώ\fb\\Q9\C\\n\Z\sO<-\;g\ֶ\'I\Uf*1,]\W\N/i2\\\\X\\̱>\xr\\\B\tX^W\\n=#	H@șD\Kjtw\n\s	J`μq\(u\\	i\"5\\'\s\'.)nn喸\\\~sǧ`]AQA\h]j\0tg=z\nN:)m1Q(\Z\"\튻\"n{\1;	ؑ\\/H\͋;\ow1ѷ\Q)Iv X\\\0&-i\#j\naL\\n+t]&\Ʈw\qR5Kl!K3P8ِ.\\RRQxq_\J\'((T\	EX\\\S\H\n&\ \\0:]\!B\{$1\\O\aI\O=]\\k0/\Ct\c44iRL\\'\z׻E,XN<\׽.)\B\-NX4\Rd\g\\]կ\rBiG\\}-Pje6`\~\o¬Y\@b_w\u9\yӟOذ6>{ֳ\I(6\dc\1\\ZFgw\yg8\S\3O%\@1YO\\\5\}/\t\0l\fmF곤8\a\nw\q\(AZ\r\\\\⊡\</6-J\+FL\\|QGy6\<\Õ\L\\P5?C\-\\\\\@b,W \0\0\:jۇDx\\\J `\ѐ[\*\'0GNvANy\}\&p|뭷Ɲ\y\t\6e\\u \\Ln:ujK-T\\\\n\f \<\$\K O0\3w\nl%\xP\\>\\\Ҧ\Q\\yQ$\6~\k_sg٩p\\\fw;\'~\_<0X\Ġ/n%ԑ8cmzZ-6\	R@\Z!I\0$8O\0ai\u׍)R[\\f.kJ\5\\#\:A_\G >_8)،\\@9)v\i(\A\#S\\'E\kƹt&`g<#\'3լ\\v\E4c\0^\W\\;\'Y#]	S;qd]iK.l\"(0\g~0M\^Ea#0&-\\\D\\YD\b\4D\Ϭ}lJ?\\b\0g\\"ؖ@\nҼN\X\\STb- J\cx9E)\\0\/\Pk\\$/\i\X笑]v٥e98pZ{\8n?y樉\E&\_\0ߤwR0\\F\\n \D\n%\0\0Q\S(K@@	 FCn)RR@0\E`\;HI\\jh\vO\+@t#\X9A\]w\5\\'\\E`\6\)ܸWYeTN\\Nb\Ȧm6\볝\0A:#\T`9\(\w\{I\0A]ߜ8hœ /Ag\Sv\7rFh (\=Đ\\\N/NP\%\\i\*@z\Ɉ$6}\G;\	3&v\q\X\;m\ZV\Z:\Ѽ^\ah\wo\I\!~\w#\q!S\\\\\r\\A-\p4\\'%\	ݞ\h\\nQ\0\c\cZA	l\\"@p\1\%/yIG\\HmX#I\3\K`ݴ{5ϣ];I\\l\\\rO[Z0\\/\^QDQd\WPPȺVj\0\6o@%	nѨ(@\N蔮,;B\V\' \\\RG&E\/䒸˚5\z\i(\XqfiUh7\eM@HD\R=\O\#fN7q\|;\0\Mk\\nx\s3Jh/U\\$`Ŏt\\\9\S=X>E*~Ύ^\l\m=g}O5\tI\(@t;\\*\O>A \\	vg\0\jEFJb\\\Z\\"@ fp:\\/\A \\z?*01VAL\\hn<Y\dzqti\0E$ PP\\zDWD6@mX6\М	(@/@\^vg\r\\\n\^*m$R\\r\ۜt9ՙ3gN\aL` (\vD6\n\&)Sb47\\.NmHI\)\0vړZ\\BD:\g>3A~\x5\\ٽM}\\́RvyS߃\ve \#\\nH\NH{R#@ vW`Z&Xb\Y\S\\v\C\\"\͜;	Գhw\Z<Cݞ,\' \0AhU\ K\ 8Aʫ\;/\~ -b@z7!@\#\\\ I\V\' A$ 	ԝDkXPv.R	(@\*D@?*E@\\\\tu*KV=Ra<	>(:LNr\%P\X\X\"Kr\ޅ\1l.RZ%D\ǒT \'i~\/\I1DZ˘6$ ǮnmkTӤJJ))»	BR<3́l\.҇z\rLv\w;mj@$_4\Kvm7z\"P/\x$\\ye\:/8_\#HǖV7$!\\Fm\[oXρ5v\'98\6\qϬ\Y>hӘ>U\n&|˻`=\\rb=hK\v}\jZY\*\'jTENYf\R\nwg8\9\}\̻\\'W\Z}\N\tNVO{<Qw\\k\S\ntb\' [z>x\:\\|YO$ :PP(t\*@\\%P*Rq;X(@vFL\^{\R\iWh\\\\CR0c7).\?\OAPna\r\-c/\\0\\T\\\"J!\g=\Y\lcJn\~\'Jz\$\r?o;\Z\\O`ipNik1BE\ٳcp`\\(\&\C\"\	>묳\inmҚal\\&\\Z\N\	2u%\\zd?,H\'D\0?\\g?k\\TGd#??\ZXmYL\I)֛vc\%O|\؅y\E\b#\\w\pBf\\\VRa\\!jslq\E\\\?kasZz\T	\XC\\rI}S\=D\nMRܰ˝rO*\\\;`8?f\¬7\\X\V\B\\ZQB\\05-	*\&lON0\T8\I#%]u\ru\ԯh\hOzv0~Ú\n>\9e-\q\\l\bg]r\\nQ\\EP&\nB\\݀\3\nTsڂu~O\\\4pBxB~u$x\\&4\8\Ata-pru(>[\\A\tK*d\\S\e\n#󁠈\m$]z\5DQmlh>y\\;\X~o\\\LEPO	H@腀D/\\\n=#	TDe]aP\r\0R]pZ@A\t\"K\f4N\P\\"\>蠃bp  ;l/\zK\"$\XOhm.B8@P\0!A>\s7Z\Ni~\\(\ʎb\ZY!J:A_\I\"A\\\|\9\\#Bb;`N\\y\1HK-WSj&N	#%\v\'HOpR\(d	6(\~\r	nƣ\\"\x\\)\"\׾q|j\i\\Y\>\26	8\S;80jZp!ʰ#Q5n!Ή;;\89=F\\&n<Q\\peM `4W	.ڤ8|ݸYG.2\Oc\\N`Q` 7=k42XI%<\!b\Z\\ƫQ\M?\Wi.I\7\\~0N\$qwt\6~0\\s3!\\\w\/\\"\>b<bw\9r\@\FNl \0\\3՘Z-A`!|k\n>s\')	\gvF\\Wѭ\\ZE\"NE\\v\\rCkl\x\nFO3\kfE^\nEҵ\^t|\;*\\%=\=\xxe\'\\0\,6x\Z|S\rQ\޲*v}&\\\7.6\]\\ݲ/BלDx\\\P(U\\\S&WȪ#\\"c~\+;Nv[\z\'(Ŏ[4K]\|!\'8לyVy\\GU\\|q8]Aг\n\\Z#&\nbW{ID9VE\3(pJ]ilB\\!)\"@i\0\\\|c/\\\Kh%vɫ}srqTcg8H q\@UO:ȉ6\"v 8=G\05\Xyqz\n1S`x	\$.(\\"\Z\\?\Q0Fd\4\\4!7m\\k\v4\\k:\03\\\']ٸQ\\0\0Q\zS(KT\n\v0	MJD$\m]\\pv\\;\Ê]\)J;h\{9y\8\"Nt7o|\c\0+q\~T\\r{$\\'H\\ꪳ\0gvND:\\I\roy\\ @\O\OR۹\\l@Z\S*diN-W8 \^\q8i\\!D;6ykp:uj\.Ҏds&R\'Z}\$\'9ED!N\rҋhM\\>\? +\q	\Z޵,\$\Zs&M(K9)	הj2υT\;g.\y\B-);E\澲kgS%\}\˳\\\\\Z\QP\\Z\xDx\\\P(IoU \m \L\\rRP|4<`\"o8)k\]Y Mic ^N\8\F\e\y\lʥM\\ EZx\\'c.ɤhS\]|ՙ$\'ʕ\9;\'\\\n<U \ZN\w\\\'pL\\\\0/۹\\>.\vY/v\:*Zq\q\"\\P־\jw\}\S캦FL/W\pw\uW?>Ӛh8\wS\\"nAh(yQgg\V\ō]\%@\u5w\,\\$@dm\\Ԕ13T\FVP(t)@\\%P*9\NZ\qL&`\n\h)m%/Z\\Vhb\\'%\0Apy\\K8\\j\m\\b7]\En\\?\ 9~L< |\\UW[@\n~\\ST\n\'|b\0;K[	Q\[\c/jNu HG^\zAv\{\rZ\r,\"RFr\6˼ٽ\6Z\\O:/R\j=\\\zw$PÇܭ\V\Ʊ\nCg\"\tX\\7`\Z\s\-B\\\c.N\'\r뷝\0]\';\0q\zLB\g#\}\n0\H*L\"ԝI*dK\v;\%}\0ܥ\\r{\Ͷ\*\_b|Ig;(\_K\\\\D0M$ B	\Ahӌ\\u\(L4]pa(&MԱ8+\89y\Yg\\ED\\n+\y\E6B qR\\zT\r\ns\r)o~\\ZE4~\\\\+mgs\"\\eNL;5\ZNT\L 5K;[\nܵ\Z+\r\-1\v6~aB\B\0`\\':\w75\\G\\¦v\).RKq8\\V[\_t|\clRn\\NQj\\Fa;j*2\c+Q\\r\E\0xΜ9&	\",ҕ\\r7\7\p\emq\":	\"L~_ qB\I*)\5.҉)\}ߌ\m;ﶍ\\\'_\\(\\\\N}\a\rJku\klC#	\\\l\k`?\!}we\';\ZkQdYǭK\q{\ZNNz\!A4\\\5\\\\\rb\Z>iY\3C\\O~2\Zl\\\;\cp!.n\6r\a\\WO\W~H|e;R?v6\+l\J\,f\\'XcoqAsBDx\\\J \01\Zr%\! F\$Psu \m\??\\.m=E Gzw\9\04F\Byz\nQ\/9l\1K\0H  \\ZkĔ`/\'1	\%\N7\}M@ ?k]m_\"x\*~),K\\W_-\e^ @J`կ~u8\S\\6<\\\0\\\Ӫ\D!`.\\[oM~:\\R\PIiU\B!\Mo\\	DĂeY&цy3&\5\"lF0H\' \t\0\'](oN{V\X X`\\\d9)\. B\\\?|n==K\rtbiú\d\rN>\%\KИ\vv\!Xc\.sY\_ݞn\%b@T\tP`\Cf8yH@\$@\N,\~\{\"( B1B\\Ǆ	\ }\`\)rڬ\Q\cީO8 J 4\vI\'!NZqTM)S<\"\\	\\"?\  \\_Ç$P`A  [9\򭧅^c\j\[vr\\>VWc\K$Љ@\5Mq\\\\v[Ll\\gwrJC[\/y\Kb\<\IsHA\\8ءN\\n\\nv|7:S{;miv\"\!\͖n㒞$;w\}l\rL\͛7\{\fzB\E\ ysJ\,m{:Ax\t⢗\l\BmAv\\DdBz\G\W\@Z\Vk4_\D>a- \P\\m7J\'<X7_L~o(\0tJ\7v\\8\'ʨ\\|g,\Nr҉Vv n\Cė>ƿ\\\\Jk~y.5\\U7\\_CF~腐]VE\0\0 \0IDAT\jV,Z\=\x\"wiCş]/ʸ  \n]g\n\s	J\"ԥ\v\nP\O@8 g\\H\kٓ\u \\zoLpT4\|\gzwx\\0d	j\Ͷ,v\\Zv7sQ߇\n\Jؓ\ZSD$HAF\O\\nӦyD\}\\0)k8\\|]\\GL`G;s\"\\\@{\	\Ɣ6AcN:#@\0ѩ]\~\Ϳ=~GXIU\No\AԞNt#\3\\s\\*=?HhLU<h \S\i$|\)\;1U9Ƀ\\AXkq:\\BۻzLW>o@(@T\\ZS\"ѰsNJtSˡ\ZӠ\r]b[@5	#z\mWv\f\"\&@p\'\.x\-Z\\kݶ\+\,\'xȩv킪,\Vmٖv\sZ\nwv\瞱\0;\\\M\6n\04)	N3Zw\u[\)e\\M@j\'K5\\rB\0)R\\\u\U1U\M7\\\\\K\7L\\'\G\\\t\M[2\Wh4@vj7c#Z.bY\'!$\3\\s\]\~Nqj\VB@8\\\	O҄ީJ|9\\	l0yķ\\iuSTAV\?\Nf\$0 \\\\n	(@M\$ 	T\0Dc\\>Q7;EzI\)LVtC\"\z\\8\\ԩ\\9`\09\IGC\\\?<\rOe\2;=?\!Ț\=\9ωy\%S;\@$Nb\0{\b\'[1Ax!\\'>\Z\\\\Z;je4wi]\r\4҉V!O;\6$5s\^E\;R9\hHk\x\W\]w]Ue)MYcڞ\1\\n\H?D\ 6u\ZX\r)Jޯ\0}\x\;·\iR؛R\\YkeGZ[\"\\B\tG\͎,\8\s٩DJE!\n)H\(4\n с0\x\ЏEiE\\\\cF?$X\"\\'\\#\0\;\w\\̃\P(Dx\\ *\qj\8uӒ$0m\\\M\0A*$\\p\Za\7oIa`+\\\\7ݻ\N\'xH0\"Iz7\\\"\\tC\㬳\\Z\\\/~qLӃpO<1\>\(l0Gҳp\"\0-E\%Mv\v\\&e\r\{\\#\<\_\j܉\\\@nqI7D@\7&3̱1\ʡ)\N;-Q\\IpH\~\߆\/21\>N\dbig8E\\iqMsz\;\s\@->A\g\Ev\^铝\nvH\Cm?=V& \?9\פ!U\B\\1b\1\\Z+B|\'0kq- 0\#\\r!0ɓ\'ǚ\\:E\b\\\5<0ox\Z>\\l >\CR>\Y%@Վn\\=\<`n\řa\&D q*gE{\\r\\\s\\\$qwEڙ\\ʀ\\?HqxX,suN\7\\\Fmp\H\E\Z.\DYͻ\`ڥ\Z+/\8\#i~6	sH:\\\Aok|zI\"\R\Q\od&\07Q\sӧL\|9\Y\{ՓD=\$\NHc\"DJIS\"\f&Vi	ڒև\'\n\F\Z \ 8c >)(MP\($hGP;\ç3\yID{\'M۱s#\	$Û&W\|\3cd\\'\lK\7\n!$=׳8)xeݸ\9pB -\Vŧ\ӎ\S!\\4)\'vM0#\\\1.\Xc\5[*\+#\ZS3&8L\!5{;b\|!hVYe؞)\\'5ZD&X\I\\"gBx ؽ\;DQ++l%@\>P\Ӻb 	\\Yow\19\a\\d]c/v19\\q\ER]\nN񰓟6\ܗv\\'퍩Y\\hGY\/x\HՅa$*v\G>\:Ʒ\\g\h\\j\K戠¸\\\Z\ >4X\r\z\|c,~\3\;\<\<_?{\K_\Z+\R\\\\u\{wBc]w\uP\_:\\Lr\Z\\\\=\n\nY\J_\ \\M$JE$/\n\H@ț@7\"\,DTAțŰGP\_rZ\"P|&:[\F8\\*\0Ap,Ź\"*Qp\\ժ^F=f\\vŧ\!D\'Rzu)@(@\ \n\k\(DL}P\]enT+4D@ed I \\Q/j;h\\\x9!O	0R\՜\\0)}ʸ8%oR\d-Nf\p\n\e\\D@J=U%۪dHOŉN<\,@PNkq<äs*\RP(t)@\\%P*9\NϱW/	S0\r3\F\sf\Tu\	H@\rR\F6.\l(\IQC~\f|)\rN\26$\\Hcĺ\"u\\H\c)m\H5D\|\5@y뭷\\|FW/\'Nvk\fTJUIЇIm	ƋM/30IW\\0\0Q\zS(K@@	,B]dE.	H@h&\	\\ 	ן\\ַb\\0N]z\.\}Ѱ\.r:-8j3	\-x*|0P B\\'|rL\,Rx珚/RP(t\)@\\% 	H\n%@v׀$ 	t$UIF@B\5\0Q(^;@LT*n\n9cHLĐ8\iJ@\@7YxH][\6$ B(@(@\Z\p\\K?P\߇Π?\nq	(@\\;% 	W\+\01^W$P\n\nVO@\\%P*Rq;X(@T\CbĐ8\iJ@\\0Ĵi\F\\&<\n=@$ 	d\"p[u\0\0ia\H_r\\'\PO\n\pv#\0\j$ f\nm\fm:xhOµ$	H@y\\HB\"\5D_\n\s	J@T\V!\nrƐ\01$vz$\\SW\\% 	H#~N\)@(@X)@\\%P*Rq;X\_(̞@>erjo\ĉÌ3\GQ{5rI\n\n	H@ȋD^$\G \OM\"BBڹJ%\0Q*n@\ FW *\\n\r$P{\nw$P)\d$5.\\\>w\nBDx\\\P(Io\n}̍\nqH@=ڻ\	H@nD+!BB\E\0Q(^;@\\[Ǜ:iR\u0	)\\_b|\% 	E@(+	H`8	d \Z\'x\"L\aj	\sf	w\f͚UԱƧ\z?/^I\頕s\\AYǲ$ 	H.}v\"\0\$  \t\Z\~$ 	H@m	L0!l}\G  yJ \j$PX;\(@$ 	H /ȋH@\0<\\:D\2ݥ\0	$P`4\0\n@ˎ \\ $Hڏ$ 	\"@4t&Ƨ\z?\ \n|~pP\ٵ$\P\0˦㊀ĸrg-&\0Q7i$ ZP4R@mt;\(<I)@(@ \n\k\(DB *\!1EbH\4% 	@@\!	H` .\\k.ACB\GDPv.R	(@\*D@B\S \\NS@	 J\\0Ĵi\Ff\IxH  \n}D \n\k\(DB *\!1EbH\4% 	@@\!	H` @l\ami{\DDx\\\P(U\\\S&WȪL81̘1#q\W#$\0᪐$ (@\E\~$ 	H [ZjGHBЧGPv.R	(@\$\7\U\FʸBC$ 	ԞD\]\$ 	ԞDXPv.R	(@\$\7\U\FʸBC$ 	ԞD\]\$ 	ԞDXPv.R	̙ 7u\\Z\`4S0\r\\7\\K@(DQd\WPPȺVj\0\6o$ \nu1$(@$ (@\0\!$ 	H#BBڹ$ 	@@\1B\"\0I$ ~	(@(@v2ݧ\0	$P`4\0\n@ˎ \\ $Hڏ$ 	K@Bߵ\>Ll$Zu-ܤP(\0]*@$ 	H\n`v	H@\@@B\DPv.R	(@\*D@B\S<1$vJ \0Qd$   \n}D \n\k\(DB\&@,\2\\w$ۇYf\\??Z.\nw9\Ιn:S~\s\;\\o,}Tmܢ\i׿\睖^9Wmܼ\\2u6\&\s\5\\}S7?\ߋ/{ߗ2}o̲ފ׸y\\\g\\\k\\Uw\\с;{o\\\\\]\'l\\o\^\la>\o\\\cG;~\r\\<u,\I@\P(W@\\'3f#8P#O@@$ 	H /ȋH@@\k|z\M\Փ\<aH@%P(CT\\\S&WҾf j\&\H@ZI#% 	k\n\n.pBڹJ%\0Q*n@\ FW=QWh$ \P$ \PP(t+@\\%P*Rq;&\0\7\ܨ\0QWh$ \P$ \PP(t+@\\%P*9\NZ\qL&`\nA{`\W>;c	H@EP(J@@V\n\nY\J_\ \\M$P!3\!qӔ$P ;$ 	t$\0\0Q\#\0Q(^;$ (@\0\!FPpAH@@^ \"i?$\/~\N 2ajALpF@@\0vّD\"\0I$ ~	(@(@v2ݧ\0	$P4\0\n@K׀$ 	B@\\"	H@(@(@(@\\%P*Rq;X(@T\Cb\' \\NS@	 J\$БDDx\\\P(UD1$(@$ (@\0\!$ 	H@\\Z\i!ŋ/\rrDVR@	(@T\GZXb\k{\n	H@ȋD^$\G%0\8X\\cn\n\\\\D(D	\/\\f\} L255q\\0cƌp\G\\^\\B\"\0I$ ~	(@(@v2ݧ\0	$P\npFJ (@\(@\߇\@@U(@T\\!	H`x	(@(@ \n\k\(DL}P\]enT+4D@\	(@\ޅN@@\	(@(@ \n\k\(y\xS\'Q\&A0Ӡ=0|\+@ϝ$ (@E\~% 	H +kv\n}a&	H@PW\CbĐ8\iJ@(D	B:PP(Q(K@@	 J\(@ $ 	H /\ny	H@藀Dk\'\}\n0\H `\nZI# \0Q\0T\H@\\"	H@yPȋH@@  ];\SȄ\FP\\M\ZY\0ڥk@J!\0Q\nf$   \n}@ \n\k\(DB *\!1\C\h)	H\n%@v	H@\H@B\GDPv.R	(@\*D@B\S \\NS@	 J\$\0\e\ry\\ŋ\fZ9\\nJ\"+)\I \#-,D1\\\=W$ 	\E@\"/#	H@t{\\7~WOpPal\"	@@\QI.\n\>O\\I8qb1cF8\#\n.\n\\H\g}vַڎ\]x\\mo{[!6\7M\k\w\|᳟lX~\K\ z%6~ڳ!j\ܹ\.&LG}\\\\\\\o{Xu\U\\,q\\\|\\\0\Dxы^4TŎL>à\\tP8\C\\wnr\Wg<\`	\\R_@	(@(@ \n\k\(DL}(C\\	\'\ \\w\DO}\Sa\w\o\<\[o\\=~n\yꩧ\iz\!~@V\W\\8l\V%\=k֬0s\\\fmGv\i\RKUnf<Hx\\\h\\?\m$}(s\9^i´i\O[n\\\.cnYF\9\c#\\7\<	0\K\_\Wb\&X[\\,\ԦَA	!=]b\c9&\/{\w%\`U腖m% 	H\n\nE> \n\k\(DL}(C馛\	s\a\}-\C\'h&\wD\+z7H\'\zd\@on\h>\S\;\\?~\\\~wx\k_[I@\Zke \K.$\o\|\\w]|N\\Ɠ\09_җ\\O^~\a饗ΕQ?s\b@\# Tv\a\\/~qGڤ\0A\au \\|Łw\9s\"\oQ\u,5ۑ\,m\\a\-\\|\m<k\	-Z(|\#	\Ke\Y\0\$ 	H(\n\nEدDx\\\3oAo\5J\$0h`\Z\R0E@\\"(|ꩧR8\\Q\+Z\N\`*\\??n\UzU8ꨣZ\PT\)\\%V~g\2u\\a|%w\qV\s\_q\;\[Y\Op\_r<\	^S\\n>$E\\c\bD\toēO>>τm\vg=}c[\v\q\=\\&^\nuvK@?  \n]\\n\s	H@(E H_B%\X\'p7eʔ\*P\ƚzLw\\O\\\Oo|\G\0Q\\2!:	[\\wc\0\"Ah\1m\FKİ\٩ͮ~Ƚ\8i\'\~Չ2\unY\\:\?@\x㍳t=MV\"G\⏬!@\x\\\xGROe\vY}];\yH\??peN1ױ r\ig$\>M[ $ 	TD\'\ַ\\\tE@))|\nv\r\\&\ӟ4\t^y\GW\Ufhu։u@~߇\o=\\8x\\'b{x!\0\0 \0IDAT|gy\Ek(\\=XL9ƚl\7XTTG/\\\\IF\-u*~[nO5 5|\\{HD$\nS+\)]ieY&|\~z\o\v\\K_\ش\s\v\\r7\{m\Z\~Cl\A\\[1)\\h57j*Z82G\P R2N:)\m\\\\lTI\\\Ccb\\9aNiqZԷi<\\\_p\!D?Ϟ=;\06\\_R^xae\c\6\\X\"	Fش\>D7H!\\e1cƌh\^x\\N|%\\s\\Gzβ\zFHf]&|\9\S\_q\[\\mI\l \+;l\\^7\DF\\\\x)@\\k\,	H`|PP(tE+@\\%P*S0\*D@b3H$V[mQg Rt\\\y\{FA-\0\p\/x\\ *P\lJ\'n\`\_\\\߱l7>	\\i;d	\\"<06TC=4cgqF7\D@4B	\"vr`4\wŢ\\'c\\+M\7\\;/l\Q^ܤ,\\[G\-q;\iC\\cl\\	\\_WLye	B򓟌\'H=\i$lb\mn\8b\\4Gܠ颒\0\>\\x*_#:৔\n\Z[^\\`>bBQ\0A\]kF?)p;\3{\\կ~uL\C0\Bp5b~ǿ\'j\H\'IH`ެAlc{\~du{\#__qmN\z\1,d\r[Ϭ\ $\㎑\~\v\y\k\?y\\Z\A_<<WJx>\\Z%\5\\Z+;Bڹ$ 	d \0\0a\Dv\)u\<=eP\_hW:\0vnmum\&K\\,kMu\\[O+lǰ\lz\\>VWz\'pH\0U\r|%O``Xs7$1f\n~\\	Js\M	D˞!@,\"A \rmZ1j9\\\"\n\\G\Nxj>x\'8\Ns.&ȍNΈ\դ~\"Hϕ\ :\-\Nh\?\=դ`^@\y\0\<g~\tM3?\E\\L\	\nv\74F\B `\Xni\\ci}rd\w0o\Y\\\\\\h	#4\z\\\NIAj\"TOݞ!\\\0<\,kٟ\\\s(\\;\<Z\$\n\'\\\\XO\JsK\\\fmV\WD-ݦ\\BDx\\\P(U\hg\q\"/\0+,DJl\)xz\]w\\ڤ	bW3A\. \F\n\\4\n;\[$pJ`\u׍zxRp]~N!N \\u\U1\\\p8rd\Հhn\j\ƚ?я\"W\&L\4n>EF\}\s[\ݭD\\)ݍbE\\Z\Z\A.\n\\\\fG7b\ԩQ\@\B+\0ʲV3͵܊\XNj dp\"	\#8ИVY،\ER\\\n%@v	H@\H@B\GDPv.R	(@\*D@\\S\r͹	]\7\HB`][\e\\n dG>AxR\"@2GD{\g\Z[\i\]\TG49I\CFD8\I5E[]y\\\v\mGO\\\\ƍ\8\"@c5Ω\N@*\ow??\'`OiV\$߳.HmEʩnvd \]Q\,AVL?\' HE\n^\s\,Az-<\S1mVJiָ6`\	\nO@n$ 	H PP(iP(KT\n\v\nP\\"O@,%\'wNg%O;\KHBҟt(\_\\ z\.x\*m=HvXʲK\;h)mAŜ0!bVPY\1\3@QT̊* bq\\r\=\NݦCUwWuU\Sk\\U\'<Tw\~\\\9s9IU\\\|`\\(g\-imKPp\y2\=i\$+)jCbXc5l킯Su*\~헵u68F}\'*Mj%(\D\ͥ\\\Q)ej\Y\.N\ v\m)4l5 \|s\\y啭\;޴SZ7JO\3Ϙm\\^u&\\\\SsMUWa\[\"\\\8\\}h2S0i\r\.\\tW֑ꁨ@c+Ʀz!\-)=5ޠ\9\EA\?QBJ\\\!5 }s6 \0@ P\P\8\"%\0)n:	Sf5ѨrE\\ڵk(\\rS\\se˖خR\\#\'\n\* \ܔ\\oUsEF(\iq\\\0\rEڹt\\r0\U\A\{{\Ey\Fi>[\J\V\Y\\ԧ\\V[me2\+ǵ֟\"goVԁ𫾃\n)JY첋Qݿr\	\\Wj\\nl\[i\I\=Y$tx\\80\"\\9\o(2\ \»S\Vm77LV\9\VQ\Zgi\/\vG&M\e3\;\ap\5G4\˛f\\@<\0a\+\u\"\+S5E=\J6el[\Z7C0R\uZ+edW\\\8KvTq\\\JL5kfׁ\n-q\\\!\UEu\fS`\"\M65\m\-HE\վ֥\\AkU$\\HB<\k=+\CRIQvW\]c\}gƦz|k\U!nͳ^z˙Pѽ]`Y\/KR0U>}C\0 @ @z\' @\!)Hq\&dB裏L^\oa\[o=+\\N0W\0\	:WT\G5/\gǎk\n\:E/X_(J`pr\{\\ȹ\s\Yֈrʹ\\\9\\:uj^B3^J9U\\\:U\~9{4h`w\K$\\j\'fc\\sUN|\v\!G\kf\r,ˑ.\쳏G$aC\]\\\XWm	-\h\\\޽5T3rL#[\v\\\\{KB)\VD	=N\(47~8j,Urkr\\6L۪\Vņux\o߾ekK+NQԈX_	05DT\9DP\rث=ECkLkD\\T\ZJ/C\\\\nOTDl\'qDkM\\Z\w\8d\{Hh\Rl\꾑\;[Ovw\Z\Z\`oB\\ZϵUEQmnm\Z㪗|^I ٳg\\\,\ڐ\"nv\rŧՎ\H\|\m_I= j9\\r@z @ @ B\K\\0D\E\0QC\"d4@\]P\|\!![K3(f~7YYm*\]LQ^#Q*WiCb$\H̑Ȓ\\"c\\0\0D\"T4H	L:\עцKg4R0նv\v׮xv\\Ю^9FF&W\8\ZqFicA(_VԔv+\"3\}UC{*PpE\"dl,@\wA58-AFR\K$[C\0dP\8 \0D@\"\\J\\\"S\\gU_\y7\W?A].yf͚et\b\\rh\OQ\)\\\\\\TSE)\`΋,\sP\K\T\{HRԃ\"\n\9\D\+c8@\@   B]\q@\0\0D\\/\\\\\\0\3P>\SJ\\"\Tc\fHxP\E8d+\\k-Y\r \'\\0r@@@/C R`7ň\0D @\\L@ \"L\0 \0DDxiu\,F bd\"%f\0\" \0d\0 \0k@\+c-[,1˥\ʑ_P~Iq\O\0\"6b\@+\&\0\\0 \0r@(Iځ\0 \0b	Tڏ]\\\\r\\\\r\G7D@\0\"\tK4KU\n\\\ \0DJ\0\"R\t@\0Y @ @zc @\!)Hq\Y @\\)\nDJ\4!\0D@\0\"\t@\0y	 @ @z @\!)Hq\Y̜L2\ԬIF{(\\7W\\q\ڵk\"\\ \'\0\0 \0r@(Iځ\0 \0b	 @ @v|]\0\\'A  a&	\0E\0|2@\0q!\0K0$P\#F_\r\!f\ԩcǎs\\\\rS\SL1>[\++2ݸ\"\\\k\}ӯ_?\Zkis\̱>\\z\WTi\"\5\0*^\Z@ \"\Mg(\0D\\bs!DlL@ \0$\0D0.]\|\\\7?\իYu\Uk5\?\o\\w\}f\r60\wuNg\\8[\}]#\'\\om/^l\{os\g9 \ի\\G1\mDꫯ^PC\7\K\u_|0`@暦u\\\\3\4tP\yd\ꫯ=\XBBϰa\\\?nn\Ӱaè  B]\qDJ`\\ٶ6_:@	\H_\93\0 Przʹ6h\ s\\\& \\h\o\\o\\Z\Ln\L\\\I\'df͚ew\\\K.f\W\aL\\\Ο?\\\\k5M65$>Cs\UW-\\\\\1\K/\>\\\v\e\\[\A\h\\/\.yTr7o8p\\,0\Lq6b-Zdl9\Ĉm~ױ\2Hl{\\'L\޽(m\D\\"T4@\0u\ \0C@]\M6\\:\%DtpA\\z5_\:9j|ڴi\	\կ\+7\ͮC\\3\8\\\q\rɒ%\\[o5{ݭ\\P\@=̤I\<`6\x\Z}\wV\m\̍7\X~\\\\\\B\\6\\\%5\ds+\\O\"c\ܹ6Z\\O?5O?\z\S\\E=\gϞ c\e\\N}\\@Q-rd\'\0\0꽁\0*^\Z\0 \0 @D\0.j@`A@\0@\\iXG\7m\,k\I\ ]e9\gj(\vuz\vg_B\"\afElV;\_|EӲe\Xb믿\Z\\+@M\5ט\{\7cc	CP\\"B\ό\n;\k]\siРA\\LL.VP\8\"%@\nHq\Y @\\)WA\\_2i׮]J0M\& \\\[K\+\!\'@ >s\HV\\yѶ;YN@\n \G}dS\|\YQرV\r\n\VJ\:\L8ѴiӦfr\\Q)}\\\\Z=mC):t\`ƍWӆs|KdPdm\vwvÝkl}q\M7\\|M\\5j\klt+\|rŉU=	\I84?M\ӧ\3OEwRHi\x`M\n3}4Rs\9Ǧ\\\\nU+ݔVԈ\kԨQ-E@\;\\{ΦlzꩧlkEJ(i\M7\i:O\F\7Ju\E:&=TqxkQHx\oٹl(_~\\u\]f\\\\\r\TW]qvL[K$[l>{l_v\X\FcS\\/7z\\\{Cd\\2;\-l\xmaq;v$Y?z֐\.B\\\W C@@ue\"@\!)PG\bD\0\"F\H\PĈטsk\d\x\o\.\H@UVY\\\}^91  \r{U\\\ǬP9\\1f\M\Z\\"\r	r\2\<\\\\\r\\ظq\\Z\sf~	\n/p\ԩu\_r\%Fԏ\\\kw\,aCTBNl#\B#F\䘗V\衇jv\\]\\0:\\\9\'\\\=\\;\\ȗRȵ+aAĲBc\ׯ\*\\'\\F(\B;䋒_~\\\p&K3\\|\W\㎳\\ǏZJ7e{9^\.IP\J\۷c\\:\\n7\p-x\\5!\Phr\K\P^\VZ\M\t\niK\uOx\?`ǥ$aK\\'\í\r?kP\˖\t^w\q-NgV?J%[(=\\\fE4\:\? qD\"cy\,\~׏ԧ\qd\'\0\0꽁\0*^\Z@ \"\Mg1\"\0#cd(`J& \0\\:\!7<`x|\\ 	J\"g\ݻw١.gw1CT\dڑh9\?\m\\0vo\\HβR\\\\v\Yx6qE\ M\\+@(BB\\ٝ)td\Wڵ~\GԠؠ1\^P\W_\\?P\\\\`ޙu2_9%H\\\\"(\r\\9Wt?j[!79嘗\\"f̘a\%>r;\]\~Ƒ)8\-\3gδs0\\\\0E H\\h|	\Z֑ceS9\0\g\rJ\'Msۆ>\3F\\x2Yd;/\\}\TYy啋\ZP9Dxi@7ň\0D @\\L@	\)<z\S{\"\A\\\-g\?OFiw<HӶm[3p\@Upv\kW|VK\r9z^B\Zs*7o\<g-\n?\\\s\OM	\\%\nev*\$Y<$iw\	s\+Tx\f:eHP\n+\R\"Ӧ\\[\q\\W\n?\($@(\\UW]e\َBn(bE+@\:\k葠:u\1J BlU\jP\8\"%\0)n:#%CAH& \02Ptюh]\\Au(*\"6\pÚ8{x\k۔<NT\lKN\\\\rD˹~\[\)sWgJ=yk7\ؔ&H5_\2\i\0RXI(4-Z\Op>}M\0J;T9\E@h\" \{dMK\tS\P\p\\m~%\\\eP\\U\oR(\\kڴiVLSZ* Q\nA֏\(5  m}\roT\@`Hf\[`&Lej\$\\l\2\\\H&dڍQC\0#\R\٪V+^\^\z	һ\J\'$iֲ\sXx9[]Ng\W:!@R/\U*\!ǰR8PK{\6\\\7SI0\ݭ\"\\C)~rH\"\Z\\\\R\\L\\\\EA(eR\(mj@\\Lg\U!h9]Ds+@t\e+B\l\MO8\+֨=7\\Ç[w~ơe{ՕXmՖܺP]1\b-\UZu\"6\=!1DJ\\'S.\\.5N+F\(Uj@C@R<Hp\\@Q@H@H\r \0@n		r~׶0\\\ZR1\ɓ\'[\'\Zka*\c\N\?\"\	ƍ`\\0\0 \0IDATW\s\\W~~~z\7lz\\]\\[;ᕧ\w\Rj&׆YK\֭M\]\\C\2- \r:7k\̦\R\n9-дiS\/\_?\\\\1d9\]e9\\O?H\\	\\~\R_\X\ζsѢE6M_|Ѵl\2\\\r\\Ȭ\\\n\';\\?\nG xK:\l\Z\í7g	:$(\r\Z4Ȋ[Zkz3(\Eͯ\8^~es\M7Y!jEզ֋RI8Pqf\&M[Eh(\F\I(u18\\ZZ\$^(5֩^(dw%qM\8Hd\ڔ\'!N\FZ\\S\w\Nc\It\\\\\}\m~֏Zu\nPW9Dxi@7AhEͅ1\0 xL\vMO4\BFP|9\\\0V[Eds*g\Gق\r`\ tr\\+M\09;v\Xq)\@b\\"Ƕ;\\՗\"#Ԇ9\UZQr\J\K\ehР\ݻ4r6\9տă\\czR\k\ÐcX]ي.\\~ƒ_E(m\V\\ng\lPP(JE\Ix\\EL\,\ėS\\\*Jx\\l\'E(퓜\\\aj\onΓu%\u(\瞳c\%k׮f\\\Ji$H\"	\!@k@c\dwEHҡ{CV0\:\\H\"^(\~\\\Nc	&\Lž5V\W}\\\\>\Sk\\2\	\uϵ\Mڷoo\!	\Z\ֻ\\Q\{\\r\\N\0\"\{\"T4H	L:\עцKg4R0U\\\\"}6g\\0\\"\0Y\\G@\\\;\~\r6BŧR\9\%[P\"`J%\'đlG\\\)/ic\j\\OD@u#@\!\0@ \02]\\"\0\0 \0r@(I\	J@U@\u(\Bε\?*Gv\k\RBݝ:.mPL\|9\\z\-+\$\\\nA\l]\|  J]CyG/C\0@ \"L@\0\0D(Xi4\0	J\ӯTJ\֡\???ڙ~\}\z	~E9՟z\)3v\XʪP}\v\Νk^y\IūsQ}٣y\q~F&J\$m喱W\0\0\\ZD/C R\&|lh\\|/l>R\0DZ,y[0@\0I\'\0t2T\@-TgϞ^jI9\`X믿C9$ȥ\!Y\[O%~\Gmz4T]\'\\qDJ`-\;0\@H\3O؂@\0H:[C\0\'\'@ht9ꨣr\nbP\8\"#0}tӰaÚT(\\Q	 @T\\0)\\"Fg\\0B\"\0X\0 rNPĐ!r	\.\qDF@?#G\(\\\Q @\)D\\t!\0H\0\"D4\r@ \2B;BD\nDxi1cF\hEE4h\ 1\	*I\0\\7D:\ά!\0A\0\"	@\0lB\\ٳ͒mZ=\\\\L\\cBK]\\5i+\c$,J+G~\@~\<@ \ \\M#0s\3a\,sP&\\կ_\\\q\k׮/\\\0\0\E\0\\$i\0\n	^!B>7\֜\\H\gJ@\7 }A\|D\\ \0$Wx\\	5F@\0%\\\`\\OYn>D@\\\D@\\0UF\\N3<\r\4zyᇫl\L\&\0liɷ!3\0 D@\\@u\o\r`\n\&3\nZ\0J!0v\X{\\o\5͵jժ @\nD\0QU\d2\0*J\0\@\($@xQS\Z\\qDN@y\o\\CT\0E+I?}#@\\\\Z@  J\0 K\nO?U\L>K^(B\=S8<\0\ӫ\0DU1Q@H, \0X@y \0\\ 	nr.t\qDJ`\\\f\\Ԃs:@	 @T~JFH\6 \0 @\0&!\0@8B([s\QG\"\[\"T4H	<0\S\\v\gG\/A\ *m\0>3c@\0a@,\B\0H7\'@}\9G\"Ի\"T4H	H\qf릑Kg4J[ }#@\\\@X \\"K\0 \\0ߵR\yEa\\"Ē\0D,\ \" \0dE\0@\0\\"\0Q.@\0\@@(v\\&N@\"H2\/@ @$\%\0\\A\0@!9 \0M\0\"\5\0*^\Z@$@tlӌ\"ԑR89o0e9Y8\\ׯo\\nӵkׂ\rB<	 @\\.\n@	 @$\j@u@@uE#@\!)Hq\&\0Q4\\\\0S0@\0\'\0x2@\0\'\0\0\\"F/C R \\\\H3@ `\x6D \0$\0D2\ƨ!\0TP\3Dxi8/\E\r#\\ Pi`\\?DlΌ!\0E\0\",@\0~	 @ @]+E\0Q6.\0 \0u @\\L@ \"L\0 \0DDxiPaۛn)~\$\0QI\\\"vg\\0\ \0Uڄ\0 \0   \\"@F\-`کFfٲe#@  J @> \0@\\ \Ev \0@XŮ_\!@\\IH\ئD\"\ \I\04i\?8\0@Cs \0@ La/\0*^\Z@$@t=\ǿQs@ - \b\\SĿ\3 yB\\Zy\\3hF@\0$\0K0(@\0\"\0\0\G/C R tٺi\*M \ܹs+\He[\C[)@\0fK,1+ԩs˖.5u\֭f\\r\0*L`\ҥ \\\N߫R\\R҉ÿ6:k+s9\/΃\0\%\0._Z/	\Ǐ/LFV\>Ҭ\\oV\\\@\0\%p\Gך%KM69 \0N\\s\5K6\4?}}8\aSI\\{\\rm,\K\mÿ\0Q4\\@{\@ \n \c>z\\bC`\fY\fMb3&.d֬9y\\\5qf@\0e\'mO^z|\ۥA@\0@.I\Hk\o#@x\@!!\0\0(B\0B\0(#SfWkvhA[)@\0H#4Z9C\0,j@ B\K\\0D\\0 \0@\0e\'\0Qv4@\0 @ @z @\!)Sg;\0kf\*ML\0C\0\0 P.\\"I;\0 \\0ߵR\yEa\\"@\0:R&`*H\0 \0\0\"\0 \0	 @ @\ B\K\\0  \E^f@\0@ @$\@\0_~\JQ\!@ KJ\͠}b9> @Ev@K \0@B\0\M\0\kV{\qDJ\"ԑ⦳@1R:\ZiC\0\\l\4i\0 \0DDxi@7ň\0Dҡ @\L\0 \0@\0U@\0\"\e\0*^\Z@$@t=\\ّKg4J[ X\0 \0@\0@R	 @ @v B\K\lG\b@\0\"FH R\0> \02 Sa\ \0\"\0\0\k{D\#\0?0h̜L2\ԬI4\2 @$ \0@\\(B].@\0~	 @ @]+E\0Q6.@,	H2\\0 P\OiV^١\\:E\@\0@4\@ ~\\'\SO)S뮻ά\1%CFkP\8\"%@\Hq\ \0@\0\0\N\0\HS\\\?l\\㏛\#<\\\}զQFL:\\\\:\x\gϞ˝ZN|ɒ%Vt\߿9\͝wމ\0!w\0\0\=\0*^\Z@&NmvjYlY\*ML\0C\0\0 P,:x/D\3	\\\{\5|\b-̷\~k:w\lV\\qE3`\0\F\Kf͚e.Bs\\'\߼\f\O>5\DMwѢEf\\cI\7ӦM%@|=\]w\.uP\8\"\'\&\ӧG\/B(B]I-`b@\0@N\\9/\\|u67\\}\^zI\H\ͱ\kz\m9\K\4\[\څ\[@Vn\_|Ƒ\Dl\"\瞦u\\\\M{  B B\K\\0  \E^f@\0@ %\uA	\'hN?t+D̝;לy\\\w\\/l{\1\^;h7%`s\eY!$)2Ez\\\'@(iuqq>\!\qDJ@)tha\*M\0\\\0 \0K\0Xr\\\"\\=\\ӫW/ۛ\w\q6ݒwg1c\\o~i\[/\\aT;B\n\Zk\\SVz+\l\v\'J+d{\9s\]wq\ƙ\?\\\s\56Uԥ^j\ﾚ:t\`[g}%~\7+6\\\\fo_~2d-\TSJK8\\0s\gM3t\R;.?\3\Hc\'\[\"\?o\\\sMs\\:\FkH@\\l\Z.\4o\ܬ\jvmڴ~\l;N:\Z\xc\Z[(*\\\|\#\0\0\\0*^\Z@TzȀ>f\G\/A\ *mG`\r@\0@ %\uA	\ֱՂS[w\}wYZAA\\[\ŋ\\?l\n;[\\\?E\W\Ŗ[nY\/Α\r\rK̸馛\?\r\Z4\\n\;\l\9\[\\~0v! ?~>\s}\Ǧh!\\^#\;өS\'\^{K.ļ\K6%ҿ\J롇\=b\Ӯ]\ZQ\"S\s\)9׀~UiY\n/%E9B\\C@D\6\\[=&e&>	 @\i@\r-\rC\0zUo\XLp޼y\y/Ǹ+@]\0\wB\\/u\]\^HN8hg\\\Da\l;\\\\w\nƦGY\\\86R8√/	\rǁhEM믦{\f\W7Ç V\"#Q\rsE\8Ic\c9\ז\@!!\0\0 \Ԫ\"\0QU\L\d i6\r@  ba\"m۶f\mk>B\$(-RG6!\߷\B\َRiӦ-W;x9ll\ѥKӪUZ53\JPPzUVYŦW:\SL\ƍ\)Ů$\0)B]g\qDJ@D\Cۙ_~\B\0\"-\< \kF@ \ \ndODHQ{\gɸ\"\Gu<pj?\RPg\Wlَ\n.rBoF\*ۡLoiz\Gl&d\K\>zP\8Dxi\0\\\M#\\ Pi3\-0\25kR\\J	 @\L@ @\"Md% A\[o=\\0\Z[hy\\n\fw\\\\|\78tz̒%K\\W_m\/\5\لi5ְN-Z:u꘏?\̜9\\\~9S0}R\Z\Jf8(\6)5\nO\0\"LT\\裏6F2M65m5\\Z\%HT\\\r@@(\Dxi@7A\0!0~\Lu\\r7\n \0@ @8\\'K\J*\?׺\\ϮIS4k\,tKrKx\7\\}9]\.%RH<ꫯL>Pr\KTp\ѵw\q-\=T#Ai6\tS;69\^#\nG꫶дƶ\V[C\o\L<ٜq\[ne\\k	*\WZ+RAQ\nǧ~jkUh~\ȑ/Ҝ|ɶP;l|I\\\4Sl	1{l;>\\е*;6of\̀\.\bnO:ՎW3h\7~\\\\	  \"\B(A $@\\}!A\0\0 \0@\0 Xax衇 g{\!Dwȩޭ[7\[ocQF9\\s\$\&@\9\}\{[1\|P\O<aJW$AEw\qGۧRu\\:\%Vl\VD\km\&|\x\W!\\?ފ)RBw\۷\\n\rV7\[\E%\\\P\q\W\\r7\`K6\ds\y癎;UW]ռ曶-Mb\Mn8(\"E_z饶-͹Aw\\F\B˖-\g\jlM$R\E\\\\XKtP\8\"%0q\lS\\\r\DLi6s\0 \0T\\'\0 D[P\8\"\'=9r:P\))R\0> \0 @\0K!\0@,  ʲr52T4\	(t\K$Jҧo5\\0\0%P\01c\\0 P\nR\Ok \n\"\$R0\h\h\ČB \A6J!\0Q\n=\0 n\T w\ѶXoV\\r\C\0@I  JZ@.F(D\!*B\\\M3hF\n2@(D(\0DI@	 0r\\\Zf*\0\%\\!\0L\0\EP\8\"% bȀ>f\G\/A\ *mG`\r@\0@Jt\{ｇ\0Q,|\0 \0K\0\"\[\"T4H	H\ئYlY\*M\0\\\0 \0K \0ǂws6\0Q,u\0 \0/P\P\8\"%\0)n:#CAH\6 \02\&@Hxx?\A͟,B(g\0 \0\  B? B\K\3W1j\y̄)\A͚e\\3f bf@ AWxXn]\΄B\01P\'Dxiu\@\rSfWkvhT \0@\0xGNmgf_f\jC\'i\ƌ=\^\'GѶm[3b\Xp\\wa\M\Z~g^\\15\'Bm1Jk\IQ\a\\C\0>	 @\i\0 \0@\0	\" bb@ \\\\er B\aG\@\0\6o\\\\'U\n\ Sm\ \0@\0i%@\rZyC\0R0\Z B\K\\0t\\\0(B#|`J`\0J Mpͩ&D\6\l\Z%\R@\0!\0\0\퀳2T4\	pOGc@\0\"FH(B!\0\\C\0\0 \0IDAT@ \0f{5_\L>ݜp\	5u\\w%\R@\0@R0xC\.MC bJ\~翛f͌g@e	 @T?\0*\0 \0b	 \\=\3f,\'D3ƴjժ\\\0 ` \"\\\0\"T4H	P:R\t#12FJ\0R\3m@\0e Dp\9!b\\fԨQeM@\0H3P\?Dxi@7ň\0Dҡ @\L@#@x\r\Za4@\0i&\0\0\G/C R \c>z\*M\0\\\0 \0K\>\0 \%\0\0\\0*^\Z@$@tl\̸vNg \n§kK\0\0@\0\@(\A\0@ @ @k-em\"T4H	 @D\bD`\fY\fMb4*&i6s\0 P^\\Ik\0 \0DU\\n\081\' \\\/?ΎH \0\\"0~\Lu\\r71@\0\0D\\\0\0\n@@&A/C R7A\0\0 \0@d%#@\0(\0DK(\\qDB@?:\/Zlf\wĈN P	`u\0 \0@ \A6 \0@\\"@D\	=\\{s\w0Kp\\n0u\\\0K!@\R\qm9i@:	 @\\\\Z@ @ @ B\K\W\M\\W[lY$cT\0D%ӧ\0EY\0 P,b\q \0\0D\R\v B\K\\0D$\$\ bl\r\"%f\0B \0T\0 \0@  -\'#@%\\KK\}77]kD@\\f \˓ւ@Ό+ \0@\/@\04P\`⮻\2}	u<ij|\M7M\tkFi\Z\G\0ڴm\6\\4*K\\Eʹ_曭7ZT裏\Vn\XmU\;\0 \0Y~Ĉ\0B\0\"ԥ\ZD\̽\k\Z7n\\\9sLacG0\j}i\0]T	*1dB!b\jkzku~kVmDB\˰!\0M\Z\5\'jЅrh@ @ @o5ei)\01`\0x\PǔƯ\\n\k\/<\r\e!m\\ô\ԳV`\n\\04_q`	R=?\xL@Tc\n ~!@\0H=Ӕ\wGm(}Y.\0Q\$pPv3\-0\25kv̿\W4t	@\0> @\)\0 *\o\\0\bb1cƘ6mژ\{ϴn\:\L~ws\\r\<]\c;\Ӽ\\oyXh\s\ך濕6D9(҆#\0Z\0 P9IX9z\0 \0@`@\0@	$&-\ \ 7\x#DDy *ثK\KK\}77]k`b\35@\^q\0@\	 @|0}@\01 w m\n, \n?9\Ͱa\\q:x\	s\I\'\\\\5\\\S0\\7\ڵ3\iҤIM[N8\c\\{\]Ӧ$\\tx\g\(UW]ը\>\<\v\\?y\7ͤIj\mC\(Rcm[\MϞ=\]w\ez\m\>\k9nƓͬX\U\e5TZHTM \\\'ʉ\0 \nj|\g*B\0@ I)\\)-`\'1W\]w\ro\۬\_Ǳ\k<H*I\ $f\\y\6A\|A\+B):w\l\k\Z7n\\+}6mZ-AU\k|w\}Yk\\z\\\\Fmﳦ`\\\]\Z([LIG @[@5i&@\4[sO\z\	2@\0\&P\A\>\0 I)\\Dk12	\ޥ)\;1BN}?5 t\"$XD=L>[\rX)T(RA%!A\5\bpxbG.b\\VTQo\؜x9\AD:M{_ZF\a\v\Y)R(R6e<f\M\z\p2@\0#\0:3a@\0#w \\\ B\\A\ H4\\o4_\EIx\R:劀yr׹1\s\=\8y\$e\n}TN\y晚~\'[\r#8´l\\\\~\!Z\B\"\i4\E\0QIIX$;\0 \0P \0@NĿ\0Q\@يP;l\CP\Rhݺuo*%	:75\߿rQ.\3y}Kp?\\Fmd꫚H|\\\뮻ڔU\_N\F\0\,\|@J\I \\\dA[\0 \0q \0@\\i ʻv|\@N7o\\KP4ĥ^jv\y\@5 2S)MW\ڥPʖ)S\}P\n&o!k?\jܜ\%@R\\\ƓM6F\\r/q\n\ws\y׵.!S!|tI`ǟd\g\0O\0\"6d\0N \\4A\XA䍀p\"a\쨽\x\\\\c=̉\'XkNP8\cRI\8q^mJ\E\7EVtP\;\`_<\F^\pc\\\\.w	n\#\wx\'v\9\ŋ\B\(j|i)\It\9L\z\\2.@\0i!P\Ai3\0 gI)\\5 B\\A-SC%`(cܸqU77&TY\\RY4IXu7\\\e\rf@ yY>!yc\\0@\\i\\0\b \\r1r\Hs\ZiӦ\7ĕ\B\2_ӶS\ZgeS\f\[`&Lej֤ڧ\bH \\1Dʐ \0\0D\\d!\0Ē@\\is\0\"ĥ\@\B5$Tt\o4\w\\qp5\@\$ar\\\0D\0u\0@\0&w m\n B(\@r1\\0DTi?IX7K΂\0 \0 @Ev!\0@/\o#@]e</$@\s\=f\/\s皝v\\2\'\\*J\\w\\M\\_\\Z)*j:\0)\"L9	$a\B\0@e	 @T?C\01I	\\Fb\\\\s\5f\رir\dM\z뭗\	0\Ɨ\Cg\"@\X#uI\z\Ƅ!\0Č@5>\3\\@*	$;Ԁq\1={9s\8\"\0Ɨ8?\ \mJ\>\\\G\0\N\Z\\n\@ NS\Wb!@h@	/-#0m;\\Z)J˥ \03U\ ^ab\0B\0\"!b\0@\\is\"\\@!\Z!PP\0K\0DU1H\zb3p@\0UB\0J\4 \0$@\\i *PK \0\T56o\\'\f\0\0D\A\0H\0\o#@T`A1DDA\\w\\M\\_׺L> rJ	 @$\||\\o\0&G}d\?|s\wwܱ\\\3C1~\k;\'pUv\nh\N;/؜u\Yf\UW\9\\\<\#f\W6ݺu2\"LT\z@\0(@\\i J]-E\\\@E\0\D@\Z_Z\"FUD\0$a=\#ԩS\\_oy\kN:\\\r\%f֫\\ٳͰa\̫j[ou$\+\\\\n\\>ӳgOp\Bs\W&M+\ԩS.\\?\\q\YffB\=\c\fm\sK.f\\\K/5W_}u\`\"\!P\A\H+\0 P\nӔ\w\Z\1Di@\Z_ZJ) ]ӧO\E͌\Sk7\xc\nh0\JH\zű~\V?\\\ol&L`:u\dv\i\'s뭷\W_\~\?St\R\O\N3gy\ͩeˌ3o\Q}\s\Φo߾l	\r\77}\T\A\O\0 `I;M9~w B(\02iW\ۛ\'x\ԯ_?\Ui1`\0;v\!/\'\\E\2_ӶS\ZM\\i\'.$@\\~\:O~vy洸qT1?Wi\\\\7\ִ믛:W^y\\n\c̘16QQFOQ\K?i=\"g\\0\C \\4A۹#@X\\OB\\\\nü7\`s\皣>\\%\\q\\6]\KJu\-\p\O\z\\ǚW8\"(X\/@\֋t\n/\\w=\\\\\\n f͚e\>l+j;w9\3\\\\5SV4\b Ҽj\n\0#΀\0 \0p	$&\"ܵ *\01o\<ƾ\f\<\\3~ꪫL6m\:]\"@\\)2D\@̦\\p>cӣG\AEz\LFl{*Jyxp\	C\:3\R@-Zȼ\O>fܸqf\6ݻw!3f̰\\\\.3#F0O==W5+\\fҤIϺV\"7\Y\\n1g_V\n+ՏP]޽{VZ\\nJe~\!~f\\'|bUM7\\衇\Z=\(\\\\\˼\z\2+\5>\\\_+[cИ5\Dlo\X\"f`\0RMӴ8\̬&>;y}\ĿkD@h\ *\0\\/\x\\\\7\4]v\rq\\6\0-\\}i\\\k SZWF\zmę!@$\j\\\M3pNp\J\B\"T\\g5￿M\Ժuk\d9ofs\!CV4\\֭u?\vC\>\[\\\]NXP_.Z\oT\\n}\P\رcmM1!!Qb-0x\Ϭ_c\sW:(׷\W\rg\_o\\\\yIy\\\\;\l\n}.C?x;>(;v\\{l\m\VyǮy\\\n\\Ϝ \si\"M\f\0\I@\4c\}wpwm\07%\e^\8\\0~I/\%n\\^/\ry!93\	T\KK\1I d\kR\\\pڴifРAVp\\\\\Y\EDr\)ֱ\Yg{\\F\p\͞=\H0YeU>\6\l\|\m\~퍢.z\i\p\BӥK\\\0䴗p \"[\^Ѳe˚J3\8ôj\*\\P.r+$d\w-\l\Sݏ|c\%@\\0\Y\r-W\|?C5ؐ9@\06\N\\\M1r\\\zP\[oe\"}Ձ\|S:&\\\\rw\\SN{\1KT$P!\~?\.\\^,\)|vv]t\Ey\f\V\\K_HC\\\n4`\Ғ`s0 @D\0.|@*\'\yOi\\hΡ\\{m\'裏;\\\\oܸq\K*缢&Ol\ߙ\\\\v\mg6\~\B\z\H\\\rP\9s\՟\Xe;/\gj+BsBH\頫Y>!R\t@\0 @\T2\Z\\\\_ڝL\\r\z\ٝJ\\\^Nt\B(\Z⡇yPv\\ՈSL1^x}`\U@Opz^\\\\\\5ʗ\^{\\Kf\\sαV\F\\̭rV~e38𾴌\\ô\Գ\0IG1R @Bk\M )\|\w\Z\S\ߴm\֦\uyϯ\0q\-gyƦHr\\/GzÆ\rK ԮK(mR\r\u(R IQ\r	z\B\z\'@\Y\\u\֭Ս \n}\0=g\RcƗ\3]\0;?9\"@DϜ!\0@ ?VJ]\<\U!9B+|\wV\/\0!G\	\rzQ^~\7Jh\\EG;\}p}.!P\ZET(Mԯjs\*\~\5\Zw\\\{\~!M\gu\\\ *n\!g>\1\sK5\L9U\x\׮i\\{~\A8\mEcF\\o\ԩS\EA`\"U4:j:HXw\u\\m\Q(Ֆs\=p\u껨\r\ׯM۪>VJZ9\\\sE[(ATC\\#Q͚\\ZHH\5|c\\'@\\4\0F3g@\0&\0oԌ.)/ ,\)L\\\\\Bs\ZHhѢ}RZ$t\<\\[\]Z	\c\\K>S]\E/F:}\\*iB?Ì\0D\\\ *n\!g>柀6\(Vl\(r/\\ճ\O>ik\;ܫ\WU\Z#93ViE0ffͲϤڨ\ZK.\ða\lg\LP\hZV\?l\ŋh0r\Hs\G؈/Nz\ڗx\=\F\^{m?[d;_\Zd\nTZ\\W_}e;\8qgkmB\\o߾\۷1cHf\l\lDŞ{\i\}ݼgtw\P6)2\"\}&\\\ڐ6+\'9)}l*\F\*W*3\0D5Y@\0ζi\h\DL(;ׄ\\)R̼\}Qԁv% G\\\=\0Q\s\`s/w\Pk\\\jL\I/u:}\ B\\4]C\\w\\M\\_עC\n&K@6&{>ɶ_\\崿\[\<\!\{uϚ:p6\\V\h\'\\`\Z5jUp)$,萰TBv4iR\\\\eR\n	￿\	FM|\7[A\\\PTg\g\\ݠq)\Rڥ\r7\\\h8qbj,q5$G\̙3w\qG;v:l\\f\u\~ 1Fi\n}>n\8|t\\]o|>ӻx8hL4K䛓l-\k\l\.\u\'1  \\\\@\0sCqe1P9Pk+)\\I/?\y$\'@h\'v;\\L$\G\J\ˠ\vJ\\\/;L\r\Zk=\\裏6zi\\&\R\^z\Ҡ\"ڹ>sbDkT\K\@>8@5KX>쳂ŧ\\v!P\Y>\\\ \0@ |\\A\NATNB\\|\nIVxĂo\\{0g\[HTN,\f͌v\:\\O7\\C\\J\ԭ[7K\\?\awC\«\-D,Vr\0\\\Cq\4k  RkXN\"faPe$T\h׮F\\0\K\0<i\r\0J\'@\n\F\BR^F+%@(\@\Ȋnp\\\C\\\nW\:*{a\J>Ⱦ)dZbBԕ7\E!\\\"r\M6\Ćxw\\\^\ׯoa؝Ď.]\1\\-2Hn\w\}iٯi۩g-&`J:\0Ug\DO()\|\\+B@UAU\Wd,t\nj&\0Q\\en\0I\"\	[R^F+!@$Ąe&DY0\Hf\0D\,\̧\"\T8x\gm]\NP=I(\cf\\0\0 \0IDATlH\"$Z1C\0n	o1/\ZD\ \\K\@`%\0D\,\y\p\	\'\º3ժUxO\A\0@\ BGL\0 \0D@`:=\\h\\Ju\\(W\r?}U\9\b\x\\\\w\\M\\_\\Z0)\m?F\0Dpf\\?\|K>aV^ye3r\Ț\\"<\2 \0@H\' \0@H֝<ƌ13\"bذav\۷7O<񄭩P\\\nlHv\<\f뭷\i3\nƗ\n\\@HR4\|\|,o\3e¨ZD\{\!@h0U@\0T\|?+\0\G\0\"~6\:\"aB\nT\KK)H\0\"D4@g>	\\g9YtY\bd\0@:T\<D:\.\0\0DBl\0C1LT\K\\~=L\N=k͊LU`dP\0\"N\|^\au\\\\:T\" \dA\@ *˟\!\0@`y	Y	1Ä@u)\"\0\'L@\|l\\6\!\\0Qh@ @$\X@JL:\δE\r1\rDީ1\K8X1@  \agf?8\3߿>\,iY矁֦M3zh{\r۶m[S+U3\rp\=\8\J3}\{ݽ\$\\\pA\@\0H-r\ @|讻\2={4s\\	qD4\r%\ \<\ZM$%(\Ot\;\%\"\b|\0\Mxۇ\A\0@	o\\rDvb \rA\(@5KS@\0\"FN\ c1T@\01$P\A14	C\0 z`J\ SB\0!P\n\\B$\0\"\\L \3K͒?\j\Z1s \0%P\U\\ N b(	* \}iٯi۩gY\n\j@`Aĉ@g>	\^t2aD\X \0Ĉ\0DP \0@@H\B@H&\0EL!@89d~|<¬\551cƘVZ<:\0 \0@ \0@H\֝<ƌ13\n\ZI\r\!\0#m \fx\7\3ߌ3\	\'`FmF\Z\0o\2:@\0@3@\0@\0`U\ /\'D%\\7\C\\w\\M\\_\jL\\L+!\0[0cy\ѠAA\0\0\0\0\F\0\"n\1b^F+15JPO@5Ujh瓔gdSf\0@5>\3Te \0\@H\2\Z\L	Y|3u%J#~\G\\7rj\㎵\g\]w2d9\\5\\\\9Q5}\f\\\;\û\\YgeV]u՜\\\#<bs\w\\-\*@,ZȦn|ꩧL\\\\[o]/Xtm`SNRbA@\0rY>%@\0#\0?dQR^F< @$d1\\𾴌\\ô\Գr`:u\\\?o\\\sMs\I\'K.Ĭ\z5}\\47\t\駟nv\jV_}X\$\0矛\\\\\,\\\\\y啦I&\+0u\ԉ\Zl~\wf͚\\\n5\sgm\:\.]K/\\\}Ձ\0y=\sF{\ƍ3{ｷu\]?\X^}Us\y\\\駟N\0\_\\\\7\'xb\^RA\0@\ BGL\0 ĩ\-\Zm\ʜĿkjCo˖-[VY\kR^F%@\E\[]ξ7\\L0t\\\\\N\\[oj\Z7nl\~{˞ӱcGӡC(\bΜ9\\_6zj\{s\7ꇧ(\$/\t\\\\\73\\QhذaQ|\ ^|E\J+\\E\v\m\\^{\e\r\\0,<f\FB<\\']t\\'UݐͦIy\c=\& \0N\0t\0@\0\&Ŀ\0Q\@0]B\Ǜ\of\\r|\VXx\W1k\,\\;1!\\7\lS\\\5jWQR\qkc(\^*\0s皏?\\\579uh=k\	k\\<Ea	~ 2}@\0Htٛ\B\0@	o#@ NN@Ex_Z\<\Z\(G\n̉i\v!\\\\\n6R@\D\5~嗛mۚC=\"\\2;Hr\g[P\9\<L๱\\h\\?\D.\fΜinv\*d=\\9\nA J]\\@\0 X\0 7`Er\')\	YPyT\E{\as7hРft!Lb\^[@iRV\\qŜ7o\LFl{\v{p\	<{R\nv5&$z\O>\\\1cM	\ݡk/\\>\m\4C\4i\vc6̊*ĜY|Y)T?B{\mSH\P*+\;\8\C\7\\'\kUca\M7K\q\n}:z2o^:\(k\\\S\\\VҼݡ1k>\PhNI ,Yb\\\L)\\z\׬8裏\,h\&N\:\eW\nFm|\wlu[kܭ[/=\o[\\\ޛJM\\>3\sZ\\^:\m\r\\\u\f\\\\\\\Z\\\-\\\=)q\c\5Z\\;ζx\\\rDJ\CR!\0 \0xĳ|\$\\C\0@pά\"W$\e4ȃYJt\n*Ңb\\ճ\?\(\@\SN9\\p\\rV\\\u  G\\>kJӺukF\n\9\C#S;\\^nݬ_ӫ\8\:\9JJ\nk{w;aA}9G\7\|c\HXQmC[Ǝkk\Z #Qb-0xu\\\\\$\\iH\m\\\K\"$\ζ\F\%t\\o\\'Ǭjs@Ʒ\V[\\#x\S\	Xrf\d;\\n	֌xWrl\^ۨ 	_-[4ZZ0`Ygu\\om׀	b:>\[\YkP\\tu\]wݵֽ\7:\ ۟\\\Z?묳l\\.\\\x\V|\*\?\~\g\BEԦĂ5\X\<\3Ѻ\K\ݫh\gE7\^{M%qD{Y\.]$Iy\+c\	\0 Px{Aa!\0@ 8\\*rER^F< @[J\i,\'v\㎵.\grbi\nwf㯗\=KI9\\!Yʽ;l\|N\\}iٯi۩g-\N4m\43h\ +\o\[oerb\\\\ml\j\'(\"BBsz*\9S\ug\6L6\'[\\l)m	j㩧Z96{\i\a\\\NpE\04\0\ַ>wN}E+hW\\CvǋgaZjs	(\m\\\'\\\hUN\l\Sݏ|cW[ޱj>:\n\I\%I\\Nz\\\\\\~\{f{\1kZ\$LI<\!L6\#{ZCZ\:t):A\\䘗q\GZa#PF\~\wēO>iNP\D:?\\s\=\\n\>}4F;\%(Bwd/	x#G\RǕR=)\|~\ \A\0@ \Mo\0 P\0DaF8#)/ Nj#\RCd3)\y*bX\H\cH&94ibwro\\ӬY3\~YF\2vf;\ϟo;p\>\\vj\,X`\!Fmw:J\"\}N(f~\\\Kc)\ЗTB\\-缾&Ol\\\7WMh\m\H\ۏ9\]#}\w9|N(\kg\\v\_\\V\Z9^)\>^~\	Y3/\W\\-\Jݞ{\Y=)qPbk\/ͧ~jE;\\.$E\H\<$ne\ܳ=}衇\:sLfj\Jv\<JĒ\d\rr. \0DG\0\":\@\0 @\T2Z	BN\D,D=\N\l;\|M\Y\=a\\\|v[jF\R\F)7\nj?ז\<\GωJ@\\*,T@\S\e\([nŦgUr\\j\r6,YМ}\5x\l\r\u\Wz	!\$Dȩ*~_\\fw}9glϕJ)g9\/\g\ZCK^)r\2sN{%r0\l\]+th]JLTԙR?\~\Y~\v\eS\ݫv\L\J\%@gǍg\\dGDf0\J\rI\3_\u\\0 \rh8\ \0\'\0\UE\L\\h%98\PZw(gx\+b\t/rH\\\89\UD\\ɵ\JunTt1G\y6g\\\\\\w\\M\\_\\VL#M65P\r!Ǿ\l\Y䄔\ODX)\.o\>\mdKܡ\\M;+\JLj\EA`\J\-ĝf%Ju]b\+x.jCţ\}*5j	s\16S\\\'Ev+\>\|k|Ʈy\ \)))$I|8\\ltDQ\\>\c\\\?\aA׌\y\nx\\f\\#\YP[J]Eߩ>\\\nuִiS\[M6\ĦRP;\\r޿\Wu(鞴\M/{VU$\6\r\kn\\\\j\t\(CQ\K/d\\\\Q~mg>\<@\0\0D\\r\0\n@(\(g$\eD6ɉrjצ;\\ݻM%̔4RrhwB˵]\έ\*ݷI\\:\	b\\9Q*@\A>}[\W\!\Y^H\'\\\8+os\\r6\:\\\<\\YE0\{@xWdv\wE\\XfEj\\\]E*}\?\ŋ\u&\r\+A\\)g\4ir\\*\s\\\\4.P\\PꫯSTQ`r\i\߾}{+ިSLh\앓YJ\\\\\\W}\Ն\\hg\"#/\gbH\r[9)}\rk]\J_kQ+\\r\7g<56\)S?k^\T\i~B;G	.v\C\\su>b\[7A\@\Z@K\bZ\"pփlxu\'ZS*@i(@\\n[KP\\\\\RwIַ\U\&[~\v|ZsZ\\P1jEXx#2\\|e՚P$\\\\}YuL$(l4\A\\\:\THiܡ{P\Uz\М}7dF\ZLIy\+\f\\"@\0\0D\\\0\0@R\'\e4.%rL\9\\I,\'ȏ?hs\9WHЮ^9P#3\[X\\СCm*\R@\\]r)\rvv\\\:,\\PC\\\"\v\\\\\\T\=fHNC9t\Z9%ݮM9d\t\%r\\q\"\rELN,9ZSrr\ZQaU/Gs2\\y\\\֮k]\\,\pE\\\{\\\Z\\\\\0\0!39\u~\76-֔\"\<\P*B\\\}TBڕ\\w\s\\\:7o^z.曭\?RIQ\nvs\"\\G㒓U\يO{\w1Q\\\\n&NXvaKИ9sRԾԺ/\Fm\xUԂ\99}\07\\u\]C\ݳƗ\39\\{\\暋a\I\\oܵ\~)@HX\\\C\V\)tNZjK+Z\\\^\y\=\ao\\Z\W\\\4>Sw{L\\\w\\|]h}ox\F[\'^ \"\B\\ѽv\@~]!qMW\\'\ZGs~g{J\X%>J<\zԑ\ Q\g>\<@\0\0D\\r\0\n8u=Ee)|U\\\\\5J1,\L\ \\FˡP\C;0CS\W\AYsv*@h\'\>uNjgڔ\0\"r\\)(G\5)\'\\r\r\gszkg973\A\"A\ J;!\H\`\%\b\ܑ\H\U^/\\팕\\ߔBvk\%F\\:\K]4>9\]v:\csO<]sϖ\\Ϝ \'@\\ô\Գ\-ZjD\jhO^\\\0ϸ\!L\"s\\\\lg8!\@\0ƾ\\\	\A}B\0@u(\\Dk\"\ \ a\̔\0\#ڡ\\b\\0\\)-\vIkG+\S\|y\\Р	\<UԅD	1\vU/\\\t\\\Fh\09A%H(T\V,KT\i\nnE%gaZjs5ڹ+!!Ўl\VtFik\ \nͩ\]Kq.\"\qoǡTQC\ڵɥ_\1xX\/; @\c=2\n@\0I%\0T\1n@\0 \\\cFњA\0J\\\\	\9\{m۶OQ	.\\"\N|C)3g[\V \\1[9\0y䂻UW\\v\mg6P~}˩ޥ:9\\sE(,r\\7|i,\n\\+\0Q{ה2wPQ/QըQ\5\2s闧ZC\0\\q\\계\kz@M \0$@H+ \0t SB윔\J\nrP\gJ\rYY\ \\\ n\sZ)\!vˑ^пjW9蕾HQ\ݭ\ZJ\PZ%@<\\"TV\nʋH\N(RP)\v¤Ɨ\3\\"\j\|\KK\}77]!\ޙKQ\\m\PTL~4B4q\}.ŸD[~.h\NԈ\D\\rj4\b(2}3wwz{\\\\Uu\{jf\:<MuT;AT6 j\=w\BY\n\-[\˚/~\0@\0\@(\Zm \0@ Nn}0Z+B\\\ݻ>ՐNChc_{*bZh\ZBu\o?W+\\c\V\/`%t\\# S**[;ߧ;\\	뮻+bJ%D\\n\'\rxjLRa\C9ĥc*w\\BU\r:\\ZS\'Y$1\\g118μ\' $z\˚/\	\0ҹ\\0 \0\@H^L\nZ\\\hAT)?\ku\Jߐ{i\_5Y_j\n&:жm[\H\nQ+N.)#\̙\j\"\\Ê+㏛V\\IK,q.]\D~\լЉ=k\\?vA/r~إ6ү\k\N(P\j	:1\{\=;\\\\gzם\\s\=]]O>\Տ1c\R\\l\܉v\ɞy\F.C\CE\\.W1\Z\$\Ɵg\ڵK1py_ۓ\L㯦ʆA\L#@(u> _\|qO\0 P4\\\3TF\\0 8\Ч/aQڴW\ܔEy\XmN@\\'|u\ر\0Q(eR	}\6u\Tg\\\,+EjTH@\k\УGz\\gud\e]\\mR*\B\kۨQ\@\eR\tA\ӹl\0\0 \0IDATv]vv\Wڔ)S`!tA\'Kt@\N;HИ={R\\[o\l7n\\]]\שP\/:\G\\\N;\4wrE\\\-Z\x\\\`\"_t\Z1k7A\ ~⑕+\\\M\k]]]`\\LȎqJw\Kƌ@xZU\n \0@d%\F@\0*t_F-@T\5\\|\&O\w@\C\eۮmmhL\)ߟiY]\K\8\\w\0 \0\	 @Tΐ \0@ Z\7_F b%wTÆ\r]v\ŝF\@X-W\hx\'; \~o $<q͘-vQ_ 	\.FC\0\\0!\0xF\00\0Q	B֪ՠK)j\WA\-܇r};\' (7E _xs\h\ymŲ*m\\_\Z7cǎuV]\^{&+\޻y]\\\ѣkb%q\o\:xg;\\G\nο#[i]zC.@\0@>\ \0$\0D\\"RĞJz\9\\۷\z\0+\F;\\\]\NP=\@9\\R\d@\0`Gܭ۔1X-W\"v\yg4hP=.\\^\|oq{t\\xTC\'i%q\\Ç[\\`{߄\l\S@\0\H\Z>\>C9\h@\02sg\vQ\Q|﨏fL\\\mvS\0!\A\wmGy\q\\&@Q\:@F	%\\	qM\L%嶲\+k \ZA\0@*	q-f!A\)@\0*(wR/@\PVL\\\"\h\?\#P\e\آ\\\1h\{.\ih̝\\sq\p\\\\0DT\@v @d\'\x\n@\0]̂\\n_w\l+ޥK.\\3\tS\\{\=l\\6&K\_c?\#\\R\\\ܴK?\\x&>$\{|\\\\u\\\\G.8\j\>_|\\k4%@\|\9{\?\\\]z\ߛ52aSL\0\"\\5@\0U \0Q\@\0)\\\\\\h\\\s\=\6\\;Cq\A\E]\\_|;v\h/ J?J;~̈\wuU\\A-\۬\n\\\'up\D{z\y\\\+O>\\Y{\\\Ov\2~\t\K,^`m\FO.7}\\\ra=\\$sHJ$@\\&me\\g\n!ș!Pʚ\"ԙ8\n@ 4\\h\0@\01ù\>\\\9\c#Fp)!b\u׵\?<*s\\n)b@,>(\rͳ\>k\~u\\\\~m76s\>l\UVYž\^\\\h-Zp\\f\ny\Z\wux\? \Q¬*\0 >\}<\>O~a+ \0@$\\<\\nr\/3\8#V\, b\rCli|h)\r3A\L\\t\jn4@\0@bq-f!1@\0\'\0\\d\aTBĕW^imM>=V\, b\rCli|h)\r3A\0\"a\\J\|\8\0 4\\\3\!\0@lenC_F\, ;\rH\CKs_6	 @d3\Iڗ5_Ra \0H\Z>\>C\\\0H\0\"Q)`/aL>\\4>d.8\0D(\\\3_\|1c{@\0(@\Z\a\\F3@\0\0Dp\ڗ\0(g}A :i|h=\0D\Z\O%\\0\M k0\.\A\0\0\'q\a4\\\0ɇ#Ƈ\C@c&\˚/ft@\0eH\Z>\>C\h@\012s\g\v1]\Q|﨏ffVWWWe1\\\h\0!@\<i\eH\CK(h	\'n\\'fB\0\4\\\3d.\8@\0\{\"\0B1t\r\n4\\0\# <\nB\0H 4\\\3$0$@\0\{\"Ơ	DkT@ -\i @d \\0\Q0@	q-f!!$@\0\'@\n&O/aL>\\4>d.8\0D(\\\3_\|1c{@\0(@\Z\a\\F3@\0\0Ece׾<Y @D9C\\H\CKtt\) \U}e\\/a,\0 ni\\ˇ\gHwt </aL>\\4>d.8\0D(\\\3_\|1c{@\0(@\Z\a\\F3@\0\0Dp\ڗ\0(g}A :i|h=@ @o\\m\YitF5_°a \0@\Z\a\0 <ɋIA|y\r0(&@\ק~\q\۷7\\\|\B\!,t\Q\\eN\\i\>6\\\lx\\{3K\S\3\$s)*;\\\vTG\\\\\\]|\Yg[٬/Eϰ/\}\\,\ި\\?7\v\'k1m[>w\9\Y\\_\Q}F\O\\w\\絶s\(ַQSgǎ\>7\\fΜ\\fB\0@.O\COBH-4j*±XL\S\v\\\\?B1\" \0$@\Z\a~\̨` \0l@$<Yɓɇ#Ƈ\+\"\0Q>\ZWH5_n\\0b\"Ƶ|}\- \0T@\0x\l\\\hD5gcAti|h)\{|YՒcC\0@qi\\ˇ\g`n@\0@L9\ճc\W(w\G33=\i\\\h\0!@x304c\В\n *H\\I\ZC\0@lҸ\X:\0 \0\\{\"\\&@1!P4>T$0{B<c\\9\\r	 @\:@oi\\ˇ\g;zX@\0I \D A\@\ZZ*AS@\0U%\0QU\@ uҸϐ\ \0 \'A\a4\\\0ɇ#Ƈ\!\0o	\0C\0H94\\\3<@K$l<Y @x203s\В \pEHT>\ZWH5_n\\0b\"Ƶ|}\- \0T@\0x\l\\\hD5gcAti|h)\{E$\˚\0H\Z>\>s\0G\0\"y1)h/aL>\\4>d.8\\ѸB*t\Xd]x\΋\?\ZjU\\7\|c7\t]}\\\O?ݎ?xkӦ\^c> Ƶ|}?\0E\0x0\Zfa\0\\\\\\H\CK悈\@+$\˚B73\|\̙v\E\\ok\r0~\_\z\׀\\\O\oݽ{|A\u\]\0l\2ꪫ[n\{8o\-\\"c\N k0i/A\0\0\'Q\a4\\\0ɇ#Ƈ\+\"\0Q>\ZWH5_nf~jw\q\\\6\`<yr\)\6\\\{[}\\<\Sv\W_}\^\m\\\;\\r7ܰ&\q\t\MK.\;\د~+1bD\\@q-f!!\E@\0\@$d<Y @x203s\В \pE *\G\\n	\\\L64im\&֮]zǎk\{\osBŋF*\jRJ%YM	\'NN:\F\\5w Ri\\ˇ\gHiXq\ <	/aL>\\4>d.8\\ѸB*t\!\Z\:\~\ݫKʹ\\\Msb\UW	:\{\\ZﾻIQ\w\y5B\;i\\ˇ\g`@\0@L9\ճ\<+kQ\;꣙\iA\\\\\h\0!@23k\В\oe *\G\\\\KZ$6\tj$(\\\\\ՉڕW^im۶\\\7qi\z땀\Ÿq\xp\g\믿nÇw]֧O6|[J\Z{\N\\PAiMŧ\9\7oR)t\\;\\\1\\)\nYtM0z굒:yq\7;6|Mǎ\\?_c(\\\swϨQ]\էx\\\k_|\\\2dx)֧ڶhтIoq-f@a( \0$@\;17L b]Ci|h\0M3H`6y\\׭s\\Z@u;-\\N7h^߿\_۫\6\%\"q\v\%ԟhJPj\'\\	\'`~+t\r\ӧ۟\'[{\\\߶\:\\=\\\O~b\~\\j\ȑ#m\u׵J_~%\\>\v\СvKX\\O@H \\\n\:I\\Q\K\t*d\h\\"\'h\#8Cu4^y\SO>\\&u/-X	&뷿\t\M\N;\Q}I\\/Ҹ\\K\0K \\&@1!P4>T\0J\0k:جY\\[ous\F\\\Aغ\n\1H \\\s :q\\g\;\	\0x\J쓀 C\nw\N\\	\Z祗^r%t\邗_~ىr5\\\Ӟx\	wC\KQ\ EU`W\o\?\~.{\ΝkZn]ϚN@Ҹ\P2@\0@\H3਺\a4\\\0\"\A?@\ZZ%Do\0\#\˚/>\\Y:\p\GZ\uZ\\wKT(UQ\\\\=wB}\b\O\#pz~\Og\NAl\.\Ӟ{\\N]$(\\W_\\=\_\\kRXON\n*٘x&i\\ˇ\gHS,@ZPړH0\Zfa\0\\\\\\H\CK悈\ SEh\\!_\|\\:q\}-ܲI\T\Ic9\M62+(\H\n\Ʉ TP\A5\/B*iM6qbN-\\|\.\rTKv*NjlƑJ\\	 q$r\{\\4GS\$@\Z\al\0 \0\ @x2|y\r0@daf\%sA\\P\"|4@9k>Qc\t?{\\\\\0W\B\\w6(\uS\' 6\l3W\Zut C*\Z\nB\Q)~\\on\{lр)$\HZ<\S.BbAAJ5;D^xj޼9D\BXX4\\\3[ \0@\ \\\y-wJڅY @TB*ԧz\_m\\r\Z\oÆ\r|\8\\0;\VQ+m\В\͜9\W\\>\r\\\\1cƸ\\\`.\-RT|\m5\?~)o;\\)^Z\W_5V\\\Mm۶\w\\\j]toDz\xM\G(Q=\C:YеkW{\\\\\Z\gj\'螩SS\nM\{jR\n]믿mn5VXa\v1\?\I	)?ХbP쒐Sr\\dD˖-\\N+|7k׃:;g\\BI\\ibmS>-q/Ҹϐ\ \0\	 @x\0t)\\ P\\'^|E\/{\\\~=\Kytkb\\om7\x]x\\ߺ\Ν;cW	$E(\xQhr\s\r\6$/m\~m\#F$\\\9s\8s\q\\L;\\]PiI\ri~\[\8kժ=\N\W\ɍ%K\F}5N\\GZi6>ڭ9%F\^\\\bR\CpM0\侦Z/\;\sc򗿴A\\脆l\\/R\ӧ\[$*\/\\%\HoF}1\\\"&A@EU+C>蠃\8\XJ\$Dv-Z\\\Z:It\cr%\H)\g\'ɝ}X5I_˗0\O@\0\0D|#뽔\\&MZ^aI z\![eU\C6.\w\_\\Q^z\%_\^k%$ZT\\\_W;ꨣ\ZZ\\r\\Rjb\	$\矷\{\	\F\Z\DB\p>\І\/+Pm\\7\\Rlr\!M\І~\\\fܶfπ\\ؚo\¯\\m`>\0Q\\1z\/_\diB\0HZ\\3\?m \0@ ^w\P6\ї_~鎢\]\tļ]v\W\\'9سgO68-1B:B_<\J_?\CcWܸ\!\(>HC~A\\-Z8:_f?^`\)\\Vmq\y\[\'E#f\B\F\\(\\?\^au+V\eK\B`@`ʔ)\4Asχa/)D\h@  &@hQ7h3p\\v\W:b.-J\\./\n\9ڵѪ\\\lM\Z$\X~&\*\'-O\r\M\R9O\6kѡAdWS\Z$(%RI4uob\'\!@x@\\\]\\n\Z\,*\\AO\Z\<K{8\n\\ZjJǵ|S \"\\!\0$s=;K.\\\Lh\pZF\"@\.T\0\Ɇ\7\\\-t\_~.\'|r}q<\jοP1ME$Up\Guyu=\4U\x˯K\\j\N\Ҧ\Өpa~>`ݯ\z(TA]A\r\ r\J\(7x\M7uc)5\kz\\'\/ԕ^v微\?\>p\\~SJ+PQ\\[ϥ\*\gжv$]#Т:1NF\.\\]P\Y\~{0m\}\"k\J\@suƌ.rQ~\\{\\\\ۻ6*\\:%_BuV\:\,\.R{zNv\b\ݻw;\|P\\'5xO\\\\n\D\\M\تNo(W~\\S\ܜ\;vt\n坂\0\K\i\|K6X;И@H\\\HW\\:\riM\cP\'\raoʿ(6\ZC\0\0r*\\r bOaIGڔ\\\lP6\'\ tA\w+4O\\ӆ6\\\OS^F\OiuC\o\n\\\nU\Z;v@?zh\'@\\nԀP\\Z[l+\1t)\\s\=\69YM<\٫D\;\\<L\_s\?vir$\\\+{\F}Kcؠ6YUlPj\[\8յo-:] \KJKb6:$8\\.n\\J\tJBbWSDm\\6STtsS_J)$<\\|ŮP\\p\\\\J\$L4\\n\{RW~ֿ\Oc\~}HXguܽJ\ρ./	z\'u\I\\.ճ\i\\_w\n\fW\\q}\w)2_\\"j/qr\}u,٨%}.\%fj}f/Xhg̱~ \<\0\0 \0IDAT\:b2vߞn\ͱ˖L\"j\\R_A\}\\\n\\j/+dtqк\	\\/qտR}2\\n\\f\'\0I \c&@>Z\\eP>mi\MLs@\'\"td]J\&6A6IW\n\ܹ.|\֭\Fg\ZUү%l4%@Omm*gN\\\\h\\_Am\_\'xM^~e\\N?\'Ct\\=8E\"EA~ vXm\\\4\\\gy?+TC\\\=P7\K\n\$lz\\\\\\\|\\fm\0$ \r	W_\9\\>GP\ЙI\\y\Wpv忮\\nD\\\\@\\\}݂}ʛ u\@\0m-_aJ\{ \0@HT]\eF\n\U\PߪB\\:4Qߘ		\ܹ\"0zSNe~٬\T6m]\\m\\uq\k!DF$\HѯubX\\r\\o_\J\\r 46uB8\=Š\C\ez!\\~㏝ NJ\C~M\Z\Ogq\\NH,t\Z_K*Jx(\\\[(\05 Jgŝ\0 2\\TR\@ (B̸dDUlc3\m\\p\\rnA\B\n\\\/K\\\w\PO<Kq_lk\t\\r7ti\n]I\rRjBM9k5\/G; \/\\"qPBN\\JL\\\_\\-@\d\\\\U\\"4+ \oM\}\[x\7\UZK.@\X\0\\hq$@\\R\.@)\F(NК/u݊|\\P@\0_\a\"\0B\0H\ŤE\\r6\j\yׯ\䥗^ry\\'=RJ87}I֖\"@(r\k2j\"\\\͛7DNA(~M+!\n]A\n&R\:\ڴi\~-D\X\>?*$\")w6qko\\P{A(uv-$\\\CP\\ssNi~0ZA\2UEsXʢBԚ:4F:>\"\\G)\Q)9ZݩB)\?$T\&\M\\\\\Ҡ)}T!0T/Bkq\U\s*ֶY>sF/\\|\"\;\1\\ A\0 a-6Zaq? \0d@HV<Z\0Q@)Ϻj9h;\޽{Z\n\jcO\{\o:\\0Ԧ~B\ڸ\	\\\XUv\\`Яq㏻|瘟\\:\l\/]\\#D~y\r\\Z\\\lпċ\K9\ZIi]\\Sj#FUx.m+NF7Υf\?Q\u[\g?sy\%\q\6r+bm7C\?R\Zf͚\\6s/\=VJ\>h\H$Td\%(X_\}\'\BB6\/#Kc\4Nh\\Ns\=\\Zk8C\N=(EK \"ڼWZ&\s\{Gz	J\\\{\?+-\cP\ӧ/\5\\x\"sOo\dE\q\1ǸTm|j߾=\#\\\\\A)Z鳵5\\ƹuEP`:NV\5.@\0\6\ˉD9\h@ 9 F-)\aŴnsWAPk3N\ڤ̿\E\JWM|A\'$Lt\ر\0KR\\E0^<\W\J\r@m\\jsG66gmj3S\NR*}\r^\ߴq^vI4P\~Y:Mm\jr\s\Um`nݺNlHЯ\\ꫯtV=m\F\_\\r\Z\ć\\r\i\$?h\}\\\\\]:at\M7տt\"B)\ЗpM3g J\sO1b۸޷zMcJ3f$\.\\N(\\\\0	CTE\'\'T;\"^T\\aÆ5(.\gu\J9\!B|A\Ftr$]1\rK9B\Gr_\/\c>3$6\֗	/Ja\||Ǐ\Nt\	\0 @\aȽ7\>Cc\\0\#\0\H{0\Z\!;0H\0\\T\.Q\өt\Z\ZH\CKB\r\ƊO\\Z\0Q++\P,e\"T!\0@ [Ҹϐh\- \0? @Fk\ZD-\"\/v֯Keu<(%\n.I\C)\t\ZJ5Zrk\$4ـ\0h\K9^b1 \0\E k0qq_@\0(\0D\\җ\0NFSwե,A\X%\$P\C/J>%Px\ki|Y\\rwA\0@	a\\_\\0 \0\2sg\v\\Q\Q;K__W9\k\\/`\o}\	D\\\P\|\]T|z\+/\ZO \C9\㏹j+\\C\ݝ@\"\\\@-=7M \5_\#r \0@ص\gl\0 \0d\{\'\\n\{ｮ(\e\\"v\0!@D!	RZ\\駟W\A$tRC,\3\XnkhCg\0DV#\\0!P\Z>Ѫ\K}\X\(\0 fQ|\dR0zhSp]J3bĈ\\J\0!@D!	RZ\kV	& @D:\0J\0\"\o@\0\(e-\S6\9\7&@\0HR0y\rF۪U+S\8.8\\'K\C\ן~b͘lA \'F\0\I\5_:i\ \0%\0C\0@\(B7\/\aTB\ҥKW@\Znm.tSq\C9\[EM\_\ׯ\j%3x`曭M6%\QK?\\x&\El\+\}>kc\lْ%Vbyh}\\M\	\!ȴ\2\r\!\0@& \0$\0D\\"RĞrF\g7n;\{\\QZ0`\\>\{\{\u׵}ݷ\\۶mkw\uWI>\.\9rdIGigT\O\\9p\@\'@\\Ãg>_\\'%DI\ H)65_q\\Z \0$5~\n*\\o\\` d5=LȠ\0 \(O&H%\s+D<\CG\}5 \"\O@+z%.\޽{\\][}~\"T;B\(\As A\\{\fIQ:\G묳u;\$\3xH\\#[i\?K\ \0\[n\ϾƾF\\7?\>Wa, \0@$Е\\ښki,\0\\!\"!M\|\৓\DaXeC\0@.Ǟ?\p\g\Q\0 R6ʇ\SN9\\{\=;vl\އY @D!	\n৓@H@2lBkc\u@\0m\\\kav\!\0\0\'\a4\\\0ɇ#Pp]SBD\JjFHmhp̗501\0RA \>C*\	@\0)#\0\I@}y\r0@daf\ \{\r\u\ 27UR\0DjC\c\0 \naR\0N@\0H)3\:zvl\gQ|﨏ffVWWW\\2җ\0Bfah\\"@\O>#81q\D\q\3Fw\F\0\"m\_\|~Q\Z@\0\%@\n\\\!\0@<a\0QZ	DIH	U\'P\0\Ǐg}\c	\^\&Ϙcuk@ D\\r\0 \0EC\V@\0\\F	 \Gy\z\!\Km۶\E]dfͲ\ڴiS\	\	 r\r7\0z\@ @d(ظ\n@\n \0! \0@Q`d0Z+\\\\GsԨQֿS:޽{a\l\С%π~خ\:\[cǎ+	~z\6u\T#LLD\\\"I>` \0_	\/vC\0\\ZE!\0$\0E0ZK⩧r\'Znm; \c\?\:t\Ѐm\m\-h䞀XeU쫯+V\UW]e\\C.kE\0V\7)HHd\_\|ٌ^C\0\01\b@\0i#\0\ID}y\0$@t\I6zh\ҥK\\.\L\*@\"lJ$P\'2,1ʗ5_f\0<\'\0\y\01@\n @xD_F} /^l\\{\1\m\]w!C\\']Jt\]w_\k03P9 RT\\e\\RL\0 i?\C\0HDi#|yQXp]q\֣G\n\l\ҥNd\$Jl\VMOQ\HW\\"\0Q6\ZED5_D\\\r \0\L\0\"ft@\0M@hQ2n\a4D\Z]v\}\{駟\Ga\rruq\"\\0D!\ [\˚/\q?@\0i!MAz\N}\x@\0)%\0\I`}y\r0\k\\/\W\j@\ݻ`&L^z\7\|c~\\\\\0Qq\\'>E[\ \0U,/kR\>@\0@\\3T:\!\0@ z\3G_F\,%@4UzŊ\/ڽ\kM:\Ձ\5j\(Xf4&\0Dm\ \0Q\rʌQ/k>\"@\00ղq \0@tSf\u7\خF53\\uuuu5t%\о<	P\˗\UW]\\+y晶\\Zk\\	ps\C\0\"=ē @ǍV\e\@\0q S܄\\0\F \v1\ babƌ\\gax`=\Z8p~ᜀq\u2	 @$3.XU=,\3\Xn7(#A\? \n\0 %PGI \0@ \\o#@\`F	Pw\y\1b\\N\&Ol|]r\%5GY[\\\@	 @d;x@ jQ?@\0KLa\\~_F} .\\h\'|-^\\?|[o쥗^;\Ӿ\;\# j4\v jǞ!\0\#R\0 \?ℕ\0\L\"ԞDחQ\\̙N|3f\*v\A\СC]\N:!@x\\ @Dǒ$@\n&?\}Y7~@\0H;G \0$\0Dc\,\a4iD\{\E٬Y\ꫯ6m\\\ƅ@Y \\Fu\+<D\\02I\0\"a\i@\0\"\0p7Ɨ\Z\nO=i\u\ֶ\jU}\ٲe\W_ي+쪫y\!@x\̆ Y\'\0P[}YՖC\0@ J%\}\0 \Fܯ/ PO]\\q\Z\.(h=u\Tw\\ \Z\0DT$\\WF.v\Km\0 ~\1B\0H:G\?0Z+0b& \0\E02F1¥\&	\k\n\0 \0DЦϠ^]aKF\g(w\A\0@| \ciϾ<Y\\s\5v\\#eEg@e *\Gk	 @C=К\ZuKlܸq>\\0 \0	\g(Sn\0 \0@\Z\\B!\0\	 @Ί;\I\0\"q\+@c\[\-lM\5\N\%\\0 \0TD\0\"|4\0 PsSf\u6\خ涔b@\;꣙\\\Օ2f\"\AHD0 \00\d# &póSm\UW\֦0> \0xNL!\0@\ )}\\\b\Ě\ R0UÀ(\0DI)\f/Xhg̱~\:\K\\K2$G\ \0E\"\~\k!\0@\\o1\1L b]C) \0L1\Zla\;7\0 \0,@\r@2)qh\\nR05 \0Hh\)]Sw@\0\0 \0\0DZ#_\0!@jOb\0\I0)\"\B\"Rc`q\0\0 \0\ @D \0@Lev3jg<@\0\*Pg5\Lɉ@\0\0\\~@\0@$\n3!\0@{އ\{(B\}q\0@b @$&@  <	=\'\L\0)RL\\	E\0\".n\0DP\@F	 @d4\r@ A \LA$P	\\"E\q\ j\07& \0DE@kAF\]Mi֬\\\\dl\0 \0\	\hf\/ *\\0#\\D8\\	 @0;jM\0\`|@\0H(6\@\0\\Z\\Aq	\5\\\c^xm\1ZD\@Xk\j\\vK\EmõW\~E\Zf\l\6\@\0\0*$\osB4\0 PK]+D3.L$@\1ZC\@%\\mש\B;ޝm)wK\Νo-7\\[;%\ \0Ԋ\iX\\u\]Bȸ\0 1a j09P\r\fH@\0ߎ\DDE`6y\\׭sT]\B S(\\\@\0HCj@\0&(9cĢP\\5 \0DX\\n@ Bf̶V-[Xm#앮 \0@  u|\0 ,`JV<Z\\"Ԟ\Ld\0DfC\\0 \0@\0)!\0@\ \0	\\9ㄍ\"@1G\@)\!\\\V4JLL@\0\0\B\0\"-\@\0@$v$P	@\0\ѧ\S\\\w\\0)VC\0H\"$F \0d\0\'F$P	@\0\@>\;@j\C\0C\0\"1@\0%\0\I\ <	fB EH`\J(pqs bJ\02J\0\"\m@\0	\"\0`4f\n\'\Lo_)B+5&\0Q\\00!@0	 \0@ *Z\\\5\\\0 oKQ\8u\iRz(Th\	\I/8Y\w @d+\I\"Q&@\0\0 \0@\/E\0Q\L)M*q(n\0b&\\D\8\>C 2섺\0\` \0@\0\0 o)\\F=MJoEJ;!\08	 @\IL\0\"\\Ɇmو3^B\0R0U2c@\0@D\0㌈\"@1G\@!`qk\^\&ϘcuN_8\b\0N\"\IA\0@\D\0cTP\\5 \0DX\\n@ Bf̶V-[Xm#앮 \0@  u|\0 ,`JV<Z|^\g9\ZLh\ƍG5\\\\0D8\\0 \0@\0U\'\0Qu\@\0y|\_b1\rP\\5 o\nu׸ \0 \0@HK$ <\' <	fB\0(B\}wLއ \0$\0DbB!\02K\0\#@x(̄\0 \0\	 @xB\!\@\0!\0P` \0\@$	駟vt\[_׿\8\f^6	;\sgK)\/Ǹ\\r\\v\ʞ~\a_\\\a\sT\q\?=l\_\:*;s?\\?l>\r;?\\/ts\=׏\0\0 \0IDAT\}\<Y\\Zi=_a?uQ\\Z̚a\/a\O\l{-\/_\\\zlk\LTQ8ȯgy\\\\*R\rQ\S\"Ft\r*M2K1N@8\	O\0< 5^]=!\0@ |\_b\"\\Eb4!\0|\\ZBQLZ@u\0 \0@\0oKQ\o#@D5{\nEb4!\0|\\ZB\09h\A\0\0 \0@\0!L9\\ݳcjwk\1\/\0\h]C\0! @ŭ\"	T\Kg FC\0H$R0%2,@\0	&\6D\"@1G\@!`qk\^\&ϘcuN_8\b\0N`\\\\:<\fb \0@ 1\\F1Q(F\\ZA\0\",n\0 !I3f[-{JW\0 EY:>C\0HR0%+E\_[E/\3xH{Ən-Mq\\\\#\gpTD`v\\\oѺUkokO>dE\\\0 \0@\0\pf@\0(NF\	\Q(F\\Zhf\v\\/\\h쏬 E\'@\nԇ!\0@\0!\0P\( \0\@Hlh\Z\Z\	O@ @>\7x\a\\K\'@\\Yqg<HWz\0 EY:>C\0Hdţ5\\\\\w<j\(\߿$X\^|E\\Nvء~\'Nh{\cذa6t\Њ1	 @0\' fB	P\`|@\0\!\0X\	 \0_	 @x9\%⮻\2\o\|~\6r\Ȣ\\7f\oa\/lҤI6a\\իW$6v\\\"tK\0\0\@2 @$#X@ \r \E|\0 \7O\\0}`w\yǎ:\(;\S\Z5k1\\>l\'X4uC=Ԯz`D@HD0\"8 d\O\0܇\0 !m\\5\\\n\0 \0D8^5\"z\y\9\a\+dz\m-.]4iD!a ̩g\@`*@\0\0 \0@\0i!\0\I$ T\޳\z\~ӟlDɨ1! ̨9  @d~\n\0\0\0 \0@\0!0e\\\\Kώ\YfVWWW꣙\\"$n/U\<y\\\/\?\3g\E]d\{\C1n۶\B\/\R8HUW]eSLq\ڴic˖-1c\\5\\\\\nXpv\y\\\[o]?&5 J,M\0lt4L\Cw <\Z&C\0H(R0%40@\0%\01xH\9\ZLh\ƍiPhJx\2jԨL,\?\z\m\'x;1h\ WA	\Ϸs\=\\<L\ԩ\\\	[[o\~\\v\m\\w\M7B\?\\՚\\"q\\	\^\&ϘcujB\0&\@*	P:a\)@\0@ۜHxb4A\M	A\rV;vItN@\\\'p{챶뮻O@(\n[_pľk\\\㎳s\\Ga\=\J\\{\N\@\\\\8ٍ=C\0\\"0i\lkղu\ݩJ.@\0@ \%G;@\0\0)\"s?`pF\\\^ګ!:0~x\\G\:ˆ\\\ t\/\q\N<x))5Ӆ^\N=E\DK\0\\0@\0\0 \0t@HW<(B\I\ T\"tՅPK/\\w\}\\.; \\\ŋPq\\:\B\~\۫j\s=\z\\0}\%@\L S&\0 \0L@\Dq@	 @$:<5\"@U\"@H0P͇o\	N&䟀7oK\ԿWI\\'\N;\\Lk]r\%ֳgOk޼;u1{l\c=\0N@D?\ \r\0E	&@\nZG!\0\0Dzb\'\0|%\0\I\ T1b\͠S	/L:\\\OK\+\\l6\dS\\n\m}\?\Ռ\\{o\\\SOu\'\'\bWZ)r^zLn)DS @0% \0HP\'#X@ \r \E|\0 \7O\\0}\tȑ#\\޽KԥK,\\\	J\nSO<\#F\\˭w\\m$\"~L\\\mu\q[UFWz&\k\>p2Ķ\z\~8<\@`6@\09ɈV@\0H4D \0M\0!@Db\' ) cIO+@`V@\09ɈV@\0Hm\\5\r\ \0xJ\0!@D(\ң\ \GG\Zѱ @ǍV\0 \0@\0@ @$/&-B>P\3G	 @?\0Dt,\<\q \0@\0\0 <Sf\uF\\.y\H\\\*U}43S?uT!#@V\\ P\4\߿տe\ĉ\rjJ6̆Z}C1\ R^A\0\",n\0D,X\@&	)a\i@\0\0\\!9\ZLh\ƍ\0o\MP\V\ Pr\&f/Xhg̱~\:\=|\0A\D@\0\'\L@\0H(9c8P\\5 \ \0d4cj\ºwh\0%\0\m\0@jɓPɓ@a&<&\0\q0\0 \0@\0 @0- \0@\(B]\8>D\r(\0D\\h2`JY@q\0 a>C\0H)3 \"\\!\0J	 @TJi!@\D\_?H\o\@\ @$-\"\@ { <9\'\LxL\0\\\az \"\Igeu\h@\0	 @01 \0@\ j\G(A\0e\ \\\n\\n?{\\\rKv\}\\\\-[V\\\ɒ%\Fُ~\!\&\07ao\0DS; \0J\0TR\@\0q@l\\"@D\ \0\\n\G	#/f͛5kn͚7\\m\e֬Y\\w\뫬,?]km6|p\ѣ@b @$&5\"\q@\0ЦϠ^]#\!\0@\0@(T\Cq\0 P\L|\v\mv\w\[oe첋=\S>@!J\\"\\;@\0\0 \0d\0\'\F$P		TS\\\\\!bmڴ\\@HK$\\\a9 \0@\0\0 Аs\=;y(y%PJ;Ĉm \\~@ ,Z	ou\\ўs?\"%\0)N:+\0D\h@\0	@\0G\0bĔŴ6nܸpD#;\0El\A\0%\0\;\ؖ[nicƌ<D\y\̙3\㎳_\W\>4pR;\\.\H]6G\^x?\Zk+V_|\nF;\lv\\m9֯[\\6\\\0E @05 \0@ *$@\0@VD\	gK\<\0\Z!PkB\\\W_ٔ)S\\nW]u\Z5ʵ9蠃l\С\Ep餛YV>}\Yge5o޼\1juCM\9s\ذa\\sαu\]\.\2?]~\\\\ܲƍKx\7\M4\&L`z*˾b \"\IgEL1\Zla\; \0@\"\1 \0D@L@F`eƀ@	$A\_j|-Y\`|\7\r\\Ͼ\\:-вeK9ro\޵8qt\Iv\WB\}v\i\{\G\"xb\{\\`4fv?ޮjW309\C\믏\\9 \0@\0\0O\\V@\0\$@jO\\0\I0H\0!|-Zpy~\\o۪j;7E\+\6%6?um/\\"5kV\r{	s\\u%pi[n/IQ?I!i6T*@4)ib \0@\0h\0\0jM\0\(q|Aq P6k\wO<1/\ͳ\1\\]:)\\\.\С)%\1u\\\\P\q\\϶\˗7yAB~\آE7[}\R\"\>E;)q\+@\0 \0Q\	@\0 <\n3!\1J\_|q(t\V[m\\N>\h:ur\"\{\=\I	:AQ\\FN#(\u\]W@Ď{\\f̘azK\{ｷ]y\)Tՠ\Z\mK4S\~Gv5x`\\^kPDYz\\ܣ:ʝ\x\\'\\j+E\駟\RQ\瞦M믿~}\\\"\\{\v\׺S u\\\7A\\㏯?z\[ou>&\ҥKmvr\'K;\Zn\\\~jX˱)?\b\]-[\{_3\/m\\uBK&37g\0E3?\0\0@ 2#@\0(\0D\\\\\#b\\r7tE/\PA\6u \PV/!\\w\'$\Z+@ݔ\0k\\\\n\'\^{٧~jG}KM{H!$m\\ƎkrjV4k\l4Q\\/j+1\=\\[`,\Ygwm\t\Mv\o0կ6_u\m\vsi$Hy\lРA\|\\Uq_צ\߲[4$*hC^ϣ>jG.]8G\'Pn\*6 Z+\\\\\ڤ]W\0Qj,TC1;\im\\'ې!C\\:!\j\"s3\i\0@\0Q@$@\0@ \%W\vU\p\ mk#[b@P:N)\\SLq\:	q\Jz@8c\\v\G:Ad\wwC)\\\{{\\FfmVNE_ ԧN0~\\]w\\	\\\s\G?r]\\n?\\E}Hhȿ\w_\J\DY}\\mA\@(d{p#8vʵi\u\]\\|>\&cI\QsqT\`MͅJ\Z%~@3nX\r@ \3W\$M\0 \Z@a&<&\\09%߾}m\-l\\~ѯFw\y_\\*\>/C\r7\g}֍^tBK\		c\N?ڜ/tJgq\㎮F] M\T,~\n	 \i\\hݺ|©v\\\\=z8J\0	#@sM6L5\f\0D\\0 \0@\0H)O\0\I0Tx\\\\*J0)k\\ש\ Ƚt\@VYe\rsm\K]q!\Rgym\W\'x¶\~O@\gՌPJ$	JFABhL\X{\]\4V\#8\ 1\Vh*\o[;.g>[bKt\u\O\G\n\\0 \0@\0i#0e\\\\Rώ\pMY\Tɥ>wҎ*1\"l[ĸK\\BU4߷\z˶\bC7TB\>\z\D>\/^l=\\o׮ۄR\"ipɬ\}P\\ T#pitB!Uåa\IZ\	\x\w]i\m\nq\0l\VfR\Z\\rxjR3*%ӈ#ꅗ0)rO@4ejHHȿS\ZRb!_U\\\_\\h;\	\\' \y\&,ĸ\0 s\0 \0\\\a\_\G\&6kyEZ\\\\2\s\=\EkC6Tck\\r\JPmZ+\F\n#\^?ݠ{~\\r7\"\_~{^\\݄BurB\'\0\{\=ѮMK\*<k\,\'dh\N;\ݪ\Zk=\\:uS\\wi~$J\\Ԃ\2i\[>\rV*Fl\"\x2yd;\mwǪZNHhC^\>}K7b޹\Si\\\EU\[ND|T\mZ\^{InݜtG\n\*\\\n\0(1\g\J)/m\\3\XnWbĦPЕ\Ϥ,\0\\\; \0h	P:Z@\0\\'\6\' b\'Q(F\\Zh@6ԏ:\(W8:u*q~\w\aV\n\N=T\\x\&B6I\\TצDm\\\nYdK\4s\̂DH\\sOӯA\׿v\w;a\"w|	 $4o\\\+G	\:9\5j\(\t\M\r6A*$\K8묳\g?Y\\\jFпU3CM.k_|;]\Fى\'\NN(u\Q		\":iq\g\h \I\\'}.?S\rlʏ~C\\ȏEPoBbU\%@Bjjh\\\F\U)sA\'S P*I3f[-{6\>@\0@AL@\05R0\:%O\nAq P6\'<\\~*ܣGmomns#\HM\ciw\.U2$J)/ѩ.@\0\0 \\0\I\"Ԟ\@a&<&PLX\<{+\ŻFzN\K.N\K)\cFNt\w\7S:MQ\+-DpBBSV^>Nt\dϢEl\w&ZƂ\0 \0@\0@!@\0@ *X\\\"\8\.|\ۯn\^\\Zk޲-[mp\\?KwMq\S\\j\\L6\T\\_>\:w\l7\tS郚4 c7<裮RQRo߾Ǝ\\aD%_jt\R\T\b\:\\OϿe<lW3gUѳgO[}\km&\g\0)2h܄\0 PU\\0 \(O&\'\LxL _\\]\7؊eKKJu\rru\q\K}iVmm\Ǝ>\j<ho\\x\޽+<\&T\\\0~\	&\>^.;\\	)S>c\{m\sv\\'\n\\hQo\\du\u\0|\"\0\S@:	 @xWO@\0E\\\\s^\D%n\;\\3\X>}<\0ѧ\S\\\wjB\0&\@*	 @28@+@a&<&P\K\Q\ٳ7^l˗,.\ַo_)`: \'\0Q` \0ЦϠ^]\\~@\0 <	\Z\'\LxL\0ڻ\j\\s/8o\%\5<N@0jM\0\`|@\0\0 \0@ *Q\= `M	\\0\Z?ٞ|I;\j DHx\\l=&&\0\uRa<D*\0 \0@\0M9\q\ٱ<۰f\x\w\vT\ I Ma\!b\`\Ǝk{\W6\uj @&\:\0\m\0@\)q! @\0H8C\nh\\\b\D7n\\MCEj\\0C \\ \\1c\\<`\o)\z\Z\^\&ϘcuN;\!\\0J\"\	\rfA\0@b	D\\0\0 \0IDAT\	\Eb4!\0FT\"@\0\0#0i\lkղu\\6N\	\02I\0\"a\i@\0\"@\nD1`$P		 @x<L\0 \0@\0@L@\05P\:%\0Q\"(n\0\&\0Q6:\Z\0)RP܁\0 \0d\0D\\0B\0\"!h\w@R}ZP:-\R0;,\0 4I@\0\Ob\0\I0@8x)Hq\Y(B]4@\0@AL@\05ZG\ J\m@\ \FGÔ@HY@=t\àa2 \0@Hh`0@ @xlO\0\\H	 @D\\ \0Q4@\0@A\ԫ+t \0@\05#\0Q3\Fǋ!\0 \3E:	 @3>y\0\S\0 \0@\0h\0\'@a&<&\0\q0=R⤳2 @&\0 \0@\0@\"	L9\\ճcDڗoTfͬ\"[\G33SYGY1DH`\&\0\Z\rRJ\0\"\-\0NL	\A\0@\ @R0(\G\&ڸq\j\Z(TS&\0\\\z,\3\Xn!@	v\0 JNeXq\n\0b$\6\' ͣk@L@\0\ 0i\lkղu\\6a \0xK\0\\\a8 \0\ \'$\'\LxL\0\\\a: \0@\0\0\n@`Z@\0@	P\(q|Aq P6\\0eH\ \0@ \ 2|\\\0 		DSf @4EC\0@ \\B\"\i~\\\a9 \0@HZD@ @xsO\0\\H	 @D\\ @\2\\0\n@`b@\0@	 @\:%\0Q\"(n\0\&\0Q6:\Z\0D\\;\r!\0$\0DBY\02D\0`#@x(̄\ <GJ\0\"RtV2\\0\nЦϠ^]@\070D8^\\r\'\0-\I\0\"q\+\0 \0@\0@c <\n3!\1	_Y\G\Oz\%CiM3\x	 @\˗\!\0@\0\0 \0\2sg\v\5kfuuu`>\:Ȋ B\v@ 4\?A?\w\\\\{\\'t\4O |V:mEHg\\\n@-\\0|&\01xH9\ZLh\ƍi|PM`p@oG\\"0{B<c\\9.\ @\\\\0 \P3= \0@\0\D\	p\C\EB\r\\@l bCK\\0\Z%0i\lkղu\\R\0 \0 @T\\0 R0E\0\Z]\Z\%\0|\0 \0@\0\ \C\0H\=\' bQ(F\\ZA7:k\\nF		@\0@Z @%@_Ď\n3!\0@{>\;@\n&\C\0C\0\"1@\0%\0\I\ <	fB\0 P\\\0 \0\@HL(0@f	 @xzOHR0(\0D(\\\\% \0@\h\q@ @$(\0\IjhfϞ=\\5o޼Vc\+VX\e˖\pL/\/Z\Zڪe@3I\ۥ\\EmW\\n5\\\ӞX\B+B\0\$m\\5\4 \0$\0D2\ФM\"\\rm-_\:u\yx뭷O>\\Vڕ\\\\Kg\\\fM۶SM?#\\ 2p܄\0 \0@\0\0\&\0Q6\6D.oG\С\\Z\;\h~l\i[n\z\(mo_\\\x\%@\n\6*\\{o`\ \0@\0\0 jn֬\\\U\\LT\QEVl\0XoSq衇\\_oz{\EY\Ν\\}\\\СCm\ĉv\]w\\W_mmڴdh\0\"@D2\\C\&#@T8\A\0@\HT6:\ZB\0@F	 @R0\G\&ڸq\j:5PMxrm\_~\6zh\ҥKQ\%.6+	D!C@c^ѧ?f/Xhg̱~\:c4V\0DUq3 \0T@\"\) \0d@ۜq\D\Ku\q	\ͳs\=\~\_\\o\\pAX;`\0\wԨQ\'\"\;\}\7v駻=z\)\_b=wذa\d.	$Aݻwwm>\3\ݻ\\e]\	_v\e\u\]g믿\\O>\^ٚoO	\0N@#\ \0\n\-@L1\Zla\;JB\0\0\ \0 Pk`uJL%\mD2i\ԩȄ	\S\'\\\c=\\'hRt]J\	\7~x\\?Oߤ}	UҽSLN:^hP\KBp\n##?\\\mȐ!6p\@\knjx=\r\w4 2\@\ @\0\0DT$\\0\%\\R?\DvQa\0@x\W\&\W\xm\O6͝\)<\\\/4*@h\_Y/aCř/BWo\0ۧODpo\\7s\>!_uIlk̞@H\ǉ\0\j> R0EE2 @7x@ m \Q\0 \Ob\	OUC3#G\\g֦| F\TAS5 $h\,H	\Z?R3\<Ӊ)@;W\ԩ7 =S1B\'(鷿u\Y.R~dWn\'\ZN\\@	P:AIIq`JX1\ <C\0H	O\0\Ijhfn\n&A!J rS)\ă\\\@T\E/84&@L<>m\.\ĢE\\݇\;\	-:+W(%Do3\z\Q\\\\0D\\Z;q7<;\\\\u\c.!\0@ K m|\0 LɌ\JV!@x\ZYu\	]R݄￿>\Rc\' \#ic?\p\\r7\w.V\_R.A\ZDJ\q$bjHC\`.\T\Z*\\"%Q3\\	%r\ua*S(\Y\\\\s\\g\~\\y\\\\'\Z뻞\\k6mڤN.\\(U*H\2H 5\rTU3 tD\JMð\$I\Oe-z3g̟?\b6\aL\^\\0Dfµ\/ \0\@Hn\@\\ @\%5\0\H,/9\jDW3 t\\9\#z 햂+5TDPA#]t8\Sk}.hwM\6\ljԣG<x<\a\\Z)\R @h \t+bt\\G-\\Ӯjx\m\eu@\0?\\-\J\0 \0,	vƌcPgI=ec{7HP\㏗ŋ\\hu\n:ˡ{\\SOU;:)/_.;wI&I>}vqI@X \\"\\:\\ \0@\0\0 \0p	v\6D{\ja$(B^L^rpz}\\'57\"\\\\ε ӱ$\0˴\\)Xg \0@\0\0 \0p\w\\n\0{^/\0Q1B>C3#ɗz{q\\\"8\wHqqq13\y#%%%J)nI^~e2e4i\$eN\\?$\r\\MDI_g\)l0 \0\\0-S\0 \0η \"\\na$(B^\Zv\\a\:B\>l\[ēY30҈\},\\0QZZjb?~<\3\y\\'\wԩS\'\`ժU2yd6m4k\L\"~zN\?lDn\nf jOS5s\>.;\&\\q=?o\7 @䄏!\0@ BGؘ\0 \0/q\0\V#A\\٧\_8@t\N\ʰ4|裏\馛\#G4b@߾}E?\֮]+]t\\fv\\n\\\\\\\/,\'T\\/\H\\3e\\\\\Z%0\\9 ,zu\ncfg\0 \\'҄\0&@&G\\\ \r\ˊ+-l2\\:\,8p`6y{+3a$`2w\\\ј\n\n̒?\Z5J>\\[\{I+#fΜi*\Z7nl\\jSO=\{\WN\ @\/\W~l\"HV{P\.h\ݱ \"\\,@\0#\00 \0\pm\h\\T@D\r\HP\y\\{\\\8\n뭷{Ig\K\0QUf͚e\2\y睲\V[\\+[0`~\9W|\?\t\,\\&\UN.\n\a@\0@\Z \0\&\0a;\w\`\"ÄFp\r\-\\`uLW>g\\\Ӎ\0zhSQ@n\:9E۞]|ŕ\o\I\'$&L#<J+[뮻\TXYFz\m\l\2\ҥKo:8}=0v3@?8\~\+9gq\2f\\\d\ĉfEl|]Y[Ӷ\d\\8!pY^F>#n-\\O@\0\'\0\! \0\	 @8aW \m({\}\\\LTuރ΀4h\\ƌ΃x衇d\ٲ\;}r\\JVB t\\\g-={*\F\i\ϴm\QGe\R,Y\TdPw\q\\!\\\\,0\\s[6ŔƷ\;Fֹu7\n;\;\L`S\.\\JQ\v5\\0 \0j @= \0@6\\о+&4\ \"%]*-׿\p\	j7\|\裏6\V\\.\9S\\[o\^n\\\	ԎVTh\\K/$gy\s\=Ҷm۔P\ƍ3>\Uq\`];>o\<<xiݶ\n\O\^\\\E\`*e\H*  |D!@\0v	 @\\u@\0Apdr0\0aoC!@\c\eW>g\\{\\s\=\'~ԩS\'eT\ϟ/#Fw\yǴC:\C\\o力 +]$\uT`\K+/\Z6lh;ЖPs8\\L\{\i\\\Z7m\\,S⠃_|1%J\/\n 7C+J͟\\w*q@\0@&\g@aLn\@\0@$ \"\Z\"@LWDȔUEϙ3m0Ȑ!ҨQj駟L\C\\\s\\ynBe\\?lf@l\fƗ`\\n\'OE\ZC_\\U>|jS\0\\\\f@TU\UzC53  \0@\0\0 \0[ l\Ү+Y&6\\ BХ\\	3=*>hՀV>4n\\,\GY	}-g\_~1^~e\+k+2bV8̘1C\\>3\\Z/D-v\j*Ҋ\r#r\~03-\\[o2KD&rD\\ɘEf \0@\0\0 \0	,Zթes\'\\|[\0\\\orr0F\\\I\D[F\Ǖϙ\\\my\\n?x%\\͠g=\|\Mk\\6Ir3F<\J]\jQF\ҥK\̇\JK\_bB;V~\ȣ>jPO2\믿I&\СC#X\?+k\fVWq\Ƨ\\b\֭k\*#Ď\6\{\N~\\F=?\\\\7\|cZEqQUք\0 L`Jfމ\Z\0jO m\\0Tn\0#WI \\p\3*b\7k\;\k\*M7ݴF\o\Z=aJ\\\\Z=zH\oPABExTehuù\+͚53jF\\MeDաC#hK%V\\\z왺]\rt\\ҟ\߿\ؒp\n겿\k_\rsaG!\: YbZ0%\mL\0 \0C\\n\0 \0\q\0\#AY\\6C$@\\\\k龨Ƞè⁫ꗞz\&hd\\RZ6t9s\߫x}֤\\	\̈iwJ>\\\fɄAE\\\\i\\\\E\\\\o|͚|\qE>ׯ|ܵX\n\/p\\>t\uvq\|kKnĂeRNtlQ&<rA\0\0jK\0\x\0\\"@HF+ojG\\ˮ|\»q|~\VU<\r\QG2 N;!PVZ)(}Rz2PZ\7hX\p\?_=:f]u\rR\E\e\S\R\ۭ~4ٺiXKg\%T@d7B\0\0j \0\0 \0\Bm;\w\`\"ÄFpDP+3	KKpW^-\r2)N8\3B?wuN\\ŋe\-]v\%ɈB]~Le\]Z_9H\\g\j\\ߴ\\W={l\O7R\\ƧM{ޗq\AZ1oa.Z\8n\0 \0\@\0-@\0	 @\\@]9D\0܆\0Ԅ-\\\L\\R.\\m\o\O?H۶mw\\fEV\'\\\\4S{&Ak~_jL\_^{)9\3dиk^e-*\\\AEZ\iwʡ\Kݧ\|\\"\\\\\W\'\&K\n*\\c h\ۙ \0$\0D\\0\0 \0X\'\0a=9\\ Df\.(&kMW>gA@\\\̈`jr0\"\?zLxV\\&@hD\rS\\q\:\wܜ\n}n\eMw\M\\ϳ͖h\XSaPWOL\"/Z\7lX\\\6\Hp\rWΌ0#2d\\+\\\rqV̛WC\9\\4.љu\.=O,\'sau\RaC~mW\\ؿ\\ԹqRԹ\06!\0@#%P \08J\0Ĺr0\0aoC!@\c\eW>g|\M%\yX\\zp]\\WZ%\* nj\\)\ӭ\ԯ\h1m4\z\J_\\g#7T@\kY\?ˈ*$zTsz\\{A\u>\1\\\	%ݿ\7\n~Sx\\!\=ց\n~>\ \0\ @1\0 \Gr\\ \r\0a/]7qė@ @rdP\ym8C\_\\\ɗ\K{^\'m\{a\3)ޫ+\/\0a@_\ڈ[\\nC{,m\h\|VrJtbش!\k\Tֆ*\\R* \\\Z\0 sz\3}̽\=@\0\0#\u\`\ކB\\ˮ|\8\K ]ȽAdͪ2qЉ)9bC[\r\Zx\\y\ϻ\_:\6\nJ寷̑;e=FY@E\tmԠaz^Fxl\,\}r@_\Ţr\Z\\\vh%3\`}}\\\"\tVh\%n*A|(v^Co\\#:E\e}\ \0@\0\0 \GR\\ \r\0a/]7qė@ @|d\3{ hd6 IP\\\\4B+\̀\\\?ܥi\cIf\\R\\nm[\l@I	i\#F\X`G\\\\X\0\0 \0IDATe\\˕؈;켛Z\T4\L@X)o\\5d\0VM\6ZBAJz\\'Mvf@\݇g\0 \0@\0o-]aB\Բqk/Ɍn\\ 72?/ \\<\sf\ҥCN;\4id P_~E\}]>}x\ҷo_\ۤSN\^{\[ @R&\B\[0\\78[\r-[lM\wعm*\?3\?Դ.\ʁ\.&\\nGiO7`z\y2|C\\E\5\rZ#x-5O+ 8*L\M3	\\T@\1@\0KLvc\0\#\6Dy#A\\^7/-@\k2e\\KM6y#\\eȐ!\SO\]w\%1b~\S\ǥD\\.oӿ4	\\\k^)W\r*2\z>tڝ\x+6?|/3.PV|vܫ\\ÛE\{%\\`p\L\x _\W\U\\\%\!Կrʆ[!!\S*LrR\~\I	\\n$U\=2u\\r\\2Ō\Ҥ\6)\\oڝ^?l~Em#8B\?~m9PGE!\0$\0Cv\0 \0q\0Cjz4\d\+\'\0\ȕ@ħ~*_~\\\\\Z\\'ʕ+PTTd~\k\2t\P6l\\y!Pu\\V\\(0\\|̺ \ʂ]IRY$v\0#*t\CEe{O>]X\"NS\ϔ	\Ze-*^Ъˮ\\\dD\ҟt\o\Y?o֛\=	1\CywӂeRNtl\,/{#\0 \/sKd\0\\!@&G2\`!#@DI \\rX3?=Z\g9\c}Cy P\0f_}U\\ꫯ&MD\C\'fs\IgJ\\=ʣ\\r\Z]qG+ \"\\\0 \0\@HL	@l	0:)\XXQ\05\\G\\\a}μ\;2r\H馛d\q\@UĚ5k䬳ΒN:I;\\=\,\_ܥu\|2ޫdDZCzl.\Z+\W3\"p\"<@\0~@;D@.dI\yB\2pd0},\'\\\V#B\{_,9C\|M<y4h\\5kx\ұcG\{m۶r\e\?ꫯdԨQ裏\UW]%u\\5mw~\x\\r?~<\\N;\㎓\|͙3G\9\y\\駟[nEt|\\[o\\K.\׭[\'3f̐S\\o}\ ?cj\54믿^v\uW\iӤk׮r\W\.\\U\\N_m\>L\\WYK\3h\ \e\\?\_b\5j\HJKK\\oe\nF8\ה<z\\'\/l\6r\\\ŋS?+,,L\G\7\|sy\\3v\f6TIӧO\?\\\\eܸq&\-HW\\q ҷC\o\\\G%\n#-*Ϟ3q\\/\~n3	T@Ђ\\6 \0 @O\0 \\"G\`\\\"@DM\ \\r3?9(׹_|q94?M	z\\^{\_s\5\;KϞ=\d\\\n.4\F߾}~\`\\\YoܸZ\~!Cmۣ\z\\رc\\?4\[l!7\p\KFPaࢋ.Cu~^\\؎9\\l\\\.3{9\3͡\N(\\\o5k\w\}ҫW\\\p\g}\/4\0:A\>\srꩧ\Z1䨣߆٘1c LU\|T\f͚U|QD1X\]m^\0SHH\o3->`\D%\>ly׍hBƽ\kȤIR3 H*v\;\S\jH\v(@W=\{8]a\\N{\)\n[Z켫]P\sA`uoq\0 (J7B\0%X\\Nq0P Ar\b9\=D0`9|\͛g\n*\al\w4Zq\\'\m}}\}֭[aA\+^C1௽fV?\۪{\\\ٳ́\n+VH]=\\ߛ6m*U~\Z\o\\\O j9	U\\sϕVZpnV\ی9Z5\{HŶE/*Lb\,\"b\R\k\\#<b*8Ԏ\C]멧24\\ݻVqD\mU8\rO[c\?k>\'Nh~\K+M\\'S\\K}\}{\;w\'ߢ|\\?\wh?3{?o\#x]\LQ\Y@ @$+\D@  ☕J|\n\`0\"@\r\6 \\r3UWF5	Z\p\w\v\ڙo\kł\n\0_iˣ\\3\/\\\Z[Zɐ\0\ 5\\1\E\Wz\m|ӶPzi\?O\V\zh\n\矗>\Tt\\Y6\t\j_\5@⡇^Q@+={\1i߾(\M3s\LSy)^Ř\)\\\\' 6`R!>p\DZ0!@D\f]@\0\#>\n\\'/p\"\0 \0\@M*w$|\0ʕ\@\\\a|\\M+B\2i%=փo\"y\\p]Ե~\Tr tN\L\6@*,Z\|\?BjbU	\D\@i[#j\6MZݔVD\MXv2A\M0Th{\^Z5\=Z3!Em}\\g*zhBE+&u\n6ܴ\nD* *V\5	\*}\\Z0U\zk\\d9}tkoF\ϟ\:U=\0	V\0 \0@\0\0,@\06&\8\lAȖXx#@\2+9S\[\\A3!\\\O?M\A\\\H\phhذ\T\X`Z<i.k>\n;#:\\\@\Su>\\+ tNEe]C+Τ\\\ivա6Rv:$Zg8h\n\rJ^*y\#\\Pi2\\n-\ҬVfؤv\iPt{\\VZyQ\0˴\Jo:W\ڂL\$Z0R\\0 \0@\0\0bL`\\ƻN-\\ˍqk(\7m]\8\Ga$(~h\Ǭ\7>gYs\g|\G\m}m\\\\*:聶Q\\rCց\:8y\w7\*$hEAIII\nփx(..6*~_\\\u\\[?M\o\\7z@\\7\WZe^\\-~C5S\5tVI\\Z*\Of\G\a\::Uh\tŚ\0\o6쳏ԶƮ4+\ĭl4n=\W9\*\ hP@\W*\h%De\s\uB\\:C[ait^\ZZ)\\O>\WT\\g\;\<iٲT\Z\*J+Es6m̬\n֯_/:\C\\\Z.\D	f@QZ\a\}\\"\B\0@Ђ)~9#@\070η \"\q	\=F:y	.,B9\|\~\O\-v=ֹ\0cƌe˖\k=`\k\[RB\ \!~^\W^q\ƙ*\~C_\U\ЫC\"\'\^s}\\_g}\|\?^x\3A۵\"ARAA\կF\Zo\W\5thVvRAEmk%CU>\\\nZՠ\\\t^\Z\Tq%\<l\0\ٳgj\k&$V\Zh僮,t\0ӃN:x\S\kA|\i\Ji\~j%.Mf̘a!?*\XgF\pr\5:\ZE#?<?I&M\\\D;S\@U\rx@\\L\" \0@ >B\\\	 \0A msF\"t\\\$@mT\Q\0V	\\nu끲hՍ\a\0B\\\uh1WTXy\G\DvEIgꫯ*DL\\DVkr\RΛ\㇏\珒O<\"\kQ\j\\|JI:ұEf!\0@ ,ad@\0-Z0Ֆ\\\`0j &\\q ҇\\#\gw9|rӎH\h 	|R\H`ҶP\~K\\l\*LS\r~\\\သ\J\fb`\\|\3\\Kz\r6KÒ_6ç6] ϱ@\0\ \0<% \08`u\[Q\0%\\\F=Dt8R/L/K晙\\\5B\*O@[\gmt\9m\ƴSNikK/T\@m\̏\ZC\=vީ\\\^\\q\?ϑ\kʟ/?@\\&}zi-*\*\!\\\\Q\qև\0 \0\@HN@\\	 @\53Bp$Q\D>Dxfd\ҥfNNZb\2\\\qނ_\\m\f\+_\Kޢ6\ݤTJe\\\\\\s\;q^t|\\RA?=\\å~ͬgOm\_K|@\0	 @XN\0\!\0@@ \$ʢ\GW\'+\o\|\\\\Z\ڋΖ\\8]o\\~\nqΊxlVDac\\G\\\\\\3w\0??;Y˝d\\]e\C\\7Δͷj*^3N\4\\sX\\r\\\\\KTz\\\\\\`d\9P1u\bi\\un\'t@\0@p0i@3$DYt\B\r\\\+\";w6ݏ>\Tk\e]&<\\2a\\ش\/b6mF;\#\]w\z\RXXhm<۸qc3\3\H}\5}\Ƙ	8	$\?Q[4\\\nO\>͈	*6tl?\\2\̓\\瞒\g\f\\k\9\\\ˏ\g\\5[\\\\۬\)\"\M\}SbHUt#@\\"]@\0A\0\ulB\0@:G#\\c=&W]u\~\\\\\W_->̞=[v\qG\~\\v樣O<Q,Y\"(\'V\\r\%\[oɌ3\\7\q\Fx\*>|\r\gK׮]\.0\Du\!@ @X|c:&\88+ҟ?x%sL\rvl3mlІ\z\$\)wHa\~ݪr\YeV),7:Zn>XT8놙Ro\\\\\\l\"FL\tf\e\\K\Ae\*@\\f8~Vg@P܀\0 \=P\ރH\0\\%\0\H\ IE7] T\\\݊k/\\_rǋ\n\{lާBCūgϞr\w\Zѣ׷\j+CwC6\t\9}t\n\*.@X\<\J)im\p\uhaCu\q\.U{\\+\\\rHq\RzKy\n\ߥ\rT\\J\')7\N~4\\n\w`\\B<\0@\0\0 \0@@\\&@p%StAP:RRR\"\{\u\]馛\=\#m۶\^{ʹV9s\\\Y7m\4%@\x㍦\^?\\x\r\J^O\n{\b,狀t\\0Q@8:2	\"𴪯z[d#$o%:\\1C\\;g\\)wH\C{\\\r\\r\\r-ǜ7j\\\ԳN6L\}S\\{p\t\Ҫݞrٲ\ow-|M__{\?it+:]NsTbP?\\7咇]]\\\<Gϯ\0\~?L\w\|̟?T$`eQ@\0\0 \0@EKWZ6`={zf痹\\o\\D\\"@dK,y @ZJ&Nh*\Z\\?3! ֭[\'#G\6\\\\\ÍP\"]\\t-\\\WNr\\oF@HާG\"\ꩇz(\n:wf\7?+/@\\\Y\Rxlr\{p\rp{\]c.4rC\P\Kg@\"E\0q$nh\T&p]\\jG\\n2bo\0\ٶ\\@&[\@\0Ђ\tLB\0\ 4/L/K\Iqq\ 8l<\\\\\/6\\{O&O,/l\Y\:i\ۿRi\\[0=ڴf\\M4z\#\v[x\E@\=\y\vow\`\z2E\׌\Z+ʆR\Y)S\<Y\QJ\5l(*\\v\!\s﹣\}\43Z+ \z\\\AO?Y**:t\.CnC6߲\\m+MwhY\\:B&\5+W\\r\* T8\T\\T3\"\"~oMDon\0 \0\	0\\> \0\@\\T@D0{^/w\"hBփ?$}\U$P@}<i\$:thJp\~[\\'7\p|?C)**2ӯkV\9\裏}=hɂ\0Q&@´q^gn\-4mYj¾&{9-ZH\s\'ə;/x>?ϺU;岴!Խu\yʝUw8a\o\\P!]ym\T~wl?ST\r\\Z\\#v襭\\aٿݵ2=/MubA\2W@:h\\N@\0@% \\0 `\0-lg C`\To\0y嗍b\\n袋[nS.]dĈ\[oI\\e͚5\2١CS:\ \\\nN8\Խ*B\\~妵C\O?]\Z6lh\\u\n$** ;.Q<\MT@$)\\n@\0\@/C\0@\^\n\\|s\\T@D\0{^/\\0QS\*DhUDūgϞfV[mU\29\0\0\\a\'d2\\\ڴ\\3(+̟\\)NB\0@H B\2\0 PkF\\/o @|J\\#%\BH?\r\QGIF\"MD\cA |љ>l\v\\o\l9lQ\\~Q>mNg@Ђ)8@^  \08M\0!@8(n.@^Z\r\Z$\CBxbў\K\  \"\dN@\L(< {a\@sK\us\g=@\0H%p!\0Đ\0DRK$ʢq |ICG2k\,iڴit(o)SL~ZJJJm۶һwo3\'UV\\\n\??\cǎr\=I\\IRN\Zq!R66\A\C\\\F\7\y@\\\\:\#\\\NU#@DE!\0$\0D\"\N\\0bE\0\"V\\WaoC\IG˹p\s&y?$۹\17;Ђ	±M\0bL@}\\c@\09@\^>u\`\"-{\}\\\/#\*@l6\ s\߃\^/\c>3\\"\><\0 \0@\0\0|#\0\HF]9D \Ų+K\0\0 \0IDAT3&(\'@\\M<%T@ԒA\0\0 \0@\0Ȟ+\CZ6\aOqk2j\yW.W\H+9qˈ{9\Y<v@ @:k?pǭT@\_@\0ȁ\0-rǣ\0 Hao#@Du\HP\y4\\\Kpy\0\e}d\6\\\G\i\\ x\\" \0F!ԡd!@\0H0η \"\,a$(B^\Z\\\%8`ƈ\\\S\{\?bA\2W@:h\;!\0@ \ \|\0 `r$Ϯ\"@\\P\bٕ\_xG|	\\\~\\z\\6Z0\݁g\0 \\Z\2\0#jGr\\ \r\0a/]7qėCP[0މFK\0;P\wA\0k \\\B\0\0#9u\`\ކB\\ˮ|\8\K@馛Hu\\$՚?\\y}#oF\ϟ\:U=LH( \0D@Hd\	\Z@ @\*U;\\ \r\0a/]7qėK|)L\\5N\YN4\QS\.\\JQ\v9\\\0 \0\0 \0\&\0a;\w\`\"ÄFpDP+3	K\Z \˴[I @%|\0 \0%\0>\0 \0\ lg C\"@d\nC\0jt\s&ai!\\ @\\]?L\"@G\0 z\3}B%F@\0)&[\"@\\P\bٕ\_xG|	$A\\\\Dnx\Z\0 \0@\0HGr\\ \Z6=Xv\s\\\_\M\\<CK&\0 \0@\0;EKW;lwWao\\ZHiiiA g3G b\q\s\A\$`\mS\"@\Ə!\0@ h?\X\0 \0?q\0\^#A\\^7/!@\3F lZYX\\zuh〷h\0\r\؄\0 \0\`um \0$@\\\0{^/\0\uzD^0c@\ĂeRNtl\\Z\0@\06	 @ؤm@\0P`rdr0\0aoC!@\c\eW>g|\MILяZ\\;\0 \0l$\0n\0 \0\Bm;\w\`\"ÄFpDP+3	K\Z L}\\BȍOC\0@ @\5 \0@r\W9а \Ų+3&H\j\mE-@Ђ)4 \0l$\0n\0 \0\ lg CraB#\r\"	[ҕϙp-H\0A\6V\\ԹqRԹ]n4 \0$\0D\\0\0 \0X\'\0a=9\\ Df\.(&kMy\Յ\}\Jqqqm\$AH\\RC\"d,@\0@-C\0@ 2e6\}\(\~\\\oч\\}:\R\\\k\C?\D\0\"\'|x\"i&H@\0^\C\  \0@M\\rDYt\\"|OMi , @Ђ)\0?\0 \0@\0\0C0:\\ZHiii3Fp&U\E\[î\m\",\ @?TyOL\"@\(@\0\0 \0Ě+Z6sa{\"\T\zi\k%8+\1\Z1HB\]@yp\0Rh\f\0 \0dG m\guw	\\ 7 @\&\06Q\s\kea\r\ա+.g\\'-FV\\4 \0\\0C\\ZK\0 \0η \"\a$(B^\Z\\Z	\\nvB\0ZXPL\\)-9@!\0@ \ \|\0 `r$\̀p$Q\D\S\& \0	D-@\\ @\0\06@`+@\0m/{* \"\ua$(B^\Z\\Z	\5\\n$zIL^5Ԡ B\\b\0 !\4 \0dD\0\"#Lo\~\\D\3+B\J\\0A&{\2 \0\ @Q\\0 \Gr\0\H,\0a>!\0 @x\HZ:w4_W:\\0 \0\@HN@\\	 @\53Bp$Q\D\SӴ`4U#$\\\5\\	 @3 \0@d\n?!\0K\0\\"@8(n\"@X\i\4\re@X2\0\U:	\\:F\0 \0xp\|)\pO\zi\k%8\	^@2\0*N\0 \0@\0\0<&\\R\\n\0{^/\0\uz\\_V a\KI h\\EȍOC\0\0 \0@\0\!\Z\0η \"\\a$(B^\Z\\Z	\\nvƀ@\m!@\Ə!\0@ h?\X\0 \0?\eB	\=F:VC1 lZYX\\zuhoqs\\0?\0 \0`uXc	\0 ƿ \"\a$(B^\Z\\Z	\\nvB /h\%ˤ^\آYn4 \0$\0D\\0\0 \0X\'@&\)\\=(yB\2pd0},\'\\ř-\]\`Y qKV \\\@D-@$%B\0@\ \"\\0 P#\Η\8ߦ\mQ\HP\\'Id\?\]S`\$L\\lxQ#@ǒ \0@ Z\eu@\0\0D͌bqHC@uzpp@Pӂ)\r\0A\\\\0 \0\0l@\#@d*!@$8J 	msK\us\\i@\0H<\o\0@\0N\0\z\n2s\0\"3NI\"\ُ&vZ0EÕU\O\0\"9\!\`\02%\0))\\0 \0 @DE6\u B\\r&\rHa\=\"LmX\4 \0䏀?\3%@\0@/\1!\\r\HP\y4\\kAXQ/	$A2qy\n\"1@\0\0 \08M0η \"ܲa$(B^\Z\\Z	ε @¨ LkA!@\ \0@\0\0 \0	\\;m7t	\=F:VC1 Lm4\4 \0\\0-\\ZK\0 \0η \"\a$(B^\Z\\Z	\\nvƀ\kea\r\աM\΍+Dnx\Z\0G!\c%@\0@^Fp/\zi\k%8+\1\n\\\\0G-@,(Y&\H\\rs!\0@  \0\0@:Z0YOAfhw+.GV\\KyR\\\\ق\ŁFD`3X\"Hܒpq3\"@\\\0w<\r@\0\H\0\\0@\0	v\6\0{^/\[\\իMrHJ\C\{\\l*\g6\v\\9xԴ`|\iy\ڵk\V6\ӊ\X\\\\[ˮ\*\\-\0\\'\0\~\0\ \ $ʢT@Xi@+IB\U\,u-,$\0<%\0\ib	C I#\&E\0\"\0\U:#	&jb\\\Ҹ~])\\.Y\0C\0\"9&R@\0q%\0\\TDYt\\"|OM6$\\4;f±\. \0@Hp	@L @\$5\0Q!^G`M K\0\"\4rLIq \0\&O?m7@\0	&\\R3B\#A\\^\JpaF$\0\eZC\r\n\"T,@\0\0 \0xL0η \"\\a$(B^\Z\\Z	ε @¨ LkA!@\ \0@\0\0 \0	\\;m7t	\=F:VC1 \0$\\\' \0@ ELl@\0@v\8\FȎyVwrs\0!lae=W,[V,^ڸ\2~\\0Dc\0jM!ԵFǃ\0 Pao#@Dy\HP\y4\\\\0 \0dԫS [4s.B\0@	 @\9;@ h\H=PyB\2pd0},\'\\\V#B\{_-#@Y\\0r%\0<@\0 @ \0@6\Η\8ߦ\"\]F\"t\\ N\\\S@¨h\eZC\r\n\"T,@\0@.KC\0@F 2\d&* \\ \ @\=CB!ԮdʞQ`[,C\0\0o%@\0\@p$g$ʢ\c\Z\0W\$sK\usHgQ@\0H\\H!\0ĕ\0D\\3S/Ge\M=5M&OKX5@Q\o@H\0\0 \0g @8*\0 \-GR\0\H,\0a]\\4;f±\. \0\P\>\0lp\|)\pׅ\zi\k%8\	^@2\0*N\0 \0@\0\0<&\\R\\n\0{^/\0\uz\\_V a\K^5Ԡ B\\b\0 \0@\0\\\k\6D:E\\K#@x^+!@X\@Ab\D\{\0 \"@&6 \0@ ;ao#@d\<\HPV9E\0\6+^+KKm\\q?L\0\"\1@\0&\Z\A@\0H(0η \"\<a$(B^\Z\\Z	\\nvB\0ZXPL\\)-9@!\0@ \ \|\0 `r$χz[t8R_>^\n̓\\b!@\Ï\0a |\,qA\0Z\\?\0 \0 \\0 `k\KaoS\#A\\^\Jp)\V a\K`2\0*N\0 \0	 @D!\0@ #asw \!\0\\!jW2e\ϨZ0\\-!\0F\0· \0 @83Ge\M1\rxE\0«tFL\\ԹqRԹ]$( \0$\0DrrM\0\J\0\"\#\&E%\Z	 @Ԉ(7 @$~\0\03 IB\0\0#Ep$Q\D\SӮ\i\Z\\3\0\X\p@	\\(l`@\0	vƌcPG\\HP\y4\\kAXQ/	 @x\PB\'A\0\0 \0@\0p\|)m7t	\=F:Vs\/+0\%/\\ZjP\d1@\0\0 \0@c\|\"\\rF\"t\\ N\ `\h @\ 	1w\"\	\=@\0H\0 0η c\\a$(+ܜ\"\0f\0D\DY\\V%˥W6y&\0g\\0 \0Z`u\  \0$@\\n0{^/\0\uz\0a;F!\0D-@,(Y&\H\\\0 gq\A\0HZ09\C=T~ޭPY\/L/K\IqqՈ \\G\\7\yח߮5oE_h\7\\E j\-\Zx@\0q&\0\\\ \0dp\aoS\\#A\\^7\ˠQU\|a\8)--ͫO@>	Ђ)ݴ\0\f\\Z@	 @$1\\@ ^ ╏*DYt\\"|\L\01\ʮ{7B,\S\0C\5ZSM\u@\0Ȕ\0D\0\"\0ِ\E\!@xTK!!@X\\@M*b\H\\ԹqRԹ]l\ \0A\0<\% \0	 @8]Ge\M=3\0\YB	\'kY#K\K9C\0p\0\q@\0\@p$$ʢ\{f\Z³N\ F r\0 \,=P\\Yq\0\\'\0\H IE7 ,\\4g	%	 @d,q @$.\@\0\0 \0Ԓ\0D-\1|w\{9\q\~\\0DHk\\\\9 \0@\0\0 _0;l_õ\b|\1]c]\'r\"ˇ \ BF,\:C\0TYs\\ZzC\0@h%0n\0 \0\@8\M\Rd[\$a$\j\0Gp8y1s\"f	Xz,,Y.:ɻmA\0<\% \00]\0@\0Ȏ@\\T@d\<\HPV9E\0\H \+%ˤ^\آ\0D\0\"O1@\0U#L$ʢ\{f\Z³ :\fA@\0H,Ħ!\0Ć\0Cc\Ap$Q\D\3\%p&@%\ĥ!\08K\0\\\\8 \0o @8JGe\M=3\0\YB	\'k\\ZY\ZS\C\0\0DdhY\02$\0!(۷!@\\@\#@\?Gx\0\J3*QgݨsK\us;	 \0X!\0a;F!\0@ \0#\DYt\\"|\L#@xP\ɚ\0D\\\0D\RN\0%\0\l\p7 I%#\&EF,5%\ĥ!\08K@}w\\0 \0	 @8CGe\M=3\0\YB	\'kY#K\K9C\0\0 \0@\0$\0QKp~\"\\ݳ\0\^\\\1D\\3_\"\0/\\\Ap7wx@\0\0 \0\+N-\\p-\Xiii-.{L\\DD\\m\a,%v&= \"˲\@p&U\E\\0 %Z0e	\!\0@  t0},\'\\\V7I	\Z\\ N^\\\GYBp\'\^+KKmnn@p#Ox	@\0\"f@\0\0#\6\1\\\0AnN@`3E\0\",J jbA\2W@:h\+B\\0 \0<@\h\@\0@h\\\#\&EF,N j\"tY\0K\0\"\'p@\0!\ؤzG IE7 ,\\4g	%	Ђ)kd{\0\"q)\'`@\0\@p6u8@DYt3_\ʕ+\Oh{\!f͒M~ݺu\s\\̙3e̘1Ҷm[M7\$/L2E4ibX\Mkl\L>\,ұcG\{R1\~\x<\0<\=\\\Q`re\'\\' \0@\ \0#\f\"#DTu=\C2t\Piܸq\y\͛\'gy&ŽiM\0\"l\01u\bi\\un\<\"\0 \0@\+nA\0@% \$ʢq S\cT@X|#c: bX;\0\\ \0@`;@\0m3}A%6;\O\0\W_\\\\kժU\_˷\~k~Y&k\ڵ\ˏ?(u\ԑf͚\^{\%\'|o\\N\nJ @-j\"\0Q!^\0 \0\Cv\\\0H\0#@8(n\"@؁\\0\K\7^[+[/K\\t\ME\֭+\Փ\K\raÆ\WFd\77~\\/\O>\˗\;\ \Ǐm\\\ lg  ⟣3\0\0 \0IDAT#<\0 \0@\0\0\A\0\"y\\Z%8\ɓ\'˴i\\\>}ȸq\Rs\̑\K͡~+~ҤIr\7\y\\'{ｷl\fRXX(?\r\\\+\";w#F\\G-\&HK\e]&<\\2a\Q/bSN;\4y\w\뮓[oլΪ\\gq\ڕ.@|8Ra#\p3۠\0A\\Cyߩѯ_?ѹ!\~ႀM6\a<\% \0@\0\0 `+ZsuDzXZZ]CO.Ks](\'/|\"K`	ݶ\0mw,\\\O4x&N(\\\\@u\\Ft\!\*L\\s\5\4߄4hsΑaÆ\\Jnv\v\m\ꫯG}TfϞ-;i3p\@9ꨣ\%KȀʉ\\r\[2c\9\\zzpb\\U\\\O\\ϖ]\\\`ĉ\^/((0\w\\A\\ٺ<w\qr\)A @\\"\]wr\0NLI\\@\0\@8Rf/L/K\\^W	\˶mf͒~Zn\\jG\_FLPm۶\gZ\_+B\;9ryN	* TP\\7U<\\_\r]_+/\\/\q\ǦR\P\ٳ\y\F\\\<\0\FU\"z\<׊!}o\x_^ƎkB\Z=zi\\\\֭3\"OX5e\\\ҫCM MnC\0H P\'0\@\09\|\nRP\a$(B^ڦ\0-t.BSp\8Wv8_Q\{\ofh\I\'$ZJJڲ\\{\\\\Z\^{ʹV9s\\\BT@\ߛ6m nFSUW\\hlWjz=~\Vﾻl\Rz\O[Q[|i;.\_\"CM	ho\y\M\\:Rߞy\\\I\"5\ū 4/Z\ԡC\޽i\5u\Tk\v˳@\ ,zu\ncf\0\0 0 \0@L!@\\`\em\ \\\r\-Zd-@(umsT8\vHw\qiqҊm\\	dծ~;\\+&\^n\D\\[la\\\\WMߋ\0FrF\Dyi]ڎK\,mu\Q+\{\=\_*FN:_~Y\_	a\\\z\\'evCV>X>a=; \DU@\0\0Y%&@\0n`#Bp$Qݴ)@\Fx\D:Bo.W?i߾i3Ə/*\0\^HPف\\\_|\T6hN\n`J tMm\m_5nҤztF\m\V\\*^\\\!ƤL#_?\o\\?w\9w\\e}I{Sg\ smZ[m\FRT\\q;\У|\[\;5\nqLQ\l?\F#D@ 	 eb\0 o\O\;Ge\Mp\\\\0a\0VP_~\-u@\}5\$׃\@\VI\\Fz5k&:`Ŋr\EjmӢ\X>}	T\0\~\eҤImNU-q\~m\ׯMq2>\\Vb\G}T\\\ZDt^g~L2EN=\H\~\_\\K/0b\9\CRҽ8hߥxC\\"=V\X\\5	:\\ABծgݨZ0Wm3}@\0@pd @8(n\ q\\\W_5l\n\\˴\\?\գGsoeV(<\\}\c_[ݨݺu3t\b\z\-cc͚5\\k\x\\LtyME\NHݫ\"\n$\c^\~~7l\\\S\\\mx\<L3fLtFDB\M7\dtT\nZr\;묳~uh^q\HEW^m\9+߫U\nL[Ni2ݛZ\WT(\\\]w\;\0\~Lf\0{]\\\>}\\6U\S_~\rUS_+^郰U\[P\W}=Zz%ƨTӫcǎF\\\\&*8\\\\d\VMj;6mǔV@Dn\Z\\	|\\ԹqRԹ0\0\"%\0)^\0 \0 @d\0) @\!\0a\7\|c@\HgϞfD\**\\.&\\\Ђ~f悊ZQ^\\:\0]\0܆!@\ᾊ+͛77]W\ _RѾSaM=[\MnfS\\ܣkkVk-\ԦV]v\\\L\{uȶ\#\\!ַo_Sis\rD\6h*.ju\\/|U\0\u=X1oֈ\wy6}x\ʦB\8-VRmN*\Z\\\0&M?\B3D@G>f \0E\0|!@8(n&Q\\A\Gi\\z0\>z\\0\r\\\δ_\\/\/O?9\u\]<4I\\_Ҋ=\\fmL%\\/\=i\\z\w̼\\s\=``V	i[3y\Z\:ET|\S\EXxꩧ\\\o_۠͞=;%H834T\k\ܹCc=\Y)U\r(@\z:{#D\(C\*n&\3\"Jɾ\"\\'z@\0.\C\]r_!\0@3$DYt3i~\\mWS\"ΌXx\Bp> mm5*\uM\\*l]ϵ\n\0]\Wv0\͜9\\WЊ}h%\Rs\\fօ^\\\\l\"6c5e*\"PPD\&\0A\\?llSE\RDm\Ua_ao=rJD\0 \0@\0@4 \\Z#n|A`\q\\\\7\7\\\\_\\\\j\*2wӠS\Ӿẑ9\qhdC\\\;:o@\Sz~\UW\+D\sB]\\mCt\\ҵTT\MՃV(:AԹ**@\\ʅv\!]\0\:\\"D\n\9\*:}ٲ\;\Za%rm¾ \&\\z唈 \0@\0\0 \0h,Z\,ܩehj0c3eu\r\\R\\dʞ \E\|\U\_\7\sl*h\7Uй:{@\\Z\ri\\t๶ҶBZaP\K\0SweƫKRqAŬA%mut\iL\\\nZ0\BL\\LC9\̺hݺ\g1\̍WMW\#C[?\h姃èP߂*^z\o\rjʞCk!@W\0 \#Z0Ub\0 \0(	 @Y)\%L{\rW	\˶ \\\^|\01|p\\nH\]|˥{t\\kVW+\Z\q\\'\\\\r~=ז^:\_7/u֪z\\nޣNzm\w7hŅH\!\\{X\w\}%\G\^{mj೶%R{\Vqh\o\\\P;ږLmP~\\\'5*d\\&w\qɳվ}{S9\3XZ\=\\n-g~h5\m\fLh\Զ\n+gyoOS\\\\w\u\}\M\g}fZ1\0ŵlZYX\\zuh\\H\0B!\	I4aB\0@h\8ߦ\"tz0{^/\0\uz\Z\\~ذa\z@\\Ar.\\on\2U>\\'y=i\zx^Y-.Ѓ{sG_g-Tuiɕ	\Ud\\2m\43B*THhٲh[% _|\\Y\_3f\0V\0*(w t EL[&j\Kd2KiVD\\ڲLg4͊We><\f~\Fy\\'Lň0`@JQE!uDT\\\Vn**Z\LmT\\M[P\F\	{t$E$\0dԫS [4AA\0@ @\5 \0@r`rdgЂɑDYt\\"|\Lg*@\㢢\"Yt\\\\N\\0[\tZY\ihC SQ}\0 \0 @\D\!\0@ jpH\#@\\e <NnC\D\ܹ\+UzV[B)|\ү_?ӊ\C\8U\+b`\n\k @_\0 \I,\0\$\0\H\ IE7 ,\\tu\\97\S\\י^SL1t\B߾}M\".(3&\F\e\|9QPbuTZ3jL~\\0 `\0M؆\0 \0%\0\\>@p$Q\D\3ӕ	\\Ay\Q\\o\\ﾭ1b.u\\Z\:\\7sV\\i\E\k?pȄ	\\.t@\g-\L4Iw\n\]Dy!@DI׏ \],\ו\\\0F\0 `\05\0 \0\r \\n$ʢ\{f\01gP/Ye\uGCut\raÆ\WF\\Tl\ͷ\u\޺u\\\FDM\0\"j\\0\~\0@R @$%\\	@  ⛛r!@8(n\"@X\\\\W\AG\\j#\\}Q9\#=#C8I!\0L\>Nڳ\I@\0\/=P\>F@\0H#\0\\v@p$Q\D\3\Ù\\w\;j fΜ)\'xgd\') \\ǉ\0Q{v<	@\0\0 \0$\0#Fp$Q\D\3\\\r\P\\\H?py\gL\:\!\篻\:ӷ.@p1k\"@\0\0 \0K`\\\N-;kU<\\\q]CW\Ps\"z\x\"y\G\\)\"gϖ~)\Ϗ;V.\|\rN\0\"t\-\0\]J	h\mj	\0\"\"\01pdh_>^\n̓\\\\gl	\\wU$\0@6D`s̘1r\5\\\ի͏N;\4\[\ru W\V%˥W6y1w @+<\0 tN ~@\0Ȗ@\\T@dK=\HP\5\0\!, \w\u{\r\\JQQQX. \0XZXPL\\)-\*n\0 \0 @3<\0 \Z09QZ09(n\"@X\\\\\P \0J	D-@\0 H \0Ԗ\0CkK.\\!@\\ LZL]Fibp+oh7\\\ZBp6u8@ q r\0 ;KI\!@8(n\"@X\i\J8Y`u\\@\-@d \"C\\\0 !Aپ\r\v\o\"9r\CW2Q@?\F-@LX\Zׯ+E\H \0@\n+\1\n@\0i \$ʢ\{f\Z³N\ F r\0 \,gS\\0!\0\H* IE7 ,\\4g	%	 @d,q @$.\@Yz\3\8 \0O\0\"@8(n\"@X\i\J8Y@\\ZY\@H\\\	\0 \0@\0%Z\c&\=rW \\|v\\s@\0\0 \0@ -]avj\<kiM\\JKKkt\c\&\"Nn\\E#@d	,#@$0\\0Xu\03\(5\0 \0,	Ђ)K`\@\0\'\01pd\\\`\<)..I\H\\06\0\pb\:D\;y\'lZYX\\zuhw\t\0y\K@\0a5\0\0 0ηȎyVwrs\0!,ad@WQJI:ұE3_ \0\\0D@c\0$@&G6-IE7 ,\\4g	%@ tQ;̂\0 XM=C\0\rP\&\;\0\H,\0ag <K(\dMLY#K\K9C\0p\0\q@\0\@p$$ʢ\{f\Z³N\B5\=\0A\m)\0 \в0 \0dH\0\"CPoC\G\\L\gT \"\ϺQS\.\\JQ\v@#@\0B\0\\nvB\0@\ZG#\&EF,5%\ĥ!\08K\0\\\\8 \0o @8JGe\M=3\0\YB	\'kY#K\K9C\0p(l\8@\0\@p$$ʢ\{f\Z³N\ F r\0 \0@\0\0jI\0\Dg½\\c rq\͝z\\}@\ rF\ާ\0!\0@\0\0 \0,Z¬ԩeVv=\\K\\DD\q\\0\r\"ڍ\\\>d11|pW\\\k\\i\\W͝|<\D@\0\"-\0\YB	\h\qr	\r\0\"!\01pd`_>^\n̓\\\Hgh	\\\'\0k%ra\\z\%lZYX\\zuh\\D^-6 \0B!Ԯd\n?!\0@ .\8ߦ\"\l\zi\k%8+\1\n8@ jbA\2W@:h\\0\r\\\0 \08@sv\r@2Ђɑ<ӂɑDYt\\"|OM#@xX\0r&\0,\0@\0\@\0\0@\0	v\쩀pׅ\zi\k%8\j+0\%Z0y\PB\'A\0@ \"\\\0 0ٿ\n9q\A\0`+\g\-\\\\0|#\0\[F{ \#\&E\0\"\0\U:#	&jb\\\Ҹ~])\\.Y\0C\0\ۻc;:\-\Kr!v,ՁK [G\%\F9%b#6\ՠZ4Nnh %KK`q9\;\ML\{\8o\_}~m?\U\\L	 P\0\Ό\@i\\@l\BkZg\n \$jD\0\0@iB	 XD\\n 4je\n \[GXhLk-\0\"XÔK\0ҿ\\\\hX\	 @`\\֗rq\\O],o\C\0\â\hr @o\\\'|R[0a5( @\0[@l<\y\|\0D\\\}Pm \\'@\0 @ @-s7 r==A\3433\\(Ģ\r2mS4SmQT,c}[\0Q9\ZT<C 0C@\01˥8z{rsڢ\e2qqzR\.\\\;>M \\0`Ws4`y&@`\0bK	 Q\\|iuJ\Q\rE\0-\n Z\9 @.[0\Տ\8\"HI`A5\T @\0@4\v&@@U\֗r7 \n>9\ZT<C 0C ZB=cj.%VL @`)t\< W@\0wހ\(e @@xPoa	؂)|M\0\ iB Ь\0\"H\A\ZL/ \\pu\0@T\\n @YD\ 4J$`5\Tf	 fq\0\0!	 Ш\0\ƛ6*@TԌu 4J$\bAeĖ\\0\C@\0ҿ\\\\\5q @lh\K9\8v\\dr4h\\\I@Ih_%-ݖ\0~\8[D]Q @\0\c}[\0q\'e\gr4h\\\F@ah_9ߐ\0*\\0\0\ZIDATfW:UDQ @\0mc}[\011\r~7W PR@\0QR\\5 j\N	 \\Y @``ڄ{ @ro \n>9\ZT<C 0C@\01˥8z{rsڢ\e2qqzR\.\\\;>M \\0`Ws4`y&@`\0bK	 Q\\|iuJ\Q\rE\0-\n Z\9 @.[0\Տ\\\\u/\v\\?Gt;Ow[\0bnN \0\"+ @\0l\\@\0qr7$@\0@\\ހ(\ G\nghfDKgLͥ\\n؂\B\0,E@\0N\\n \A\ZL/\\-?[0o	 @\ZD5P@i\0\"HI\0\\[~\B @@5jZ4+ \zDF)lf\,\,.@@5$\Z@4\x\&@@EDF)}A,\T, \rܾ@x @ @7\\3-m})\\L@M+	()\\@\\\Zg++j\"@\0 @\<\֗ro \LLM\(,\0\@4\\J*1\\"@\0 @`@-so f?&\?A\\\JJ\n J\\ZfD\\i6D}6KlBLPvX@mD\'\"G\nghf f`tQG\_tOuwn^[ԼL&\0\"NTJ\0\B]{\G\0	\X\@\j,\\\@\r)2\nu/\t^\8 @ED]7g\%`\\\\^\\n\\\n3@l\\	d@d\4 @\0 6N\ 0c}\\hPMh	Z[0y@ @\0 \I @@\\D\y\"HI\0\B\\'`-4T# \n!@@ @i2	 @ \0\"|\O!\\[hF@\0QM+B\0fAZ/\(eX-\LS% \\\$@@Fo\H@\0QQ3֕\"\(eX@/ћʖ[n\w\H{#\p\!@\0/\8\\!Գ\\Ѡ\ws%%}A0v[]\l5vEM @\0G \Rm\y\Ѡr}A\0|C]\T6FY @\0\\wm\\\dr4h\\\I@IDI]c\, ;m\&h\fI\0M؂i\\A\0Kȱ-(D\hPM\,.J\\\\\\\\k\\@\\J	 PCk\ @6\\]\Ѡ\\0X.%@@Fã\\\\+G5( h\\L\0lTW?VV׽\ݾw\k=|\\<}\\\\ouF9#@\0 q\\\ݐ\0F\֗ro{\\r*X	!-15X+`& \R:i+ \;o@i2	 @ C÷0l&@\0jմB!hV@\0 R&@oa	8:|M\0\ iB Ь\0\"H\A\ZLӂi*\\\\@@\0Q\0ՐhT@\0\h\M\0	 *jƺRA\ZL zSٲ\0b\\rpN\0\! @\0\\\\wwo\\Z\8 @`@g;zc29\Z4n$@@/\nK@\0\Vk\0Ʈ\0 @\0D[_ʱ-8ϓ239\Z4V.#@@/\oH@\0\P+\0\\(\0 @\0\Ѷα-L@M+	() (k\5w\m\,	 	[0mB\= @`I9ַ\r*X	! \\E	=\=9|\ݹymQ288R)jpu\R\&c}[\0Q9\ZT<C 0C@\01˥\(ppx\]\ݺz%㨆\"@\0-vݜ	 P-\\\\j\w\\zͣ\H\0U~7\'U@\0\` @\06. \8 @H \Rmo@cA\343%\3\Rkl\!@\0\" XJ\'̓\0qAz\\r R&pu-·\ P\0V(\0\\n ^\0Q\$@\0-?Po	 @\ZD5P@i\0\"HI`A`ZP3Me\0b \n\Z\0\n \Zmi @\"DE\XW\0\"HI`AѾ Do*[@ln\	 < K \\\\\\0\\cP\~L G\͕Q\\\m	 \\w@\\5 @\0 ph\K9ַ\yR&~&G&\\eQ\\r	 \ZjvS@T\e @\0 0[ \\9ַ\\Ѡ\ws%%%u]\0\\Q\0>%6!`M(,I \\0\A\3433\\(\/\'Ϻ;7-j^&G@\0W*%@@\C\#@\0\ro \nv5G\nghf f`\0˗v[Wd\P Т\0Ů3\S]XY\\\^nw\SyAq\	 \\\\n r\Z\0 @\\'wC	D[_ʱ\\rr4`y&@`@z\\\\J`-<  @RK\y @ \0\"H\Q\$@\0\\S\0@T\\n @YD\ 4J ^@\0\\'\\-4T# \n!@@ @i2	,HLj\@\\rqDTC @QD7mT$ \J@i2	,H \Ă\Me\-7\;\0r	\\ݽk8\ @\0\\֗rq\\ُ\\h\\0Ѿ JZ-D[q\Z& @\0\#m})\\0\<O\\\\h\\[\0\Ѿ \ns!DCͮtJ, @\0fD\\;\\0bc29\Z4n$@\0k@\ܝ6j@\g$@&l	e @\0%	\X\@|\"r4`y&@`\0bK%pE\Yw\\E\\d\ \J]!ԵwH} P@mD\hPM\, @ \Qw\Nw\ꕌ\Z\0Z@\us&@@]`+\\\\^^\\n߻\5>\v>\:#\Vݜ@VDVN @\0ظ\0b\\nH\0#h\K9ַQA,\\\PϘK	\0X\0b)4\@\7 4J ^!\\[~`\n\B @@5jZ4+ \HDRe @\0 @\0 @\0W]H\L\aZS+6ϱ7 <\\\\\_\?] @@po@o	 \0ho@\ @\P4hbM5IIL.*( (kh4&MwFc6]I\%DMOZV\/j\n 6\\f < @\0,E\%\R^ @@_EA\rF@\0U-T\0\֚ @\0\Z\\[\0\\cn\G@\0q5Y\0b	]=D\\05	؂n\0Z@\i$@\Bp`\/\'Ϻ;7\# \"wO\K!\uC5 І\0>%@\\\\	 pNã\\\\+\\ @ <	 m[0m￷׽\ݾw\O<z\y\\ߟ8\ ^@\0\	!@\0 [@\0\'@Z\\_\\\s @@	uqT7!`mR$ 0A@\01\% PT@\0Q7\\ހ\gi$ N!Ԟm؂i\p,G@\0^	\n tN\0Q\$@\0-?Po	 @\ZD5P@i\0\"HI`A`ZP3Me\0b \n\Z\0\n \Zmi @\"DE\XW\0\"HI`A-~A,}r\|4\0\"A @\o7X @\0	\\=nnL@$ \"G\\l<M@\01\\U @\0\/\\\0\RT \\D\J@@\0QA\Z/A\0\` @\0$\\\=B@9D9[#\- ?-T\'h\\H\0\\'ݻog37s @\X@\0\A @\$,R\\\\\\\\kI\/ G*$@@PG\:	 @`I%u\\\(& (Fk`88<\._\\n]B\0\\H@\0q!>&@\0\<=坷g-\}R%[@lnO\0 @\8\\X\%ą Ђ@\Ws<[g\0! \\'U @`\ \\\\\^^\\n߻jŏ>\v>\\H @ND}i*g@\ms%@@YDY_ @\\"\\\\}O\0QEA\0\\\Y @w?{\\\P\Z @Qg@4\x\&@\0 @\0 @E׿v\\'\oq2T??\\~ֽ\\+M\¸ϟ?\~_t\_[\V\8\\~_u\\7o~֕\\\_\\HK\Oڽ\W\I;k\ԋ_\\U\W\\?\s\Gu0\\\7\'\}\|g@Lk @\0 @\0 )\\p|\\ke/\\0\\\\nܸq|߾\\~\'U9\я\\<yr\\\\_\0\ٓU!T1\\oճ;t\W\0Q\%@\0 @\0 @)\7ҢwzS\ا\\x\Z\o\z?V\\?ɞ7 D\pyAz{#\\\k_\}\~\q_җ߸\\Hc~\\צ_7o\\i.\鳩d\>w\FzC#\_;O0;қ?я^y\d\\\\כ\r\7~c\\\XC\~^#={vL\nK7&\o-\\~U?N\\?|#]\5=\y\\?sC3i.\\a^\0\\_&K\0 @\0 @@)\\\'AI\\{\\w\\򗿜l\rDZOҢ}R\n\\"\\0b\Q\$)dH\|\\\Zo\"9\pRik7\|$HN[O\É~\Þza7RR\i\wZ\0\(\ן\SxtڛSs\^\gX_%~ԤmR\\\x\U[0\gb\\~\Uo Jmc\\ @\0 @\0oq4a\0X>\}\\n \g@:\'a臁ø\`dxB= \]\lX5u[(\r\?X\;-Xu}?;!C\ڙ\ɰ?#\"\Pg|~\>9\:W}qZ\0BTo]\0\IoU}J +\d	 @\0 @\0()\/Ʀ\O[ \j\-J5\\r\m|1\\\V<\"\W\\\@\\?zU1\Z\\\eJ\0\\S\i=Oy_\o\\2ӟt-\y\>7\lN\0\[o{>?\gL\0Qoc @\0 @\0 Д@\i\>;\\&-Ү;,\pa\\h\?\\r}3\?j_`D~\7 7(s΀HgH민juDǺyn\01\p\uo;\\o@ k\d	 @\0 @\0A\\?m}4\\h@7\\3 E\Y	\\0\1 C\q\0\\q\{\\\0\"\9<{\"}(ӟE0|.\Lt&\l\A\s\4\A\~\hx\g@ j\F\r @\0 @\04\'\6:\\ӂu5\\O?-\\3[0\\EJ[E㴰.\ZnٓO\\𬅴\\Z/p0\V)mtVCy|0TIu\\לBq]i\?\\\Z?0\r~.\mV>}?!\\i\/=C \\\?dy\m\\\\o\\ \\}\\\\\MKaKޚU\9Ss0 @\0 @\0#0<\8\\ײ\\\ @\0 @\0 @`\7\\[-\͋  @\0 @\0hO@\0\^\͘\0 @\0 @\08	 \\\r @\0 @\0 @\0\3&.Ȭ*\0\0\0\0IENDB`');
/*!40000 ALTER TABLE `merchant_store` ENABLE KEYS */;
UNLOCK TABLES;

--
-- Table structure for table `module_configuration`
--

DROP TABLE IF EXISTS `module_configuration`;
/*!40101 SET @saved_cs_client     = @@character_set_client */;
/*!50503 SET character_set_client = utf8mb4 */;
CREATE TABLE `module_configuration` (
  `MODULE_CONF_ID` bigint NOT NULL,
  `DATE_CREATED` datetime DEFAULT NULL,
  `DATE_MODIFIED` datetime DEFAULT NULL,
  `UPDT_ID` varchar(60) COLLATE utf8mb3_unicode_ci DEFAULT NULL,
  `CODE` varchar(255) COLLATE utf8mb3_unicode_ci NOT NULL,
  `DETAILS` longtext COLLATE utf8mb3_unicode_ci,
  `CONFIGURATION` varchar(4000) COLLATE utf8mb3_unicode_ci DEFAULT NULL,
  `CUSTOM_IND` bit(1) DEFAULT NULL,
  `IMAGE` varchar(255) COLLATE utf8mb3_unicode_ci DEFAULT NULL,
  `MODULE` varchar(255) COLLATE utf8mb3_unicode_ci DEFAULT NULL,
  `REGIONS` varchar(255) COLLATE utf8mb3_unicode_ci DEFAULT NULL,
  `TYPE` varchar(255) COLLATE utf8mb3_unicode_ci DEFAULT NULL,
  PRIMARY KEY (`MODULE_CONF_ID`),
  KEY `MODULE_CONFIGURATION_MODULE` (`MODULE`)
) ENGINE=InnoDB DEFAULT CHARSET=utf8mb3 COLLATE=utf8mb3_unicode_ci;
/*!40101 SET character_set_client = @saved_cs_client */;

--
-- Dumping data for table `module_configuration`
--

LOCK TABLES `module_configuration` WRITE;
/*!40000 ALTER TABLE `module_configuration` DISABLE KEYS */;
INSERT INTO `module_configuration` VALUES (1,'2023-05-17 03:35:39','2023-05-17 03:35:39',NULL,'usps',NULL,'[{\"scheme\":\"http\",\"host\":\"testing.shippingapis.com\",\"port\":\"80\",\"uri\":\"/ShippingAPI.dll\",\"env\":\"TEST\",\"config1\":null,\"config2\":null},{\"scheme\":\"http\",\"host\":\"production.shippingapis.com\",\"port\":\"80\",\"uri\":\"/ShippingAPI.dll\",\"env\":\"PROD\",\"config1\":null,\"config2\":null}]',_binary '\0','usps.jpg','SHIPPING','[\"US\"]',NULL),(2,'2023-05-17 03:35:39','2023-05-17 03:35:39',NULL,'canadapost',NULL,'[{\"scheme\":\"https\",\"host\":\"ct.soa-gw.canadapost.ca\",\"port\":\"443\",\"uri\":\"/rs/ship/price\",\"env\":\"TEST\",\"config1\":null,\"config2\":null},{\"scheme\":\"https\",\"host\":\"soa-gw.canadapost.ca\",\"port\":\"443\",\"uri\":\"/rs/ship/price\",\"env\":\"PROD\",\"config1\":null,\"config2\":null}]',_binary '\0','canadapost.jpg','SHIPPING','[\"CA\"]',NULL),(3,'2023-05-17 03:35:39','2023-05-17 03:35:39',NULL,'ups','{\"01\":\"UPS Next Day Air\",\"02\":\"UPS Second Day Air\",\"03\":\"UPS Ground\",\"07\":\"UPS Worldwide Express\",\"08\":\"UPS Worldwide Expedited\",\"11\":\"UPS Standard\",\"12\":\"UPS Three-Day Select\",\"13\":\"UPS Next Day Air Saver\",\"14\":\"UPS Next Day Air Early A.M.\",\"54\":\"UPS Worldwide Express Plus\",\"59\":\"UPS Second Day Air A.M.\",\"69\":\"UPS Saver\"}','[{\"scheme\":\"https\",\"host\":\"wwwcie.ups.com\",\"port\":\"443\",\"uri\":\"/ups.app/xml/Rate\",\"env\":\"TEST\",\"config1\":null,\"config2\":null},{\"scheme\":\"https\",\"host\":\"onlinetools.ups.com\",\"port\":\"443\",\"uri\":\"/xml/Rate\",\"env\":\"PROD\",\"config1\":null,\"config2\":null}]',_binary '\0','ups.jpg','SHIPPING','[\"US\",\"CA\",\"FR\",\"GB\"]',NULL),(4,'2023-05-17 03:35:39','2023-05-17 03:35:39',NULL,'weightBased',NULL,NULL,_binary '',NULL,'SHIPPING','[\"*\"]',NULL),(5,'2023-05-17 03:35:39','2023-05-17 03:35:39',NULL,'customQuotesRules',NULL,NULL,_binary '\0',NULL,'SHIPPING','[\"*\"]',NULL),(6,'2023-05-17 03:35:39','2023-05-17 03:35:39',NULL,'priceByDistance',NULL,NULL,_binary '\0',NULL,'SHIPPING','[\"*\"]',NULL),(7,'2023-05-17 03:35:39','2023-05-17 03:35:39',NULL,'storePickUp',NULL,NULL,_binary '\0',NULL,'SHIPPING','[\"*\"]',NULL),(8,'2023-05-17 03:35:39','2023-05-17 03:35:39',NULL,'moneyorder',NULL,NULL,_binary '\0','moneyorder.gif','PAYMENT','[\"*\"]','moneyorder'),(9,'2023-05-17 03:35:39','2023-05-17 03:35:39',NULL,'paypal-express-checkout',NULL,'[{\"scheme\":\"\",\"host\":\"\",\"port\":\"\",\"uri\":\"\",\"env\":\"TEST\",\"config1\":\"https://www.sandbox.paypal.com/cgi-bin/webscr?cmd=_express-checkout&token=\",\"config2\":null},{\"scheme\":\"\",\"host\":\"\",\"port\":\"\",\"uri\":\"\",\"env\":\"PROD\",\"config1\":\"https://www.paypal.com/cgi-bin/webscr?cmd=_express-checkout&token=\",\"config2\":null}]',_binary '\0','icon-paypal.png','PAYMENT','[\"*\"]','paypal'),(10,'2023-05-17 03:35:39','2023-05-17 03:35:39',NULL,'beanstream',NULL,'[{\"scheme\":\"https\",\"host\":\"www.beanstream.com\",\"port\":\"443\",\"uri\":\"/scripts/process_transaction.asp\",\"env\":\"TEST\",\"config1\":null,\"config2\":null},{\"scheme\":\"https\",\"host\":\"www.beanstream.com\",\"port\":\"443\",\"uri\":\"/scripts/process_transaction.asp\",\"env\":\"PROD\",\"config1\":null,\"config2\":null}]',_binary '\0','beanstream.gif','PAYMENT','[\"US\",\"CA\",\"GB\"]','creditcard'),(11,'2023-05-17 03:35:39','2023-05-17 03:35:39',NULL,'stripe',NULL,'[{\"scheme\":\"https\",\"host\":\"www.stripe.com\",\"port\":\"443\",\"uri\":\"/\",\"env\":\"TEST\",\"config1\":null,\"config2\":null},{\"scheme\":\"https\",\"host\":\"www.stripe.com\",\"port\":\"443\",\"uri\":\"/\",\"env\":\"PROD\",\"config1\":null,\"config2\":null}]',_binary '\0','stripe.png','PAYMENT','[\"US\",\"CA\",\"GB\",\"AU\",\"FI\",\"DK\",\"IE\",\"NO\",\"SE\",\"ES\",\"PT\"]','creditcard'),(12,'2023-05-17 03:35:39','2023-05-17 03:35:39',NULL,'stripe3',NULL,'[{\"scheme\":\"https\",\"host\":\"www.stripe.com\",\"port\":\"443\",\"uri\":\"/\",\"env\":\"TEST\",\"config1\":null,\"config2\":null},{\"scheme\":\"https\",\"host\":\"www.stripe.com\",\"port\":\"443\",\"uri\":\"/\",\"env\":\"PROD\",\"config1\":null,\"config2\":null}]',_binary '\0','stripe.png','PAYMENT','[\"US\",\"CA\",\"GB\",\"AU\",\"FI\",\"DK\",\"IE\",\"NO\",\"SE\",\"ES\",\"PT\"]','creditcard'),(13,'2023-05-17 03:35:39','2023-05-17 03:35:39',NULL,'braintree',NULL,'[{\"scheme\":\"https\",\"host\":\"NOTREQUIRED\",\"port\":\"NOTREQUIRED\",\"uri\":\"NOTREQUIRED\",\"env\":\"TEST\",\"config1\":null,\"config2\":null},{\"scheme\":\"https\",\"host\":\"NOTREQUIRED\",\"port\":\"NOTREQUIRED\",\"uri\":\"NOTREQUIRED\",\"env\":\"PROD\",\"config1\":null,\"config2\":null}]',_binary '\0','braintree.jpg','PAYMENT','[\"US\",\"CA\",\"GB\",\"AU\",\"FI\",\"DK\",\"IE\",\"NO\",\"SE\",\"AL\",\"AD\",\"AT\",\"BY\",\"BE\",\"BG\",\"HY\",\"CY\",\"CZ\",\"FR\",\"GR\",\"IS\",\"IE\",\"IM\",\"IT\",\"PL\",\"LU\",\"CH\",\"RS\",\"SG\",\"MY\",\"HK\",\"NZ\"]','creditcard');
/*!40000 ALTER TABLE `module_configuration` ENABLE KEYS */;
UNLOCK TABLES;

--
-- Table structure for table `optin`
--

DROP TABLE IF EXISTS `optin`;
/*!40101 SET @saved_cs_client     = @@character_set_client */;
/*!50503 SET character_set_client = utf8mb4 */;
CREATE TABLE `optin` (
  `OPTIN_ID` bigint NOT NULL,
  `CODE` varchar(255) COLLATE utf8mb3_unicode_ci NOT NULL,
  `DESCRIPTION` varchar(255) COLLATE utf8mb3_unicode_ci DEFAULT NULL,
  `END_DATE` datetime DEFAULT NULL,
  `TYPE` varchar(255) COLLATE utf8mb3_unicode_ci NOT NULL,
  `START_DATE` datetime DEFAULT NULL,
  `MERCHANT_ID` int DEFAULT NULL,
  PRIMARY KEY (`OPTIN_ID`),
  UNIQUE KEY `UKmanlx6siq6ddf14cud40k8gw6` (`MERCHANT_ID`,`CODE`),
  CONSTRAINT `FK37xvfo4the20avv7f1e1771fh` FOREIGN KEY (`MERCHANT_ID`) REFERENCES `merchant_store` (`MERCHANT_ID`)
) ENGINE=InnoDB DEFAULT CHARSET=utf8mb3 COLLATE=utf8mb3_unicode_ci;
/*!40101 SET character_set_client = @saved_cs_client */;

--
-- Dumping data for table `optin`
--

LOCK TABLES `optin` WRITE;
/*!40000 ALTER TABLE `optin` DISABLE KEYS */;
INSERT INTO `optin` VALUES (1,'NEWSLETTER',NULL,NULL,'NEWSLETTER',NULL,1);
/*!40000 ALTER TABLE `optin` ENABLE KEYS */;
UNLOCK TABLES;

--
-- Table structure for table `order_account`
--

DROP TABLE IF EXISTS `order_account`;
/*!40101 SET @saved_cs_client     = @@character_set_client */;
/*!50503 SET character_set_client = utf8mb4 */;
CREATE TABLE `order_account` (
  `ORDER_ACCOUNT_ID` bigint NOT NULL,
  `ORDER_ACCOUNT_BILL_DAY` int NOT NULL,
  `ORDER_ACCOUNT_END_DATE` date DEFAULT NULL,
  `ORDER_ACCOUNT_START_DATE` date NOT NULL,
  `ORDER_ID` bigint NOT NULL,
  PRIMARY KEY (`ORDER_ACCOUNT_ID`),
  KEY `FKi6l5isodh81m5hy8ua06hx73n` (`ORDER_ID`),
  CONSTRAINT `FKi6l5isodh81m5hy8ua06hx73n` FOREIGN KEY (`ORDER_ID`) REFERENCES `orders` (`ORDER_ID`)
) ENGINE=InnoDB DEFAULT CHARSET=utf8mb3 COLLATE=utf8mb3_unicode_ci;
/*!40101 SET character_set_client = @saved_cs_client */;

--
-- Dumping data for table `order_account`
--

LOCK TABLES `order_account` WRITE;
/*!40000 ALTER TABLE `order_account` DISABLE KEYS */;
/*!40000 ALTER TABLE `order_account` ENABLE KEYS */;
UNLOCK TABLES;

--
-- Table structure for table `order_account_product`
--

DROP TABLE IF EXISTS `order_account_product`;
/*!40101 SET @saved_cs_client     = @@character_set_client */;
/*!50503 SET character_set_client = utf8mb4 */;
CREATE TABLE `order_account_product` (
  `ORDER_ACCOUNT_PRODUCT_ID` bigint NOT NULL,
  `ORDER_ACCOUNT_PRODUCT_ACCNT_DT` date DEFAULT NULL,
  `ORDER_ACCOUNT_PRODUCT_END_DT` date DEFAULT NULL,
  `ORDER_ACCOUNT_PRODUCT_EOT` datetime DEFAULT NULL,
  `ORDER_ACCOUNT_PRODUCT_L_ST_DT` datetime DEFAULT NULL,
  `ORDER_ACCOUNT_PRODUCT_L_TRX_ST` int NOT NULL,
  `ORDER_ACCOUNT_PRODUCT_PM_FR_TY` int NOT NULL,
  `ORDER_ACCOUNT_PRODUCT_ST_DT` date NOT NULL,
  `ORDER_ACCOUNT_PRODUCT_STATUS` int NOT NULL,
  `ORDER_ACCOUNT_ID` bigint NOT NULL,
  `ORDER_PRODUCT_ID` bigint NOT NULL,
  PRIMARY KEY (`ORDER_ACCOUNT_PRODUCT_ID`),
  KEY `FK7oxc8ygov7vd2ajt185jhiwts` (`ORDER_ACCOUNT_ID`),
  KEY `FK5kiyyb8ekqi9bfowytww8atcx` (`ORDER_PRODUCT_ID`),
  CONSTRAINT `FK5kiyyb8ekqi9bfowytww8atcx` FOREIGN KEY (`ORDER_PRODUCT_ID`) REFERENCES `order_product` (`ORDER_PRODUCT_ID`),
  CONSTRAINT `FK7oxc8ygov7vd2ajt185jhiwts` FOREIGN KEY (`ORDER_ACCOUNT_ID`) REFERENCES `order_account` (`ORDER_ACCOUNT_ID`)
) ENGINE=InnoDB DEFAULT CHARSET=utf8mb3 COLLATE=utf8mb3_unicode_ci;
/*!40101 SET character_set_client = @saved_cs_client */;

--
-- Dumping data for table `order_account_product`
--

LOCK TABLES `order_account_product` WRITE;
/*!40000 ALTER TABLE `order_account_product` DISABLE KEYS */;
/*!40000 ALTER TABLE `order_account_product` ENABLE KEYS */;
UNLOCK TABLES;

--
-- Table structure for table `order_attribute`
--

DROP TABLE IF EXISTS `order_attribute`;
/*!40101 SET @saved_cs_client     = @@character_set_client */;
/*!50503 SET character_set_client = utf8mb4 */;
CREATE TABLE `order_attribute` (
  `ORDER_ATTRIBUTE_ID` bigint NOT NULL,
  `IDENTIFIER` varchar(255) COLLATE utf8mb3_unicode_ci NOT NULL,
  `VALUE` varchar(255) COLLATE utf8mb3_unicode_ci NOT NULL,
  `ORDER_ID` bigint NOT NULL,
  PRIMARY KEY (`ORDER_ATTRIBUTE_ID`),
  KEY `FK4nw5yrtgb4in6leve76bmdnua` (`ORDER_ID`),
  CONSTRAINT `FK4nw5yrtgb4in6leve76bmdnua` FOREIGN KEY (`ORDER_ID`) REFERENCES `orders` (`ORDER_ID`)
) ENGINE=InnoDB DEFAULT CHARSET=utf8mb3 COLLATE=utf8mb3_unicode_ci;
/*!40101 SET character_set_client = @saved_cs_client */;

--
-- Dumping data for table `order_attribute`
--

LOCK TABLES `order_attribute` WRITE;
/*!40000 ALTER TABLE `order_attribute` DISABLE KEYS */;
/*!40000 ALTER TABLE `order_attribute` ENABLE KEYS */;
UNLOCK TABLES;

--
-- Table structure for table `order_product`
--

DROP TABLE IF EXISTS `order_product`;
/*!40101 SET @saved_cs_client     = @@character_set_client */;
/*!50503 SET character_set_client = utf8mb4 */;
CREATE TABLE `order_product` (
  `ORDER_PRODUCT_ID` bigint NOT NULL,
  `ONETIME_CHARGE` decimal(19,2) NOT NULL,
  `PRODUCT_NAME` varchar(64) COLLATE utf8mb3_unicode_ci NOT NULL,
  `PRODUCT_QUANTITY` int DEFAULT NULL,
  `PRODUCT_SKU` varchar(255) COLLATE utf8mb3_unicode_ci DEFAULT NULL,
  `ORDER_ID` bigint NOT NULL,
  PRIMARY KEY (`ORDER_PRODUCT_ID`),
  KEY `FKf0sghmn59s14cxrjtrvkvi5yk` (`ORDER_ID`),
  CONSTRAINT `FKf0sghmn59s14cxrjtrvkvi5yk` FOREIGN KEY (`ORDER_ID`) REFERENCES `orders` (`ORDER_ID`)
) ENGINE=InnoDB DEFAULT CHARSET=utf8mb3 COLLATE=utf8mb3_unicode_ci;
/*!40101 SET character_set_client = @saved_cs_client */;

--
-- Dumping data for table `order_product`
--

LOCK TABLES `order_product` WRITE;
/*!40000 ALTER TABLE `order_product` DISABLE KEYS */;
/*!40000 ALTER TABLE `order_product` ENABLE KEYS */;
UNLOCK TABLES;

--
-- Table structure for table `order_product_attribute`
--

DROP TABLE IF EXISTS `order_product_attribute`;
/*!40101 SET @saved_cs_client     = @@character_set_client */;
/*!50503 SET character_set_client = utf8mb4 */;
CREATE TABLE `order_product_attribute` (
  `ORDER_PRODUCT_ATTRIBUTE_ID` bigint NOT NULL,
  `PRODUCT_ATTRIBUTE_IS_FREE` bit(1) NOT NULL,
  `PRODUCT_ATTRIBUTE_NAME` varchar(255) COLLATE utf8mb3_unicode_ci DEFAULT NULL,
  `PRODUCT_ATTRIBUTE_PRICE` decimal(15,4) NOT NULL,
  `PRODUCT_ATTRIBUTE_VAL_NAME` varchar(255) COLLATE utf8mb3_unicode_ci DEFAULT NULL,
  `PRODUCT_ATTRIBUTE_WEIGHT` decimal(15,4) DEFAULT NULL,
  `PRODUCT_OPTION_ID` bigint NOT NULL,
  `PRODUCT_OPTION_VALUE_ID` bigint NOT NULL,
  `ORDER_PRODUCT_ID` bigint NOT NULL,
  PRIMARY KEY (`ORDER_PRODUCT_ATTRIBUTE_ID`),
  KEY `FK7j86rvwaysbok1nuofrnmhmkx` (`ORDER_PRODUCT_ID`),
  CONSTRAINT `FK7j86rvwaysbok1nuofrnmhmkx` FOREIGN KEY (`ORDER_PRODUCT_ID`) REFERENCES `order_product` (`ORDER_PRODUCT_ID`)
) ENGINE=InnoDB DEFAULT CHARSET=utf8mb3 COLLATE=utf8mb3_unicode_ci;
/*!40101 SET character_set_client = @saved_cs_client */;

--
-- Dumping data for table `order_product_attribute`
--

LOCK TABLES `order_product_attribute` WRITE;
/*!40000 ALTER TABLE `order_product_attribute` DISABLE KEYS */;
/*!40000 ALTER TABLE `order_product_attribute` ENABLE KEYS */;
UNLOCK TABLES;

--
-- Table structure for table `order_product_download`
--

DROP TABLE IF EXISTS `order_product_download`;
/*!40101 SET @saved_cs_client     = @@character_set_client */;
/*!50503 SET character_set_client = utf8mb4 */;
CREATE TABLE `order_product_download` (
  `ORDER_PRODUCT_DOWNLOAD_ID` bigint NOT NULL,
  `DOWNLOAD_COUNT` int NOT NULL,
  `DOWNLOAD_MAXDAYS` int NOT NULL,
  `ORDER_PRODUCT_FILENAME` varchar(255) COLLATE utf8mb3_unicode_ci NOT NULL,
  `ORDER_PRODUCT_ID` bigint NOT NULL,
  PRIMARY KEY (`ORDER_PRODUCT_DOWNLOAD_ID`),
  KEY `FKstrda0eweharld63j8pxa2o2r` (`ORDER_PRODUCT_ID`),
  CONSTRAINT `FKstrda0eweharld63j8pxa2o2r` FOREIGN KEY (`ORDER_PRODUCT_ID`) REFERENCES `order_product` (`ORDER_PRODUCT_ID`)
) ENGINE=InnoDB DEFAULT CHARSET=utf8mb3 COLLATE=utf8mb3_unicode_ci;
/*!40101 SET character_set_client = @saved_cs_client */;

--
-- Dumping data for table `order_product_download`
--

LOCK TABLES `order_product_download` WRITE;
/*!40000 ALTER TABLE `order_product_download` DISABLE KEYS */;
/*!40000 ALTER TABLE `order_product_download` ENABLE KEYS */;
UNLOCK TABLES;

--
-- Table structure for table `order_product_price`
--

DROP TABLE IF EXISTS `order_product_price`;
/*!40101 SET @saved_cs_client     = @@character_set_client */;
/*!50503 SET character_set_client = utf8mb4 */;
CREATE TABLE `order_product_price` (
  `ORDER_PRODUCT_PRICE_ID` bigint NOT NULL,
  `DEFAULT_PRICE` bit(1) NOT NULL,
  `PRODUCT_PRICE` decimal(19,2) NOT NULL,
  `PRODUCT_PRICE_CODE` varchar(64) COLLATE utf8mb3_unicode_ci NOT NULL,
  `PRODUCT_PRICE_NAME` varchar(255) COLLATE utf8mb3_unicode_ci DEFAULT NULL,
  `PRODUCT_PRICE_SPECIAL` decimal(19,2) DEFAULT NULL,
  `PRD_PRICE_SPECIAL_END_DT` datetime DEFAULT NULL,
  `PRD_PRICE_SPECIAL_ST_DT` datetime DEFAULT NULL,
  `ORDER_PRODUCT_ID` bigint NOT NULL,
  PRIMARY KEY (`ORDER_PRODUCT_PRICE_ID`),
  KEY `FKnkukiqxrieonyulercgnh857s` (`ORDER_PRODUCT_ID`),
  CONSTRAINT `FKnkukiqxrieonyulercgnh857s` FOREIGN KEY (`ORDER_PRODUCT_ID`) REFERENCES `order_product` (`ORDER_PRODUCT_ID`)
) ENGINE=InnoDB DEFAULT CHARSET=utf8mb3 COLLATE=utf8mb3_unicode_ci;
/*!40101 SET character_set_client = @saved_cs_client */;

--
-- Dumping data for table `order_product_price`
--

LOCK TABLES `order_product_price` WRITE;
/*!40000 ALTER TABLE `order_product_price` DISABLE KEYS */;
/*!40000 ALTER TABLE `order_product_price` ENABLE KEYS */;
UNLOCK TABLES;

--
-- Table structure for table `order_status_history`
--

DROP TABLE IF EXISTS `order_status_history`;
/*!40101 SET @saved_cs_client     = @@character_set_client */;
/*!50503 SET character_set_client = utf8mb4 */;
CREATE TABLE `order_status_history` (
  `ORDER_STATUS_HISTORY_ID` bigint NOT NULL,
  `COMMENTS` longtext COLLATE utf8mb3_unicode_ci,
  `CUSTOMER_NOTIFIED` int DEFAULT NULL,
  `DATE_ADDED` datetime NOT NULL,
  `status` varchar(255) COLLATE utf8mb3_unicode_ci DEFAULT NULL,
  `ORDER_ID` bigint NOT NULL,
  PRIMARY KEY (`ORDER_STATUS_HISTORY_ID`),
  KEY `FKmhghgf1xy3o0npsp8xkj6wyvq` (`ORDER_ID`),
  CONSTRAINT `FKmhghgf1xy3o0npsp8xkj6wyvq` FOREIGN KEY (`ORDER_ID`) REFERENCES `orders` (`ORDER_ID`)
) ENGINE=InnoDB DEFAULT CHARSET=utf8mb3 COLLATE=utf8mb3_unicode_ci;
/*!40101 SET character_set_client = @saved_cs_client */;

--
-- Dumping data for table `order_status_history`
--

LOCK TABLES `order_status_history` WRITE;
/*!40000 ALTER TABLE `order_status_history` DISABLE KEYS */;
/*!40000 ALTER TABLE `order_status_history` ENABLE KEYS */;
UNLOCK TABLES;

--
-- Table structure for table `order_total`
--

DROP TABLE IF EXISTS `order_total`;
/*!40101 SET @saved_cs_client     = @@character_set_client */;
/*!50503 SET character_set_client = utf8mb4 */;
CREATE TABLE `order_total` (
  `ORDER_ACCOUNT_ID` bigint NOT NULL,
  `MODULE` varchar(60) COLLATE utf8mb3_unicode_ci DEFAULT NULL,
  `CODE` varchar(255) COLLATE utf8mb3_unicode_ci NOT NULL,
  `ORDER_TOTAL_TYPE` varchar(255) COLLATE utf8mb3_unicode_ci DEFAULT NULL,
  `ORDER_VALUE_TYPE` varchar(255) COLLATE utf8mb3_unicode_ci DEFAULT NULL,
  `SORT_ORDER` int NOT NULL,
  `TEXT` longtext COLLATE utf8mb3_unicode_ci,
  `TITLE` varchar(255) COLLATE utf8mb3_unicode_ci DEFAULT NULL,
  `VALUE` decimal(15,4) NOT NULL,
  `ORDER_ID` bigint NOT NULL,
  PRIMARY KEY (`ORDER_ACCOUNT_ID`),
  KEY `FK1tfvgk5smm80efdcc8uop4he3` (`ORDER_ID`),
  CONSTRAINT `FK1tfvgk5smm80efdcc8uop4he3` FOREIGN KEY (`ORDER_ID`) REFERENCES `orders` (`ORDER_ID`)
) ENGINE=InnoDB DEFAULT CHARSET=utf8mb3 COLLATE=utf8mb3_unicode_ci;
/*!40101 SET character_set_client = @saved_cs_client */;

--
-- Dumping data for table `order_total`
--

LOCK TABLES `order_total` WRITE;
/*!40000 ALTER TABLE `order_total` DISABLE KEYS */;
/*!40000 ALTER TABLE `order_total` ENABLE KEYS */;
UNLOCK TABLES;

--
-- Table structure for table `orders`
--

DROP TABLE IF EXISTS `orders`;
/*!40101 SET @saved_cs_client     = @@character_set_client */;
/*!50503 SET character_set_client = utf8mb4 */;
CREATE TABLE `orders` (
  `ORDER_ID` bigint NOT NULL,
  `BILLING_STREET_ADDRESS` varchar(256) COLLATE utf8mb3_unicode_ci DEFAULT NULL,
  `BILLING_CITY` varchar(100) COLLATE utf8mb3_unicode_ci DEFAULT NULL,
  `BILLING_COMPANY` varchar(100) COLLATE utf8mb3_unicode_ci DEFAULT NULL,
  `BILLING_FIRST_NAME` varchar(64) COLLATE utf8mb3_unicode_ci DEFAULT NULL,
  `BILLING_LAST_NAME` varchar(64) COLLATE utf8mb3_unicode_ci DEFAULT NULL,
  `LATITUDE` varchar(100) COLLATE utf8mb3_unicode_ci DEFAULT NULL,
  `LONGITUDE` varchar(100) COLLATE utf8mb3_unicode_ci DEFAULT NULL,
  `BILLING_POSTCODE` varchar(20) COLLATE utf8mb3_unicode_ci DEFAULT NULL,
  `BILLING_STATE` varchar(100) COLLATE utf8mb3_unicode_ci DEFAULT NULL,
  `BILLING_TELEPHONE` varchar(32) COLLATE utf8mb3_unicode_ci DEFAULT NULL,
  `CHANNEL` varchar(255) COLLATE utf8mb3_unicode_ci DEFAULT NULL,
  `CONFIRMED_ADDRESS` bit(1) DEFAULT NULL,
  `CARD_TYPE` varchar(255) COLLATE utf8mb3_unicode_ci DEFAULT NULL,
  `CC_CVV` varchar(255) COLLATE utf8mb3_unicode_ci DEFAULT NULL,
  `CC_EXPIRES` varchar(255) COLLATE utf8mb3_unicode_ci DEFAULT NULL,
  `CC_NUMBER` varchar(255) COLLATE utf8mb3_unicode_ci DEFAULT NULL,
  `CC_OWNER` varchar(255) COLLATE utf8mb3_unicode_ci DEFAULT NULL,
  `CURRENCY_VALUE` decimal(19,2) DEFAULT NULL,
  `CUSTOMER_AGREED` bit(1) DEFAULT NULL,
  `CUSTOMER_EMAIL_ADDRESS` varchar(50) COLLATE utf8mb3_unicode_ci NOT NULL,
  `CUSTOMER_ID` bigint DEFAULT NULL,
  `DATE_PURCHASED` date DEFAULT NULL,
  `DELIVERY_STREET_ADDRESS` varchar(256) COLLATE utf8mb3_unicode_ci DEFAULT NULL,
  `DELIVERY_CITY` varchar(100) COLLATE utf8mb3_unicode_ci DEFAULT NULL,
  `DELIVERY_COMPANY` varchar(100) COLLATE utf8mb3_unicode_ci DEFAULT NULL,
  `DELIVERY_FIRST_NAME` varchar(64) COLLATE utf8mb3_unicode_ci DEFAULT NULL,
  `DELIVERY_LAST_NAME` varchar(64) COLLATE utf8mb3_unicode_ci DEFAULT NULL,
  `DELIVERY_POSTCODE` varchar(20) COLLATE utf8mb3_unicode_ci DEFAULT NULL,
  `DELIVERY_STATE` varchar(100) COLLATE utf8mb3_unicode_ci DEFAULT NULL,
  `DELIVERY_TELEPHONE` varchar(32) COLLATE utf8mb3_unicode_ci DEFAULT NULL,
  `IP_ADDRESS` varchar(255) COLLATE utf8mb3_unicode_ci DEFAULT NULL,
  `LAST_MODIFIED` datetime DEFAULT NULL,
  `LOCALE` varchar(255) COLLATE utf8mb3_unicode_ci DEFAULT NULL,
  `ORDER_DATE_FINISHED` datetime DEFAULT NULL,
  `ORDER_TYPE` varchar(255) COLLATE utf8mb3_unicode_ci DEFAULT NULL,
  `PAYMENT_MODULE_CODE` varchar(255) COLLATE utf8mb3_unicode_ci DEFAULT NULL,
  `PAYMENT_TYPE` varchar(255) COLLATE utf8mb3_unicode_ci DEFAULT NULL,
  `SHIPPING_MODULE_CODE` varchar(255) COLLATE utf8mb3_unicode_ci DEFAULT NULL,
  `CART_CODE` varchar(255) COLLATE utf8mb3_unicode_ci DEFAULT NULL,
  `ORDER_STATUS` varchar(255) COLLATE utf8mb3_unicode_ci DEFAULT NULL,
  `ORDER_TOTAL` decimal(19,2) DEFAULT NULL,
  `BILLING_COUNTRY_ID` int DEFAULT NULL,
  `BILLING_ZONE_ID` bigint DEFAULT NULL,
  `CURRENCY_ID` bigint DEFAULT NULL,
  `DELIVERY_COUNTRY_ID` int DEFAULT NULL,
  `DELIVERY_ZONE_ID` bigint DEFAULT NULL,
  `MERCHANTID` int DEFAULT NULL,
  PRIMARY KEY (`ORDER_ID`),
  KEY `FKipesu5tupnriahutgle6xu9ed` (`BILLING_COUNTRY_ID`),
  KEY `FKit6ti99mv5uvuxqskhurv3y59` (`BILLING_ZONE_ID`),
  KEY `FKfusivmw6q3gjxnmp47n9s74qi` (`CURRENCY_ID`),
  KEY `FKnlx97vjyorunxglhy5bird06c` (`DELIVERY_COUNTRY_ID`),
  KEY `FKn9uvjl8105fsly4doo8rqnv5b` (`DELIVERY_ZONE_ID`),
  KEY `FKaodv5ffayq8x50q311o2y8m1` (`MERCHANTID`),
  CONSTRAINT `FKaodv5ffayq8x50q311o2y8m1` FOREIGN KEY (`MERCHANTID`) REFERENCES `merchant_store` (`MERCHANT_ID`),
  CONSTRAINT `FKfusivmw6q3gjxnmp47n9s74qi` FOREIGN KEY (`CURRENCY_ID`) REFERENCES `currency` (`CURRENCY_ID`),
  CONSTRAINT `FKipesu5tupnriahutgle6xu9ed` FOREIGN KEY (`BILLING_COUNTRY_ID`) REFERENCES `country` (`COUNTRY_ID`),
  CONSTRAINT `FKit6ti99mv5uvuxqskhurv3y59` FOREIGN KEY (`BILLING_ZONE_ID`) REFERENCES `zone` (`ZONE_ID`),
  CONSTRAINT `FKn9uvjl8105fsly4doo8rqnv5b` FOREIGN KEY (`DELIVERY_ZONE_ID`) REFERENCES `zone` (`ZONE_ID`),
  CONSTRAINT `FKnlx97vjyorunxglhy5bird06c` FOREIGN KEY (`DELIVERY_COUNTRY_ID`) REFERENCES `country` (`COUNTRY_ID`)
) ENGINE=InnoDB DEFAULT CHARSET=utf8mb3 COLLATE=utf8mb3_unicode_ci;
/*!40101 SET character_set_client = @saved_cs_client */;

--
-- Dumping data for table `orders`
--

LOCK TABLES `orders` WRITE;
/*!40000 ALTER TABLE `orders` DISABLE KEYS */;
/*!40000 ALTER TABLE `orders` ENABLE KEYS */;
UNLOCK TABLES;

--
-- Table structure for table `pay_cycle_description`
--

DROP TABLE IF EXISTS `pay_cycle_description`;
/*!40101 SET @saved_cs_client     = @@character_set_client */;
/*!50503 SET character_set_client = utf8mb4 */;
CREATE TABLE `pay_cycle_description` (
  `ID_PAY_CIRCLE` bigint NOT NULL AUTO_INCREMENT,
  `DATE_CREATED` datetime DEFAULT NULL,
  `DATE_MODIFIED` datetime DEFAULT NULL,
  `UPDT_ID` varchar(60) COLLATE utf8mb3_unicode_ci DEFAULT NULL,
  `code` varchar(255) COLLATE utf8mb3_unicode_ci DEFAULT NULL,
  `name` varchar(255) COLLATE utf8mb3_unicode_ci DEFAULT NULL,
  PRIMARY KEY (`ID_PAY_CIRCLE`),
  UNIQUE KEY `code_UNIQUE` (`code`)
) ENGINE=InnoDB AUTO_INCREMENT=12 DEFAULT CHARSET=utf8mb3 COLLATE=utf8mb3_unicode_ci;
/*!40101 SET character_set_client = @saved_cs_client */;

--
-- Dumping data for table `pay_cycle_description`
--

LOCK TABLES `pay_cycle_description` WRITE;
/*!40000 ALTER TABLE `pay_cycle_description` DISABLE KEYS */;
INSERT INTO `pay_cycle_description` VALUES (1,NULL,NULL,NULL,'day','Ngày'),(2,NULL,NULL,NULL,'week','Tuần'),(3,NULL,NULL,NULL,'month','Tháng'),(4,NULL,NULL,NULL,'hour','Giờ'),(11,NULL,NULL,NULL,'test3','Long chinh');
/*!40000 ALTER TABLE `pay_cycle_description` ENABLE KEYS */;
UNLOCK TABLES;

--
-- Table structure for table `permission`
--

DROP TABLE IF EXISTS `permission`;
/*!40101 SET @saved_cs_client     = @@character_set_client */;
/*!50503 SET character_set_client = utf8mb4 */;
CREATE TABLE `permission` (
  `PERMISSION_ID` int NOT NULL,
  `DATE_CREATED` datetime DEFAULT NULL,
  `DATE_MODIFIED` datetime DEFAULT NULL,
  `UPDT_ID` varchar(60) COLLATE utf8mb3_unicode_ci DEFAULT NULL,
  `PERMISSION_NAME` varchar(255) COLLATE utf8mb3_unicode_ci DEFAULT NULL,
  PRIMARY KEY (`PERMISSION_ID`),
  UNIQUE KEY `UK_ss26hgwetkj8ms5y5jn2co4j3` (`PERMISSION_NAME`)
) ENGINE=InnoDB DEFAULT CHARSET=utf8mb3 COLLATE=utf8mb3_unicode_ci;
/*!40101 SET character_set_client = @saved_cs_client */;

--
-- Dumping data for table `permission`
--

LOCK TABLES `permission` WRITE;
/*!40000 ALTER TABLE `permission` DISABLE KEYS */;
INSERT INTO `permission` VALUES (1,'2023-05-17 03:35:17','2023-05-17 03:35:17',NULL,'AUTH'),(2,'2023-05-17 03:35:17','2023-05-17 03:35:17',NULL,'SUPERADMIN'),(3,'2023-05-17 03:35:17','2023-05-17 03:35:17',NULL,'ADMIN'),(4,'2023-05-17 03:35:17','2023-05-17 03:35:17',NULL,'PRODUCTS'),(5,'2023-05-17 03:35:17','2023-05-17 03:35:17',NULL,'ORDER'),(6,'2023-05-17 03:35:17','2023-05-17 03:35:17',NULL,'CONTENT'),(7,'2023-05-17 03:35:17','2023-05-17 03:35:17',NULL,'STORE'),(8,'2023-05-17 03:35:17','2023-05-17 03:35:17',NULL,'TAX'),(9,'2023-05-17 03:35:17','2023-05-17 03:35:17',NULL,'PAYMENT'),(10,'2023-05-17 03:35:17','2023-05-17 03:35:17',NULL,'CUSTOMER'),(11,'2023-05-17 03:35:17','2023-05-17 03:35:17',NULL,'SHIPPING'),(12,'2023-05-17 03:35:17','2023-05-17 03:35:17',NULL,'AUTH_CUSTOMER');
/*!40000 ALTER TABLE `permission` ENABLE KEYS */;
UNLOCK TABLES;

--
-- Table structure for table `permission_group`
--

DROP TABLE IF EXISTS `permission_group`;
/*!40101 SET @saved_cs_client     = @@character_set_client */;
/*!50503 SET character_set_client = utf8mb4 */;
CREATE TABLE `permission_group` (
  `GROUP_ID` int NOT NULL,
  `PERMISSION_ID` int NOT NULL,
  PRIMARY KEY (`GROUP_ID`,`PERMISSION_ID`),
  KEY `FK77ly3khyuu40odly02d351s84` (`PERMISSION_ID`),
  CONSTRAINT `FK77ly3khyuu40odly02d351s84` FOREIGN KEY (`PERMISSION_ID`) REFERENCES `permission` (`PERMISSION_ID`),
  CONSTRAINT `FKr7ylutdgqp1nrlbhjwit6y17g` FOREIGN KEY (`GROUP_ID`) REFERENCES `sm_group` (`GROUP_ID`)
) ENGINE=InnoDB DEFAULT CHARSET=utf8mb3 COLLATE=utf8mb3_unicode_ci;
/*!40101 SET character_set_client = @saved_cs_client */;

--
-- Dumping data for table `permission_group`
--

LOCK TABLES `permission_group` WRITE;
/*!40000 ALTER TABLE `permission_group` DISABLE KEYS */;
INSERT INTO `permission_group` VALUES (1,1),(2,1),(3,1),(4,1),(5,1),(6,1),(7,1),(8,1),(1,2),(1,3),(2,3),(3,3),(1,4),(2,4),(3,4),(5,4),(1,5),(2,5),(3,5),(6,5),(1,6),(2,6),(3,6),(4,6),(7,6),(1,7),(2,7),(3,7),(4,7),(1,8),(2,8),(3,8),(4,8),(1,9),(2,9),(3,9),(4,9),(1,10),(2,10),(3,10),(4,10),(1,11),(2,11),(3,11),(4,11),(8,12);
/*!40000 ALTER TABLE `permission_group` ENABLE KEYS */;
UNLOCK TABLES;

--
-- Table structure for table `position_description`
--

DROP TABLE IF EXISTS `position_description`;
/*!40101 SET @saved_cs_client     = @@character_set_client */;
/*!50503 SET character_set_client = utf8mb4 */;
CREATE TABLE `position_description` (
  `ID_POSITION` bigint NOT NULL AUTO_INCREMENT,
  `DATE_CREATED` datetime DEFAULT NULL,
  `DATE_MODIFIED` datetime DEFAULT NULL,
  `UPDT_ID` varchar(60) COLLATE utf8mb3_unicode_ci DEFAULT NULL,
  `CODE` varchar(255) COLLATE utf8mb3_unicode_ci DEFAULT NULL,
  `NAME` varchar(255) COLLATE utf8mb3_unicode_ci DEFAULT NULL,
  PRIMARY KEY (`ID_POSITION`)
) ENGINE=InnoDB AUTO_INCREMENT=5 DEFAULT CHARSET=utf8mb3 COLLATE=utf8mb3_unicode_ci;
/*!40101 SET character_set_client = @saved_cs_client */;

--
-- Dumping data for table `position_description`
--

LOCK TABLES `position_description` WRITE;
/*!40000 ALTER TABLE `position_description` DISABLE KEYS */;
INSERT INTO `position_description` VALUES (1,NULL,NULL,NULL,'intern','Thực tập sinh'),(2,NULL,NULL,NULL,'associate','Nhân viên chính thức'),(3,NULL,NULL,NULL,'manager','Quản lý');
/*!40000 ALTER TABLE `position_description` ENABLE KEYS */;
UNLOCK TABLES;

--
-- Table structure for table `position_product_entry`
--

DROP TABLE IF EXISTS `position_product_entry`;
/*!40101 SET @saved_cs_client     = @@character_set_client */;
/*!50503 SET character_set_client = utf8mb4 */;
CREATE TABLE `position_product_entry` (
  `PRODUCT_ID` bigint NOT NULL,
  `ID_POSITION` bigint NOT NULL,
  PRIMARY KEY (`PRODUCT_ID`,`ID_POSITION`),
  KEY `FKfpunujjlpl9ov754r6kybwfqk` (`ID_POSITION`),
  CONSTRAINT `FK7uurt8rx3craoo3tmpnwu8a99` FOREIGN KEY (`PRODUCT_ID`) REFERENCES `product` (`PRODUCT_ID`),
  CONSTRAINT `FKfpunujjlpl9ov754r6kybwfqk` FOREIGN KEY (`ID_POSITION`) REFERENCES `position_description` (`ID_POSITION`)
) ENGINE=InnoDB DEFAULT CHARSET=utf8mb3 COLLATE=utf8mb3_unicode_ci;
/*!40101 SET character_set_client = @saved_cs_client */;

--
-- Dumping data for table `position_product_entry`
--

LOCK TABLES `position_product_entry` WRITE;
/*!40000 ALTER TABLE `position_product_entry` DISABLE KEYS */;
INSERT INTO `position_product_entry` VALUES (201,1),(251,1),(252,1),(253,1),(2,3),(100,3),(151,3),(200,3);
/*!40000 ALTER TABLE `position_product_entry` ENABLE KEYS */;
UNLOCK TABLES;

--
-- Table structure for table `product`
--

DROP TABLE IF EXISTS `product`;
/*!40101 SET @saved_cs_client     = @@character_set_client */;
/*!50503 SET character_set_client = utf8mb4 */;
CREATE TABLE `product` (
  `PRODUCT_ID` bigint NOT NULL,
  `DATE_CREATED` datetime DEFAULT NULL,
  `DATE_MODIFIED` datetime DEFAULT NULL,
  `UPDT_ID` varchar(60) COLLATE utf8mb3_unicode_ci DEFAULT NULL,
  `AVAILABLE` bit(1) DEFAULT NULL,
  `COND` int DEFAULT NULL,
  `DATE_AVAILABLE` datetime DEFAULT NULL,
  `DATE_EXPERIENCE` datetime DEFAULT NULL,
  `GENDER` varchar(255) COLLATE utf8mb3_unicode_ci DEFAULT NULL,
  `ID_PAY_CIRCL` varchar(255) COLLATE utf8mb3_unicode_ci DEFAULT NULL,
  `QUANTITY_ORDERED` int DEFAULT NULL,
  `REVIEW_AVG` decimal(19,2) DEFAULT NULL,
  `REVIEW_COUNT` int DEFAULT NULL,
  `REF_SKU` varchar(255) COLLATE utf8mb3_unicode_ci DEFAULT NULL,
  `SKU` varchar(255) COLLATE utf8mb3_unicode_ci DEFAULT NULL,
  `SORT_ORDER` int DEFAULT NULL,
  `ID_EXPERIENCE` bigint NOT NULL,
  `MANUFACTURER_ID` bigint DEFAULT NULL,
  `MERCHANT_ID` int NOT NULL,
  `CUSTOMER_ID` bigint DEFAULT NULL,
  `TAX_CLASS_ID` bigint DEFAULT NULL,
  `PRODUCT_TYPE_ID` bigint DEFAULT NULL,
  PRIMARY KEY (`PRODUCT_ID`),
  UNIQUE KEY `UKs8ofsn9pehdrstjg52j5qabxh` (`MERCHANT_ID`,`SKU`),
  KEY `FKaw7sv0umb1d7sb48ff7aosf16` (`ID_EXPERIENCE`),
  KEY `FKra5mmrdxn3ci86hod7q1u3vu9` (`MANUFACTURER_ID`),
  KEY `FKqtt5f0aht5h7ough5rbkkcb33` (`CUSTOMER_ID`),
  KEY `FKb8oqtc3j8sqo0t8xdrne7pg69` (`TAX_CLASS_ID`),
  KEY `FKeiirvj8eu40h103fth8es1mt0` (`PRODUCT_TYPE_ID`),
  CONSTRAINT `FKaw7sv0umb1d7sb48ff7aosf16` FOREIGN KEY (`ID_EXPERIENCE`) REFERENCES `experience_description` (`ID_EXPERIENCE`),
  CONSTRAINT `FKb8oqtc3j8sqo0t8xdrne7pg69` FOREIGN KEY (`TAX_CLASS_ID`) REFERENCES `tax_class` (`TAX_CLASS_ID`),
  CONSTRAINT `FKeiirvj8eu40h103fth8es1mt0` FOREIGN KEY (`PRODUCT_TYPE_ID`) REFERENCES `product_type` (`PRODUCT_TYPE_ID`),
  CONSTRAINT `FKhhoq1nd9e0i4m7rt8gkh7d67h` FOREIGN KEY (`MERCHANT_ID`) REFERENCES `merchant_store` (`MERCHANT_ID`),
  CONSTRAINT `FKqtt5f0aht5h7ough5rbkkcb33` FOREIGN KEY (`CUSTOMER_ID`) REFERENCES `customer` (`CUSTOMER_ID`),
  CONSTRAINT `FKra5mmrdxn3ci86hod7q1u3vu9` FOREIGN KEY (`MANUFACTURER_ID`) REFERENCES `manufacturer` (`MANUFACTURER_ID`)
) ENGINE=InnoDB DEFAULT CHARSET=utf8mb3 COLLATE=utf8mb3_unicode_ci;
/*!40101 SET character_set_client = @saved_cs_client */;

--
-- Dumping data for table `product`
--

LOCK TABLES `product` WRITE;
/*!40000 ALTER TABLE `product` DISABLE KEYS */;
INSERT INTO `product` VALUES (2,'2023-05-17 08:01:55','2023-05-17 08:04:35',NULL,_binary '',NULL,'2023-05-17 08:04:35','2023-05-22 00:00:00','M','month',NULL,NULL,NULL,'job2','job2',0,2,NULL,2,NULL,NULL,NULL),(100,'2023-05-17 09:13:36','2023-05-17 09:13:36',NULL,_binary '',NULL,'2023-05-17 09:13:36','2023-05-22 00:00:00','M','month',NULL,NULL,NULL,'job5','job5',0,2,NULL,2,NULL,NULL,NULL),(151,'2023-05-20 17:16:08','2023-05-20 17:16:08',NULL,_binary '',NULL,'2023-05-20 17:16:08','2023-05-22 00:00:00','M','month',NULL,NULL,NULL,'job9','job9',0,2,NULL,2,NULL,NULL,NULL),(200,'2023-06-17 16:58:27','2023-06-17 16:58:27',NULL,_binary '',NULL,'2023-06-17 16:58:14','2023-05-22 00:00:00','M','month',NULL,NULL,NULL,'thuc-tap-sinh-web-7a63b5e8-f7ef-4357-9fab-693c72ca68a9','thuc-tap-sinh-web-7a63b5e8-f7ef-4357-9fab-693c72ca68a9',0,2,NULL,2,NULL,NULL,1),(201,'2023-06-17 17:13:08','2023-06-17 17:13:08',NULL,_binary '',NULL,'2023-06-17 17:13:08','2023-05-22 00:00:00','M','month',NULL,NULL,NULL,'thuc-tap-sinh-web-7a63b5e8-dfdsdsf7ef-4357-9fab-693c72ca68a9','thuc-tap-sinh-web-7a63b5e8-dfdsdsf7ef-4357-9fab-693c72ca68a9',0,2,NULL,2,NULL,NULL,1),(251,'2023-06-18 20:58:52','2023-06-18 20:58:52',NULL,_binary '',NULL,'2023-06-18 20:58:52','2023-05-22 00:00:00','M','month',NULL,NULL,NULL,'thuc-tap-sinh-web-7a63sfsfasfb5e8-dfdsdsf7ef-4357-9fab-693c72ca68a9','thuc-tap-sinh-web-7a63sfsfasfb5e8-dfdsdsf7ef-4357-9fab-693c72ca68a9',0,2,NULL,2,NULL,NULL,1),(252,'2023-06-18 20:59:23','2023-06-18 20:59:23',NULL,_binary '',NULL,'2023-06-18 20:59:23','2023-05-22 00:00:00','M','month',NULL,NULL,NULL,'thuc-tap-sinh-web-7a63sfsfasfdsdsddsf7ef-4357-9fab-693c72ca68a9','thuc-tap-sinh-web-7a63sfsfasfdsdsddsf7ef-4357-9fab-693c72ca68a9',0,2,NULL,2,NULL,NULL,1),(253,'2023-06-18 20:59:44','2023-06-18 20:59:44',NULL,_binary '',NULL,'2023-06-18 20:59:44','2023-05-22 00:00:00','M','month',NULL,NULL,NULL,'thuc-tap-sinh-web-7a63sfsfacscsdcsfdsdsddsf7ef-4357-9fab-693c72ca68a9','thuc-tap-sinh-web-7a63sfsfacscsdcsfdsdsddsf7ef-4357-9fab-693c72ca68a9',0,2,NULL,2,NULL,NULL,1);
/*!40000 ALTER TABLE `product` ENABLE KEYS */;
UNLOCK TABLES;

--
-- Table structure for table `product_attribute`
--

DROP TABLE IF EXISTS `product_attribute`;
/*!40101 SET @saved_cs_client     = @@character_set_client */;
/*!50503 SET character_set_client = utf8mb4 */;
CREATE TABLE `product_attribute` (
  `PRODUCT_ATTRIBUTE_ID` bigint NOT NULL,
  `PRODUCT_ATTRIBUTE_DEFAULT` bit(1) DEFAULT NULL,
  `PRODUCT_ATTRIBUTE_DISCOUNTED` bit(1) DEFAULT NULL,
  `PRODUCT_ATTRIBUTE_FOR_DISP` bit(1) DEFAULT NULL,
  `PRODUCT_ATTRIBUTE_REQUIRED` bit(1) DEFAULT NULL,
  `PRODUCT_ATTRIBUTE_FREE` bit(1) DEFAULT NULL,
  `PRODUCT_ATRIBUTE_PRICE` decimal(19,2) DEFAULT NULL,
  `PRODUCT_ATTRIBUTE_WEIGHT` decimal(19,2) DEFAULT NULL,
  `PRODUCT_ATTRIBUTE_SORT_ORD` int DEFAULT NULL,
  `PRODUCT_ID` bigint NOT NULL,
  `OPTION_ID` bigint NOT NULL,
  `OPTION_VALUE_ID` bigint NOT NULL,
  PRIMARY KEY (`PRODUCT_ATTRIBUTE_ID`),
  UNIQUE KEY `UKo0c6cfxcfejwfa2877gfgpuco` (`OPTION_ID`,`OPTION_VALUE_ID`,`PRODUCT_ID`),
  KEY `IDX6h8m6ocg2jhu3bfieqa0dupb1` (`PRODUCT_ID`),
  KEY `FK3rleultg9fn2dxruefbb18d5t` (`OPTION_VALUE_ID`),
  CONSTRAINT `FK2st60u9twmvvaowwn88mt3lrx` FOREIGN KEY (`OPTION_ID`) REFERENCES `product_option` (`PRODUCT_OPTION_ID`),
  CONSTRAINT `FK3rleultg9fn2dxruefbb18d5t` FOREIGN KEY (`OPTION_VALUE_ID`) REFERENCES `product_option_value` (`PRODUCT_OPTION_VALUE_ID`),
  CONSTRAINT `FKml3nvemdjya159a7669qt1gjd` FOREIGN KEY (`PRODUCT_ID`) REFERENCES `product` (`PRODUCT_ID`)
) ENGINE=InnoDB DEFAULT CHARSET=utf8mb3 COLLATE=utf8mb3_unicode_ci;
/*!40101 SET character_set_client = @saved_cs_client */;

--
-- Dumping data for table `product_attribute`
--

LOCK TABLES `product_attribute` WRITE;
/*!40000 ALTER TABLE `product_attribute` DISABLE KEYS */;
/*!40000 ALTER TABLE `product_attribute` ENABLE KEYS */;
UNLOCK TABLES;

--
-- Table structure for table `product_availability`
--

DROP TABLE IF EXISTS `product_availability`;
/*!40101 SET @saved_cs_client     = @@character_set_client */;
/*!50503 SET character_set_client = utf8mb4 */;
CREATE TABLE `product_availability` (
  `PRODUCT_AVAIL_ID` bigint NOT NULL,
  `DATE_CREATED` datetime DEFAULT NULL,
  `DATE_MODIFIED` datetime DEFAULT NULL,
  `UPDT_ID` varchar(60) COLLATE utf8mb3_unicode_ci DEFAULT NULL,
  `AVAILABLE` bit(1) DEFAULT NULL,
  `HEIGHT` decimal(19,2) DEFAULT NULL,
  `LENGTH` decimal(19,2) DEFAULT NULL,
  `WEIGHT` decimal(19,2) DEFAULT NULL,
  `WIDTH` decimal(19,2) DEFAULT NULL,
  `OWNER` varchar(255) COLLATE utf8mb3_unicode_ci DEFAULT NULL,
  `DATE_AVAILABLE` date DEFAULT NULL,
  `FREE_SHIPPING` bit(1) DEFAULT NULL,
  `QUANTITY` int DEFAULT NULL,
  `QUANTITY_ORD_MAX` int DEFAULT NULL,
  `QUANTITY_ORD_MIN` int DEFAULT NULL,
  `STATUS` bit(1) DEFAULT NULL,
  `REGION` varchar(255) COLLATE utf8mb3_unicode_ci DEFAULT NULL,
  `REGION_VARIANT` varchar(255) COLLATE utf8mb3_unicode_ci DEFAULT NULL,
  `SKU` varchar(255) COLLATE utf8mb3_unicode_ci DEFAULT NULL,
  `MERCHANT_ID` int DEFAULT NULL,
  `PRODUCT_ID` bigint NOT NULL,
  `PRODUCT_VARIANT` bigint DEFAULT NULL,
  PRIMARY KEY (`PRODUCT_AVAIL_ID`),
  UNIQUE KEY `UKmiln9rmsc6ssih1v9vf23h1dc` (`MERCHANT_ID`,`PRODUCT_ID`,`REGION_VARIANT`),
  KEY `PRD_AVAIL_STORE_PRD_IDX` (`PRODUCT_ID`,`MERCHANT_ID`),
  KEY `PRD_AVAIL_PRD_IDX` (`PRODUCT_ID`),
  KEY `FKm9cb3uvgql005wcsqi906pjhg` (`PRODUCT_VARIANT`),
  CONSTRAINT `FK5sbh4dx25pmjcqx958hr9ys8h` FOREIGN KEY (`PRODUCT_ID`) REFERENCES `product` (`PRODUCT_ID`),
  CONSTRAINT `FKm9cb3uvgql005wcsqi906pjhg` FOREIGN KEY (`PRODUCT_VARIANT`) REFERENCES `product_variant` (`PRODUCT_VARIANT_ID`),
  CONSTRAINT `FKmjs1xqdsgji88j5uduj83bntl` FOREIGN KEY (`MERCHANT_ID`) REFERENCES `merchant_store` (`MERCHANT_ID`)
) ENGINE=InnoDB DEFAULT CHARSET=utf8mb3 COLLATE=utf8mb3_unicode_ci;
/*!40101 SET character_set_client = @saved_cs_client */;

--
-- Dumping data for table `product_availability`
--

LOCK TABLES `product_availability` WRITE;
/*!40000 ALTER TABLE `product_availability` DISABLE KEYS */;
INSERT INTO `product_availability` VALUES (2,NULL,NULL,NULL,_binary '',NULL,NULL,NULL,NULL,NULL,NULL,_binary '\0',1,1,1,_binary '','*',NULL,NULL,2,2,NULL),(100,NULL,NULL,NULL,_binary '',NULL,NULL,NULL,NULL,NULL,NULL,_binary '\0',1,1,1,_binary '','*',NULL,NULL,2,100,NULL),(151,NULL,NULL,NULL,_binary '',NULL,NULL,NULL,NULL,NULL,NULL,_binary '\0',1,1,1,_binary '','*',NULL,NULL,2,151,NULL),(200,NULL,NULL,NULL,_binary '',NULL,NULL,NULL,NULL,NULL,NULL,_binary '\0',1,1,1,_binary '','*',NULL,NULL,2,200,NULL),(201,NULL,NULL,NULL,_binary '',NULL,NULL,NULL,NULL,NULL,NULL,_binary '\0',1,1,1,_binary '','*',NULL,NULL,2,201,NULL),(251,NULL,NULL,NULL,_binary '',NULL,NULL,NULL,NULL,NULL,NULL,_binary '\0',1,1,1,_binary '','*',NULL,NULL,2,251,NULL),(252,NULL,NULL,NULL,_binary '',NULL,NULL,NULL,NULL,NULL,NULL,_binary '\0',1,1,1,_binary '','*',NULL,NULL,2,252,NULL),(253,NULL,NULL,NULL,_binary '',NULL,NULL,NULL,NULL,NULL,NULL,_binary '\0',1,1,1,_binary '','*',NULL,NULL,2,253,NULL);
/*!40000 ALTER TABLE `product_availability` ENABLE KEYS */;
UNLOCK TABLES;

--
-- Table structure for table `product_category`
--

DROP TABLE IF EXISTS `product_category`;
/*!40101 SET @saved_cs_client     = @@character_set_client */;
/*!50503 SET character_set_client = utf8mb4 */;
CREATE TABLE `product_category` (
  `PRODUCT_ID` bigint NOT NULL,
  `CATEGORY_ID` bigint NOT NULL,
  PRIMARY KEY (`PRODUCT_ID`,`CATEGORY_ID`),
  KEY `FK3xw1sbaa29r534jvedimdd7md` (`CATEGORY_ID`),
  CONSTRAINT `FK3xw1sbaa29r534jvedimdd7md` FOREIGN KEY (`CATEGORY_ID`) REFERENCES `category` (`CATEGORY_ID`),
  CONSTRAINT `FKa7245ly271mb0crlhxwhhppsq` FOREIGN KEY (`PRODUCT_ID`) REFERENCES `product` (`PRODUCT_ID`)
) ENGINE=InnoDB DEFAULT CHARSET=utf8mb3 COLLATE=utf8mb3_unicode_ci;
/*!40101 SET character_set_client = @saved_cs_client */;

--
-- Dumping data for table `product_category`
--

LOCK TABLES `product_category` WRITE;
/*!40000 ALTER TABLE `product_category` DISABLE KEYS */;
INSERT INTO `product_category` VALUES (2,50),(100,50),(151,50),(200,50),(201,50),(253,50),(251,51),(252,100);
/*!40000 ALTER TABLE `product_category` ENABLE KEYS */;
UNLOCK TABLES;

--
-- Table structure for table `product_description`
--

DROP TABLE IF EXISTS `product_description`;
/*!40101 SET @saved_cs_client     = @@character_set_client */;
/*!50503 SET character_set_client = utf8mb4 */;
CREATE TABLE `product_description` (
  `DESCRIPTION_ID` bigint NOT NULL,
  `DATE_CREATED` datetime DEFAULT NULL,
  `DATE_MODIFIED` datetime DEFAULT NULL,
  `UPDT_ID` varchar(60) COLLATE utf8mb3_unicode_ci DEFAULT NULL,
  `DESCRIPTION` longtext COLLATE utf8mb3_unicode_ci,
  `NAME` varchar(120) COLLATE utf8mb3_unicode_ci NOT NULL,
  `TITLE` varchar(100) COLLATE utf8mb3_unicode_ci DEFAULT NULL,
  `META_DESCRIPTION` varchar(255) COLLATE utf8mb3_unicode_ci DEFAULT NULL,
  `META_KEYWORDS` varchar(255) COLLATE utf8mb3_unicode_ci DEFAULT NULL,
  `META_TITLE` varchar(255) COLLATE utf8mb3_unicode_ci DEFAULT NULL,
  `DOWNLOAD_LNK` varchar(255) COLLATE utf8mb3_unicode_ci DEFAULT NULL,
  `PRODUCT_HIGHLIGHT` varchar(255) COLLATE utf8mb3_unicode_ci DEFAULT NULL,
  `SEF_URL` varchar(255) COLLATE utf8mb3_unicode_ci DEFAULT NULL,
  `LANGUAGE_ID` int NOT NULL,
  `PRODUCT_ID` bigint NOT NULL,
  PRIMARY KEY (`DESCRIPTION_ID`),
  UNIQUE KEY `UKq4dnkx5b776ayqas2h4rr2d8q` (`PRODUCT_ID`,`LANGUAGE_ID`),
  KEY `PRODUCT_DESCRIPTION_SEF_URL` (`SEF_URL`),
  KEY `FK6esjdaa6vu2t5vjin788a8og6` (`LANGUAGE_ID`),
  CONSTRAINT `FK6esjdaa6vu2t5vjin788a8og6` FOREIGN KEY (`LANGUAGE_ID`) REFERENCES `language` (`LANGUAGE_ID`),
  CONSTRAINT `FKm46yjcu59q79qrokgglwq2ove` FOREIGN KEY (`PRODUCT_ID`) REFERENCES `product` (`PRODUCT_ID`)
) ENGINE=InnoDB DEFAULT CHARSET=utf8mb3 COLLATE=utf8mb3_unicode_ci;
/*!40101 SET character_set_client = @saved_cs_client */;

--
-- Dumping data for table `product_description`
--

LOCK TABLES `product_description` WRITE;
/*!40000 ALTER TABLE `product_description` DISABLE KEYS */;
INSERT INTO `product_description` VALUES (2,'2023-05-17 08:01:55','2023-05-17 08:04:35',NULL,'Đã chỉnh nội dung','Đây là sản phẩm mới 1','Đây là sản phẩm mới 1','string','string',NULL,NULL,'string','string',4,2),(4,'2023-05-17 09:13:36','2023-05-17 09:13:36',NULL,'Caused by: org.springframework.dao.InvalidDataAccessApiUsageException: org.hibernate.hql.internal.ast.QuerySyntaxException: PositionDescription is not mapped [select distinct pd from PositionDescription as pd where pd.code=:code]; nested exception is java.lang.IllegalArgumentException: org.hibernate.hql.internal.ast.QuerySyntaxException: PositionDescription is not mapped [select distinct pd from PositionDescription as pd where pd.code=:code]','Đây là sản phẩm mới 1','Đây là sản phẩm mới 1','string','string',NULL,NULL,'string','string',4,100),(6,'2023-05-20 17:16:08','2023-05-20 17:16:08',NULL,'Caused by: org.springframework.dao.InvalidDataAccessApiUsageException: org.hibernate.hql.internal.ast.QuerySyntaxException: PositionDescription is not mapped [select distinct pd from PositionDescription as pd where pd.code=:code]; nested exception is java.lang.IllegalArgumentException: org.hibernate.hql.internal.ast.QuerySyntaxException: PositionDescription is not mapped [select distinct pd from PositionDescription as pd where pd.code=:code]','Đây là sản phẩm mới 1','Đây là sản phẩm mới 1','string','string',NULL,NULL,'string','string',4,151),(7,'2023-06-17 16:58:27','2023-06-17 16:58:27',NULL,'Caused by: org.springframework.dao.InvalidDataAccessApiUsageException: org.hibernate.hql.internal.ast.QuerySyntaxException: PositionDescription is not mapped [select distinct pd from PositionDescription as pd where pd.code=:code]; nested exception is java.lang.IllegalArgumentException: org.hibernate.hql.internal.ast.QuerySyntaxException: PositionDescription is not mapped [select distinct pd from PositionDescription as pd where pd.code=:code]','Đây là sản phẩm mới 1','Đây là sản phẩm mới 1','string','string',NULL,NULL,'string','string',4,200),(8,'2023-06-17 17:13:08','2023-06-17 17:13:08',NULL,'Caused by: org.springframework.dao.InvalidDataAccessApiUsageException: org.hibernate.hql.internal.ast.QuerySyntaxException: PositionDescription is not mapped [select distinct pd from PositionDescription as pd where pd.code=:code]; nested exception is java.lang.IllegalArgumentException: org.hibernate.hql.internal.ast.QuerySyntaxException: PositionDescription is not mapped [select distinct pd from PositionDescription as pd where pd.code=:code]','Đây là sản phẩm mới 1','Đây là sản phẩm mới 1','string','string',NULL,NULL,'string','string',4,201),(10,'2023-06-18 20:58:52','2023-06-18 20:58:52',NULL,'Caused by: org.springframework.dao.InvalidDataAccessApiUsageException: org.hibernate.hql.internal.ast.QuerySyntaxException: PositionDescription is not mapped [select distinct pd from PositionDescription as pd where pd.code=:code]; nested exception is java.lang.IllegalArgumentException: org.hibernate.hql.internal.ast.QuerySyntaxException: PositionDescription is not mapped [select distinct pd from PositionDescription as pd where pd.code=:code]','Đây là sản phẩm mới 1','Đây là sản phẩm mới 1','string','string',NULL,NULL,'string','string',4,251),(11,'2023-06-18 20:59:23','2023-06-18 20:59:23',NULL,'Caused by: org.springframework.dao.InvalidDataAccessApiUsageException: org.hibernate.hql.internal.ast.QuerySyntaxException: PositionDescription is not mapped [select distinct pd from PositionDescription as pd where pd.code=:code]; nested exception is java.lang.IllegalArgumentException: org.hibernate.hql.internal.ast.QuerySyntaxException: PositionDescription is not mapped [select distinct pd from PositionDescription as pd where pd.code=:code]','Đây là sản phẩm mới 1','Đây là sản phẩm mới 1','string','string',NULL,NULL,'string','string',4,252),(12,'2023-06-18 20:59:44','2023-06-18 20:59:44',NULL,'Caused by: org.springframework.dao.InvalidDataAccessApiUsageException: org.hibernate.hql.internal.ast.QuerySyntaxException: PositionDescription is not mapped [select distinct pd from PositionDescription as pd where pd.code=:code]; nested exception is java.lang.IllegalArgumentException: org.hibernate.hql.internal.ast.QuerySyntaxException: PositionDescription is not mapped [select distinct pd from PositionDescription as pd where pd.code=:code]','Đây là sản phẩm mới 1','Đây là sản phẩm mới 1','string','string',NULL,NULL,'string','string',4,253);
/*!40000 ALTER TABLE `product_description` ENABLE KEYS */;
UNLOCK TABLES;

--
-- Table structure for table `product_digital`
--

DROP TABLE IF EXISTS `product_digital`;
/*!40101 SET @saved_cs_client     = @@character_set_client */;
/*!50503 SET character_set_client = utf8mb4 */;
CREATE TABLE `product_digital` (
  `PRODUCT_DIGITAL_ID` bigint NOT NULL,
  `FILE_NAME` varchar(255) COLLATE utf8mb3_unicode_ci NOT NULL,
  `PRODUCT_ID` bigint NOT NULL,
  PRIMARY KEY (`PRODUCT_DIGITAL_ID`),
  UNIQUE KEY `UKjuk1qgkh9v5w7ghvb18krwo8v` (`PRODUCT_ID`,`FILE_NAME`),
  CONSTRAINT `FK47fmb5cg68pws7k26txyl1il6` FOREIGN KEY (`PRODUCT_ID`) REFERENCES `product` (`PRODUCT_ID`)
) ENGINE=InnoDB DEFAULT CHARSET=utf8mb3 COLLATE=utf8mb3_unicode_ci;
/*!40101 SET character_set_client = @saved_cs_client */;

--
-- Dumping data for table `product_digital`
--

LOCK TABLES `product_digital` WRITE;
/*!40000 ALTER TABLE `product_digital` DISABLE KEYS */;
/*!40000 ALTER TABLE `product_digital` ENABLE KEYS */;
UNLOCK TABLES;

--
-- Table structure for table `product_image`
--

DROP TABLE IF EXISTS `product_image`;
/*!40101 SET @saved_cs_client     = @@character_set_client */;
/*!50503 SET character_set_client = utf8mb4 */;
CREATE TABLE `product_image` (
  `PRODUCT_IMAGE_ID` bigint NOT NULL,
  `DEFAULT_IMAGE` bit(1) DEFAULT NULL,
  `IMAGE_CROP` bit(1) DEFAULT NULL,
  `IMAGE_TYPE` int DEFAULT NULL,
  `PRODUCT_IMAGE` varchar(255) COLLATE utf8mb3_unicode_ci DEFAULT NULL,
  `PRODUCT_IMAGE_URL` varchar(255) COLLATE utf8mb3_unicode_ci DEFAULT NULL,
  `SORT_ORDER` int DEFAULT NULL,
  `PRODUCT_ID` bigint NOT NULL,
  PRIMARY KEY (`PRODUCT_IMAGE_ID`),
  KEY `FKgab836d8rxqg8vv55nm02r65i` (`PRODUCT_ID`),
  CONSTRAINT `FKgab836d8rxqg8vv55nm02r65i` FOREIGN KEY (`PRODUCT_ID`) REFERENCES `product` (`PRODUCT_ID`)
) ENGINE=InnoDB DEFAULT CHARSET=utf8mb3 COLLATE=utf8mb3_unicode_ci;
/*!40101 SET character_set_client = @saved_cs_client */;

--
-- Dumping data for table `product_image`
--

LOCK TABLES `product_image` WRITE;
/*!40000 ALTER TABLE `product_image` DISABLE KEYS */;
/*!40000 ALTER TABLE `product_image` ENABLE KEYS */;
UNLOCK TABLES;

--
-- Table structure for table `product_image_description`
--

DROP TABLE IF EXISTS `product_image_description`;
/*!40101 SET @saved_cs_client     = @@character_set_client */;
/*!50503 SET character_set_client = utf8mb4 */;
CREATE TABLE `product_image_description` (
  `DESCRIPTION_ID` bigint NOT NULL,
  `DATE_CREATED` datetime DEFAULT NULL,
  `DATE_MODIFIED` datetime DEFAULT NULL,
  `UPDT_ID` varchar(60) COLLATE utf8mb3_unicode_ci DEFAULT NULL,
  `DESCRIPTION` longtext COLLATE utf8mb3_unicode_ci,
  `NAME` varchar(120) COLLATE utf8mb3_unicode_ci NOT NULL,
  `TITLE` varchar(100) COLLATE utf8mb3_unicode_ci DEFAULT NULL,
  `ALT_TAG` varchar(100) COLLATE utf8mb3_unicode_ci DEFAULT NULL,
  `LANGUAGE_ID` int NOT NULL,
  `PRODUCT_IMAGE_ID` bigint NOT NULL,
  PRIMARY KEY (`DESCRIPTION_ID`),
  UNIQUE KEY `UKn7yhdj6ccydgf201gibb882cd` (`PRODUCT_IMAGE_ID`,`LANGUAGE_ID`),
  KEY `FKlhdnpki4sf98wev0pcj2bvnih` (`LANGUAGE_ID`),
  CONSTRAINT `FK1dhldo18nj9l2y6qympgucynq` FOREIGN KEY (`PRODUCT_IMAGE_ID`) REFERENCES `product_image` (`PRODUCT_IMAGE_ID`),
  CONSTRAINT `FKlhdnpki4sf98wev0pcj2bvnih` FOREIGN KEY (`LANGUAGE_ID`) REFERENCES `language` (`LANGUAGE_ID`)
) ENGINE=InnoDB DEFAULT CHARSET=utf8mb3 COLLATE=utf8mb3_unicode_ci;
/*!40101 SET character_set_client = @saved_cs_client */;

--
-- Dumping data for table `product_image_description`
--

LOCK TABLES `product_image_description` WRITE;
/*!40000 ALTER TABLE `product_image_description` DISABLE KEYS */;
/*!40000 ALTER TABLE `product_image_description` ENABLE KEYS */;
UNLOCK TABLES;

--
-- Table structure for table `product_opt_set_opt_value`
--

DROP TABLE IF EXISTS `product_opt_set_opt_value`;
/*!40101 SET @saved_cs_client     = @@character_set_client */;
/*!50503 SET character_set_client = utf8mb4 */;
CREATE TABLE `product_opt_set_opt_value` (
  `ProductOptionSet_PRODUCT_OPTION_SET_ID` bigint NOT NULL,
  `values_PRODUCT_OPTION_VALUE_ID` bigint NOT NULL,
  KEY `FK9dwatblxwc64a5la3bb7qnwd8` (`values_PRODUCT_OPTION_VALUE_ID`),
  KEY `FK3u6iyag8x8w9tkt7sqcoibjq6` (`ProductOptionSet_PRODUCT_OPTION_SET_ID`),
  CONSTRAINT `FK3u6iyag8x8w9tkt7sqcoibjq6` FOREIGN KEY (`ProductOptionSet_PRODUCT_OPTION_SET_ID`) REFERENCES `product_option_set` (`PRODUCT_OPTION_SET_ID`),
  CONSTRAINT `FK9dwatblxwc64a5la3bb7qnwd8` FOREIGN KEY (`values_PRODUCT_OPTION_VALUE_ID`) REFERENCES `product_option_value` (`PRODUCT_OPTION_VALUE_ID`)
) ENGINE=InnoDB DEFAULT CHARSET=utf8mb3 COLLATE=utf8mb3_unicode_ci;
/*!40101 SET character_set_client = @saved_cs_client */;

--
-- Dumping data for table `product_opt_set_opt_value`
--

LOCK TABLES `product_opt_set_opt_value` WRITE;
/*!40000 ALTER TABLE `product_opt_set_opt_value` DISABLE KEYS */;
/*!40000 ALTER TABLE `product_opt_set_opt_value` ENABLE KEYS */;
UNLOCK TABLES;

--
-- Table structure for table `product_opt_set_prd_type`
--

DROP TABLE IF EXISTS `product_opt_set_prd_type`;
/*!40101 SET @saved_cs_client     = @@character_set_client */;
/*!50503 SET character_set_client = utf8mb4 */;
CREATE TABLE `product_opt_set_prd_type` (
  `ProductOptionSet_PRODUCT_OPTION_SET_ID` bigint NOT NULL,
  `productTypes_PRODUCT_TYPE_ID` bigint NOT NULL,
  PRIMARY KEY (`ProductOptionSet_PRODUCT_OPTION_SET_ID`,`productTypes_PRODUCT_TYPE_ID`),
  KEY `FKiem30u1enm0p25i7t53jganf4` (`productTypes_PRODUCT_TYPE_ID`),
  CONSTRAINT `FK4655h91s0eiinonako9n4h9ha` FOREIGN KEY (`ProductOptionSet_PRODUCT_OPTION_SET_ID`) REFERENCES `product_option_set` (`PRODUCT_OPTION_SET_ID`),
  CONSTRAINT `FKiem30u1enm0p25i7t53jganf4` FOREIGN KEY (`productTypes_PRODUCT_TYPE_ID`) REFERENCES `product_type` (`PRODUCT_TYPE_ID`)
) ENGINE=InnoDB DEFAULT CHARSET=utf8mb3 COLLATE=utf8mb3_unicode_ci;
/*!40101 SET character_set_client = @saved_cs_client */;

--
-- Dumping data for table `product_opt_set_prd_type`
--

LOCK TABLES `product_opt_set_prd_type` WRITE;
/*!40000 ALTER TABLE `product_opt_set_prd_type` DISABLE KEYS */;
/*!40000 ALTER TABLE `product_opt_set_prd_type` ENABLE KEYS */;
UNLOCK TABLES;

--
-- Table structure for table `product_option`
--

DROP TABLE IF EXISTS `product_option`;
/*!40101 SET @saved_cs_client     = @@character_set_client */;
/*!50503 SET character_set_client = utf8mb4 */;
CREATE TABLE `product_option` (
  `PRODUCT_OPTION_ID` bigint NOT NULL,
  `PRODUCT_OPTION_CODE` varchar(255) COLLATE utf8mb3_unicode_ci DEFAULT NULL,
  `PRODUCT_OPTION_SORT_ORD` int DEFAULT NULL,
  `PRODUCT_OPTION_TYPE` varchar(10) COLLATE utf8mb3_unicode_ci DEFAULT NULL,
  `PRODUCT_OPTION_READ` bit(1) DEFAULT NULL,
  `MERCHANT_ID` int NOT NULL,
  PRIMARY KEY (`PRODUCT_OPTION_ID`),
  UNIQUE KEY `UKhfcw5oi9ulljlog1b7ns1r9tu` (`MERCHANT_ID`,`PRODUCT_OPTION_CODE`),
  KEY `PRD_OPTION_CODE_IDX` (`PRODUCT_OPTION_CODE`),
  CONSTRAINT `FKp8cski5t5f5m4et4fw0uilcgu` FOREIGN KEY (`MERCHANT_ID`) REFERENCES `merchant_store` (`MERCHANT_ID`)
) ENGINE=InnoDB DEFAULT CHARSET=utf8mb3 COLLATE=utf8mb3_unicode_ci;
/*!40101 SET character_set_client = @saved_cs_client */;

--
-- Dumping data for table `product_option`
--

LOCK TABLES `product_option` WRITE;
/*!40000 ALTER TABLE `product_option` DISABLE KEYS */;
/*!40000 ALTER TABLE `product_option` ENABLE KEYS */;
UNLOCK TABLES;

--
-- Table structure for table `product_option_desc`
--

DROP TABLE IF EXISTS `product_option_desc`;
/*!40101 SET @saved_cs_client     = @@character_set_client */;
/*!50503 SET character_set_client = utf8mb4 */;
CREATE TABLE `product_option_desc` (
  `DESCRIPTION_ID` bigint NOT NULL,
  `DATE_CREATED` datetime DEFAULT NULL,
  `DATE_MODIFIED` datetime DEFAULT NULL,
  `UPDT_ID` varchar(60) COLLATE utf8mb3_unicode_ci DEFAULT NULL,
  `DESCRIPTION` longtext COLLATE utf8mb3_unicode_ci,
  `NAME` varchar(120) COLLATE utf8mb3_unicode_ci NOT NULL,
  `TITLE` varchar(100) COLLATE utf8mb3_unicode_ci DEFAULT NULL,
  `PRODUCT_OPTION_COMMENT` varchar(4000) COLLATE utf8mb3_unicode_ci DEFAULT NULL,
  `LANGUAGE_ID` int NOT NULL,
  `PRODUCT_OPTION_ID` bigint NOT NULL,
  PRIMARY KEY (`DESCRIPTION_ID`),
  UNIQUE KEY `UKmkcm8isyyyqbjd1yyb8mrpkuw` (`PRODUCT_OPTION_ID`,`LANGUAGE_ID`),
  KEY `FK8fiwk5o1gbn2r2u8529yaf9xt` (`LANGUAGE_ID`),
  CONSTRAINT `FK8fiwk5o1gbn2r2u8529yaf9xt` FOREIGN KEY (`LANGUAGE_ID`) REFERENCES `language` (`LANGUAGE_ID`),
  CONSTRAINT `FKgjqmfofile4hwv867irsnvuc0` FOREIGN KEY (`PRODUCT_OPTION_ID`) REFERENCES `product_option` (`PRODUCT_OPTION_ID`)
) ENGINE=InnoDB DEFAULT CHARSET=utf8mb3 COLLATE=utf8mb3_unicode_ci;
/*!40101 SET character_set_client = @saved_cs_client */;

--
-- Dumping data for table `product_option_desc`
--

LOCK TABLES `product_option_desc` WRITE;
/*!40000 ALTER TABLE `product_option_desc` DISABLE KEYS */;
/*!40000 ALTER TABLE `product_option_desc` ENABLE KEYS */;
UNLOCK TABLES;

--
-- Table structure for table `product_option_set`
--

DROP TABLE IF EXISTS `product_option_set`;
/*!40101 SET @saved_cs_client     = @@character_set_client */;
/*!50503 SET character_set_client = utf8mb4 */;
CREATE TABLE `product_option_set` (
  `PRODUCT_OPTION_SET_ID` bigint NOT NULL,
  `PRODUCT_OPTION_SET_CODE` varchar(255) COLLATE utf8mb3_unicode_ci DEFAULT NULL,
  `PRODUCT_OPTION_SET_DISP` bit(1) DEFAULT NULL,
  `PRODUCT_OPTION_ID` bigint NOT NULL,
  `MERCHANT_ID` int NOT NULL,
  PRIMARY KEY (`PRODUCT_OPTION_SET_ID`),
  UNIQUE KEY `UKk1qq8j685uj17bylgnkra1n5f` (`MERCHANT_ID`,`PRODUCT_OPTION_SET_CODE`),
  KEY `FK4njy17416fn86muojmtbav1d0` (`PRODUCT_OPTION_ID`),
  CONSTRAINT `FK4njy17416fn86muojmtbav1d0` FOREIGN KEY (`PRODUCT_OPTION_ID`) REFERENCES `product_option` (`PRODUCT_OPTION_ID`),
  CONSTRAINT `FK8d5vylmhvmckmframdehgwqau` FOREIGN KEY (`MERCHANT_ID`) REFERENCES `merchant_store` (`MERCHANT_ID`)
) ENGINE=InnoDB DEFAULT CHARSET=utf8mb3 COLLATE=utf8mb3_unicode_ci;
/*!40101 SET character_set_client = @saved_cs_client */;

--
-- Dumping data for table `product_option_set`
--

LOCK TABLES `product_option_set` WRITE;
/*!40000 ALTER TABLE `product_option_set` DISABLE KEYS */;
/*!40000 ALTER TABLE `product_option_set` ENABLE KEYS */;
UNLOCK TABLES;

--
-- Table structure for table `product_option_value`
--

DROP TABLE IF EXISTS `product_option_value`;
/*!40101 SET @saved_cs_client     = @@character_set_client */;
/*!50503 SET character_set_client = utf8mb4 */;
CREATE TABLE `product_option_value` (
  `PRODUCT_OPTION_VALUE_ID` bigint NOT NULL,
  `PRODUCT_OPTION_VAL_CODE` varchar(255) COLLATE utf8mb3_unicode_ci DEFAULT NULL,
  `PRODUCT_OPT_FOR_DISP` bit(1) DEFAULT NULL,
  `PRODUCT_OPT_VAL_IMAGE` varchar(255) COLLATE utf8mb3_unicode_ci DEFAULT NULL,
  `PRODUCT_OPT_VAL_SORT_ORD` int DEFAULT NULL,
  `MERCHANT_ID` int NOT NULL,
  PRIMARY KEY (`PRODUCT_OPTION_VALUE_ID`),
  UNIQUE KEY `UKixbpi4hxrhljh935c3xfvnvsh` (`MERCHANT_ID`,`PRODUCT_OPTION_VAL_CODE`),
  KEY `PRD_OPTION_VAL_CODE_IDX` (`PRODUCT_OPTION_VAL_CODE`),
  CONSTRAINT `FKnd3nw0mamlk8bkxo8ad5m85pq` FOREIGN KEY (`MERCHANT_ID`) REFERENCES `merchant_store` (`MERCHANT_ID`)
) ENGINE=InnoDB DEFAULT CHARSET=utf8mb3 COLLATE=utf8mb3_unicode_ci;
/*!40101 SET character_set_client = @saved_cs_client */;

--
-- Dumping data for table `product_option_value`
--

LOCK TABLES `product_option_value` WRITE;
/*!40000 ALTER TABLE `product_option_value` DISABLE KEYS */;
/*!40000 ALTER TABLE `product_option_value` ENABLE KEYS */;
UNLOCK TABLES;

--
-- Table structure for table `product_option_value_description`
--

DROP TABLE IF EXISTS `product_option_value_description`;
/*!40101 SET @saved_cs_client     = @@character_set_client */;
/*!50503 SET character_set_client = utf8mb4 */;
CREATE TABLE `product_option_value_description` (
  `DESCRIPTION_ID` bigint NOT NULL,
  `DATE_CREATED` datetime DEFAULT NULL,
  `DATE_MODIFIED` datetime DEFAULT NULL,
  `UPDT_ID` varchar(60) COLLATE utf8mb3_unicode_ci DEFAULT NULL,
  `DESCRIPTION` longtext COLLATE utf8mb3_unicode_ci,
  `NAME` varchar(120) COLLATE utf8mb3_unicode_ci NOT NULL,
  `TITLE` varchar(100) COLLATE utf8mb3_unicode_ci DEFAULT NULL,
  `LANGUAGE_ID` int NOT NULL,
  `PRODUCT_OPTION_VALUE_ID` bigint DEFAULT NULL,
  PRIMARY KEY (`DESCRIPTION_ID`),
  UNIQUE KEY `UKasgc60ot1wy0uho96n0j8429p` (`PRODUCT_OPTION_VALUE_ID`,`LANGUAGE_ID`),
  KEY `FK19mnby7atlt85exlypxdxhacx` (`LANGUAGE_ID`),
  CONSTRAINT `FK19mnby7atlt85exlypxdxhacx` FOREIGN KEY (`LANGUAGE_ID`) REFERENCES `language` (`LANGUAGE_ID`),
  CONSTRAINT `FKqttc6b79yp2s1hyrhg4thag6s` FOREIGN KEY (`PRODUCT_OPTION_VALUE_ID`) REFERENCES `product_option_value` (`PRODUCT_OPTION_VALUE_ID`)
) ENGINE=InnoDB DEFAULT CHARSET=utf8mb3 COLLATE=utf8mb3_unicode_ci;
/*!40101 SET character_set_client = @saved_cs_client */;

--
-- Dumping data for table `product_option_value_description`
--

LOCK TABLES `product_option_value_description` WRITE;
/*!40000 ALTER TABLE `product_option_value_description` DISABLE KEYS */;
/*!40000 ALTER TABLE `product_option_value_description` ENABLE KEYS */;
UNLOCK TABLES;

--
-- Table structure for table `product_price`
--

DROP TABLE IF EXISTS `product_price`;
/*!40101 SET @saved_cs_client     = @@character_set_client */;
/*!50503 SET character_set_client = utf8mb4 */;
CREATE TABLE `product_price` (
  `PRODUCT_PRICE_ID` bigint NOT NULL,
  `PRODUCT_PRICE_CODE` varchar(255) COLLATE utf8mb3_unicode_ci NOT NULL,
  `DEFAULT_PRICE` bit(1) DEFAULT NULL,
  `PRODUCT_IDENTIFIER_ID` bigint DEFAULT NULL,
  `PRODUCT_PRICE_AMOUNT` decimal(19,2) DEFAULT NULL,
  `PRODUCT_PRICE_SPECIAL_AMOUNT` decimal(19,2) DEFAULT NULL,
  `PRODUCT_PRICE_SPECIAL_END_DATE` date DEFAULT NULL,
  `PRODUCT_PRICE_SPECIAL_ST_DATE` date DEFAULT NULL,
  `PRODUCT_PRICE_TYPE` varchar(20) COLLATE utf8mb3_unicode_ci DEFAULT NULL,
  `PRODUCT_AVAIL_ID` bigint NOT NULL,
  PRIMARY KEY (`PRODUCT_PRICE_ID`),
  KEY `FK1dic7jnnk1qikgvwcrf4dw12r` (`PRODUCT_AVAIL_ID`),
  CONSTRAINT `FK1dic7jnnk1qikgvwcrf4dw12r` FOREIGN KEY (`PRODUCT_AVAIL_ID`) REFERENCES `product_availability` (`PRODUCT_AVAIL_ID`)
) ENGINE=InnoDB DEFAULT CHARSET=utf8mb3 COLLATE=utf8mb3_unicode_ci;
/*!40101 SET character_set_client = @saved_cs_client */;

--
-- Dumping data for table `product_price`
--

LOCK TABLES `product_price` WRITE;
/*!40000 ALTER TABLE `product_price` DISABLE KEYS */;
INSERT INTO `product_price` VALUES (2,'base',_binary '',NULL,50000000.00,NULL,NULL,NULL,'ONE_TIME',2),(100,'base',_binary '',NULL,50000000.00,NULL,NULL,NULL,'ONE_TIME',100),(151,'base',_binary '',NULL,50000000.00,NULL,NULL,NULL,'ONE_TIME',151),(200,'base',_binary '',NULL,50000000.00,NULL,NULL,NULL,'ONE_TIME',200),(201,'base',_binary '',NULL,50000000.00,NULL,NULL,NULL,'ONE_TIME',201),(251,'base',_binary '',NULL,50000000.00,NULL,NULL,NULL,'ONE_TIME',251),(252,'base',_binary '',NULL,50000000.00,NULL,NULL,NULL,'ONE_TIME',252),(253,'base',_binary '',NULL,50000000.00,NULL,NULL,NULL,'ONE_TIME',253);
/*!40000 ALTER TABLE `product_price` ENABLE KEYS */;
UNLOCK TABLES;

--
-- Table structure for table `product_price_description`
--

DROP TABLE IF EXISTS `product_price_description`;
/*!40101 SET @saved_cs_client     = @@character_set_client */;
/*!50503 SET character_set_client = utf8mb4 */;
CREATE TABLE `product_price_description` (
  `DESCRIPTION_ID` bigint NOT NULL,
  `DATE_CREATED` datetime DEFAULT NULL,
  `DATE_MODIFIED` datetime DEFAULT NULL,
  `UPDT_ID` varchar(60) COLLATE utf8mb3_unicode_ci DEFAULT NULL,
  `DESCRIPTION` longtext COLLATE utf8mb3_unicode_ci,
  `NAME` varchar(120) COLLATE utf8mb3_unicode_ci NOT NULL,
  `TITLE` varchar(100) COLLATE utf8mb3_unicode_ci DEFAULT NULL,
  `PRICE_APPENDER` varchar(255) COLLATE utf8mb3_unicode_ci DEFAULT NULL,
  `LANGUAGE_ID` int NOT NULL,
  `PRODUCT_PRICE_ID` bigint NOT NULL,
  PRIMARY KEY (`DESCRIPTION_ID`),
  UNIQUE KEY `UKfrsw8d41sxxogvxxoyd8nwaxu` (`PRODUCT_PRICE_ID`,`LANGUAGE_ID`),
  KEY `FK7bmbrjr8ar5icwdpt8myj6gei` (`LANGUAGE_ID`),
  CONSTRAINT `FK7bmbrjr8ar5icwdpt8myj6gei` FOREIGN KEY (`LANGUAGE_ID`) REFERENCES `language` (`LANGUAGE_ID`),
  CONSTRAINT `FKbwxw861ipjsct606j3dagdjsf` FOREIGN KEY (`PRODUCT_PRICE_ID`) REFERENCES `product_price` (`PRODUCT_PRICE_ID`)
) ENGINE=InnoDB DEFAULT CHARSET=utf8mb3 COLLATE=utf8mb3_unicode_ci;
/*!40101 SET character_set_client = @saved_cs_client */;

--
-- Dumping data for table `product_price_description`
--

LOCK TABLES `product_price_description` WRITE;
/*!40000 ALTER TABLE `product_price_description` DISABLE KEYS */;
INSERT INTO `product_price_description` VALUES (2,'2023-05-17 08:01:55','2023-05-17 08:01:55',NULL,NULL,'DEFAULT',NULL,NULL,4,2),(4,'2023-05-17 09:13:36','2023-05-17 09:13:36',NULL,NULL,'DEFAULT',NULL,NULL,4,100),(6,'2023-05-20 17:16:08','2023-05-20 17:16:08',NULL,NULL,'DEFAULT',NULL,NULL,4,151),(7,'2023-06-17 16:58:27','2023-06-17 16:58:27',NULL,NULL,'DEFAULT',NULL,NULL,4,200),(8,'2023-06-17 17:13:08','2023-06-17 17:13:08',NULL,NULL,'DEFAULT',NULL,NULL,4,201),(10,'2023-06-18 20:58:52','2023-06-18 20:58:52',NULL,NULL,'DEFAULT',NULL,NULL,4,251),(11,'2023-06-18 20:59:23','2023-06-18 20:59:23',NULL,NULL,'DEFAULT',NULL,NULL,4,252),(12,'2023-06-18 20:59:44','2023-06-18 20:59:44',NULL,NULL,'DEFAULT',NULL,NULL,4,253);
/*!40000 ALTER TABLE `product_price_description` ENABLE KEYS */;
UNLOCK TABLES;

--
-- Table structure for table `product_relationship`
--

DROP TABLE IF EXISTS `product_relationship`;
/*!40101 SET @saved_cs_client     = @@character_set_client */;
/*!50503 SET character_set_client = utf8mb4 */;
CREATE TABLE `product_relationship` (
  `PRODUCT_RELATIONSHIP_ID` bigint NOT NULL,
  `ACTIVE` bit(1) DEFAULT NULL,
  `CODE` varchar(255) COLLATE utf8mb3_unicode_ci DEFAULT NULL,
  `PRODUCT_ID` bigint DEFAULT NULL,
  `RELATED_PRODUCT_ID` bigint DEFAULT NULL,
  PRIMARY KEY (`PRODUCT_RELATIONSHIP_ID`),
  KEY `FKso3cvinykac5wdwu1tjgfotor` (`PRODUCT_ID`),
  KEY `FKfskwtawyt85g9h6761fa69ya5` (`RELATED_PRODUCT_ID`),
  CONSTRAINT `FKfskwtawyt85g9h6761fa69ya5` FOREIGN KEY (`RELATED_PRODUCT_ID`) REFERENCES `product` (`PRODUCT_ID`),
  CONSTRAINT `FKso3cvinykac5wdwu1tjgfotor` FOREIGN KEY (`PRODUCT_ID`) REFERENCES `product` (`PRODUCT_ID`)
) ENGINE=InnoDB DEFAULT CHARSET=utf8mb3 COLLATE=utf8mb3_unicode_ci;
/*!40101 SET character_set_client = @saved_cs_client */;

--
-- Dumping data for table `product_relationship`
--

LOCK TABLES `product_relationship` WRITE;
/*!40000 ALTER TABLE `product_relationship` DISABLE KEYS */;
/*!40000 ALTER TABLE `product_relationship` ENABLE KEYS */;
UNLOCK TABLES;

--
-- Table structure for table `product_review`
--

DROP TABLE IF EXISTS `product_review`;
/*!40101 SET @saved_cs_client     = @@character_set_client */;
/*!50503 SET character_set_client = utf8mb4 */;
CREATE TABLE `product_review` (
  `PRODUCT_REVIEW_ID` bigint NOT NULL,
  `DATE_CREATED` datetime DEFAULT NULL,
  `DATE_MODIFIED` datetime DEFAULT NULL,
  `UPDT_ID` varchar(60) COLLATE utf8mb3_unicode_ci DEFAULT NULL,
  `REVIEW_DATE` datetime DEFAULT NULL,
  `REVIEWS_RATING` double DEFAULT NULL,
  `REVIEWS_READ` bigint DEFAULT NULL,
  `STATUS` int DEFAULT NULL,
  `CUSTOMERS_ID` bigint DEFAULT NULL,
  `PRODUCT_ID` bigint DEFAULT NULL,
  PRIMARY KEY (`PRODUCT_REVIEW_ID`),
  UNIQUE KEY `UK9ew5idgdbk8a77534hbnhd4yb` (`CUSTOMERS_ID`,`PRODUCT_ID`),
  KEY `FKbfi8de7kxultg1vevq6jc1hn7` (`PRODUCT_ID`),
  CONSTRAINT `FK7tm0jrt0hiugo3ep49t3subou` FOREIGN KEY (`CUSTOMERS_ID`) REFERENCES `customer` (`CUSTOMER_ID`),
  CONSTRAINT `FKbfi8de7kxultg1vevq6jc1hn7` FOREIGN KEY (`PRODUCT_ID`) REFERENCES `product` (`PRODUCT_ID`)
) ENGINE=InnoDB DEFAULT CHARSET=utf8mb3 COLLATE=utf8mb3_unicode_ci;
/*!40101 SET character_set_client = @saved_cs_client */;

--
-- Dumping data for table `product_review`
--

LOCK TABLES `product_review` WRITE;
/*!40000 ALTER TABLE `product_review` DISABLE KEYS */;
/*!40000 ALTER TABLE `product_review` ENABLE KEYS */;
UNLOCK TABLES;

--
-- Table structure for table `product_review_description`
--

DROP TABLE IF EXISTS `product_review_description`;
/*!40101 SET @saved_cs_client     = @@character_set_client */;
/*!50503 SET character_set_client = utf8mb4 */;
CREATE TABLE `product_review_description` (
  `DESCRIPTION_ID` bigint NOT NULL,
  `DATE_CREATED` datetime DEFAULT NULL,
  `DATE_MODIFIED` datetime DEFAULT NULL,
  `UPDT_ID` varchar(60) COLLATE utf8mb3_unicode_ci DEFAULT NULL,
  `DESCRIPTION` longtext COLLATE utf8mb3_unicode_ci,
  `NAME` varchar(120) COLLATE utf8mb3_unicode_ci NOT NULL,
  `TITLE` varchar(100) COLLATE utf8mb3_unicode_ci DEFAULT NULL,
  `LANGUAGE_ID` int NOT NULL,
  `PRODUCT_REVIEW_ID` bigint DEFAULT NULL,
  PRIMARY KEY (`DESCRIPTION_ID`),
  UNIQUE KEY `UKqno5wjdtcj8pm3ykkkh7t4rxj` (`PRODUCT_REVIEW_ID`,`LANGUAGE_ID`),
  KEY `FK7byc5jsf5bm4lk674ac44e50m` (`LANGUAGE_ID`),
  CONSTRAINT `FK7byc5jsf5bm4lk674ac44e50m` FOREIGN KEY (`LANGUAGE_ID`) REFERENCES `language` (`LANGUAGE_ID`),
  CONSTRAINT `FKmjivhigdcxmytndlpjuhf4o25` FOREIGN KEY (`PRODUCT_REVIEW_ID`) REFERENCES `product_review` (`PRODUCT_REVIEW_ID`)
) ENGINE=InnoDB DEFAULT CHARSET=utf8mb3 COLLATE=utf8mb3_unicode_ci;
/*!40101 SET character_set_client = @saved_cs_client */;

--
-- Dumping data for table `product_review_description`
--

LOCK TABLES `product_review_description` WRITE;
/*!40000 ALTER TABLE `product_review_description` DISABLE KEYS */;
/*!40000 ALTER TABLE `product_review_description` ENABLE KEYS */;
UNLOCK TABLES;

--
-- Table structure for table `product_type`
--

DROP TABLE IF EXISTS `product_type`;
/*!40101 SET @saved_cs_client     = @@character_set_client */;
/*!50503 SET character_set_client = utf8mb4 */;
CREATE TABLE `product_type` (
  `PRODUCT_TYPE_ID` bigint NOT NULL AUTO_INCREMENT,
  `PRD_TYPE_ADD_TO_CART` bit(1) DEFAULT NULL,
  `DATE_CREATED` datetime DEFAULT NULL,
  `DATE_MODIFIED` datetime DEFAULT NULL,
  `UPDT_ID` varchar(60) COLLATE utf8mb3_unicode_ci DEFAULT NULL,
  `PRD_TYPE_CODE` varchar(255) COLLATE utf8mb3_unicode_ci DEFAULT NULL,
  `PRD_TYPE_VISIBLE` bit(1) DEFAULT NULL,
  `MERCHANT_ID` int DEFAULT NULL,
  `NAME` varchar(255) COLLATE utf8mb3_unicode_ci DEFAULT NULL,
  PRIMARY KEY (`PRODUCT_TYPE_ID`),
  UNIQUE KEY `PRD_TYPE_CODE_UNIQUE` (`PRD_TYPE_CODE`),
  KEY `FKswkvtaq4om2di6x8cd4m22ofn` (`MERCHANT_ID`),
  CONSTRAINT `FKswkvtaq4om2di6x8cd4m22ofn` FOREIGN KEY (`MERCHANT_ID`) REFERENCES `merchant_store` (`MERCHANT_ID`)
) ENGINE=InnoDB AUTO_INCREMENT=202 DEFAULT CHARSET=utf8mb3 COLLATE=utf8mb3_unicode_ci;
/*!40101 SET character_set_client = @saved_cs_client */;

--
-- Dumping data for table `product_type`
--

LOCK TABLES `product_type` WRITE;
/*!40000 ALTER TABLE `product_type` DISABLE KEYS */;
INSERT INTO `product_type` VALUES (1,NULL,'2023-05-17 03:35:39','2023-05-17 03:35:39',NULL,'GENERAL',NULL,NULL,'dfefds'),(200,NULL,'2023-05-25 22:03:05','2023-05-25 22:03:05',NULL,'buonban',NULL,NULL,'Buôn bán');
/*!40000 ALTER TABLE `product_type` ENABLE KEYS */;
UNLOCK TABLES;

--
-- Table structure for table `product_type_description`
--

DROP TABLE IF EXISTS `product_type_description`;
/*!40101 SET @saved_cs_client     = @@character_set_client */;
/*!50503 SET character_set_client = utf8mb4 */;
CREATE TABLE `product_type_description` (
  `DESCRIPTION_ID` bigint NOT NULL,
  `DATE_CREATED` datetime DEFAULT NULL,
  `DATE_MODIFIED` datetime DEFAULT NULL,
  `UPDT_ID` varchar(60) COLLATE utf8mb3_unicode_ci DEFAULT NULL,
  `DESCRIPTION` longtext COLLATE utf8mb3_unicode_ci,
  `NAME` varchar(120) COLLATE utf8mb3_unicode_ci NOT NULL,
  `TITLE` varchar(100) COLLATE utf8mb3_unicode_ci DEFAULT NULL,
  `LANGUAGE_ID` int DEFAULT NULL,
  `PRODUCT_TYPE_ID` bigint NOT NULL,
  PRIMARY KEY (`DESCRIPTION_ID`),
  UNIQUE KEY `UKbnra4lwqjkju4yh04824sw6be` (`PRODUCT_TYPE_ID`,`LANGUAGE_ID`),
  KEY `FK81q74whco5y9fd51aa330hlc0` (`LANGUAGE_ID`),
  CONSTRAINT `FK81q74whco5y9fd51aa330hlc0` FOREIGN KEY (`LANGUAGE_ID`) REFERENCES `language` (`LANGUAGE_ID`),
  CONSTRAINT `FKpwc89ulk7c9asbp2nfy2t4x2j` FOREIGN KEY (`PRODUCT_TYPE_ID`) REFERENCES `product_type` (`PRODUCT_TYPE_ID`)
) ENGINE=InnoDB DEFAULT CHARSET=utf8mb3 COLLATE=utf8mb3_unicode_ci;
/*!40101 SET character_set_client = @saved_cs_client */;

--
-- Dumping data for table `product_type_description`
--

LOCK TABLES `product_type_description` WRITE;
/*!40000 ALTER TABLE `product_type_description` DISABLE KEYS */;
/*!40000 ALTER TABLE `product_type_description` ENABLE KEYS */;
UNLOCK TABLES;

--
-- Table structure for table `product_var_image`
--

DROP TABLE IF EXISTS `product_var_image`;
/*!40101 SET @saved_cs_client     = @@character_set_client */;
/*!50503 SET character_set_client = utf8mb4 */;
CREATE TABLE `product_var_image` (
  `PRODUCT_VAR_IMAGE_ID` bigint NOT NULL,
  `DEFAULT_IMAGE` bit(1) DEFAULT NULL,
  `PRODUCT_IMAGE` varchar(255) COLLATE utf8mb3_unicode_ci DEFAULT NULL,
  `PRODUCT_VARIANT_GROUP_ID` bigint NOT NULL,
  PRIMARY KEY (`PRODUCT_VAR_IMAGE_ID`),
  KEY `FKa691h70ypyp8liquow7qrg81h` (`PRODUCT_VARIANT_GROUP_ID`),
  CONSTRAINT `FKa691h70ypyp8liquow7qrg81h` FOREIGN KEY (`PRODUCT_VARIANT_GROUP_ID`) REFERENCES `product_variant_group` (`PRODUCT_VARIANT_GROUP_ID`)
) ENGINE=InnoDB DEFAULT CHARSET=utf8mb3 COLLATE=utf8mb3_unicode_ci;
/*!40101 SET character_set_client = @saved_cs_client */;

--
-- Dumping data for table `product_var_image`
--

LOCK TABLES `product_var_image` WRITE;
/*!40000 ALTER TABLE `product_var_image` DISABLE KEYS */;
/*!40000 ALTER TABLE `product_var_image` ENABLE KEYS */;
UNLOCK TABLES;

--
-- Table structure for table `product_var_image_description`
--

DROP TABLE IF EXISTS `product_var_image_description`;
/*!40101 SET @saved_cs_client     = @@character_set_client */;
/*!50503 SET character_set_client = utf8mb4 */;
CREATE TABLE `product_var_image_description` (
  `DESCRIPTION_ID` bigint NOT NULL,
  `DATE_CREATED` datetime DEFAULT NULL,
  `DATE_MODIFIED` datetime DEFAULT NULL,
  `UPDT_ID` varchar(60) COLLATE utf8mb3_unicode_ci DEFAULT NULL,
  `DESCRIPTION` longtext COLLATE utf8mb3_unicode_ci,
  `NAME` varchar(120) COLLATE utf8mb3_unicode_ci NOT NULL,
  `TITLE` varchar(100) COLLATE utf8mb3_unicode_ci DEFAULT NULL,
  `ALT_TAG` varchar(100) COLLATE utf8mb3_unicode_ci DEFAULT NULL,
  `LANGUAGE_ID` int NOT NULL,
  `PRODUCT_ID` bigint NOT NULL,
  `PRODUCT_VAR_IMAGE_ID` bigint NOT NULL,
  PRIMARY KEY (`DESCRIPTION_ID`),
  UNIQUE KEY `UKimi0kpikvll5gf63n36x3yrwt` (`PRODUCT_VAR_IMAGE_ID`,`LANGUAGE_ID`),
  KEY `FKinpkcxbxyg8yni5ftcvjlt1sp` (`LANGUAGE_ID`),
  KEY `FKibpkivbdn6wqe92gb40l5hffl` (`PRODUCT_ID`),
  CONSTRAINT `FKibpkivbdn6wqe92gb40l5hffl` FOREIGN KEY (`PRODUCT_ID`) REFERENCES `product` (`PRODUCT_ID`),
  CONSTRAINT `FKinpkcxbxyg8yni5ftcvjlt1sp` FOREIGN KEY (`LANGUAGE_ID`) REFERENCES `language` (`LANGUAGE_ID`),
  CONSTRAINT `FKo6dx44u06sx0mlvq15oy2wlnj` FOREIGN KEY (`PRODUCT_VAR_IMAGE_ID`) REFERENCES `product_var_image` (`PRODUCT_VAR_IMAGE_ID`)
) ENGINE=InnoDB DEFAULT CHARSET=utf8mb3 COLLATE=utf8mb3_unicode_ci;
/*!40101 SET character_set_client = @saved_cs_client */;

--
-- Dumping data for table `product_var_image_description`
--

LOCK TABLES `product_var_image_description` WRITE;
/*!40000 ALTER TABLE `product_var_image_description` DISABLE KEYS */;
/*!40000 ALTER TABLE `product_var_image_description` ENABLE KEYS */;
UNLOCK TABLES;

--
-- Table structure for table `product_variant`
--

DROP TABLE IF EXISTS `product_variant`;
/*!40101 SET @saved_cs_client     = @@character_set_client */;
/*!50503 SET character_set_client = utf8mb4 */;
CREATE TABLE `product_variant` (
  `PRODUCT_VARIANT_ID` bigint NOT NULL,
  `DATE_CREATED` datetime DEFAULT NULL,
  `DATE_MODIFIED` datetime DEFAULT NULL,
  `UPDT_ID` varchar(60) COLLATE utf8mb3_unicode_ci DEFAULT NULL,
  `AVAILABLE` bit(1) DEFAULT NULL,
  `CODE` varchar(255) COLLATE utf8mb3_unicode_ci DEFAULT NULL,
  `DATE_AVAILABLE` datetime DEFAULT NULL,
  `DEFAULT_SELECTION` bit(1) DEFAULT NULL,
  `SKU` varchar(255) COLLATE utf8mb3_unicode_ci DEFAULT NULL,
  `SORT_ORDER` int DEFAULT NULL,
  `PRODUCT_ID` bigint NOT NULL,
  `PRODUCT_VARIANT_GROUP_ID` bigint DEFAULT NULL,
  `PRODUCT_VARIATION_ID` bigint DEFAULT NULL,
  `PRODUCT_VARIATION_VALUE_ID` bigint DEFAULT NULL,
  PRIMARY KEY (`PRODUCT_VARIANT_ID`),
  UNIQUE KEY `UKlhuo20v01wa867oa7bjqagv72` (`PRODUCT_ID`,`SKU`),
  KEY `IDX9ngqm1gg8oivkujmhee4wt0ox` (`PRODUCT_ID`),
  KEY `FKs1gvb7qb19cuowmhrhuwo7lcv` (`PRODUCT_VARIANT_GROUP_ID`),
  KEY `FK8nqskhly5tfk07g0padic9am9` (`PRODUCT_VARIATION_ID`),
  KEY `FKsa5ijtdrt6dge0op121ox56a0` (`PRODUCT_VARIATION_VALUE_ID`),
  CONSTRAINT `FK88qb5xufd31481gt7epc8scau` FOREIGN KEY (`PRODUCT_ID`) REFERENCES `product` (`PRODUCT_ID`),
  CONSTRAINT `FK8nqskhly5tfk07g0padic9am9` FOREIGN KEY (`PRODUCT_VARIATION_ID`) REFERENCES `product_variation` (`PRODUCT_VARIATION_ID`),
  CONSTRAINT `FKs1gvb7qb19cuowmhrhuwo7lcv` FOREIGN KEY (`PRODUCT_VARIANT_GROUP_ID`) REFERENCES `product_variant_group` (`PRODUCT_VARIANT_GROUP_ID`),
  CONSTRAINT `FKsa5ijtdrt6dge0op121ox56a0` FOREIGN KEY (`PRODUCT_VARIATION_VALUE_ID`) REFERENCES `product_variation` (`PRODUCT_VARIATION_ID`)
) ENGINE=InnoDB DEFAULT CHARSET=utf8mb3 COLLATE=utf8mb3_unicode_ci;
/*!40101 SET character_set_client = @saved_cs_client */;

--
-- Dumping data for table `product_variant`
--

LOCK TABLES `product_variant` WRITE;
/*!40000 ALTER TABLE `product_variant` DISABLE KEYS */;
/*!40000 ALTER TABLE `product_variant` ENABLE KEYS */;
UNLOCK TABLES;

--
-- Table structure for table `product_variant_group`
--

DROP TABLE IF EXISTS `product_variant_group`;
/*!40101 SET @saved_cs_client     = @@character_set_client */;
/*!50503 SET character_set_client = utf8mb4 */;
CREATE TABLE `product_variant_group` (
  `PRODUCT_VARIANT_GROUP_ID` bigint NOT NULL,
  `MERCHANT_ID` int NOT NULL,
  PRIMARY KEY (`PRODUCT_VARIANT_GROUP_ID`),
  KEY `FKqkn1or09hw4s03b8n1kdwhcsr` (`MERCHANT_ID`),
  CONSTRAINT `FKqkn1or09hw4s03b8n1kdwhcsr` FOREIGN KEY (`MERCHANT_ID`) REFERENCES `merchant_store` (`MERCHANT_ID`)
) ENGINE=InnoDB DEFAULT CHARSET=utf8mb3 COLLATE=utf8mb3_unicode_ci;
/*!40101 SET character_set_client = @saved_cs_client */;

--
-- Dumping data for table `product_variant_group`
--

LOCK TABLES `product_variant_group` WRITE;
/*!40000 ALTER TABLE `product_variant_group` DISABLE KEYS */;
/*!40000 ALTER TABLE `product_variant_group` ENABLE KEYS */;
UNLOCK TABLES;

--
-- Table structure for table `product_variation`
--

DROP TABLE IF EXISTS `product_variation`;
/*!40101 SET @saved_cs_client     = @@character_set_client */;
/*!50503 SET character_set_client = utf8mb4 */;
CREATE TABLE `product_variation` (
  `PRODUCT_VARIATION_ID` bigint NOT NULL,
  `DATE_CREATED` datetime DEFAULT NULL,
  `DATE_MODIFIED` datetime DEFAULT NULL,
  `UPDT_ID` varchar(60) COLLATE utf8mb3_unicode_ci DEFAULT NULL,
  `CODE` varchar(100) COLLATE utf8mb3_unicode_ci NOT NULL,
  `SORT_ORDER` int DEFAULT NULL,
  `VARIANT_DEFAULT` bit(1) DEFAULT NULL,
  `MERCHANT_ID` int NOT NULL,
  `PRODUCT_OPTION_ID` bigint NOT NULL,
  `OPTION_VALUE_ID` bigint NOT NULL,
  PRIMARY KEY (`PRODUCT_VARIATION_ID`),
  UNIQUE KEY `UKi8sa74fv4io0sigmgvqxypp0d` (`MERCHANT_ID`,`PRODUCT_OPTION_ID`,`OPTION_VALUE_ID`),
  KEY `FK5jr2rc6t2p27nwdo5eqwa7658` (`PRODUCT_OPTION_ID`),
  KEY `FKy6gamyvrpds502pdcqq4voyg` (`OPTION_VALUE_ID`),
  CONSTRAINT `FK5jr2rc6t2p27nwdo5eqwa7658` FOREIGN KEY (`PRODUCT_OPTION_ID`) REFERENCES `product_option` (`PRODUCT_OPTION_ID`),
  CONSTRAINT `FKqlm3c2178neue84l5kx51ovoq` FOREIGN KEY (`MERCHANT_ID`) REFERENCES `merchant_store` (`MERCHANT_ID`),
  CONSTRAINT `FKy6gamyvrpds502pdcqq4voyg` FOREIGN KEY (`OPTION_VALUE_ID`) REFERENCES `product_option_value` (`PRODUCT_OPTION_VALUE_ID`)
) ENGINE=InnoDB DEFAULT CHARSET=utf8mb3 COLLATE=utf8mb3_unicode_ci;
/*!40101 SET character_set_client = @saved_cs_client */;

--
-- Dumping data for table `product_variation`
--

LOCK TABLES `product_variation` WRITE;
/*!40000 ALTER TABLE `product_variation` DISABLE KEYS */;
/*!40000 ALTER TABLE `product_variation` ENABLE KEYS */;
UNLOCK TABLES;

--
-- Table structure for table `profile`
--

DROP TABLE IF EXISTS `profile`;
/*!40101 SET @saved_cs_client     = @@character_set_client */;
/*!50503 SET character_set_client = utf8mb4 */;
CREATE TABLE `profile` (
  `ID` bigint NOT NULL AUTO_INCREMENT,
  `AVATAR` longblob,
  `goal` text COLLATE utf8mb3_unicode_ci,
  `introduce` text COLLATE utf8mb3_unicode_ci,
  `YEAR_OF_BIRTH` varchar(255) COLLATE utf8mb3_unicode_ci DEFAULT NULL,
  `PRODUCT_TYPE_ID` bigint DEFAULT NULL,
  `ID_FORM_WORK` bigint DEFAULT NULL,
  `CUSTOMER_ID` bigint NOT NULL,
  `ENGLISH_LEVEL_ID` bigint NOT NULL,
  `EXPERIENCE_ID` bigint DEFAULT NULL,
  `PAY_CYCLE_ID` bigint DEFAULT NULL,
  PRIMARY KEY (`ID`),
  UNIQUE KEY `UK_s7lmtmwhag7mmonvrtf0u09jr` (`CUSTOMER_ID`),
  KEY `FKtnfmgixikk2kthg3cjb3qbrr7` (`PRODUCT_TYPE_ID`),
  KEY `FK77h1pcx2raxmhol2kctl9hl7q` (`ID_FORM_WORK`),
  KEY `FKgliiak8ymnujw4kfho0okk7yy` (`ENGLISH_LEVEL_ID`),
  KEY `FKjihm3u22rdmjfworlmov6o3v0` (`EXPERIENCE_ID`),
  KEY `FK27f2w23bw1ii9yuujrf3dvs4t` (`PAY_CYCLE_ID`),
  CONSTRAINT `FK27f2w23bw1ii9yuujrf3dvs4t` FOREIGN KEY (`PAY_CYCLE_ID`) REFERENCES `pay_cycle_description` (`ID_PAY_CIRCLE`),
  CONSTRAINT `FK77h1pcx2raxmhol2kctl9hl7q` FOREIGN KEY (`ID_FORM_WORK`) REFERENCES `category` (`CATEGORY_ID`),
  CONSTRAINT `FKcwb067710din9s7q7d7l8qm3t` FOREIGN KEY (`CUSTOMER_ID`) REFERENCES `customer` (`CUSTOMER_ID`),
  CONSTRAINT `FKgliiak8ymnujw4kfho0okk7yy` FOREIGN KEY (`ENGLISH_LEVEL_ID`) REFERENCES `english_level` (`ID`),
  CONSTRAINT `FKjihm3u22rdmjfworlmov6o3v0` FOREIGN KEY (`EXPERIENCE_ID`) REFERENCES `experience_description` (`ID_EXPERIENCE`),
  CONSTRAINT `FKtnfmgixikk2kthg3cjb3qbrr7` FOREIGN KEY (`PRODUCT_TYPE_ID`) REFERENCES `product_type` (`PRODUCT_TYPE_ID`)
) ENGINE=InnoDB AUTO_INCREMENT=13 DEFAULT CHARSET=utf8mb3 COLLATE=utf8mb3_unicode_ci;
/*!40101 SET character_set_client = @saved_cs_client */;

--
-- Dumping data for table `profile`
--

LOCK TABLES `profile` WRITE;
/*!40000 ALTER TABLE `profile` DISABLE KEYS */;
INSERT INTO `profile` VALUES (12,NULL,'Tôi sẽ đi ăn cướpf','Tôi muốn kiếm 30 triệu mỗi ngàyf',NULL,200,50,451,2,1,1);
/*!40000 ALTER TABLE `profile` ENABLE KEYS */;
UNLOCK TABLES;

--
-- Table structure for table `profile_area_work_entry`
--

DROP TABLE IF EXISTS `profile_area_work_entry`;
/*!40101 SET @saved_cs_client     = @@character_set_client */;
/*!50503 SET character_set_client = utf8mb4 */;
CREATE TABLE `profile_area_work_entry` (
  `profiles_ID` bigint NOT NULL,
  `districts_ID_DISTRICT` bigint NOT NULL,
  PRIMARY KEY (`profiles_ID`,`districts_ID_DISTRICT`),
  KEY `FK3v6ldsl08xijn96emt5tnc7yc` (`districts_ID_DISTRICT`),
  CONSTRAINT `FK3v6ldsl08xijn96emt5tnc7yc` FOREIGN KEY (`districts_ID_DISTRICT`) REFERENCES `district_description` (`ID_DISTRICT`),
  CONSTRAINT `FK7w183yqv73nf0tb7jvuj6eqjq` FOREIGN KEY (`profiles_ID`) REFERENCES `profile` (`ID`)
) ENGINE=InnoDB DEFAULT CHARSET=utf8mb3 COLLATE=utf8mb3_unicode_ci;
/*!40101 SET character_set_client = @saved_cs_client */;

--
-- Dumping data for table `profile_area_work_entry`
--

LOCK TABLES `profile_area_work_entry` WRITE;
/*!40000 ALTER TABLE `profile_area_work_entry` DISABLE KEYS */;
INSERT INTO `profile_area_work_entry` VALUES (12,1);
/*!40000 ALTER TABLE `profile_area_work_entry` ENABLE KEYS */;
UNLOCK TABLES;

--
-- Table structure for table `profile_skill_entry`
--

DROP TABLE IF EXISTS `profile_skill_entry`;
/*!40101 SET @saved_cs_client     = @@character_set_client */;
/*!50503 SET character_set_client = utf8mb4 */;
CREATE TABLE `profile_skill_entry` (
  `id` varchar(255) COLLATE utf8mb3_unicode_ci NOT NULL,
  `description` text COLLATE utf8mb3_unicode_ci,
  `RATE` double DEFAULT NULL,
  `PROFILE_ID` bigint NOT NULL,
  `SKILL_ID` bigint NOT NULL,
  KEY `FKoiaxdcih0a5s8d4l2o3nffmrd` (`PROFILE_ID`),
  KEY `FKrrecw8a6c2grk3v5b45bua56c` (`SKILL_ID`),
  CONSTRAINT `FKoiaxdcih0a5s8d4l2o3nffmrd` FOREIGN KEY (`PROFILE_ID`) REFERENCES `profile` (`ID`),
  CONSTRAINT `FKrrecw8a6c2grk3v5b45bua56c` FOREIGN KEY (`SKILL_ID`) REFERENCES `skill_description` (`ID_SKILL`)
) ENGINE=InnoDB DEFAULT CHARSET=utf8mb3 COLLATE=utf8mb3_unicode_ci;
/*!40101 SET character_set_client = @saved_cs_client */;

--
-- Dumping data for table `profile_skill_entry`
--

LOCK TABLES `profile_skill_entry` WRITE;
/*!40000 ALTER TABLE `profile_skill_entry` DISABLE KEYS */;
INSERT INTO `profile_skill_entry` VALUES ('7d1aa115-6f20-4829-8fd2-bd809514721d','Khong co cap nhat',0,12,1),('337b0a24-f409-4589-8d97-92ea2dcd0c78','Khong co cap nhat',0,12,2);
/*!40000 ALTER TABLE `profile_skill_entry` ENABLE KEYS */;
UNLOCK TABLES;

--
-- Table structure for table `province_description`
--

DROP TABLE IF EXISTS `province_description`;
/*!40101 SET @saved_cs_client     = @@character_set_client */;
/*!50503 SET character_set_client = utf8mb4 */;
CREATE TABLE `province_description` (
  `ID_PROVINCE` bigint NOT NULL AUTO_INCREMENT,
  `DATE_CREATED` datetime DEFAULT NULL,
  `DATE_MODIFIED` datetime DEFAULT NULL,
  `UPDT_ID` varchar(60) COLLATE utf8mb3_unicode_ci DEFAULT NULL,
  `NAME` varchar(255) COLLATE utf8mb3_unicode_ci DEFAULT NULL,
  PRIMARY KEY (`ID_PROVINCE`)
) ENGINE=InnoDB AUTO_INCREMENT=2 DEFAULT CHARSET=utf8mb3 COLLATE=utf8mb3_unicode_ci;
/*!40101 SET character_set_client = @saved_cs_client */;

--
-- Dumping data for table `province_description`
--

LOCK TABLES `province_description` WRITE;
/*!40000 ALTER TABLE `province_description` DISABLE KEYS */;
INSERT INTO `province_description` VALUES (1,'2023-05-15 22:06:30','2023-05-15 22:06:30',NULL,'TP. Hồ Chí Minh');
/*!40000 ALTER TABLE `province_description` ENABLE KEYS */;
UNLOCK TABLES;

--
-- Table structure for table `recruitment`
--

DROP TABLE IF EXISTS `recruitment`;
/*!40101 SET @saved_cs_client     = @@character_set_client */;
/*!50503 SET character_set_client = utf8mb4 */;
CREATE TABLE `recruitment` (
  `id` varchar(255) COLLATE utf8mb3_unicode_ci NOT NULL,
  `APPLY_DATE` datetime NOT NULL,
  `STATUS` int NOT NULL,
  `ALUMNUS_ID` bigint NOT NULL,
  `JOB_ID` bigint NOT NULL,
  PRIMARY KEY (`id`),
  KEY `FK9yi05ca40ukgkso2dvt90xqws` (`ALUMNUS_ID`),
  KEY `FK7alyoryxpc2q5y1p44e9pg8wl` (`JOB_ID`),
  CONSTRAINT `FK7alyoryxpc2q5y1p44e9pg8wl` FOREIGN KEY (`JOB_ID`) REFERENCES `product` (`PRODUCT_ID`),
  CONSTRAINT `FK9yi05ca40ukgkso2dvt90xqws` FOREIGN KEY (`ALUMNUS_ID`) REFERENCES `customer` (`CUSTOMER_ID`)
) ENGINE=InnoDB DEFAULT CHARSET=utf8mb3 COLLATE=utf8mb3_unicode_ci;
/*!40101 SET character_set_client = @saved_cs_client */;

--
-- Dumping data for table `recruitment`
--

LOCK TABLES `recruitment` WRITE;
/*!40000 ALTER TABLE `recruitment` DISABLE KEYS */;
INSERT INTO `recruitment` VALUES ('744f2326-13fa-42a3-bac3-e109c93e3e0a','2023-06-11 23:31:54',0,451,2);
/*!40000 ALTER TABLE `recruitment` ENABLE KEYS */;
UNLOCK TABLES;

--
-- Table structure for table `shiping_origin`
--

DROP TABLE IF EXISTS `shiping_origin`;
/*!40101 SET @saved_cs_client     = @@character_set_client */;
/*!50503 SET character_set_client = utf8mb4 */;
CREATE TABLE `shiping_origin` (
  `SHIP_ORIGIN_ID` bigint NOT NULL,
  `ACTIVE` bit(1) DEFAULT NULL,
  `STREET_ADDRESS` varchar(256) COLLATE utf8mb3_unicode_ci DEFAULT NULL,
  `CITY` varchar(100) COLLATE utf8mb3_unicode_ci DEFAULT NULL,
  `POSTCODE` varchar(20) COLLATE utf8mb3_unicode_ci DEFAULT NULL,
  `STATE` varchar(100) COLLATE utf8mb3_unicode_ci DEFAULT NULL,
  `COUNTRY_ID` int DEFAULT NULL,
  `MERCHANT_ID` int NOT NULL,
  `ZONE_ID` bigint DEFAULT NULL,
  PRIMARY KEY (`SHIP_ORIGIN_ID`),
  KEY `FKpqig59usqvs9h0dw4lm8rv7yy` (`COUNTRY_ID`),
  KEY `FKp0dbwsv3sdsp57ex7j5k9b0oq` (`MERCHANT_ID`),
  KEY `FK6k73f1n18kr7mqp708aiwq047` (`ZONE_ID`),
  CONSTRAINT `FK6k73f1n18kr7mqp708aiwq047` FOREIGN KEY (`ZONE_ID`) REFERENCES `zone` (`ZONE_ID`),
  CONSTRAINT `FKp0dbwsv3sdsp57ex7j5k9b0oq` FOREIGN KEY (`MERCHANT_ID`) REFERENCES `merchant_store` (`MERCHANT_ID`),
  CONSTRAINT `FKpqig59usqvs9h0dw4lm8rv7yy` FOREIGN KEY (`COUNTRY_ID`) REFERENCES `country` (`COUNTRY_ID`)
) ENGINE=InnoDB DEFAULT CHARSET=utf8mb3 COLLATE=utf8mb3_unicode_ci;
/*!40101 SET character_set_client = @saved_cs_client */;

--
-- Dumping data for table `shiping_origin`
--

LOCK TABLES `shiping_origin` WRITE;
/*!40000 ALTER TABLE `shiping_origin` DISABLE KEYS */;
/*!40000 ALTER TABLE `shiping_origin` ENABLE KEYS */;
UNLOCK TABLES;

--
-- Table structure for table `shipping_quote`
--

DROP TABLE IF EXISTS `shipping_quote`;
/*!40101 SET @saved_cs_client     = @@character_set_client */;
/*!50503 SET character_set_client = utf8mb4 */;
CREATE TABLE `shipping_quote` (
  `SHIPPING_QUOTE_ID` bigint NOT NULL,
  `CART_ID` bigint DEFAULT NULL,
  `CUSTOMER_ID` bigint DEFAULT NULL,
  `DELIVERY_STREET_ADDRESS` varchar(256) COLLATE utf8mb3_unicode_ci DEFAULT NULL,
  `DELIVERY_CITY` varchar(100) COLLATE utf8mb3_unicode_ci DEFAULT NULL,
  `DELIVERY_COMPANY` varchar(100) COLLATE utf8mb3_unicode_ci DEFAULT NULL,
  `DELIVERY_FIRST_NAME` varchar(64) COLLATE utf8mb3_unicode_ci DEFAULT NULL,
  `DELIVERY_LAST_NAME` varchar(64) COLLATE utf8mb3_unicode_ci DEFAULT NULL,
  `DELIVERY_POSTCODE` varchar(20) COLLATE utf8mb3_unicode_ci DEFAULT NULL,
  `DELIVERY_STATE` varchar(100) COLLATE utf8mb3_unicode_ci DEFAULT NULL,
  `DELIVERY_TELEPHONE` varchar(32) COLLATE utf8mb3_unicode_ci DEFAULT NULL,
  `SHIPPING_NUMBER_DAYS` int DEFAULT NULL,
  `FREE_SHIPPING` bit(1) DEFAULT NULL,
  `QUOTE_HANDLING` decimal(19,2) DEFAULT NULL,
  `IP_ADDRESS` varchar(255) COLLATE utf8mb3_unicode_ci DEFAULT NULL,
  `MODULE` varchar(255) COLLATE utf8mb3_unicode_ci NOT NULL,
  `OPTION_CODE` varchar(255) COLLATE utf8mb3_unicode_ci DEFAULT NULL,
  `OPTION_DELIVERY_DATE` datetime DEFAULT NULL,
  `OPTION_NAME` varchar(255) COLLATE utf8mb3_unicode_ci DEFAULT NULL,
  `OPTION_SHIPPING_DATE` datetime DEFAULT NULL,
  `ORDER_ID` bigint DEFAULT NULL,
  `QUOTE_PRICE` decimal(19,2) DEFAULT NULL,
  `QUOTE_DATE` datetime DEFAULT NULL,
  `DELIVERY_COUNTRY_ID` int DEFAULT NULL,
  `DELIVERY_ZONE_ID` bigint DEFAULT NULL,
  PRIMARY KEY (`SHIPPING_QUOTE_ID`),
  KEY `FK9vb7tbjl8ivygdiqw883fewx7` (`DELIVERY_COUNTRY_ID`),
  KEY `FKiioesp0vl6x4om1jeajj4uy1t` (`DELIVERY_ZONE_ID`),
  CONSTRAINT `FK9vb7tbjl8ivygdiqw883fewx7` FOREIGN KEY (`DELIVERY_COUNTRY_ID`) REFERENCES `country` (`COUNTRY_ID`),
  CONSTRAINT `FKiioesp0vl6x4om1jeajj4uy1t` FOREIGN KEY (`DELIVERY_ZONE_ID`) REFERENCES `zone` (`ZONE_ID`)
) ENGINE=InnoDB DEFAULT CHARSET=utf8mb3 COLLATE=utf8mb3_unicode_ci;
/*!40101 SET character_set_client = @saved_cs_client */;

--
-- Dumping data for table `shipping_quote`
--

LOCK TABLES `shipping_quote` WRITE;
/*!40000 ALTER TABLE `shipping_quote` DISABLE KEYS */;
/*!40000 ALTER TABLE `shipping_quote` ENABLE KEYS */;
UNLOCK TABLES;

--
-- Table structure for table `shopping_cart`
--

DROP TABLE IF EXISTS `shopping_cart`;
/*!40101 SET @saved_cs_client     = @@character_set_client */;
/*!50503 SET character_set_client = utf8mb4 */;
CREATE TABLE `shopping_cart` (
  `SHP_CART_ID` bigint NOT NULL,
  `DATE_CREATED` datetime DEFAULT NULL,
  `DATE_MODIFIED` datetime DEFAULT NULL,
  `UPDT_ID` varchar(60) COLLATE utf8mb3_unicode_ci DEFAULT NULL,
  `CUSTOMER_ID` bigint DEFAULT NULL,
  `IP_ADDRESS` varchar(255) COLLATE utf8mb3_unicode_ci DEFAULT NULL,
  `ORDER_ID` bigint DEFAULT NULL,
  `PROMO_ADDED` datetime DEFAULT NULL,
  `PROMO_CODE` varchar(255) COLLATE utf8mb3_unicode_ci DEFAULT NULL,
  `SHP_CART_CODE` varchar(255) COLLATE utf8mb3_unicode_ci NOT NULL,
  `MERCHANT_ID` int NOT NULL,
  PRIMARY KEY (`SHP_CART_ID`),
  UNIQUE KEY `UK_8ld8p40fwrjobi7t3n95pna35` (`SHP_CART_CODE`),
  KEY `SHP_CART_CODE_IDX` (`SHP_CART_CODE`),
  KEY `SHP_CART_CUSTOMER_IDX` (`CUSTOMER_ID`),
  KEY `FKqvghr5rmjefe3lw9mcolk30a0` (`MERCHANT_ID`),
  CONSTRAINT `FKqvghr5rmjefe3lw9mcolk30a0` FOREIGN KEY (`MERCHANT_ID`) REFERENCES `merchant_store` (`MERCHANT_ID`)
) ENGINE=InnoDB DEFAULT CHARSET=utf8mb3 COLLATE=utf8mb3_unicode_ci;
/*!40101 SET character_set_client = @saved_cs_client */;

--
-- Dumping data for table `shopping_cart`
--

LOCK TABLES `shopping_cart` WRITE;
/*!40000 ALTER TABLE `shopping_cart` DISABLE KEYS */;
/*!40000 ALTER TABLE `shopping_cart` ENABLE KEYS */;
UNLOCK TABLES;

--
-- Table structure for table `shopping_cart_attr_item`
--

DROP TABLE IF EXISTS `shopping_cart_attr_item`;
/*!40101 SET @saved_cs_client     = @@character_set_client */;
/*!50503 SET character_set_client = utf8mb4 */;
CREATE TABLE `shopping_cart_attr_item` (
  `SHP_CART_ATTR_ITEM_ID` bigint NOT NULL,
  `DATE_CREATED` datetime DEFAULT NULL,
  `DATE_MODIFIED` datetime DEFAULT NULL,
  `UPDT_ID` varchar(60) COLLATE utf8mb3_unicode_ci DEFAULT NULL,
  `PRODUCT_ATTR_ID` bigint NOT NULL,
  `SHP_CART_ITEM_ID` bigint NOT NULL,
  PRIMARY KEY (`SHP_CART_ATTR_ITEM_ID`),
  KEY `FKp42tpa623hyo9ww69v0ohb3er` (`SHP_CART_ITEM_ID`),
  CONSTRAINT `FKp42tpa623hyo9ww69v0ohb3er` FOREIGN KEY (`SHP_CART_ITEM_ID`) REFERENCES `shopping_cart_item` (`SHP_CART_ITEM_ID`)
) ENGINE=InnoDB DEFAULT CHARSET=utf8mb3 COLLATE=utf8mb3_unicode_ci;
/*!40101 SET character_set_client = @saved_cs_client */;

--
-- Dumping data for table `shopping_cart_attr_item`
--

LOCK TABLES `shopping_cart_attr_item` WRITE;
/*!40000 ALTER TABLE `shopping_cart_attr_item` DISABLE KEYS */;
/*!40000 ALTER TABLE `shopping_cart_attr_item` ENABLE KEYS */;
UNLOCK TABLES;

--
-- Table structure for table `shopping_cart_item`
--

DROP TABLE IF EXISTS `shopping_cart_item`;
/*!40101 SET @saved_cs_client     = @@character_set_client */;
/*!50503 SET character_set_client = utf8mb4 */;
CREATE TABLE `shopping_cart_item` (
  `SHP_CART_ITEM_ID` bigint NOT NULL,
  `DATE_CREATED` datetime DEFAULT NULL,
  `DATE_MODIFIED` datetime DEFAULT NULL,
  `UPDT_ID` varchar(60) COLLATE utf8mb3_unicode_ci DEFAULT NULL,
  `PRODUCT_ID` bigint NOT NULL,
  `QUANTITY` int DEFAULT NULL,
  `SKU` varchar(255) COLLATE utf8mb3_unicode_ci DEFAULT NULL,
  `PRODUCT_VARIANT` bigint DEFAULT NULL,
  `SHP_CART_ID` bigint NOT NULL,
  PRIMARY KEY (`SHP_CART_ITEM_ID`),
  KEY `FK2gbimdwe9uysd5xadnfl0xq83` (`SHP_CART_ID`),
  CONSTRAINT `FK2gbimdwe9uysd5xadnfl0xq83` FOREIGN KEY (`SHP_CART_ID`) REFERENCES `shopping_cart` (`SHP_CART_ID`)
) ENGINE=InnoDB DEFAULT CHARSET=utf8mb3 COLLATE=utf8mb3_unicode_ci;
/*!40101 SET character_set_client = @saved_cs_client */;

--
-- Dumping data for table `shopping_cart_item`
--

LOCK TABLES `shopping_cart_item` WRITE;
/*!40000 ALTER TABLE `shopping_cart_item` DISABLE KEYS */;
/*!40000 ALTER TABLE `shopping_cart_item` ENABLE KEYS */;
UNLOCK TABLES;

--
-- Table structure for table `skill_description`
--

DROP TABLE IF EXISTS `skill_description`;
/*!40101 SET @saved_cs_client     = @@character_set_client */;
/*!50503 SET character_set_client = utf8mb4 */;
CREATE TABLE `skill_description` (
  `ID_SKILL` bigint NOT NULL AUTO_INCREMENT,
  `DATE_CREATED` datetime DEFAULT NULL,
  `DATE_MODIFIED` datetime DEFAULT NULL,
  `UPDT_ID` varchar(60) COLLATE utf8mb3_unicode_ci DEFAULT NULL,
  `CODE` varchar(255) COLLATE utf8mb3_unicode_ci DEFAULT NULL,
  `NAME` varchar(255) COLLATE utf8mb3_unicode_ci DEFAULT NULL,
  PRIMARY KEY (`ID_SKILL`),
  UNIQUE KEY `UK_i94csmwi59928m39lgoos5odf` (`CODE`)
) ENGINE=InnoDB AUTO_INCREMENT=149 DEFAULT CHARSET=utf8mb3 COLLATE=utf8mb3_unicode_ci;
/*!40101 SET character_set_client = @saved_cs_client */;

--
-- Dumping data for table `skill_description`
--

LOCK TABLES `skill_description` WRITE;
/*!40000 ALTER TABLE `skill_description` DISABLE KEYS */;
INSERT INTO `skill_description` VALUES (1,NULL,NULL,NULL,'java','Java'),(2,NULL,NULL,NULL,'dev','Developer'),(3,NULL,NULL,NULL,'negotiation_skill','Đàm phán'),(4,NULL,NULL,NULL,'programming_skill','Lập trình'),(5,NULL,NULL,NULL,'problem_solving_skill','Giải quyết vấn đề'),(6,NULL,NULL,NULL,'sales_skill','Bán hàng'),(7,NULL,NULL,NULL,'leadership_skill','Lãnh đạo'),(8,NULL,NULL,NULL,'project_management_skill','Quản lý dự án'),(9,NULL,NULL,NULL,'accounting_software_skill','Sử dụng phần mềm kế toán'),(10,NULL,NULL,NULL,'financial_management_skill','Quản lý tài chính'),(11,NULL,NULL,NULL,'teamwork_skill','Làm việc nhóm'),(12,NULL,NULL,NULL,'repair_skill','Sửa chữa'),(13,NULL,NULL,NULL,'installation_skill','Lắp đặt'),(14,NULL,NULL,NULL,'maintenance_skill','Bảo trì'),(15,NULL,NULL,NULL,'marketing_skill','Tiếp thị'),(16,NULL,NULL,NULL,'advertising_skill','Quảng cáo'),(17,NULL,NULL,NULL,'customer_service_skill','Dịch vụ khách hàng'),(18,NULL,NULL,NULL,'data_analysis_skill','Phân tích dữ liệu'),(19,NULL,NULL,NULL,'problem_id_skillentification_skill','Xác định vấn đề'),(20,NULL,NULL,NULL,'time_management_skill','Quản lý thời gian'),(21,NULL,NULL,NULL,'creativity_skill','Sáng tạo'),(22,NULL,NULL,NULL,'critical_thinking_skill','Tư duy phản biện'),(23,NULL,NULL,NULL,'decision_making_skill','Ra quyết định'),(24,NULL,NULL,NULL,'emotional_intelligence_skill','Trí tuệ cảm xúc'),(25,NULL,NULL,NULL,'adaptability_skill','Sự thích nghi'),(27,NULL,NULL,NULL,'team_management_skill','Quản lý nhóm'),(28,NULL,NULL,NULL,'research_skill','Nghiên cứu'),(29,NULL,NULL,NULL,'problem-solving_skill','Giải quyết vấn đề'),(30,NULL,NULL,NULL,'communication_skill','Giao tiếp'),(34,NULL,NULL,NULL,'design_skill','Thiết kế'),(35,NULL,NULL,NULL,'firearms_skill','Hỏa giáp'),(36,NULL,NULL,NULL,'crisis_response_skill','Biện pháp ứng phó'),(37,NULL,NULL,NULL,'survey_skill','Khảo sát'),(38,NULL,NULL,NULL,'data_skill','Dữ liệu'),(39,NULL,NULL,NULL,'statistics_skill','Thống kê'),(40,NULL,NULL,NULL,'positioning_skill','Định vị'),(41,NULL,NULL,NULL,'interaction_skill','Tương tác'),(43,NULL,NULL,NULL,'analysis_skill','Phân tích'),(44,NULL,NULL,NULL,'forecasting_skill','Dự báo'),(45,NULL,NULL,NULL,'data_collection_skill','Thu thập'),(46,NULL,NULL,NULL,'solid_skillity_skill','Solid_skillity'),(47,NULL,NULL,NULL,'ethereum_skill','Ethereum'),(48,NULL,NULL,NULL,'hyperledger_fabric_skill','Hyperledger Fabric'),(49,NULL,NULL,NULL,'smart_contract_skill','Smart Contract'),(50,NULL,NULL,NULL,'adobe_creative_suite_skill','Adobe Creative Suite'),(51,NULL,NULL,NULL,'sketch_skill','Sketch'),(52,NULL,NULL,NULL,'wireframing_skill','Wireframing'),(53,NULL,NULL,NULL,'prototyping_skill','Prototyping'),(54,NULL,NULL,NULL,'testing_methodologies_skill','Testing methodologies'),(55,NULL,NULL,NULL,'test_automation_skill','Test automation'),(56,NULL,NULL,NULL,'bug_tracking_skill','Bug tracking'),(57,NULL,NULL,NULL,'selenium_skill','Selenium'),(58,NULL,NULL,NULL,'java_skill','Java'),(59,NULL,NULL,NULL,'swift_skill','Swift'),(60,NULL,NULL,NULL,'react_native_skill','React Native'),(61,NULL,NULL,NULL,'kotlin_skill','Kotlin'),(63,NULL,NULL,NULL,'agile_skill','Agile'),(64,NULL,NULL,NULL,'scrum_skill','Scrum'),(65,NULL,NULL,NULL,'kanban_skill','Kanban'),(66,NULL,NULL,NULL,'docker_skill','Docker'),(67,NULL,NULL,NULL,'kubernetes_skill','Kubernetes'),(68,NULL,NULL,NULL,'aws_skill','Amazon Web Services (AWS)'),(69,NULL,NULL,NULL,'azure_skill','Microsoft Azure'),(70,NULL,NULL,NULL,'google_cloud_skill','Google Cloud'),(71,NULL,NULL,NULL,'devops_skill','DevOps'),(72,NULL,NULL,NULL,'continuous_integration_skill','Continuous Integration'),(73,NULL,NULL,NULL,'continuous_deployment_skill','Continuous Deployment'),(74,NULL,NULL,NULL,'git_skill','Git'),(75,NULL,NULL,NULL,'github_skill','GitHub'),(76,NULL,NULL,NULL,'bitbucket_skill','Bitbucket'),(77,NULL,NULL,NULL,'jira_skill','Jira'),(78,NULL,NULL,NULL,'confluence_skill','Confluence'),(79,NULL,NULL,NULL,'ansible_skill','Ansible'),(80,NULL,NULL,NULL,'terraform_skill','Terraform'),(81,NULL,NULL,NULL,'python_skill','Python'),(83,NULL,NULL,NULL,'javascript_skill','JavaScript'),(84,NULL,NULL,NULL,'csharp_skill','C#'),(85,NULL,NULL,NULL,'php_skill','PHP'),(86,NULL,NULL,NULL,'ruby_skill','Ruby'),(87,NULL,NULL,NULL,'go_skill','Go'),(89,NULL,NULL,NULL,'typescript_skill','TypeScript'),(90,NULL,NULL,NULL,'html_skill','HTML'),(91,NULL,NULL,NULL,'css_skill','CSS'),(92,NULL,NULL,NULL,'ky_nang_hon_nhan','Hôn nhân'),(93,NULL,NULL,NULL,'ky_nang_gia_dinh','Gia đình'),(94,NULL,NULL,NULL,'ky_nang_chi_phi','Chi phí'),(95,NULL,NULL,NULL,'ky_nang_ky_thuat','Kỹ thuật'),(111,NULL,NULL,NULL,'ky_nang_thong_tin','Thông tin'),(112,NULL,NULL,NULL,'ky_nang_du_toan','Dự toán'),(113,NULL,NULL,NULL,'ky_nang_tu_van_suc_khoe','Tư vấn sức khỏe'),(114,NULL,NULL,NULL,'ky_nang_suc_khoe','Sức khỏe'),(115,NULL,NULL,NULL,'ky_nang_dinh_duong','Dinh dưỡng'),(116,NULL,NULL,NULL,'ky_nang_lao_dong','Lao động'),(117,NULL,NULL,NULL,'ky_nang_an_toan','An toàn'),(118,NULL,NULL,NULL,'ky_nang_cham_soc_da','Chăm sóc da'),(119,NULL,NULL,NULL,'ky_nang_trang_diem','Trang điểm'),(120,NULL,NULL,NULL,'ky_nang_phuc_hoi_da','Phục hồi da'),(121,NULL,NULL,NULL,'ky_nang_trang_bi','Trang bị'),(122,NULL,NULL,NULL,'ky_nang_bep','Bếp'),(123,NULL,NULL,NULL,'ky_nang_pha_che','Pha chế'),(124,NULL,NULL,NULL,'ky_nang_pha_che_ruou','Pha chế rượu'),(125,NULL,NULL,NULL,'ky_nang_pha_che_cafe','Pha chế cà phê'),(126,NULL,NULL,NULL,'ky_nang_pha_che_nuoc_uong','Pha chế nước uống'),(127,NULL,NULL,NULL,'ky_nang_tu_van_du_hoc','Tư vấn du học'),(128,NULL,NULL,NULL,'ky_nang_lam_moi_ho_so','Làm mới hồ sơ'),(129,NULL,NULL,NULL,'ky_nang_lam_viec_tu_xa','Làm việc từ xa'),(130,NULL,NULL,NULL,'ky_nang_soan_thao','Soạn thảo'),(131,NULL,NULL,NULL,'ky_nang_nghien_cuu','Nghiên cứu'),(132,NULL,NULL,NULL,'ky_nang_phat_trien_du_an','Phát triển dự án'),(133,NULL,NULL,NULL,'ky_nang_tu_van_tu_thien','Tư vấn từ thiện'),(134,NULL,NULL,NULL,'ky_nang_thuc_pham','Thực phẩm'),(135,NULL,NULL,NULL,'ky_nang_nong_nghiep','Nông nghiệp'),(136,NULL,NULL,NULL,'ky_nang_thiet_ke','Thiết kế'),(137,NULL,NULL,NULL,'ky_nang_dien','Điện'),(138,NULL,NULL,NULL,'ky_nang_dien_tu','Điện tử'),(139,NULL,NULL,NULL,'ky_nang_nuoi_trong','Nuôi trồng'),(140,NULL,NULL,NULL,'ky_nang_quan_tri_ban_hang','Quản trị bán hàng'),(141,NULL,NULL,NULL,'ky_nang_mua_ban','Mua bán'),(142,NULL,NULL,NULL,'ky_nang_giao_tiep','Giao tiếp'),(143,NULL,NULL,NULL,'ky_nang_giao_duc','Giáo dục'),(144,NULL,NULL,NULL,'ky_nang_hoc','Học'),(145,NULL,NULL,NULL,'ky_nang_cong_nghe','Công nghệ'),(147,NULL,NULL,NULL,'presentation_skill','Thuyết trình');
/*!40000 ALTER TABLE `skill_description` ENABLE KEYS */;
UNLOCK TABLES;

--
-- Table structure for table `skill_product_entry`
--

DROP TABLE IF EXISTS `skill_product_entry`;
/*!40101 SET @saved_cs_client     = @@character_set_client */;
/*!50503 SET character_set_client = utf8mb4 */;
CREATE TABLE `skill_product_entry` (
  `PRODUCT_ID` bigint NOT NULL,
  `ID_SKILL` bigint NOT NULL,
  PRIMARY KEY (`PRODUCT_ID`,`ID_SKILL`),
  KEY `FK8uktye5cf566dtqqe8h94lec8` (`ID_SKILL`),
  CONSTRAINT `FK1p3ij2xpyrlqvvhqgrxt01ncv` FOREIGN KEY (`PRODUCT_ID`) REFERENCES `product` (`PRODUCT_ID`),
  CONSTRAINT `FK8uktye5cf566dtqqe8h94lec8` FOREIGN KEY (`ID_SKILL`) REFERENCES `skill_description` (`ID_SKILL`)
) ENGINE=InnoDB DEFAULT CHARSET=utf8mb3 COLLATE=utf8mb3_unicode_ci;
/*!40101 SET character_set_client = @saved_cs_client */;

--
-- Dumping data for table `skill_product_entry`
--

LOCK TABLES `skill_product_entry` WRITE;
/*!40000 ALTER TABLE `skill_product_entry` DISABLE KEYS */;
INSERT INTO `skill_product_entry` VALUES (2,1),(100,1),(151,1),(200,1),(201,1),(251,1),(252,1),(253,1),(100,2),(151,2),(200,2),(201,2),(251,2),(252,2),(253,2);
/*!40000 ALTER TABLE `skill_product_entry` ENABLE KEYS */;
UNLOCK TABLES;

--
-- Table structure for table `sm_group`
--

DROP TABLE IF EXISTS `sm_group`;
/*!40101 SET @saved_cs_client     = @@character_set_client */;
/*!50503 SET character_set_client = utf8mb4 */;
CREATE TABLE `sm_group` (
  `GROUP_ID` int NOT NULL,
  `DATE_CREATED` datetime DEFAULT NULL,
  `DATE_MODIFIED` datetime DEFAULT NULL,
  `UPDT_ID` varchar(60) COLLATE utf8mb3_unicode_ci DEFAULT NULL,
  `GROUP_NAME` varchar(255) COLLATE utf8mb3_unicode_ci DEFAULT NULL,
  `GROUP_TYPE` varchar(255) COLLATE utf8mb3_unicode_ci DEFAULT NULL,
  PRIMARY KEY (`GROUP_ID`),
  UNIQUE KEY `UK_t83rjsoml3o785oj37lpqpyko` (`GROUP_NAME`),
  KEY `SM_GROUP_GROUP_TYPE` (`GROUP_TYPE`)
) ENGINE=InnoDB DEFAULT CHARSET=utf8mb3 COLLATE=utf8mb3_unicode_ci;
/*!40101 SET character_set_client = @saved_cs_client */;

--
-- Dumping data for table `sm_group`
--

LOCK TABLES `sm_group` WRITE;
/*!40000 ALTER TABLE `sm_group` DISABLE KEYS */;
INSERT INTO `sm_group` VALUES (1,'2023-05-17 03:35:17','2023-05-17 03:35:17',NULL,'SUPERADMIN','ADMIN'),(2,'2023-05-17 03:35:17','2023-05-17 03:35:17',NULL,'ADMIN','ADMIN'),(3,'2023-05-17 03:35:17','2023-05-17 03:35:17',NULL,'ADMIN_RETAILER','ADMIN'),(4,'2023-05-17 03:35:17','2023-05-17 03:35:17',NULL,'ADMIN_STORE','ADMIN'),(5,'2023-05-17 03:35:17','2023-05-17 03:35:17',NULL,'ADMIN_CATALOGUE','ADMIN'),(6,'2023-05-17 03:35:17','2023-05-17 03:35:17',NULL,'ADMIN_ORDER','ADMIN'),(7,'2023-05-17 03:35:17','2023-05-17 03:35:17',NULL,'ADMIN_CONTENT','ADMIN'),(8,'2023-05-17 03:35:17','2023-05-17 03:35:17',NULL,'CUSTOMER','CUSTOMER');
/*!40000 ALTER TABLE `sm_group` ENABLE KEYS */;
UNLOCK TABLES;

--
-- Table structure for table `sm_sequencer`
--

DROP TABLE IF EXISTS `sm_sequencer`;
/*!40101 SET @saved_cs_client     = @@character_set_client */;
/*!50503 SET character_set_client = utf8mb4 */;
CREATE TABLE `sm_sequencer` (
  `SEQ_NAME` varchar(255) COLLATE utf8mb3_unicode_ci NOT NULL,
  `SEQ_COUNT` bigint DEFAULT NULL,
  PRIMARY KEY (`SEQ_NAME`)
) ENGINE=InnoDB DEFAULT CHARSET=utf8mb3 COLLATE=utf8mb3_unicode_ci;
/*!40101 SET character_set_client = @saved_cs_client */;

--
-- Dumping data for table `sm_sequencer`
--

LOCK TABLES `sm_sequencer` WRITE;
/*!40000 ALTER TABLE `sm_sequencer` DISABLE KEYS */;
INSERT INTO `sm_sequencer` VALUES ('CATEGORY_SEQ_NEXT_VAL',2),('country_description_seq',712),('COUNTRY_SEQ_NEXT_VAL',5),('CURRENCY_SEQ_NEXT_VAL',4),('CUSTOMER_SEQ_NEXT_VAL',11),('GROUP_SEQ_NEXT_VAL',1),('LANG_SEQ_NEXT_VAL',1),('MANUFACT_SEQ_NEXT_VAL',1),('manufacturer_description_seq',2),('MERCH_CONF_SEQ_NEXT_VAL',1),('MOD_CONF_SEQ_NEXT_VAL',1),('OPTIN_SEQ_NEXT_VAL',1),('PERMISSION_SEQ_NEXT_VAL',1),('PRD_TYPE_SEQ_NEXT_VAL',5),('PRODUCT_AVAIL_SEQ_NEXT_VAL',6),('product_description_seq',13),('product_price_description_seq',13),('PRODUCT_PRICE_SEQ_NEXT_VAL',6),('PRODUCT_SEQ_NEXT_VAL',6),('product_type_description_seq',3),('STORE_SEQ_NEXT_VAL',1),('TX_CLASS_SEQ_NEXT_VAL',1),('USER_SEQ_NEXT_VAL',1),('zone_description_seq',652),('ZONE_SEQ_NEXT_VAL',5);
/*!40000 ALTER TABLE `sm_sequencer` ENABLE KEYS */;
UNLOCK TABLES;

--
-- Table structure for table `sm_transaction`
--

DROP TABLE IF EXISTS `sm_transaction`;
/*!40101 SET @saved_cs_client     = @@character_set_client */;
/*!50503 SET character_set_client = utf8mb4 */;
CREATE TABLE `sm_transaction` (
  `TRANSACTION_ID` bigint NOT NULL,
  `AMOUNT` decimal(19,2) DEFAULT NULL,
  `DATE_CREATED` datetime DEFAULT NULL,
  `DATE_MODIFIED` datetime DEFAULT NULL,
  `UPDT_ID` varchar(60) COLLATE utf8mb3_unicode_ci DEFAULT NULL,
  `DETAILS` longtext COLLATE utf8mb3_unicode_ci,
  `PAYMENT_TYPE` varchar(255) COLLATE utf8mb3_unicode_ci DEFAULT NULL,
  `TRANSACTION_DATE` datetime DEFAULT NULL,
  `TRANSACTION_TYPE` varchar(255) COLLATE utf8mb3_unicode_ci DEFAULT NULL,
  `ORDER_ID` bigint DEFAULT NULL,
  PRIMARY KEY (`TRANSACTION_ID`),
  KEY `FK7j0s1gqh2tue1fyh5nyj5kwkp` (`ORDER_ID`),
  CONSTRAINT `FK7j0s1gqh2tue1fyh5nyj5kwkp` FOREIGN KEY (`ORDER_ID`) REFERENCES `orders` (`ORDER_ID`)
) ENGINE=InnoDB DEFAULT CHARSET=utf8mb3 COLLATE=utf8mb3_unicode_ci;
/*!40101 SET character_set_client = @saved_cs_client */;

--
-- Dumping data for table `sm_transaction`
--

LOCK TABLES `sm_transaction` WRITE;
/*!40000 ALTER TABLE `sm_transaction` DISABLE KEYS */;
/*!40000 ALTER TABLE `sm_transaction` ENABLE KEYS */;
UNLOCK TABLES;

--
-- Table structure for table `social_contact`
--

DROP TABLE IF EXISTS `social_contact`;
/*!40101 SET @saved_cs_client     = @@character_set_client */;
/*!50503 SET character_set_client = utf8mb4 */;
CREATE TABLE `social_contact` (
  `id` varchar(255) COLLATE utf8mb3_unicode_ci NOT NULL,
  `LINK` varchar(255) COLLATE utf8mb3_unicode_ci NOT NULL,
  `NAME_SOCIAL` varchar(255) COLLATE utf8mb3_unicode_ci NOT NULL,
  `CV_ID` varchar(255) COLLATE utf8mb3_unicode_ci DEFAULT NULL,
  PRIMARY KEY (`id`),
  KEY `FKd2gregk4wegv3xbh70kcs6isk` (`CV_ID`),
  CONSTRAINT `FKd2gregk4wegv3xbh70kcs6isk` FOREIGN KEY (`CV_ID`) REFERENCES `cv` (`id`)
) ENGINE=InnoDB DEFAULT CHARSET=utf8mb3 COLLATE=utf8mb3_unicode_ci;
/*!40101 SET character_set_client = @saved_cs_client */;

--
-- Dumping data for table `social_contact`
--

LOCK TABLES `social_contact` WRITE;
/*!40000 ALTER TABLE `social_contact` DISABLE KEYS */;
INSERT INTO `social_contact` VALUES ('60628d52-eab1-410d-a803-a083997b62e9','www.fb.cojjjm','Facebook','92772af3-4e29-4fd2-a6e5-dd4a1c4cc14e');
/*!40000 ALTER TABLE `social_contact` ENABLE KEYS */;
UNLOCK TABLES;

--
-- Table structure for table `system_configuration`
--

DROP TABLE IF EXISTS `system_configuration`;
/*!40101 SET @saved_cs_client     = @@character_set_client */;
/*!50503 SET character_set_client = utf8mb4 */;
CREATE TABLE `system_configuration` (
  `SYSTEM_CONFIG_ID` bigint NOT NULL,
  `DATE_CREATED` datetime DEFAULT NULL,
  `DATE_MODIFIED` datetime DEFAULT NULL,
  `UPDT_ID` varchar(60) COLLATE utf8mb3_unicode_ci DEFAULT NULL,
  `CONFIG_KEY` varchar(255) COLLATE utf8mb3_unicode_ci DEFAULT NULL,
  `VALUE` varchar(255) COLLATE utf8mb3_unicode_ci DEFAULT NULL,
  PRIMARY KEY (`SYSTEM_CONFIG_ID`)
) ENGINE=InnoDB DEFAULT CHARSET=utf8mb3 COLLATE=utf8mb3_unicode_ci;
/*!40101 SET character_set_client = @saved_cs_client */;

--
-- Dumping data for table `system_configuration`
--

LOCK TABLES `system_configuration` WRITE;
/*!40000 ALTER TABLE `system_configuration` DISABLE KEYS */;
/*!40000 ALTER TABLE `system_configuration` ENABLE KEYS */;
UNLOCK TABLES;

--
-- Table structure for table `system_notification`
--

DROP TABLE IF EXISTS `system_notification`;
/*!40101 SET @saved_cs_client     = @@character_set_client */;
/*!50503 SET character_set_client = utf8mb4 */;
CREATE TABLE `system_notification` (
  `SYSTEM_NOTIF_ID` bigint NOT NULL,
  `DATE_CREATED` datetime DEFAULT NULL,
  `DATE_MODIFIED` datetime DEFAULT NULL,
  `UPDT_ID` varchar(60) COLLATE utf8mb3_unicode_ci DEFAULT NULL,
  `END_DATE` date DEFAULT NULL,
  `CONFIG_KEY` varchar(255) COLLATE utf8mb3_unicode_ci DEFAULT NULL,
  `START_DATE` date DEFAULT NULL,
  `VALUE` varchar(255) COLLATE utf8mb3_unicode_ci DEFAULT NULL,
  `MERCHANT_ID` int DEFAULT NULL,
  `USER_ID` bigint DEFAULT NULL,
  PRIMARY KEY (`SYSTEM_NOTIF_ID`),
  UNIQUE KEY `UKnpdnlc390vgr2mhepib1mtrmr` (`MERCHANT_ID`,`CONFIG_KEY`),
  KEY `FK3dykr9pm9ln1uektuw18blb6m` (`USER_ID`),
  CONSTRAINT `FK3dykr9pm9ln1uektuw18blb6m` FOREIGN KEY (`USER_ID`) REFERENCES `users` (`USER_ID`),
  CONSTRAINT `FKs6qk7l06e0s6m9n04momedgt7` FOREIGN KEY (`MERCHANT_ID`) REFERENCES `merchant_store` (`MERCHANT_ID`)
) ENGINE=InnoDB DEFAULT CHARSET=utf8mb3 COLLATE=utf8mb3_unicode_ci;
/*!40101 SET character_set_client = @saved_cs_client */;

--
-- Dumping data for table `system_notification`
--

LOCK TABLES `system_notification` WRITE;
/*!40000 ALTER TABLE `system_notification` DISABLE KEYS */;
/*!40000 ALTER TABLE `system_notification` ENABLE KEYS */;
UNLOCK TABLES;

--
-- Table structure for table `tax_class`
--

DROP TABLE IF EXISTS `tax_class`;
/*!40101 SET @saved_cs_client     = @@character_set_client */;
/*!50503 SET character_set_client = utf8mb4 */;
CREATE TABLE `tax_class` (
  `TAX_CLASS_ID` bigint NOT NULL,
  `TAX_CLASS_CODE` varchar(10) COLLATE utf8mb3_unicode_ci NOT NULL,
  `TAX_CLASS_TITLE` varchar(32) COLLATE utf8mb3_unicode_ci NOT NULL,
  `MERCHANT_ID` int DEFAULT NULL,
  PRIMARY KEY (`TAX_CLASS_ID`),
  UNIQUE KEY `UKa4q5q57a8oeh2ojeo8dhr935k` (`MERCHANT_ID`,`TAX_CLASS_CODE`),
  KEY `TAX_CLASS_CODE_IDX` (`TAX_CLASS_CODE`),
  CONSTRAINT `FK82i8puujghcv7fc82qwsgjg8w` FOREIGN KEY (`MERCHANT_ID`) REFERENCES `merchant_store` (`MERCHANT_ID`)
) ENGINE=InnoDB DEFAULT CHARSET=utf8mb3 COLLATE=utf8mb3_unicode_ci;
/*!40101 SET character_set_client = @saved_cs_client */;

--
-- Dumping data for table `tax_class`
--

LOCK TABLES `tax_class` WRITE;
/*!40000 ALTER TABLE `tax_class` DISABLE KEYS */;
INSERT INTO `tax_class` VALUES (1,'DEFAULT','DEFAULT',1);
/*!40000 ALTER TABLE `tax_class` ENABLE KEYS */;
UNLOCK TABLES;

--
-- Table structure for table `tax_rate`
--

DROP TABLE IF EXISTS `tax_rate`;
/*!40101 SET @saved_cs_client     = @@character_set_client */;
/*!50503 SET character_set_client = utf8mb4 */;
CREATE TABLE `tax_rate` (
  `TAX_RATE_ID` bigint NOT NULL,
  `DATE_CREATED` datetime DEFAULT NULL,
  `DATE_MODIFIED` datetime DEFAULT NULL,
  `UPDT_ID` varchar(60) COLLATE utf8mb3_unicode_ci DEFAULT NULL,
  `TAX_CODE` varchar(255) COLLATE utf8mb3_unicode_ci DEFAULT NULL,
  `PIGGYBACK` bit(1) DEFAULT NULL,
  `STORE_STATE_PROV` varchar(100) COLLATE utf8mb3_unicode_ci DEFAULT NULL,
  `TAX_PRIORITY` int DEFAULT NULL,
  `TAX_RATE` decimal(7,4) NOT NULL,
  `COUNTRY_ID` int NOT NULL,
  `MERCHANT_ID` int NOT NULL,
  `PARENT_ID` bigint DEFAULT NULL,
  `TAX_CLASS_ID` bigint NOT NULL,
  `ZONE_ID` bigint DEFAULT NULL,
  PRIMARY KEY (`TAX_RATE_ID`),
  UNIQUE KEY `UK8gh6l9n0xq03b91sglp62oelu` (`TAX_CODE`,`MERCHANT_ID`),
  KEY `FK6wm34jcwoembe1qsmle2wtwnv` (`COUNTRY_ID`),
  KEY `FKfwp6yka2qps9jna473e6c6yc1` (`MERCHANT_ID`),
  KEY `FKt8isen27i3ioa0tw3bl8qlvdh` (`PARENT_ID`),
  KEY `FK7bpa9pbl1gnj5y3xbgs3wc0eg` (`TAX_CLASS_ID`),
  KEY `FKm9snpf6o1nb4j1t80nas8d1ix` (`ZONE_ID`),
  CONSTRAINT `FK6wm34jcwoembe1qsmle2wtwnv` FOREIGN KEY (`COUNTRY_ID`) REFERENCES `country` (`COUNTRY_ID`),
  CONSTRAINT `FK7bpa9pbl1gnj5y3xbgs3wc0eg` FOREIGN KEY (`TAX_CLASS_ID`) REFERENCES `tax_class` (`TAX_CLASS_ID`),
  CONSTRAINT `FKfwp6yka2qps9jna473e6c6yc1` FOREIGN KEY (`MERCHANT_ID`) REFERENCES `merchant_store` (`MERCHANT_ID`),
  CONSTRAINT `FKm9snpf6o1nb4j1t80nas8d1ix` FOREIGN KEY (`ZONE_ID`) REFERENCES `zone` (`ZONE_ID`),
  CONSTRAINT `FKt8isen27i3ioa0tw3bl8qlvdh` FOREIGN KEY (`PARENT_ID`) REFERENCES `tax_rate` (`TAX_RATE_ID`)
) ENGINE=InnoDB DEFAULT CHARSET=utf8mb3 COLLATE=utf8mb3_unicode_ci;
/*!40101 SET character_set_client = @saved_cs_client */;

--
-- Dumping data for table `tax_rate`
--

LOCK TABLES `tax_rate` WRITE;
/*!40000 ALTER TABLE `tax_rate` DISABLE KEYS */;
/*!40000 ALTER TABLE `tax_rate` ENABLE KEYS */;
UNLOCK TABLES;

--
-- Table structure for table `tax_rate_description`
--

DROP TABLE IF EXISTS `tax_rate_description`;
/*!40101 SET @saved_cs_client     = @@character_set_client */;
/*!50503 SET character_set_client = utf8mb4 */;
CREATE TABLE `tax_rate_description` (
  `DESCRIPTION_ID` bigint NOT NULL,
  `DATE_CREATED` datetime DEFAULT NULL,
  `DATE_MODIFIED` datetime DEFAULT NULL,
  `UPDT_ID` varchar(60) COLLATE utf8mb3_unicode_ci DEFAULT NULL,
  `DESCRIPTION` longtext COLLATE utf8mb3_unicode_ci,
  `NAME` varchar(120) COLLATE utf8mb3_unicode_ci NOT NULL,
  `TITLE` varchar(100) COLLATE utf8mb3_unicode_ci DEFAULT NULL,
  `LANGUAGE_ID` int NOT NULL,
  `TAX_RATE_ID` bigint DEFAULT NULL,
  PRIMARY KEY (`DESCRIPTION_ID`),
  UNIQUE KEY `UKt3xg8pl88yacdxg49nb46effg` (`TAX_RATE_ID`,`LANGUAGE_ID`),
  KEY `FKsicb2ydx42o04pvlnxw2mlx0w` (`LANGUAGE_ID`),
  CONSTRAINT `FK65c2lqslk5kx25dpkem2r0vxq` FOREIGN KEY (`TAX_RATE_ID`) REFERENCES `tax_rate` (`TAX_RATE_ID`),
  CONSTRAINT `FKsicb2ydx42o04pvlnxw2mlx0w` FOREIGN KEY (`LANGUAGE_ID`) REFERENCES `language` (`LANGUAGE_ID`)
) ENGINE=InnoDB DEFAULT CHARSET=utf8mb3 COLLATE=utf8mb3_unicode_ci;
/*!40101 SET character_set_client = @saved_cs_client */;

--
-- Dumping data for table `tax_rate_description`
--

LOCK TABLES `tax_rate_description` WRITE;
/*!40000 ALTER TABLE `tax_rate_description` DISABLE KEYS */;
/*!40000 ALTER TABLE `tax_rate_description` ENABLE KEYS */;
UNLOCK TABLES;

--
-- Table structure for table `user_group`
--

DROP TABLE IF EXISTS `user_group`;
/*!40101 SET @saved_cs_client     = @@character_set_client */;
/*!50503 SET character_set_client = utf8mb4 */;
CREATE TABLE `user_group` (
  `USER_ID` bigint NOT NULL,
  `GROUP_ID` int NOT NULL,
  KEY `FK75kainrhn4kh8j3sw2xbe7v61` (`GROUP_ID`),
  KEY `FK9op4wv63nonsby8y9myjhtho` (`USER_ID`),
  CONSTRAINT `FK75kainrhn4kh8j3sw2xbe7v61` FOREIGN KEY (`GROUP_ID`) REFERENCES `sm_group` (`GROUP_ID`),
  CONSTRAINT `FK9op4wv63nonsby8y9myjhtho` FOREIGN KEY (`USER_ID`) REFERENCES `users` (`USER_ID`)
) ENGINE=InnoDB DEFAULT CHARSET=utf8mb3 COLLATE=utf8mb3_unicode_ci;
/*!40101 SET character_set_client = @saved_cs_client */;

--
-- Dumping data for table `user_group`
--

LOCK TABLES `user_group` WRITE;
/*!40000 ALTER TABLE `user_group` DISABLE KEYS */;
INSERT INTO `user_group` VALUES (1,1),(1,2),(2,2);
/*!40000 ALTER TABLE `user_group` ENABLE KEYS */;
UNLOCK TABLES;

--
-- Table structure for table `userconnection`
--

DROP TABLE IF EXISTS `userconnection`;
/*!40101 SET @saved_cs_client     = @@character_set_client */;
/*!50503 SET character_set_client = utf8mb4 */;
CREATE TABLE `userconnection` (
  `providerId` varchar(255) COLLATE utf8mb3_unicode_ci NOT NULL,
  `providerUserId` varchar(255) COLLATE utf8mb3_unicode_ci NOT NULL,
  `userId` varchar(255) COLLATE utf8mb3_unicode_ci NOT NULL,
  `accessToken` varchar(255) COLLATE utf8mb3_unicode_ci DEFAULT NULL,
  `displayName` varchar(255) COLLATE utf8mb3_unicode_ci DEFAULT NULL,
  `expireTime` bigint DEFAULT NULL,
  `imageUrl` varchar(255) COLLATE utf8mb3_unicode_ci DEFAULT NULL,
  `profileUrl` varchar(255) COLLATE utf8mb3_unicode_ci DEFAULT NULL,
  `refreshToken` varchar(255) COLLATE utf8mb3_unicode_ci DEFAULT NULL,
  `secret` varchar(255) COLLATE utf8mb3_unicode_ci DEFAULT NULL,
  `userRank` int NOT NULL,
  PRIMARY KEY (`providerId`,`providerUserId`,`userId`)
) ENGINE=InnoDB DEFAULT CHARSET=utf8mb3 COLLATE=utf8mb3_unicode_ci;
/*!40101 SET character_set_client = @saved_cs_client */;

--
-- Dumping data for table `userconnection`
--

LOCK TABLES `userconnection` WRITE;
/*!40000 ALTER TABLE `userconnection` DISABLE KEYS */;
/*!40000 ALTER TABLE `userconnection` ENABLE KEYS */;
UNLOCK TABLES;

--
-- Table structure for table `users`
--

DROP TABLE IF EXISTS `users`;
/*!40101 SET @saved_cs_client     = @@character_set_client */;
/*!50503 SET character_set_client = utf8mb4 */;
CREATE TABLE `users` (
  `USER_ID` bigint NOT NULL,
  `ACTIVE` bit(1) DEFAULT NULL,
  `ADMIN_EMAIL` varchar(255) COLLATE utf8mb3_unicode_ci DEFAULT NULL,
  `ADMIN_NAME` varchar(100) COLLATE utf8mb3_unicode_ci DEFAULT NULL,
  `ADMIN_PASSWORD` varchar(60) COLLATE utf8mb3_unicode_ci DEFAULT NULL,
  `ADMIN_A1` varchar(255) COLLATE utf8mb3_unicode_ci DEFAULT NULL,
  `ADMIN_A2` varchar(255) COLLATE utf8mb3_unicode_ci DEFAULT NULL,
  `ADMIN_A3` varchar(255) COLLATE utf8mb3_unicode_ci DEFAULT NULL,
  `DATE_CREATED` datetime DEFAULT NULL,
  `DATE_MODIFIED` datetime DEFAULT NULL,
  `UPDT_ID` varchar(60) COLLATE utf8mb3_unicode_ci DEFAULT NULL,
  `RESET_CREDENTIALS_REQ` varchar(256) COLLATE utf8mb3_unicode_ci DEFAULT NULL,
  `RESET_CREDENTIALS_EXP` date DEFAULT NULL,
  `ADMIN_FIRST_NAME` varchar(255) COLLATE utf8mb3_unicode_ci DEFAULT NULL,
  `LAST_ACCESS` datetime DEFAULT NULL,
  `ADMIN_LAST_NAME` varchar(255) COLLATE utf8mb3_unicode_ci DEFAULT NULL,
  `LOGIN_ACCESS` datetime DEFAULT NULL,
  `ADMIN_Q1` varchar(255) COLLATE utf8mb3_unicode_ci DEFAULT NULL,
  `ADMIN_Q2` varchar(255) COLLATE utf8mb3_unicode_ci DEFAULT NULL,
  `ADMIN_Q3` varchar(255) COLLATE utf8mb3_unicode_ci DEFAULT NULL,
  `LANGUAGE_ID` int DEFAULT NULL,
  `MERCHANT_ID` int NOT NULL,
  PRIMARY KEY (`USER_ID`),
  UNIQUE KEY `UK7cwrowcnjlfxpxpdd1op9ymab` (`MERCHANT_ID`,`ADMIN_NAME`),
  KEY `USR_NAME_IDX` (`ADMIN_NAME`),
  KEY `FK4yb3ho4yxvcjniqg09opbm7ja` (`LANGUAGE_ID`),
  CONSTRAINT `FK4yb3ho4yxvcjniqg09opbm7ja` FOREIGN KEY (`LANGUAGE_ID`) REFERENCES `language` (`LANGUAGE_ID`),
  CONSTRAINT `FKtpio656e5t0cja7kx7p79rkh6` FOREIGN KEY (`MERCHANT_ID`) REFERENCES `merchant_store` (`MERCHANT_ID`)
) ENGINE=InnoDB DEFAULT CHARSET=utf8mb3 COLLATE=utf8mb3_unicode_ci;
/*!40101 SET character_set_client = @saved_cs_client */;

--
-- Dumping data for table `users`
--

LOCK TABLES `users` WRITE;
/*!40000 ALTER TABLE `users` DISABLE KEYS */;
INSERT INTO `users` VALUES (1,_binary '','admin@shopizer.com','admin@shopizer.com','$2a$10$1FaAgh0FzYgE4ki59tmnuOZeFHRQK6JYYBOtYDDAhGya2WXJakG76',NULL,NULL,NULL,'2023-05-17 03:35:40','2023-05-17 03:35:40',NULL,NULL,NULL,'Administrator',NULL,'User',NULL,NULL,NULL,NULL,NULL,1),(2,_binary '','ndlong@gmail.com','ndlong@gmail.com','$2a$10$u4fUZQIuS4hT8HdFbvFd9.cr7SgvhHGgQ/VY1HMKXu8WdhfkeK5CW',NULL,NULL,NULL,'2023-05-17 03:38:05','2023-05-17 03:38:05',NULL,NULL,NULL,'David',NULL,'Minh Man',NULL,NULL,NULL,NULL,NULL,2);
/*!40000 ALTER TABLE `users` ENABLE KEYS */;
UNLOCK TABLES;

--
-- Table structure for table `ward_description`
--

DROP TABLE IF EXISTS `ward_description`;
/*!40101 SET @saved_cs_client     = @@character_set_client */;
/*!50503 SET character_set_client = utf8mb4 */;
CREATE TABLE `ward_description` (
  `ID_WARD` bigint NOT NULL AUTO_INCREMENT,
  `DATE_CREATED` datetime DEFAULT NULL,
  `DATE_MODIFIED` datetime DEFAULT NULL,
  `UPDT_ID` varchar(60) COLLATE utf8mb3_unicode_ci DEFAULT NULL,
  `NAME` varchar(255) COLLATE utf8mb3_unicode_ci DEFAULT NULL,
  `ID_DISTRICT` bigint DEFAULT NULL,
  PRIMARY KEY (`ID_WARD`),
  KEY `FKe5umb9jby0vp8cdsyqvdbl8ae` (`ID_DISTRICT`),
  CONSTRAINT `FKe5umb9jby0vp8cdsyqvdbl8ae` FOREIGN KEY (`ID_DISTRICT`) REFERENCES `district_description` (`ID_DISTRICT`)
) ENGINE=InnoDB AUTO_INCREMENT=354 DEFAULT CHARSET=utf8mb3 COLLATE=utf8mb3_unicode_ci;
/*!40101 SET character_set_client = @saved_cs_client */;

--
-- Dumping data for table `ward_description`
--

LOCK TABLES `ward_description` WRITE;
/*!40000 ALTER TABLE `ward_description` DISABLE KEYS */;
INSERT INTO `ward_description` VALUES (1,'2023-05-15 22:15:56','2023-05-15 22:15:56',NULL,'Bến Nghé',1),(2,'2023-05-15 22:17:21','2023-05-15 22:17:21',NULL,'Bến Nghé',1),(3,'2023-05-15 22:17:21','2023-05-15 22:17:21',NULL,'Bến Thành',1),(4,'2023-05-15 22:17:21','2023-05-15 22:17:21',NULL,'Cầu Kho',1),(5,'2023-05-15 22:17:21','2023-05-15 22:17:21',NULL,'Cầu Ông Lãnh',1),(6,'2023-05-15 22:17:21','2023-05-15 22:17:21',NULL,'Cô Giang',1),(7,'2023-05-15 22:17:21','2023-05-15 22:17:21',NULL,'Đa Kao',1),(8,'2023-05-15 22:17:21','2023-05-15 22:17:21',NULL,'Nguyễn Cư Trinh',1),(9,'2023-05-15 22:17:21','2023-05-15 22:17:21',NULL,'Nguyễn Thái Bình',1),(10,'2023-05-15 22:17:21','2023-05-15 22:17:21',NULL,'Phạm Ngũ Lão',1),(11,'2023-05-15 22:17:21','2023-05-15 22:17:21',NULL,'Tân Định',1),(12,'2023-05-15 22:17:21','2023-05-15 22:17:21',NULL,'Đakao',1),(13,'2023-05-15 22:19:48','2023-05-15 22:19:48',NULL,'An Khánh',2),(14,'2023-05-15 22:19:48','2023-05-15 22:19:48',NULL,'An Lợi Đông',2),(15,'2023-05-15 22:19:48','2023-05-15 22:19:48',NULL,'An Phú',2),(16,'2023-05-15 22:19:48','2023-05-15 22:19:48',NULL,'Bình An',2),(17,'2023-05-15 22:19:48','2023-05-15 22:19:48',NULL,'Bình Khánh',2),(18,'2023-05-15 22:19:48','2023-05-15 22:19:48',NULL,'Bình Trưng Đông',2),(19,'2023-05-15 22:19:48','2023-05-15 22:19:48',NULL,'Bình Trưng Tây',2),(20,'2023-05-15 22:19:48','2023-05-15 22:19:48',NULL,'Cát Lái',2),(21,'2023-05-15 22:19:48','2023-05-15 22:19:48',NULL,'Thạnh Mỹ Lợi',2),(22,'2023-05-15 22:19:48','2023-05-15 22:19:48',NULL,'Thảo Điền',2),(23,'2023-05-15 22:21:30','2023-05-15 22:21:30',NULL,'1',3),(24,'2023-05-15 22:21:30','2023-05-15 22:21:30',NULL,'2',3),(25,'2023-05-15 22:21:30','2023-05-15 22:21:30',NULL,'3',3),(26,'2023-05-15 22:21:30','2023-05-15 22:21:30',NULL,'4',3),(27,'2023-05-15 22:21:30','2023-05-15 22:21:30',NULL,'5',3),(28,'2023-05-15 22:21:30','2023-05-15 22:21:30',NULL,'6',3),(29,'2023-05-15 22:21:30','2023-05-15 22:21:30',NULL,'7',3),(30,'2023-05-15 22:21:30','2023-05-15 22:21:30',NULL,'8',3),(31,'2023-05-15 22:21:30','2023-05-15 22:21:30',NULL,'9',3),(32,'2023-05-15 22:21:30','2023-05-15 22:21:30',NULL,'10',3),(33,'2023-05-15 22:21:30','2023-05-15 22:21:30',NULL,'11',3),(34,'2023-05-15 22:21:30','2023-05-15 22:21:30',NULL,'12',3),(35,'2023-05-15 22:21:30','2023-05-15 22:21:30',NULL,'13',3),(36,'2023-05-15 22:21:30','2023-05-15 22:21:30',NULL,'14',3),(37,'2023-05-15 22:21:30','2023-05-15 22:21:30',NULL,'15',3),(38,'2023-05-15 22:28:04','2023-05-15 22:28:04',NULL,'1',4),(39,'2023-05-15 22:28:04','2023-05-15 22:28:04',NULL,'2',4),(40,'2023-05-15 22:28:04','2023-05-15 22:28:04',NULL,'3',4),(41,'2023-05-15 22:28:04','2023-05-15 22:28:04',NULL,'4',4),(42,'2023-05-15 22:28:04','2023-05-15 22:28:04',NULL,'5',4),(43,'2023-05-15 22:28:04','2023-05-15 22:28:04',NULL,'6',4),(44,'2023-05-15 22:28:04','2023-05-15 22:28:04',NULL,'7',4),(45,'2023-05-15 22:28:04','2023-05-15 22:28:04',NULL,'8',4),(46,'2023-05-15 22:28:04','2023-05-15 22:28:04',NULL,'9',4),(47,'2023-05-15 22:28:04','2023-05-15 22:28:04',NULL,'10',4),(48,'2023-05-15 22:28:04','2023-05-15 22:28:04',NULL,'11',4),(49,'2023-05-15 22:28:04','2023-05-15 22:28:04',NULL,'12',4),(50,'2023-05-15 22:28:04','2023-05-15 22:28:04',NULL,'13',4),(51,'2023-05-15 22:28:04','2023-05-15 22:28:04',NULL,'14',4),(52,'2023-05-15 22:28:04','2023-05-15 22:28:04',NULL,'15',4),(53,'2023-05-15 22:28:04','2023-05-15 22:28:04',NULL,'16',4),(54,'2023-05-15 22:29:13','2023-05-15 22:29:13',NULL,'1',5),(55,'2023-05-15 22:29:13','2023-05-15 22:29:13',NULL,'2',5),(56,'2023-05-15 22:29:13','2023-05-15 22:29:13',NULL,'3',5),(57,'2023-05-15 22:29:13','2023-05-15 22:29:13',NULL,'4',5),(58,'2023-05-15 22:29:13','2023-05-15 22:29:13',NULL,'5',5),(59,'2023-05-15 22:29:13','2023-05-15 22:29:13',NULL,'6',5),(60,'2023-05-15 22:29:13','2023-05-15 22:29:13',NULL,'7',5),(61,'2023-05-15 22:29:13','2023-05-15 22:29:13',NULL,'8',5),(62,'2023-05-15 22:29:13','2023-05-15 22:29:13',NULL,'9',5),(63,'2023-05-15 22:29:13','2023-05-15 22:29:13',NULL,'10',5),(64,'2023-05-15 22:29:13','2023-05-15 22:29:13',NULL,'11',5),(65,'2023-05-15 22:29:13','2023-05-15 22:29:13',NULL,'12',5),(66,'2023-05-15 22:29:13','2023-05-15 22:29:13',NULL,'13',5),(67,'2023-05-15 22:29:13','2023-05-15 22:29:13',NULL,'14',5),(68,'2023-05-15 22:29:13','2023-05-15 22:29:13',NULL,'15',5),(69,'2023-05-15 22:29:13','2023-05-15 22:29:13',NULL,'16',5),(70,'2023-05-15 22:30:18','2023-05-15 22:30:18',NULL,'1',6),(71,'2023-05-15 22:30:18','2023-05-15 22:30:18',NULL,'2',6),(72,'2023-05-15 22:30:18','2023-05-15 22:30:18',NULL,'3',6),(73,'2023-05-15 22:30:18','2023-05-15 22:30:18',NULL,'4',6),(74,'2023-05-15 22:30:18','2023-05-15 22:30:18',NULL,'5',6),(75,'2023-05-15 22:30:18','2023-05-15 22:30:18',NULL,'6',6),(76,'2023-05-15 22:30:18','2023-05-15 22:30:18',NULL,'7',6),(77,'2023-05-15 22:30:18','2023-05-15 22:30:18',NULL,'8',6),(78,'2023-05-15 22:30:18','2023-05-15 22:30:18',NULL,'9',6),(79,'2023-05-15 22:30:18','2023-05-15 22:30:18',NULL,'10',6),(80,'2023-05-15 22:30:18','2023-05-15 22:30:18',NULL,'11',6),(81,'2023-05-15 22:30:18','2023-05-15 22:30:18',NULL,'12',6),(82,'2023-05-15 22:30:18','2023-05-15 22:30:18',NULL,'13',6),(83,'2023-05-15 22:30:18','2023-05-15 22:30:18',NULL,'14',6),(84,'2023-05-15 22:30:18','2023-05-15 22:30:18',NULL,'15',6),(85,'2023-05-15 22:30:18','2023-05-15 22:30:18',NULL,'16',6),(86,'2023-05-15 22:32:00','2023-05-15 22:32:00',NULL,'Bình Thuận',7),(87,'2023-05-15 22:32:00','2023-05-15 22:32:00',NULL,'Phú Mỹ',7),(88,'2023-05-15 22:32:00','2023-05-15 22:32:00',NULL,'Phú Thuận',7),(89,'2023-05-15 22:32:00','2023-05-15 22:32:00',NULL,'Tân Hưng',7),(90,'2023-05-15 22:32:00','2023-05-15 22:32:00',NULL,'Tân Kiểng',7),(91,'2023-05-15 22:32:00','2023-05-15 22:32:00',NULL,'Tân Phong',7),(92,'2023-05-15 22:32:00','2023-05-15 22:32:00',NULL,'Tân Phú',7),(93,'2023-05-15 22:32:00','2023-05-15 22:32:00',NULL,'Tân Quy',7),(94,'2023-05-15 22:32:00','2023-05-15 22:32:00',NULL,'Tân Thuận Đông',7),(95,'2023-05-15 22:32:00','2023-05-15 22:32:00',NULL,'Tân Thuận Tây',7),(96,'2023-05-15 22:33:50','2023-05-15 22:33:50',NULL,'1',8),(97,'2023-05-15 22:33:50','2023-05-15 22:33:50',NULL,'2',8),(98,'2023-05-15 22:33:50','2023-05-15 22:33:50',NULL,'3',8),(99,'2023-05-15 22:33:50','2023-05-15 22:33:50',NULL,'4',8),(100,'2023-05-15 22:33:50','2023-05-15 22:33:50',NULL,'5',8),(101,'2023-05-15 22:33:50','2023-05-15 22:33:50',NULL,'6',8),(102,'2023-05-15 22:33:50','2023-05-15 22:33:50',NULL,'7',8),(103,'2023-05-15 22:33:50','2023-05-15 22:33:50',NULL,'8',8),(104,'2023-05-15 22:33:50','2023-05-15 22:33:50',NULL,'9',8),(105,'2023-05-15 22:33:50','2023-05-15 22:33:50',NULL,'10',8),(106,'2023-05-15 22:33:50','2023-05-15 22:33:50',NULL,'11',8),(107,'2023-05-15 22:33:50','2023-05-15 22:33:50',NULL,'12',8),(108,'2023-05-15 22:33:50','2023-05-15 22:33:50',NULL,'13',8),(109,'2023-05-15 22:33:50','2023-05-15 22:33:50',NULL,'14',8),(110,'2023-05-15 22:33:50','2023-05-15 22:33:50',NULL,'15',8),(111,'2023-05-15 22:33:50','2023-05-15 22:33:50',NULL,'16',8),(112,'2023-05-15 22:33:50','2023-05-15 22:33:50',NULL,'Bình Đức',8),(113,'2023-05-15 22:33:50','2023-05-15 22:33:50',NULL,'Bình Hưng Hòa',8),(114,'2023-05-15 22:33:50','2023-05-15 22:33:50',NULL,'Bình Hưng Hòa A',8),(115,'2023-05-15 22:33:50','2023-05-15 22:33:50',NULL,'Bình Hưng Hòa B',8),(116,'2023-05-15 22:36:03','2023-05-15 22:36:03',NULL,'Hiệp Phú',9),(117,'2023-05-15 22:36:03','2023-05-15 22:36:03',NULL,'Long Bình',9),(118,'2023-05-15 22:36:03','2023-05-15 22:36:03',NULL,'Long Phước',9),(119,'2023-05-15 22:36:03','2023-05-15 22:36:03',NULL,'Long Thạnh Mỹ',9),(120,'2023-05-15 22:36:03','2023-05-15 22:36:03',NULL,'Long Trường',9),(121,'2023-05-15 22:36:03','2023-05-15 22:36:03',NULL,'Phú Hữu',9),(122,'2023-05-15 22:36:03','2023-05-15 22:36:03',NULL,'Phước Bình',9),(123,'2023-05-15 22:36:03','2023-05-15 22:36:03',NULL,'Phước Long A',9),(124,'2023-05-15 22:36:03','2023-05-15 22:36:03',NULL,'Phước Long B',9),(125,'2023-05-15 22:36:03','2023-05-15 22:36:03',NULL,'Tăng Nhơn Phú A',9),(126,'2023-05-15 22:36:03','2023-05-15 22:36:03',NULL,'Tăng Nhơn Phú B',9),(127,'2023-05-15 22:36:03','2023-05-15 22:36:03',NULL,'Trường Thạnh',9),(128,'2023-05-15 22:37:18','2023-05-15 22:37:18',NULL,'1',10),(129,'2023-05-15 22:37:18','2023-05-15 22:37:18',NULL,'2',10),(130,'2023-05-15 22:37:18','2023-05-15 22:37:18',NULL,'3',10),(131,'2023-05-15 22:37:18','2023-05-15 22:37:18',NULL,'4',10),(132,'2023-05-15 22:37:18','2023-05-15 22:37:18',NULL,'5',10),(133,'2023-05-15 22:37:18','2023-05-15 22:37:18',NULL,'6',10),(134,'2023-05-15 22:37:18','2023-05-15 22:37:18',NULL,'7',10),(135,'2023-05-15 22:37:18','2023-05-15 22:37:18',NULL,'8',10),(136,'2023-05-15 22:37:18','2023-05-15 22:37:18',NULL,'9',10),(137,'2023-05-15 22:37:18','2023-05-15 22:37:18',NULL,'10',10),(138,'2023-05-15 22:37:18','2023-05-15 22:37:18',NULL,'11',10),(139,'2023-05-15 22:37:18','2023-05-15 22:37:18',NULL,'12',10),(140,'2023-05-15 22:37:18','2023-05-15 22:37:18',NULL,'13',10),(141,'2023-05-15 22:37:18','2023-05-15 22:37:18',NULL,'14',10),(142,'2023-05-15 22:37:18','2023-05-15 22:37:18',NULL,'15',10),(143,'2023-05-15 22:38:00','2023-05-15 22:38:00',NULL,'1',11),(144,'2023-05-15 22:38:00','2023-05-15 22:38:00',NULL,'2',11),(145,'2023-05-15 22:38:00','2023-05-15 22:38:00',NULL,'3',11),(146,'2023-05-15 22:38:00','2023-05-15 22:38:00',NULL,'4',11),(147,'2023-05-15 22:38:00','2023-05-15 22:38:00',NULL,'5',11),(148,'2023-05-15 22:38:00','2023-05-15 22:38:00',NULL,'6',11),(149,'2023-05-15 22:38:00','2023-05-15 22:38:00',NULL,'7',11),(150,'2023-05-15 22:38:00','2023-05-15 22:38:00',NULL,'8',11),(151,'2023-05-15 22:38:00','2023-05-15 22:38:00',NULL,'9',11),(152,'2023-05-15 22:38:00','2023-05-15 22:38:00',NULL,'10',11),(153,'2023-05-15 22:38:00','2023-05-15 22:38:00',NULL,'11',11),(154,'2023-05-15 22:38:00','2023-05-15 22:38:00',NULL,'12',11),(155,'2023-05-15 22:38:00','2023-05-15 22:38:00',NULL,'13',11),(156,'2023-05-15 22:38:00','2023-05-15 22:38:00',NULL,'14',11),(157,'2023-05-15 22:38:00','2023-05-15 22:38:00',NULL,'15',11),(158,'2023-05-15 22:38:00','2023-05-15 22:38:00',NULL,'16',11),(159,'2023-05-15 22:39:52','2023-05-15 22:39:52',NULL,'Thạnh Xuân',12),(160,'2023-05-15 22:39:52','2023-05-15 22:39:52',NULL,'Thạnh Lộc',12),(161,'2023-05-15 22:39:52','2023-05-15 22:39:52',NULL,'Hiệp Thành',12),(162,'2023-05-15 22:39:52','2023-05-15 22:39:52',NULL,'Thới An',12),(163,'2023-05-15 22:39:52','2023-05-15 22:39:52',NULL,'Tân Chánh Hiệp',12),(164,'2023-05-15 22:39:52','2023-05-15 22:39:52',NULL,'An Phú Đông',12),(165,'2023-05-15 22:39:52','2023-05-15 22:39:52',NULL,'Tân Thới Hiệp',12),(166,'2023-05-15 22:39:52','2023-05-15 22:39:52',NULL,'Trung Mỹ Tây',12),(167,'2023-05-15 22:39:52','2023-05-15 22:39:52',NULL,'Tân Hưng Thuận',12),(168,'2023-05-15 22:39:52','2023-05-15 22:39:52',NULL,'Đông Hưng Thuận',12),(169,'2023-05-15 22:39:52','2023-05-15 22:39:52',NULL,'Tân Thới Nhất',11),(170,'2023-05-15 22:43:52','2023-05-15 22:43:52',NULL,'1',13),(171,'2023-05-15 22:43:52','2023-05-15 22:43:52',NULL,'2',13),(172,'2023-05-15 22:43:52','2023-05-15 22:43:52',NULL,'3',13),(173,'2023-05-15 22:43:52','2023-05-15 22:43:52',NULL,'4',13),(174,'2023-05-15 22:43:52','2023-05-15 22:43:52',NULL,'5',13),(175,'2023-05-15 22:43:52','2023-05-15 22:43:52',NULL,'6',13),(176,'2023-05-15 22:43:52','2023-05-15 22:43:52',NULL,'7',13),(177,'2023-05-15 22:43:52','2023-05-15 22:43:52',NULL,'8',13),(178,'2023-05-15 22:43:52','2023-05-15 22:43:52',NULL,'9',13),(179,'2023-05-15 22:43:52','2023-05-15 22:43:52',NULL,'10',13),(180,'2023-05-15 22:43:52','2023-05-15 22:43:52',NULL,'11',13),(181,'2023-05-15 22:43:52','2023-05-15 22:43:52',NULL,'12',13),(182,'2023-05-15 22:43:52','2023-05-15 22:43:52',NULL,'13',13),(183,'2023-05-15 22:43:52','2023-05-15 22:43:52',NULL,'14',13),(184,'2023-05-15 22:43:52','2023-05-15 22:43:52',NULL,'15',13),(185,'2023-05-15 22:43:52','2023-05-15 22:43:52',NULL,'16',13),(186,'2023-05-15 22:43:52','2023-05-15 22:43:52',NULL,'17',13),(187,'2023-05-15 22:43:52','2023-05-15 22:43:52',NULL,'18',13),(188,'2023-05-15 22:43:52','2023-05-15 22:43:52',NULL,'19',13),(189,'2023-05-15 22:43:52','2023-05-15 22:43:52',NULL,'20',13),(190,'2023-05-15 22:43:52','2023-05-15 22:43:52',NULL,'21',13),(191,'2023-05-15 22:43:52','2023-05-15 22:43:52',NULL,'22',13),(192,'2023-05-15 22:43:52','2023-05-15 22:43:52',NULL,'23',13),(193,'2023-05-15 22:43:52','2023-05-15 22:43:52',NULL,'24',13),(194,'2023-05-15 22:43:52','2023-05-15 22:43:52',NULL,'25',13),(195,'2023-05-15 22:43:52','2023-05-15 22:43:52',NULL,'26',13),(196,'2023-05-15 22:43:52','2023-05-15 22:43:52',NULL,'27',13),(197,'2023-05-15 22:43:52','2023-05-15 22:43:52',NULL,'28',13),(198,'2023-05-15 22:43:52','2023-05-15 22:43:52',NULL,'29',13),(199,'2023-05-15 22:43:52','2023-05-15 22:43:52',NULL,'30',13),(200,'2023-05-15 22:43:52','2023-05-15 22:43:52',NULL,'31',13),(201,'2023-05-15 22:43:52','2023-05-15 22:43:52',NULL,'32',13),(202,'2023-05-15 22:45:45','2023-05-15 22:45:45',NULL,'1',14),(203,'2023-05-15 22:45:45','2023-05-15 22:45:45',NULL,'2',14),(204,'2023-05-15 22:45:45','2023-05-15 22:45:45',NULL,'3',14),(205,'2023-05-15 22:45:45','2023-05-15 22:45:45',NULL,'4',14),(206,'2023-05-15 22:45:45','2023-05-15 22:45:45',NULL,'5',14),(207,'2023-05-15 22:45:45','2023-05-15 22:45:45',NULL,'6',14),(208,'2023-05-15 22:45:45','2023-05-15 22:45:45',NULL,'7',14),(209,'2023-05-15 22:45:45','2023-05-15 22:45:45',NULL,'8',14),(210,'2023-05-15 22:45:45','2023-05-15 22:45:45',NULL,'9',14),(211,'2023-05-15 22:45:45','2023-05-15 22:45:45',NULL,'10',14),(212,'2023-05-15 22:45:45','2023-05-15 22:45:45',NULL,'11',14),(213,'2023-05-15 22:45:45','2023-05-15 22:45:45',NULL,'12',14),(214,'2023-05-15 22:45:45','2023-05-15 22:45:45',NULL,'13',14),(215,'2023-05-15 22:45:45','2023-05-15 22:45:45',NULL,'14',14),(216,'2023-05-15 22:45:45','2023-05-15 22:45:45',NULL,'15',14),(217,'2023-05-15 22:45:45','2023-05-15 22:45:45',NULL,'16',14),(218,'2023-05-15 22:45:45','2023-05-15 22:45:45',NULL,'17',14),(219,'2023-05-15 22:45:45','2023-05-15 22:45:45',NULL,'18',14),(220,'2023-05-15 22:45:45','2023-05-15 22:45:45',NULL,'19',14),(221,'2023-05-15 22:45:45','2023-05-15 22:45:45',NULL,'20',14),(222,'2023-05-15 22:47:37','2023-05-15 22:47:37',NULL,'1',15),(223,'2023-05-15 22:47:37','2023-05-15 22:47:37',NULL,'2',15),(224,'2023-05-15 22:47:37','2023-05-15 22:47:37',NULL,'3',15),(225,'2023-05-15 22:47:37','2023-05-15 22:47:37',NULL,'4',15),(226,'2023-05-15 22:47:37','2023-05-15 22:47:37',NULL,'5',15),(227,'2023-05-15 22:47:37','2023-05-15 22:47:37',NULL,'6',15),(228,'2023-05-15 22:47:37','2023-05-15 22:47:37',NULL,'7',15),(229,'2023-05-15 22:47:37','2023-05-15 22:47:37',NULL,'8',15),(230,'2023-05-15 22:47:37','2023-05-15 22:47:37',NULL,'9',15),(231,'2023-05-15 22:47:37','2023-05-15 22:47:37',NULL,'10',15),(232,'2023-05-15 22:47:37','2023-05-15 22:47:37',NULL,'11',15),(233,'2023-05-15 22:47:37','2023-05-15 22:47:37',NULL,'12',15),(234,'2023-05-15 22:47:37','2023-05-15 22:47:37',NULL,'13',15),(235,'2023-05-15 22:47:37','2023-05-15 22:47:37',NULL,'14',15),(236,'2023-05-15 22:47:37','2023-05-15 22:47:37',NULL,'15',15),(237,'2023-05-15 22:47:37','2023-05-15 22:47:37',NULL,'Thạnh Mỹ Lợi',15),(238,'2023-05-15 22:47:37','2023-05-15 22:47:37',NULL,'17',15),(239,'2023-05-15 22:49:18','2023-05-15 22:49:18',NULL,'1',16),(240,'2023-05-15 22:49:18','2023-05-15 22:49:18',NULL,'2',16),(241,'2023-05-15 22:49:18','2023-05-15 22:49:18',NULL,'3',16),(242,'2023-05-15 22:49:18','2023-05-15 22:49:18',NULL,'4',16),(243,'2023-05-15 22:49:18','2023-05-15 22:49:18',NULL,'5',16),(244,'2023-05-15 22:49:18','2023-05-15 22:49:18',NULL,'6',16),(245,'2023-05-15 22:49:18','2023-05-15 22:49:18',NULL,'7',16),(246,'2023-05-15 22:49:18','2023-05-15 22:49:18',NULL,'8',16),(247,'2023-05-15 22:49:18','2023-05-15 22:49:18',NULL,'9',16),(248,'2023-05-15 22:49:18','2023-05-15 22:49:18',NULL,'10',16),(249,'2023-05-15 22:49:18','2023-05-15 22:49:18',NULL,'11',16),(250,'2023-05-15 22:49:18','2023-05-15 22:49:18',NULL,'12',16),(251,'2023-05-15 22:49:18','2023-05-15 22:49:18',NULL,'13',16),(252,'2023-05-15 22:49:18','2023-05-15 22:49:18',NULL,'14',16),(253,'2023-05-15 22:49:18','2023-05-15 22:49:18',NULL,'15',16),(254,'2023-05-15 22:49:18','2023-05-15 22:49:18',NULL,'Tân Thành',16),(255,'2023-05-15 22:49:18','2023-05-15 22:49:18',NULL,'Tân Sơn Nhì',16),(256,'2023-05-15 22:49:18','2023-05-15 22:49:18',NULL,'Tân Quý',16),(257,'2023-05-15 22:49:18','2023-05-15 22:49:18',NULL,'Tân Thới Hoà',16),(258,'2023-05-15 22:51:56','2023-05-15 22:51:56',NULL,'Tân Sơn Nhì',17),(259,'2023-05-15 22:51:56','2023-05-15 22:51:56',NULL,'Tây Thạnh',17),(260,'2023-05-15 22:51:56','2023-05-15 22:51:56',NULL,'Sơn Kỳ',17),(261,'2023-05-15 22:51:56','2023-05-15 22:51:56',NULL,'Tân Qúy',17),(262,'2023-05-15 22:51:56','2023-05-15 22:51:56',NULL,'Tân Thành',17),(263,'2023-05-15 22:51:56','2023-05-15 22:51:56',NULL,'Phú Thọ Hòa',17),(264,'2023-05-15 22:51:56','2023-05-15 22:51:56',NULL,'Phú Thạnh',17),(265,'2023-05-15 22:51:56','2023-05-15 22:51:56',NULL,'Phú Trung',17),(266,'2023-05-15 22:51:56','2023-05-15 22:51:56',NULL,'Hoà Thạnh',17),(267,'2023-05-15 22:51:56','2023-05-15 22:51:56',NULL,'Hiệp Tân',17),(268,'2023-05-15 22:51:56','2023-05-15 22:51:56',NULL,'Tân Thới Hoà',17),(269,'2023-05-15 22:51:56','2023-05-15 22:51:56',NULL,'Bình Hưng Hòa',17),(270,'2023-05-15 22:51:56','2023-05-15 22:51:56',NULL,'Bình Hưng Hoà A',17),(271,'2023-05-15 22:51:56','2023-05-15 22:51:56',NULL,'Bình Hưng Hoà B',17),(272,'2023-05-15 22:54:38','2023-05-15 22:54:38',NULL,'Linh Xuân',18),(273,'2023-05-15 22:54:38','2023-05-15 22:54:38',NULL,'Bình Chiểu',18),(274,'2023-05-15 22:54:38','2023-05-15 22:54:38',NULL,'Linh Trung',18),(275,'2023-05-15 22:54:38','2023-05-15 22:54:38',NULL,'Tam Bình',18),(276,'2023-05-15 22:54:38','2023-05-15 22:54:38',NULL,'Tam Phú',18),(277,'2023-05-15 22:54:38','2023-05-15 22:54:38',NULL,'Hiệp Bình Phước',18),(278,'2023-05-15 22:54:38','2023-05-15 22:54:38',NULL,'Hiệp Bình Chánh',18),(279,'2023-05-15 22:54:38','2023-05-15 22:54:38',NULL,'Linh Chiểu',18),(280,'2023-05-15 22:54:38','2023-05-15 22:54:38',NULL,'Linh Tây',18),(281,'2023-05-15 22:54:38','2023-05-15 22:54:38',NULL,'Linh Đông',18),(282,'2023-05-15 22:54:38','2023-05-15 22:54:38',NULL,'Bình Thọ',18),(283,'2023-05-15 22:54:38','2023-05-15 22:54:38',NULL,'Trường Thọ',18),(284,'2023-05-15 22:54:38','2023-05-15 22:54:38',NULL,'Long Bình',18),(285,'2023-05-15 22:54:38','2023-05-15 22:54:38',NULL,'Long Thạnh Mỹ',18),(286,'2023-05-15 22:57:12','2023-05-15 22:57:12',NULL,'Bình Hưng Hòa',19),(287,'2023-05-15 22:57:12','2023-05-15 22:57:12',NULL,'Bình Hưng Hoà A',19),(288,'2023-05-15 22:57:12','2023-05-15 22:57:12',NULL,'Bình Hưng Hoà B',19),(289,'2023-05-15 22:57:12','2023-05-15 22:57:12',NULL,'Bình Trị Đông',19),(290,'2023-05-15 22:57:12','2023-05-15 22:57:12',NULL,'Bình Trị Đông A',19),(291,'2023-05-15 22:57:12','2023-05-15 22:57:12',NULL,'Bình Trị Đông B',19),(292,'2023-05-15 22:57:12','2023-05-15 22:57:12',NULL,'Tân Tạo',19),(293,'2023-05-15 22:57:12','2023-05-15 22:57:12',NULL,'Tân Tạo A',19),(294,'2023-05-15 22:57:12','2023-05-15 22:57:12',NULL,'An Lạc',19),(295,'2023-05-15 22:57:12','2023-05-15 22:57:12',NULL,'An Lạc A',19),(296,'2023-05-15 22:57:12','2023-05-15 22:57:12',NULL,'Tân Thuận Đông',19),(297,'2023-05-15 23:01:36','2023-05-15 23:01:36',NULL,'Thị trấn Củ Chi',20),(298,'2023-05-15 23:01:36','2023-05-15 23:01:36',NULL,'An Nhơn Tây',20),(299,'2023-05-15 23:01:36','2023-05-15 23:01:36',NULL,'An Phú',20),(300,'2023-05-15 23:01:36','2023-05-15 23:01:36',NULL,'Bình Mỹ',20),(301,'2023-05-15 23:01:36','2023-05-15 23:01:36',NULL,'Hòa Phú',20),(302,'2023-05-15 23:01:36','2023-05-15 23:01:36',NULL,'Nhuận Đức',20),(303,'2023-05-15 23:01:36','2023-05-15 23:01:36',NULL,'Phạm Văn Cội',20),(304,'2023-05-15 23:01:36','2023-05-15 23:01:36',NULL,'Phú Hòa Đông',20),(305,'2023-05-15 23:01:36','2023-05-15 23:01:36',NULL,'Phú Mỹ Hưng',20),(306,'2023-05-15 23:01:36','2023-05-15 23:01:36',NULL,'Phước Hiệp',20),(307,'2023-05-15 23:01:36','2023-05-15 23:01:36',NULL,'Phước Thạnh',20),(308,'2023-05-15 23:01:36','2023-05-15 23:01:36',NULL,'Tân An Hội',20),(309,'2023-05-15 23:01:36','2023-05-15 23:01:36',NULL,'Tân Phú Trung',20),(310,'2023-05-15 23:01:36','2023-05-15 23:01:36',NULL,'Tân Thạnh Đông',20),(311,'2023-05-15 23:01:36','2023-05-15 23:01:36',NULL,'Tân Thạnh Tây',20),(312,'2023-05-15 23:01:37','2023-05-15 23:01:37',NULL,'Tân Thông Hội',20),(313,'2023-05-15 23:01:37','2023-05-15 23:01:37',NULL,'Trung An',20),(314,'2023-05-15 23:01:37','2023-05-15 23:01:37',NULL,'Trung Lập Hạ',20),(315,'2023-05-15 23:01:37','2023-05-15 23:01:37',NULL,'Trung Lập Thượng',20),(316,'2023-05-15 23:01:37','2023-05-15 23:01:37',NULL,'Trường Thạnh',20),(317,'2023-05-15 23:01:37','2023-05-15 23:01:37',NULL,'Xá Xuân 1',20),(318,'2023-05-15 23:01:37','2023-05-15 23:01:37',NULL,'Xá Xuân 2',20),(319,'2023-05-15 23:03:37','2023-05-15 23:03:37',NULL,'Thị trấn Hóc Môn',21),(320,'2023-05-15 23:03:37','2023-05-15 23:03:37',NULL,'Bà Điểm',21),(321,'2023-05-15 23:03:37','2023-05-15 23:03:37',NULL,'Đông Thạnh',21),(322,'2023-05-15 23:03:37','2023-05-15 23:03:37',NULL,'Tân Hiệp',21),(323,'2023-05-15 23:03:37','2023-05-15 23:03:37',NULL,'Tân Thới Nhì',21),(324,'2023-05-15 23:03:38','2023-05-15 23:03:38',NULL,'Tân Xuân',21),(325,'2023-05-15 23:03:38','2023-05-15 23:03:38',NULL,'Thới Tam Thôn',21),(326,'2023-05-15 23:03:38','2023-05-15 23:03:38',NULL,'Trung Chánh',21),(327,'2023-05-15 23:03:38','2023-05-15 23:03:38',NULL,'Xuân Thới Đông',21),(328,'2023-05-15 23:03:38','2023-05-15 23:03:38',NULL,'Xuân Thới Sơn',21),(329,'2023-05-15 23:05:14','2023-05-15 23:05:14',NULL,'Thị trấn Nhà Bè',22),(330,'2023-05-15 23:05:14','2023-05-15 23:05:14',NULL,'Phước Kiển',22),(331,'2023-05-15 23:05:14','2023-05-15 23:05:14',NULL,'Phước Lộc',22),(332,'2023-05-15 23:05:14','2023-05-15 23:05:14',NULL,'Nhơn Đức',22),(333,'2023-05-15 23:05:14','2023-05-15 23:05:14',NULL,'Phú Xuân',22),(334,'2023-05-15 23:05:14','2023-05-15 23:05:14',NULL,'Long Thới',22),(335,'2023-05-15 23:05:14','2023-05-15 23:05:14',NULL,'Hiệp Phước',22),(336,'2023-05-15 23:07:53','2023-05-15 23:07:53',NULL,'Thị trấn Cần Thạnh',23),(337,'2023-05-15 23:07:53','2023-05-15 23:07:53',NULL,'An Thới Đông',23),(338,'2023-05-15 23:07:53','2023-05-15 23:07:53',NULL,'Bình Khánh',23),(339,'2023-05-15 23:07:53','2023-05-15 23:07:53',NULL,'Long Hòa',23),(340,'2023-05-15 23:07:53','2023-05-15 23:07:53',NULL,'Lý Nhơn',23),(341,'2023-05-15 23:07:53','2023-05-15 23:07:53',NULL,'Tam Thôn Hiệp',23),(342,'2023-05-15 23:07:53','2023-05-15 23:07:53',NULL,'Thạnh An',23),(343,'2023-05-15 23:07:53','2023-05-15 23:07:53',NULL,'Thạnh Lộc',23),(344,'2023-05-15 23:07:53','2023-05-15 23:07:53',NULL,'Thạnh Mỹ',23),(345,'2023-05-15 23:07:53','2023-05-15 23:07:53',NULL,'Thới Đông',23),(346,'2023-05-15 23:07:53','2023-05-15 23:07:53',NULL,'An Thới Tây',23),(347,'2023-05-15 23:07:53','2023-05-15 23:07:53',NULL,'Cần Thạnh',23),(348,'2023-05-15 23:07:53','2023-05-15 23:07:53',NULL,'Lộc An',23),(349,'2023-05-15 23:07:53','2023-05-15 23:07:53',NULL,'Tam Thôn Hội',23),(350,'2023-05-15 23:07:53','2023-05-15 23:07:53',NULL,'Thạnh Phú',23),(351,'2023-05-15 23:07:53','2023-05-15 23:07:53',NULL,'Thới Hải',23),(352,'2023-05-15 23:07:53','2023-05-15 23:07:53',NULL,'Thới Thuận',23),(353,'2023-05-15 23:07:53','2023-05-15 23:07:53',NULL,'Vĩnh Bình',23);
/*!40000 ALTER TABLE `ward_description` ENABLE KEYS */;
UNLOCK TABLES;

--
-- Table structure for table `work_experience`
--

DROP TABLE IF EXISTS `work_experience`;
/*!40101 SET @saved_cs_client     = @@character_set_client */;
/*!50503 SET character_set_client = utf8mb4 */;
CREATE TABLE `work_experience` (
  `id` varchar(255) COLLATE utf8mb3_unicode_ci NOT NULL,
  `COMPANY_NAME` varchar(255) COLLATE utf8mb3_unicode_ci NOT NULL,
  `DESCRIPTION` text COLLATE utf8mb3_unicode_ci NOT NULL,
  `END_DATE` datetime DEFAULT NULL,
  `START_DATE` datetime NOT NULL,
  `TITILE_POSITION` varchar(255) COLLATE utf8mb3_unicode_ci NOT NULL,
  `CV_ID` varchar(255) COLLATE utf8mb3_unicode_ci DEFAULT NULL,
  PRIMARY KEY (`id`),
  KEY `FKoiik09uxujmq3oo9ipj401328` (`CV_ID`),
  CONSTRAINT `FKoiik09uxujmq3oo9ipj401328` FOREIGN KEY (`CV_ID`) REFERENCES `cv` (`id`)
) ENGINE=InnoDB DEFAULT CHARSET=utf8mb3 COLLATE=utf8mb3_unicode_ci;
/*!40101 SET character_set_client = @saved_cs_client */;

--
-- Dumping data for table `work_experience`
--

LOCK TABLES `work_experience` WRITE;
/*!40000 ALTER TABLE `work_experience` DISABLE KEYS */;
INSERT INTO `work_experience` VALUES ('6f795a0d-4506-4dd7-9f72-fb27e0eb7f95','Công ty TNHH MỘT MÌNH TAOf','Làm một ngày thì bị đuổfi','2023-01-02 00:00:00','2018-09-09 00:00:00','Giam đốc công nghệf da update','92772af3-4e29-4fd2-a6e5-dd4a1c4cc14e'),('c00707b4-3467-49b4-8ba0-86dc0519fcd4','Công ty TNHH MỘT MÌNH TAOf','Làm một ngày thì bị đuổfi','2023-01-02 00:00:00','2018-09-09 00:00:00','Giam đốc công nghệf da update','92772af3-4e29-4fd2-a6e5-dd4a1c4cc14e');
/*!40000 ALTER TABLE `work_experience` ENABLE KEYS */;
UNLOCK TABLES;

--
-- Table structure for table `zone`
--

DROP TABLE IF EXISTS `zone`;
/*!40101 SET @saved_cs_client     = @@character_set_client */;
/*!50503 SET character_set_client = utf8mb4 */;
CREATE TABLE `zone` (
  `ZONE_ID` bigint NOT NULL,
  `ZONE_CODE` varchar(255) COLLATE utf8mb3_unicode_ci NOT NULL,
  `COUNTRY_ID` int NOT NULL,
  PRIMARY KEY (`ZONE_ID`),
  UNIQUE KEY `UK_4tq3p5w8k4h4easyf5t3n1jdr` (`ZONE_CODE`),
  KEY `FKhn2c1w3e1twhjg7tiwv7vuk67` (`COUNTRY_ID`),
  CONSTRAINT `FKhn2c1w3e1twhjg7tiwv7vuk67` FOREIGN KEY (`COUNTRY_ID`) REFERENCES `country` (`COUNTRY_ID`)
) ENGINE=InnoDB DEFAULT CHARSET=utf8mb3 COLLATE=utf8mb3_unicode_ci;
/*!40101 SET character_set_client = @saved_cs_client */;

--
-- Dumping data for table `zone`
--

LOCK TABLES `zone` WRITE;
/*!40000 ALTER TABLE `zone` DISABLE KEYS */;
INSERT INTO `zone` VALUES (1,'Guipuzcoa',197),(2,'HI',224),(3,'PR',224),(4,'Zamora',197),(5,'Vizcaya',197),(6,'OTR',166),(7,'Albacete',197),(8,'Lleida',197),(9,'QC',37),(10,'NRW',78),(11,'IA',224),(12,'ID',224),(13,'YT',37),(14,'Leon',197),(15,'ACorua',197),(16,'Castellon',197),(17,'LasPalmas',197),(18,'Pontevedra',197),(19,'AA',224),(20,'Teruel',197),(21,'AB',37),(22,'AC',224),(23,'IL',224),(24,'AE',224),(25,'AF',224),(26,'IN',224),(27,'AG',204),(28,'A Corua',197),(29,'AI',204),(30,'AK',224),(31,'Caceres',197),(32,'Segovia',197),(33,'AL',224),(34,'AM',224),(35,'ZG',204),(36,'Malaga',197),(37,'CEN',166),(38,'ZH',204),(39,'LaRioja',197),(40,'AP',224),(41,'Melilla',197),(42,'AR',224),(43,'AS',224),(44,'NSW',13),(45,'Madrid',197),(46,'RI',224),(47,'AZ',224),(48,'Ceuta',197),(49,'BC',37),(50,'Huelva',197),(51,'BE',204),(52,'Huesca',197),(53,'ARCH',204),(54,'BL',204),(55,'JU',204),(56,'Asturias',197),(57,'SA',13),(58,'SB',14),(59,'TIAT',14),(60,'SC',224),(61,'THE',78),(62,'SD',224),(63,'BS',204),(64,'Cordoba',197),(65,'Tarragona',197),(66,'Valladolid',197),(67,'SG',204),(68,'SH',204),(69,'WAAU',13),(70,'SK',37),(71,'NDS',78),(72,'SO',204),(73,'CA',224),(74,'NTAU',13),(75,'ST',14),(76,'KN',14),(77,'Jaen',197),(78,'ASU',166),(79,'CiudadReal',197),(80,'SZ',204),(81,'Alava',197),(82,'KS',224),(83,'CO',224),(84,'KY',224),(85,'BER',78),(86,'CT',224),(87,'ACT',13),(88,'TG',204),(89,'LA',224),(90,'HAM',78),(91,'TI',204),(92,'Lugo',197),(93,'NECH',204),(94,'TN',224),(95,'Toledo',197),(96,'DC',224),(97,'Palencia',197),(98,'DE',224),(99,'TX',224),(100,'TAS',13),(101,'QLD',13),(102,'LU',204),(103,'Burgos',197),(104,'Cadiz',197),(105,'SantaCruzdeTenerife',197),(106,'MA',224),(107,'MB',37),(108,'MD',224),(109,'Girona',197),(110,'ME',224),(111,'Alicante',197),(112,'Guadalajara',197),(113,'Cantabria',197),(114,'MH',224),(115,'MI',224),(116,'UR',204),(117,'UT',224),(118,'MN',224),(119,'MO',224),(120,'MP',224),(121,'Barcelona',197),(122,'MS',224),(123,'MT',224),(124,'Badajoz',197),(125,'MEC',78),(126,'VA',224),(127,'VB',14),(128,'Cuenca',197),(129,'WIAT',14),(130,'VD',204),(131,'Sevilla',197),(132,'VI',224),(133,'Zaragoza',197),(134,'NB',37),(135,'SAC',78),(136,'NC',224),(137,'ND',224),(138,'NE',224),(139,'NF',37),(140,'NH',224),(141,'NJ',224),(142,'VS',204),(143,'VT',224),(144,'NM',224),(145,'NO',14),(146,'SAS',78),(147,'NS',37),(148,'SAR',78),(149,'FL',224),(150,'NT',37),(151,'FM',224),(152,'NU',37),(153,'NV',224),(154,'NW',204),(155,'WA',224),(156,'NY',224),(157,'Granada',197),(158,'Soria',197),(159,'FR',204),(160,'RHE',78),(161,'Ourense',197),(162,'WI',224),(163,'OH',224),(164,'GA',224),(165,'Murcia',197),(166,'OK',224),(167,'GE',204),(168,'WV',224),(169,'ON',37),(170,'OO',14),(171,'WY',224),(172,'BLAT',14),(173,'Avila',197),(174,'OR',224),(175,'Salamanca',197),(176,'GL',204),(177,'Baleares',197),(178,'OW',204),(179,'GR',204),(180,'GU',224),(181,'PA',224),(182,'VIC',13),(183,'BRE',78),(184,'PE',37),(185,'BRG',78),(186,'HES',78),(187,'Almeria',197),(188,'BAW',78),(189,'BAY',78),(190,'Navarra',197),(191,'Valencia',197),(192,'SCN',78),(193,'AndhraPradesh',97),(194,'ArunachalPradesh',97),(195,'Assam',97),(196,'Bihar',97),(197,'Chhattisgarh',97),(198,'Goa',97),(199,'Gujarat',97),(200,'Haryana',97),(201,'HimachalPradesh',97),(202,'Jharkhand',97),(203,'Karnataka',97),(204,'Kerala',97),(205,'MadhyaPradesh',97),(206,'Maharashtra',97),(207,'Manipur',97),(208,'Meghalaya',97),(209,'Mizoram',97),(210,'Nagaland',97),(211,'Odisha',97),(212,'Punjab',97),(213,'Rajasthan',97),(214,'Sikkim',97),(215,'TamilNadu',97),(216,'Telangana',97),(217,'Tripura',97),(218,'Uttarakhand',97),(219,'WestBengal',97);
/*!40000 ALTER TABLE `zone` ENABLE KEYS */;
UNLOCK TABLES;

--
-- Table structure for table `zone_description`
--

DROP TABLE IF EXISTS `zone_description`;
/*!40101 SET @saved_cs_client     = @@character_set_client */;
/*!50503 SET character_set_client = utf8mb4 */;
CREATE TABLE `zone_description` (
  `DESCRIPTION_ID` bigint NOT NULL,
  `DATE_CREATED` datetime DEFAULT NULL,
  `DATE_MODIFIED` datetime DEFAULT NULL,
  `UPDT_ID` varchar(60) COLLATE utf8mb3_unicode_ci DEFAULT NULL,
  `DESCRIPTION` longtext COLLATE utf8mb3_unicode_ci,
  `NAME` varchar(120) COLLATE utf8mb3_unicode_ci NOT NULL,
  `TITLE` varchar(100) COLLATE utf8mb3_unicode_ci DEFAULT NULL,
  `LANGUAGE_ID` int NOT NULL,
  `ZONE_ID` bigint NOT NULL,
  PRIMARY KEY (`DESCRIPTION_ID`),
  UNIQUE KEY `UKm64laxgrv9fxm6io232ap4su9` (`ZONE_ID`,`LANGUAGE_ID`),
  KEY `FK69ybu7r3bgpcq65c77ji1udh3` (`LANGUAGE_ID`),
  CONSTRAINT `FK69ybu7r3bgpcq65c77ji1udh3` FOREIGN KEY (`LANGUAGE_ID`) REFERENCES `language` (`LANGUAGE_ID`),
  CONSTRAINT `FKpv4elin6w3b03756obqvk447f` FOREIGN KEY (`ZONE_ID`) REFERENCES `zone` (`ZONE_ID`)
) ENGINE=InnoDB DEFAULT CHARSET=utf8mb3 COLLATE=utf8mb3_unicode_ci;
/*!40101 SET character_set_client = @saved_cs_client */;

--
-- Dumping data for table `zone_description`
--

LOCK TABLES `zone_description` WRITE;
/*!40000 ALTER TABLE `zone_description` DISABLE KEYS */;
INSERT INTO `zone_description` VALUES (1,'2023-05-17 03:35:28','2023-05-17 03:35:28',NULL,NULL,'Guipuzcoa',NULL,1,1),(2,'2023-05-17 03:35:28','2023-05-17 03:35:28',NULL,NULL,'Guipuzcoa',NULL,2,1),(3,'2023-05-17 03:35:28','2023-05-17 03:35:28',NULL,NULL,'Guipuzcoa',NULL,3,1),(4,'2023-05-17 03:35:28','2023-05-17 03:35:28',NULL,NULL,'Hawaii',NULL,1,2),(5,'2023-05-17 03:35:28','2023-05-17 03:35:28',NULL,NULL,'Hawaii',NULL,2,2),(6,'2023-05-17 03:35:28','2023-05-17 03:35:28',NULL,NULL,'Hawaii',NULL,3,2),(7,'2023-05-17 03:35:28','2023-05-17 03:35:28',NULL,NULL,'Puerto Rico',NULL,1,3),(8,'2023-05-17 03:35:28','2023-05-17 03:35:28',NULL,NULL,'Puerto Rico',NULL,2,3),(9,'2023-05-17 03:35:28','2023-05-17 03:35:28',NULL,NULL,'Puerto Rico',NULL,3,3),(10,'2023-05-17 03:35:28','2023-05-17 03:35:28',NULL,NULL,'Zamora',NULL,1,4),(11,'2023-05-17 03:35:28','2023-05-17 03:35:28',NULL,NULL,'Zamora',NULL,2,4),(12,'2023-05-17 03:35:28','2023-05-17 03:35:28',NULL,NULL,'Zamora',NULL,3,4),(13,'2023-05-17 03:35:28','2023-05-17 03:35:28',NULL,NULL,'Vizcaya',NULL,1,5),(14,'2023-05-17 03:35:28','2023-05-17 03:35:28',NULL,NULL,'Vizcaya',NULL,2,5),(15,'2023-05-17 03:35:28','2023-05-17 03:35:28',NULL,NULL,'Vizcaya',NULL,3,5),(16,'2023-05-17 03:35:28','2023-05-17 03:35:28',NULL,NULL,'Other',NULL,1,6),(17,'2023-05-17 03:35:28','2023-05-17 03:35:28',NULL,NULL,'Otro',NULL,3,6),(18,'2023-05-17 03:35:28','2023-05-17 03:35:28',NULL,NULL,'Albacete',NULL,1,7),(19,'2023-05-17 03:35:28','2023-05-17 03:35:28',NULL,NULL,'Albacete',NULL,2,7),(20,'2023-05-17 03:35:28','2023-05-17 03:35:28',NULL,NULL,'Albacete',NULL,3,7),(21,'2023-05-17 03:35:28','2023-05-17 03:35:28',NULL,NULL,'Lleida',NULL,1,8),(22,'2023-05-17 03:35:28','2023-05-17 03:35:28',NULL,NULL,'Lleida',NULL,2,8),(23,'2023-05-17 03:35:28','2023-05-17 03:35:28',NULL,NULL,'Lleida',NULL,3,8),(24,'2023-05-17 03:35:28','2023-05-17 03:35:28',NULL,NULL,'Quebec',NULL,1,9),(25,'2023-05-17 03:35:28','2023-05-17 03:35:28',NULL,NULL,'Québec',NULL,2,9),(26,'2023-05-17 03:35:28','2023-05-17 03:35:28',NULL,NULL,'Quebec',NULL,3,9),(27,'2023-05-17 03:35:28','2023-05-17 03:35:28',NULL,NULL,'Nordrhein-Westfalen',NULL,1,10),(28,'2023-05-17 03:35:28','2023-05-17 03:35:28',NULL,NULL,'Nordrhein-Westfalen',NULL,2,10),(29,'2023-05-17 03:35:28','2023-05-17 03:35:28',NULL,NULL,'Nordrhein-Westfalen',NULL,3,10),(30,'2023-05-17 03:35:28','2023-05-17 03:35:28',NULL,NULL,'Iowa',NULL,1,11),(31,'2023-05-17 03:35:28','2023-05-17 03:35:28',NULL,NULL,'Iowa',NULL,2,11),(32,'2023-05-17 03:35:28','2023-05-17 03:35:28',NULL,NULL,'Iowa',NULL,3,11),(33,'2023-05-17 03:35:28','2023-05-17 03:35:28',NULL,NULL,'Idaho',NULL,1,12),(34,'2023-05-17 03:35:28','2023-05-17 03:35:28',NULL,NULL,'Idaho',NULL,2,12),(35,'2023-05-17 03:35:28','2023-05-17 03:35:28',NULL,NULL,'Idaho',NULL,3,12),(36,'2023-05-17 03:35:28','2023-05-17 03:35:28',NULL,NULL,'Yukon Territory',NULL,1,13),(37,'2023-05-17 03:35:28','2023-05-17 03:35:28',NULL,NULL,'Yukon',NULL,2,13),(38,'2023-05-17 03:35:28','2023-05-17 03:35:28',NULL,NULL,'Yukon Territory',NULL,3,13),(39,'2023-05-17 03:35:28','2023-05-17 03:35:28',NULL,NULL,'Leon',NULL,1,14),(40,'2023-05-17 03:35:28','2023-05-17 03:35:28',NULL,NULL,'Leon',NULL,2,14),(41,'2023-05-17 03:35:28','2023-05-17 03:35:28',NULL,NULL,'Leon',NULL,3,14),(42,'2023-05-17 03:35:28','2023-05-17 03:35:28',NULL,NULL,'A Corua',NULL,1,15),(43,'2023-05-17 03:35:28','2023-05-17 03:35:28',NULL,NULL,'A Corua',NULL,3,15),(44,'2023-05-17 03:35:28','2023-05-17 03:35:28',NULL,NULL,'Castellon',NULL,1,16),(45,'2023-05-17 03:35:28','2023-05-17 03:35:28',NULL,NULL,'Castellon',NULL,2,16),(46,'2023-05-17 03:35:28','2023-05-17 03:35:28',NULL,NULL,'Castellon',NULL,3,16),(47,'2023-05-17 03:35:28','2023-05-17 03:35:28',NULL,NULL,'Las Palmas',NULL,1,17),(48,'2023-05-17 03:35:28','2023-05-17 03:35:28',NULL,NULL,'Las Palmas',NULL,2,17),(49,'2023-05-17 03:35:28','2023-05-17 03:35:28',NULL,NULL,'Las Palmas',NULL,3,17),(50,'2023-05-17 03:35:29','2023-05-17 03:35:29',NULL,NULL,'Pontevedra',NULL,1,18),(51,'2023-05-17 03:35:29','2023-05-17 03:35:29',NULL,NULL,'Pontevedra',NULL,2,18),(52,'2023-05-17 03:35:29','2023-05-17 03:35:29',NULL,NULL,'Pontevedra',NULL,3,18),(53,'2023-05-17 03:35:29','2023-05-17 03:35:29',NULL,NULL,'Armed Forces Americas',NULL,1,19),(54,'2023-05-17 03:35:29','2023-05-17 03:35:29',NULL,NULL,'Armed Forces Americas',NULL,2,19),(55,'2023-05-17 03:35:29','2023-05-17 03:35:29',NULL,NULL,'Armed Forces Americas',NULL,3,19),(56,'2023-05-17 03:35:29','2023-05-17 03:35:29',NULL,NULL,'Teruel',NULL,1,20),(57,'2023-05-17 03:35:29','2023-05-17 03:35:29',NULL,NULL,'Teruel',NULL,2,20),(58,'2023-05-17 03:35:29','2023-05-17 03:35:29',NULL,NULL,'Teruel',NULL,3,20),(59,'2023-05-17 03:35:29','2023-05-17 03:35:29',NULL,NULL,'Alberta',NULL,1,21),(60,'2023-05-17 03:35:29','2023-05-17 03:35:29',NULL,NULL,'Alberta',NULL,2,21),(61,'2023-05-17 03:35:29','2023-05-17 03:35:29',NULL,NULL,'Alberta',NULL,3,21),(62,'2023-05-17 03:35:29','2023-05-17 03:35:29',NULL,NULL,'Armed Forces Canada',NULL,1,22),(63,'2023-05-17 03:35:29','2023-05-17 03:35:29',NULL,NULL,'Armed Forces Canada',NULL,2,22),(64,'2023-05-17 03:35:29','2023-05-17 03:35:29',NULL,NULL,'Armed Forces Canada',NULL,3,22),(65,'2023-05-17 03:35:29','2023-05-17 03:35:29',NULL,NULL,'Illinois',NULL,1,23),(66,'2023-05-17 03:35:29','2023-05-17 03:35:29',NULL,NULL,'Illinois',NULL,2,23),(67,'2023-05-17 03:35:29','2023-05-17 03:35:29',NULL,NULL,'Illinois',NULL,3,23),(68,'2023-05-17 03:35:29','2023-05-17 03:35:29',NULL,NULL,'Armed Forces Europe',NULL,1,24),(69,'2023-05-17 03:35:29','2023-05-17 03:35:29',NULL,NULL,'Armed Forces Europe',NULL,2,24),(70,'2023-05-17 03:35:29','2023-05-17 03:35:29',NULL,NULL,'Armed Forces Europe',NULL,3,24),(71,'2023-05-17 03:35:29','2023-05-17 03:35:29',NULL,NULL,'Armed Forces Africa',NULL,1,25),(72,'2023-05-17 03:35:29','2023-05-17 03:35:29',NULL,NULL,'Armed Forces Africa',NULL,2,25),(73,'2023-05-17 03:35:29','2023-05-17 03:35:29',NULL,NULL,'Armed Forces Africa',NULL,3,25),(74,'2023-05-17 03:35:29','2023-05-17 03:35:29',NULL,NULL,'Indiana',NULL,1,26),(75,'2023-05-17 03:35:29','2023-05-17 03:35:29',NULL,NULL,'Indiana',NULL,2,26),(76,'2023-05-17 03:35:29','2023-05-17 03:35:29',NULL,NULL,'Indiana',NULL,3,26),(77,'2023-05-17 03:35:29','2023-05-17 03:35:29',NULL,NULL,'Aargau',NULL,1,27),(78,'2023-05-17 03:35:29','2023-05-17 03:35:29',NULL,NULL,'Aargau',NULL,2,27),(79,'2023-05-17 03:35:29','2023-05-17 03:35:29',NULL,NULL,'Aargau',NULL,3,27),(80,'2023-05-17 03:35:29','2023-05-17 03:35:29',NULL,NULL,'A Corua',NULL,2,28),(81,'2023-05-17 03:35:30','2023-05-17 03:35:30',NULL,NULL,'Appenzell Innerrhoden',NULL,1,29),(82,'2023-05-17 03:35:30','2023-05-17 03:35:30',NULL,NULL,'Appenzell Innerrhoden',NULL,2,29),(83,'2023-05-17 03:35:30','2023-05-17 03:35:30',NULL,NULL,'Appenzell Innerrhoden',NULL,3,29),(84,'2023-05-17 03:35:30','2023-05-17 03:35:30',NULL,NULL,'Alaska',NULL,1,30),(85,'2023-05-17 03:35:30','2023-05-17 03:35:30',NULL,NULL,'Alaska',NULL,2,30),(86,'2023-05-17 03:35:30','2023-05-17 03:35:30',NULL,NULL,'Alaska',NULL,3,30),(87,'2023-05-17 03:35:30','2023-05-17 03:35:30',NULL,NULL,'Caceres',NULL,1,31),(88,'2023-05-17 03:35:30','2023-05-17 03:35:30',NULL,NULL,'Caceres',NULL,2,31),(89,'2023-05-17 03:35:30','2023-05-17 03:35:30',NULL,NULL,'Caceres',NULL,3,31),(90,'2023-05-17 03:35:30','2023-05-17 03:35:30',NULL,NULL,'Segovia',NULL,1,32),(91,'2023-05-17 03:35:30','2023-05-17 03:35:30',NULL,NULL,'Segovia',NULL,2,32),(92,'2023-05-17 03:35:30','2023-05-17 03:35:30',NULL,NULL,'Segovia',NULL,3,32),(93,'2023-05-17 03:35:30','2023-05-17 03:35:30',NULL,NULL,'Alabama',NULL,1,33),(94,'2023-05-17 03:35:30','2023-05-17 03:35:30',NULL,NULL,'Alabama',NULL,2,33),(95,'2023-05-17 03:35:30','2023-05-17 03:35:30',NULL,NULL,'Alabama',NULL,3,33),(96,'2023-05-17 03:35:30','2023-05-17 03:35:30',NULL,NULL,'Armed Forces Middle East',NULL,1,34),(97,'2023-05-17 03:35:30','2023-05-17 03:35:30',NULL,NULL,'Armed Forces Middle East',NULL,2,34),(98,'2023-05-17 03:35:30','2023-05-17 03:35:30',NULL,NULL,'Armed Forces Middle East',NULL,3,34),(99,'2023-05-17 03:35:30','2023-05-17 03:35:30',NULL,NULL,'Zug',NULL,1,35),(100,'2023-05-17 03:35:30','2023-05-17 03:35:30',NULL,NULL,'Zug',NULL,2,35),(101,'2023-05-17 03:35:30','2023-05-17 03:35:30',NULL,NULL,'Zug',NULL,3,35),(102,'2023-05-17 03:35:30','2023-05-17 03:35:30',NULL,NULL,'Malaga',NULL,1,36),(103,'2023-05-17 03:35:30','2023-05-17 03:35:30',NULL,NULL,'Malaga',NULL,2,36),(104,'2023-05-17 03:35:30','2023-05-17 03:35:30',NULL,NULL,'Malaga',NULL,3,36),(105,'2023-05-17 03:35:30','2023-05-17 03:35:30',NULL,NULL,'Central',NULL,1,37),(106,'2023-05-17 03:35:30','2023-05-17 03:35:30',NULL,NULL,'Central',NULL,3,37),(107,'2023-05-17 03:35:30','2023-05-17 03:35:30',NULL,NULL,'Zrich',NULL,1,38),(108,'2023-05-17 03:35:30','2023-05-17 03:35:30',NULL,NULL,'Zrich',NULL,2,38),(109,'2023-05-17 03:35:30','2023-05-17 03:35:30',NULL,NULL,'Zrich',NULL,3,38),(110,'2023-05-17 03:35:30','2023-05-17 03:35:30',NULL,NULL,'La Rioja',NULL,1,39),(111,'2023-05-17 03:35:30','2023-05-17 03:35:30',NULL,NULL,'La Rioja',NULL,2,39),(112,'2023-05-17 03:35:30','2023-05-17 03:35:30',NULL,NULL,'La Rioja',NULL,3,39),(113,'2023-05-17 03:35:30','2023-05-17 03:35:30',NULL,NULL,'Armed Forces Pacific',NULL,1,40),(114,'2023-05-17 03:35:30','2023-05-17 03:35:30',NULL,NULL,'Armed Forces Pacific',NULL,2,40),(115,'2023-05-17 03:35:30','2023-05-17 03:35:30',NULL,NULL,'Armed Forces Pacific',NULL,3,40),(116,'2023-05-17 03:35:30','2023-05-17 03:35:30',NULL,NULL,'Melilla',NULL,1,41),(117,'2023-05-17 03:35:30','2023-05-17 03:35:30',NULL,NULL,'Melilla',NULL,2,41),(118,'2023-05-17 03:35:30','2023-05-17 03:35:30',NULL,NULL,'Melilla',NULL,3,41),(119,'2023-05-17 03:35:30','2023-05-17 03:35:30',NULL,NULL,'Arkansas',NULL,1,42),(120,'2023-05-17 03:35:30','2023-05-17 03:35:30',NULL,NULL,'Arkansas',NULL,2,42),(121,'2023-05-17 03:35:30','2023-05-17 03:35:30',NULL,NULL,'Arkansas',NULL,3,42),(122,'2023-05-17 03:35:31','2023-05-17 03:35:31',NULL,NULL,'American Samoa',NULL,1,43),(123,'2023-05-17 03:35:31','2023-05-17 03:35:31',NULL,NULL,'American Samoa',NULL,2,43),(124,'2023-05-17 03:35:31','2023-05-17 03:35:31',NULL,NULL,'American Samoa',NULL,3,43),(125,'2023-05-17 03:35:31','2023-05-17 03:35:31',NULL,NULL,'New South Wales',NULL,1,44),(126,'2023-05-17 03:35:31','2023-05-17 03:35:31',NULL,NULL,'Nouvelle-Galles du Sud',NULL,2,44),(127,'2023-05-17 03:35:31','2023-05-17 03:35:31',NULL,NULL,'New South Wales',NULL,3,44),(128,'2023-05-17 03:35:31','2023-05-17 03:35:31',NULL,NULL,'Madrid',NULL,1,45),(129,'2023-05-17 03:35:31','2023-05-17 03:35:31',NULL,NULL,'Madrid',NULL,2,45),(130,'2023-05-17 03:35:31','2023-05-17 03:35:31',NULL,NULL,'Madrid',NULL,3,45),(131,'2023-05-17 03:35:31','2023-05-17 03:35:31',NULL,NULL,'Rhode Island',NULL,1,46),(132,'2023-05-17 03:35:31','2023-05-17 03:35:31',NULL,NULL,'Rhode Island',NULL,2,46),(133,'2023-05-17 03:35:31','2023-05-17 03:35:31',NULL,NULL,'Rhode Island',NULL,3,46),(134,'2023-05-17 03:35:31','2023-05-17 03:35:31',NULL,NULL,'Arizona',NULL,1,47),(135,'2023-05-17 03:35:31','2023-05-17 03:35:31',NULL,NULL,'Arizona',NULL,2,47),(136,'2023-05-17 03:35:31','2023-05-17 03:35:31',NULL,NULL,'Arizona',NULL,3,47),(137,'2023-05-17 03:35:31','2023-05-17 03:35:31',NULL,NULL,'Ceuta',NULL,1,48),(138,'2023-05-17 03:35:31','2023-05-17 03:35:31',NULL,NULL,'Ceuta',NULL,2,48),(139,'2023-05-17 03:35:31','2023-05-17 03:35:31',NULL,NULL,'Ceuta',NULL,3,48),(140,'2023-05-17 03:35:31','2023-05-17 03:35:31',NULL,NULL,'British Columbia',NULL,1,49),(141,'2023-05-17 03:35:31','2023-05-17 03:35:31',NULL,NULL,'Colombie Britanique',NULL,2,49),(142,'2023-05-17 03:35:31','2023-05-17 03:35:31',NULL,NULL,'British Columbia',NULL,3,49),(143,'2023-05-17 03:35:31','2023-05-17 03:35:31',NULL,NULL,'Huelva',NULL,1,50),(144,'2023-05-17 03:35:31','2023-05-17 03:35:31',NULL,NULL,'Huelva',NULL,2,50),(145,'2023-05-17 03:35:31','2023-05-17 03:35:31',NULL,NULL,'Huelva',NULL,3,50),(146,'2023-05-17 03:35:31','2023-05-17 03:35:31',NULL,NULL,'Bern',NULL,1,51),(147,'2023-05-17 03:35:31','2023-05-17 03:35:31',NULL,NULL,'Bern',NULL,2,51),(148,'2023-05-17 03:35:31','2023-05-17 03:35:31',NULL,NULL,'Bern',NULL,3,51),(149,'2023-05-17 03:35:31','2023-05-17 03:35:31',NULL,NULL,'Huesca',NULL,1,52),(150,'2023-05-17 03:35:31','2023-05-17 03:35:31',NULL,NULL,'Huesca',NULL,2,52),(151,'2023-05-17 03:35:31','2023-05-17 03:35:31',NULL,NULL,'Huesca',NULL,3,52),(152,'2023-05-17 03:35:31','2023-05-17 03:35:31',NULL,NULL,'Appenzell Ausserrhoden',NULL,1,53),(153,'2023-05-17 03:35:31','2023-05-17 03:35:31',NULL,NULL,'Appenzell Ausserrhoden',NULL,2,53),(154,'2023-05-17 03:35:31','2023-05-17 03:35:31',NULL,NULL,'Appenzell Ausserrhoden',NULL,3,53),(155,'2023-05-17 03:35:31','2023-05-17 03:35:31',NULL,NULL,'Basel-Landschaft',NULL,1,54),(156,'2023-05-17 03:35:31','2023-05-17 03:35:31',NULL,NULL,'Basel-Landschaft',NULL,2,54),(157,'2023-05-17 03:35:31','2023-05-17 03:35:31',NULL,NULL,'Basel-Landschaft',NULL,3,54),(158,'2023-05-17 03:35:31','2023-05-17 03:35:31',NULL,NULL,'Jura',NULL,1,55),(159,'2023-05-17 03:35:31','2023-05-17 03:35:31',NULL,NULL,'Jura',NULL,2,55),(160,'2023-05-17 03:35:31','2023-05-17 03:35:31',NULL,NULL,'Jura',NULL,3,55),(161,'2023-05-17 03:35:31','2023-05-17 03:35:31',NULL,NULL,'Asturias',NULL,1,56),(162,'2023-05-17 03:35:31','2023-05-17 03:35:31',NULL,NULL,'Asturias',NULL,2,56),(163,'2023-05-17 03:35:31','2023-05-17 03:35:31',NULL,NULL,'Asturias',NULL,3,56),(164,'2023-05-17 03:35:31','2023-05-17 03:35:31',NULL,NULL,'South Australia',NULL,1,57),(165,'2023-05-17 03:35:31','2023-05-17 03:35:31',NULL,NULL,'Australie-Mridionale',NULL,2,57),(166,'2023-05-17 03:35:31','2023-05-17 03:35:31',NULL,NULL,'South Australia',NULL,3,57),(167,'2023-05-17 03:35:31','2023-05-17 03:35:31',NULL,NULL,'Salzburg',NULL,1,58),(168,'2023-05-17 03:35:31','2023-05-17 03:35:31',NULL,NULL,'Salzburg',NULL,2,58),(169,'2023-05-17 03:35:31','2023-05-17 03:35:31',NULL,NULL,'Salzburg',NULL,3,58),(170,'2023-05-17 03:35:31','2023-05-17 03:35:31',NULL,NULL,'Tirol',NULL,1,59),(171,'2023-05-17 03:35:31','2023-05-17 03:35:31',NULL,NULL,'Tirol',NULL,2,59),(172,'2023-05-17 03:35:31','2023-05-17 03:35:31',NULL,NULL,'Tirol',NULL,3,59),(173,'2023-05-17 03:35:31','2023-05-17 03:35:31',NULL,NULL,'South Carolina',NULL,1,60),(174,'2023-05-17 03:35:31','2023-05-17 03:35:31',NULL,NULL,'Caroline du Sud',NULL,2,60),(175,'2023-05-17 03:35:31','2023-05-17 03:35:31',NULL,NULL,'South Carolina',NULL,3,60),(176,'2023-05-17 03:35:31','2023-05-17 03:35:31',NULL,NULL,'Thringen',NULL,1,61),(177,'2023-05-17 03:35:31','2023-05-17 03:35:31',NULL,NULL,'Thringen',NULL,2,61),(178,'2023-05-17 03:35:31','2023-05-17 03:35:31',NULL,NULL,'Thringen',NULL,3,61),(179,'2023-05-17 03:35:31','2023-05-17 03:35:31',NULL,NULL,'South Dakota',NULL,1,62),(180,'2023-05-17 03:35:31','2023-05-17 03:35:31',NULL,NULL,'Dakota du Sud',NULL,2,62),(181,'2023-05-17 03:35:31','2023-05-17 03:35:31',NULL,NULL,'South Dakota',NULL,3,62),(182,'2023-05-17 03:35:31','2023-05-17 03:35:31',NULL,NULL,'Basel-Stadt',NULL,1,63),(183,'2023-05-17 03:35:31','2023-05-17 03:35:31',NULL,NULL,'Basel-Stadt',NULL,2,63),(184,'2023-05-17 03:35:31','2023-05-17 03:35:31',NULL,NULL,'Basel-Stadt',NULL,3,63),(185,'2023-05-17 03:35:31','2023-05-17 03:35:31',NULL,NULL,'Cordoba',NULL,1,64),(186,'2023-05-17 03:35:31','2023-05-17 03:35:31',NULL,NULL,'Cordoba',NULL,2,64),(187,'2023-05-17 03:35:31','2023-05-17 03:35:31',NULL,NULL,'Cordoba',NULL,3,64),(188,'2023-05-17 03:35:31','2023-05-17 03:35:31',NULL,NULL,'Tarragona',NULL,1,65),(189,'2023-05-17 03:35:31','2023-05-17 03:35:31',NULL,NULL,'Tarragona',NULL,2,65),(190,'2023-05-17 03:35:31','2023-05-17 03:35:31',NULL,NULL,'Tarragona',NULL,3,65),(191,'2023-05-17 03:35:31','2023-05-17 03:35:31',NULL,NULL,'Valladolid',NULL,1,66),(192,'2023-05-17 03:35:31','2023-05-17 03:35:31',NULL,NULL,'Valladolid',NULL,2,66),(193,'2023-05-17 03:35:32','2023-05-17 03:35:32',NULL,NULL,'Valladolid',NULL,3,66),(194,'2023-05-17 03:35:32','2023-05-17 03:35:32',NULL,NULL,'St. Gallen',NULL,1,67),(195,'2023-05-17 03:35:32','2023-05-17 03:35:32',NULL,NULL,'St. Gallen',NULL,2,67),(196,'2023-05-17 03:35:32','2023-05-17 03:35:32',NULL,NULL,'St. Gallen',NULL,3,67),(197,'2023-05-17 03:35:32','2023-05-17 03:35:32',NULL,NULL,'Schaffhausen',NULL,1,68),(198,'2023-05-17 03:35:32','2023-05-17 03:35:32',NULL,NULL,'Schaffhausen',NULL,2,68),(199,'2023-05-17 03:35:32','2023-05-17 03:35:32',NULL,NULL,'Schaffhausen',NULL,3,68),(200,'2023-05-17 03:35:32','2023-05-17 03:35:32',NULL,NULL,'Western Australia',NULL,1,69),(201,'2023-05-17 03:35:32','2023-05-17 03:35:32',NULL,NULL,'Australie-Occidentale',NULL,2,69),(202,'2023-05-17 03:35:32','2023-05-17 03:35:32',NULL,NULL,'Western Australia',NULL,3,69),(203,'2023-05-17 03:35:32','2023-05-17 03:35:32',NULL,NULL,'Saskatchewan',NULL,1,70),(204,'2023-05-17 03:35:32','2023-05-17 03:35:32',NULL,NULL,'Saskatchewan',NULL,2,70),(205,'2023-05-17 03:35:32','2023-05-17 03:35:32',NULL,NULL,'Saskatchewan',NULL,3,70),(206,'2023-05-17 03:35:32','2023-05-17 03:35:32',NULL,NULL,'Niedersachsen',NULL,1,71),(207,'2023-05-17 03:35:32','2023-05-17 03:35:32',NULL,NULL,'Niedersachsen',NULL,2,71),(208,'2023-05-17 03:35:32','2023-05-17 03:35:32',NULL,NULL,'Niedersachsen',NULL,3,71),(209,'2023-05-17 03:35:32','2023-05-17 03:35:32',NULL,NULL,'Solothurn',NULL,1,72),(210,'2023-05-17 03:35:32','2023-05-17 03:35:32',NULL,NULL,'Solothurn',NULL,2,72),(211,'2023-05-17 03:35:32','2023-05-17 03:35:32',NULL,NULL,'Solothurn',NULL,3,72),(212,'2023-05-17 03:35:32','2023-05-17 03:35:32',NULL,NULL,'California',NULL,1,73),(213,'2023-05-17 03:35:32','2023-05-17 03:35:32',NULL,NULL,'Californie',NULL,2,73),(214,'2023-05-17 03:35:32','2023-05-17 03:35:32',NULL,NULL,'California',NULL,3,73),(215,'2023-05-17 03:35:32','2023-05-17 03:35:32',NULL,NULL,'Northern Territory',NULL,1,74),(216,'2023-05-17 03:35:32','2023-05-17 03:35:32',NULL,NULL,'Territoire du Nord',NULL,2,74),(217,'2023-05-17 03:35:32','2023-05-17 03:35:32',NULL,NULL,'Northern Territory',NULL,3,74),(218,'2023-05-17 03:35:32','2023-05-17 03:35:32',NULL,NULL,'Steiermark',NULL,1,75),(219,'2023-05-17 03:35:32','2023-05-17 03:35:32',NULL,NULL,'Steiermark',NULL,2,75),(220,'2023-05-17 03:35:32','2023-05-17 03:35:32',NULL,NULL,'Steiermark',NULL,3,75),(221,'2023-05-17 03:35:32','2023-05-17 03:35:32',NULL,NULL,'Katen',NULL,1,76),(222,'2023-05-17 03:35:32','2023-05-17 03:35:32',NULL,NULL,'Karten',NULL,2,76),(223,'2023-05-17 03:35:32','2023-05-17 03:35:32',NULL,NULL,'Katen',NULL,3,76),(224,'2023-05-17 03:35:32','2023-05-17 03:35:32',NULL,NULL,'Jaen',NULL,1,77),(225,'2023-05-17 03:35:32','2023-05-17 03:35:32',NULL,NULL,'Jaen',NULL,2,77),(226,'2023-05-17 03:35:32','2023-05-17 03:35:32',NULL,NULL,'Jaen',NULL,3,77),(227,'2023-05-17 03:35:32','2023-05-17 03:35:32',NULL,NULL,'Asuncion',NULL,1,78),(228,'2023-05-17 03:35:32','2023-05-17 03:35:32',NULL,NULL,'Asunción',NULL,3,78),(229,'2023-05-17 03:35:32','2023-05-17 03:35:32',NULL,NULL,'Ciudad Real',NULL,1,79),(230,'2023-05-17 03:35:32','2023-05-17 03:35:32',NULL,NULL,'Ciudad Real',NULL,2,79),(231,'2023-05-17 03:35:32','2023-05-17 03:35:32',NULL,NULL,'Ciudad Real',NULL,3,79),(232,'2023-05-17 03:35:32','2023-05-17 03:35:32',NULL,NULL,'Schwyz',NULL,1,80),(233,'2023-05-17 03:35:32','2023-05-17 03:35:32',NULL,NULL,'Schwyz',NULL,2,80),(234,'2023-05-17 03:35:32','2023-05-17 03:35:32',NULL,NULL,'Schwyz',NULL,3,80),(235,'2023-05-17 03:35:32','2023-05-17 03:35:32',NULL,NULL,'Alava',NULL,1,81),(236,'2023-05-17 03:35:32','2023-05-17 03:35:32',NULL,NULL,'Alava',NULL,2,81),(237,'2023-05-17 03:35:32','2023-05-17 03:35:32',NULL,NULL,'Alava',NULL,3,81),(238,'2023-05-17 03:35:32','2023-05-17 03:35:32',NULL,NULL,'Kansas',NULL,1,82),(239,'2023-05-17 03:35:32','2023-05-17 03:35:32',NULL,NULL,'Kansas',NULL,2,82),(240,'2023-05-17 03:35:32','2023-05-17 03:35:32',NULL,NULL,'Kansas',NULL,3,82),(241,'2023-05-17 03:35:32','2023-05-17 03:35:32',NULL,NULL,'Colorado',NULL,1,83),(242,'2023-05-17 03:35:32','2023-05-17 03:35:32',NULL,NULL,'Colorado',NULL,2,83),(243,'2023-05-17 03:35:32','2023-05-17 03:35:32',NULL,NULL,'Colorado',NULL,3,83),(244,'2023-05-17 03:35:32','2023-05-17 03:35:32',NULL,NULL,'Kentucky',NULL,1,84),(245,'2023-05-17 03:35:32','2023-05-17 03:35:32',NULL,NULL,'Kentucky',NULL,2,84),(246,'2023-05-17 03:35:32','2023-05-17 03:35:32',NULL,NULL,'Kentucky',NULL,3,84),(247,'2023-05-17 03:35:32','2023-05-17 03:35:32',NULL,NULL,'Berlin',NULL,1,85),(248,'2023-05-17 03:35:32','2023-05-17 03:35:32',NULL,NULL,'Berlin',NULL,2,85),(249,'2023-05-17 03:35:32','2023-05-17 03:35:32',NULL,NULL,'Berlin',NULL,3,85),(250,'2023-05-17 03:35:32','2023-05-17 03:35:32',NULL,NULL,'Connecticut',NULL,1,86),(251,'2023-05-17 03:35:32','2023-05-17 03:35:32',NULL,NULL,'Connecticut',NULL,2,86),(252,'2023-05-17 03:35:32','2023-05-17 03:35:32',NULL,NULL,'Connecticut',NULL,3,86),(253,'2023-05-17 03:35:32','2023-05-17 03:35:32',NULL,NULL,'Australian Capital Territory',NULL,1,87),(254,'2023-05-17 03:35:32','2023-05-17 03:35:32',NULL,NULL,'Territoire de la capitale australienne',NULL,2,87),(255,'2023-05-17 03:35:33','2023-05-17 03:35:33',NULL,NULL,'Australian Capital Territory',NULL,3,87),(256,'2023-05-17 03:35:33','2023-05-17 03:35:33',NULL,NULL,'Thurgau',NULL,1,88),(257,'2023-05-17 03:35:33','2023-05-17 03:35:33',NULL,NULL,'Thurgau',NULL,2,88),(258,'2023-05-17 03:35:33','2023-05-17 03:35:33',NULL,NULL,'Thurgau',NULL,3,88),(259,'2023-05-17 03:35:33','2023-05-17 03:35:33',NULL,NULL,'Louisiana',NULL,1,89),(260,'2023-05-17 03:35:33','2023-05-17 03:35:33',NULL,NULL,'Louisiane',NULL,2,89),(261,'2023-05-17 03:35:33','2023-05-17 03:35:33',NULL,NULL,'Louisiana',NULL,3,89),(262,'2023-05-17 03:35:33','2023-05-17 03:35:33',NULL,NULL,'Hamburg',NULL,1,90),(263,'2023-05-17 03:35:33','2023-05-17 03:35:33',NULL,NULL,'Hamburg',NULL,2,90),(264,'2023-05-17 03:35:33','2023-05-17 03:35:33',NULL,NULL,'Hamburg',NULL,3,90),(265,'2023-05-17 03:35:33','2023-05-17 03:35:33',NULL,NULL,'Tessin',NULL,1,91),(266,'2023-05-17 03:35:33','2023-05-17 03:35:33',NULL,NULL,'Tessin',NULL,2,91),(267,'2023-05-17 03:35:33','2023-05-17 03:35:33',NULL,NULL,'Tessin',NULL,3,91),(268,'2023-05-17 03:35:33','2023-05-17 03:35:33',NULL,NULL,'Lugo',NULL,1,92),(269,'2023-05-17 03:35:33','2023-05-17 03:35:33',NULL,NULL,'Lugo',NULL,2,92),(270,'2023-05-17 03:35:33','2023-05-17 03:35:33',NULL,NULL,'Lugo',NULL,3,92),(271,'2023-05-17 03:35:33','2023-05-17 03:35:33',NULL,NULL,'Neuenburg',NULL,1,93),(272,'2023-05-17 03:35:33','2023-05-17 03:35:33',NULL,NULL,'Neuenburg',NULL,2,93),(273,'2023-05-17 03:35:33','2023-05-17 03:35:33',NULL,NULL,'Neuenburg',NULL,3,93),(274,'2023-05-17 03:35:33','2023-05-17 03:35:33',NULL,NULL,'Tennessee',NULL,1,94),(275,'2023-05-17 03:35:33','2023-05-17 03:35:33',NULL,NULL,'Tennessee',NULL,2,94),(276,'2023-05-17 03:35:33','2023-05-17 03:35:33',NULL,NULL,'Tennessee',NULL,3,94),(277,'2023-05-17 03:35:33','2023-05-17 03:35:33',NULL,NULL,'Toledo',NULL,1,95),(278,'2023-05-17 03:35:33','2023-05-17 03:35:33',NULL,NULL,'Toledo',NULL,2,95),(279,'2023-05-17 03:35:33','2023-05-17 03:35:33',NULL,NULL,'Toledo',NULL,3,95),(280,'2023-05-17 03:35:33','2023-05-17 03:35:33',NULL,NULL,'District of Columbia',NULL,1,96),(281,'2023-05-17 03:35:33','2023-05-17 03:35:33',NULL,NULL,'District de Columbia',NULL,2,96),(282,'2023-05-17 03:35:33','2023-05-17 03:35:33',NULL,NULL,'District of Columbia',NULL,3,96),(283,'2023-05-17 03:35:33','2023-05-17 03:35:33',NULL,NULL,'Palencia',NULL,1,97),(284,'2023-05-17 03:35:33','2023-05-17 03:35:33',NULL,NULL,'Palencia',NULL,2,97),(285,'2023-05-17 03:35:33','2023-05-17 03:35:33',NULL,NULL,'Palencia',NULL,3,97),(286,'2023-05-17 03:35:33','2023-05-17 03:35:33',NULL,NULL,'Delaware',NULL,1,98),(287,'2023-05-17 03:35:33','2023-05-17 03:35:33',NULL,NULL,'Delaware',NULL,2,98),(288,'2023-05-17 03:35:33','2023-05-17 03:35:33',NULL,NULL,'Delaware',NULL,3,98),(289,'2023-05-17 03:35:33','2023-05-17 03:35:33',NULL,NULL,'Texas',NULL,1,99),(290,'2023-05-17 03:35:33','2023-05-17 03:35:33',NULL,NULL,'Texas',NULL,2,99),(291,'2023-05-17 03:35:33','2023-05-17 03:35:33',NULL,NULL,'Texas',NULL,3,99),(292,'2023-05-17 03:35:33','2023-05-17 03:35:33',NULL,NULL,'Tasmania',NULL,1,100),(293,'2023-05-17 03:35:33','2023-05-17 03:35:33',NULL,NULL,'Tasmanie',NULL,2,100),(294,'2023-05-17 03:35:33','2023-05-17 03:35:33',NULL,NULL,'Tasmania',NULL,3,100),(295,'2023-05-17 03:35:33','2023-05-17 03:35:33',NULL,NULL,'Queensland',NULL,1,101),(296,'2023-05-17 03:35:33','2023-05-17 03:35:33',NULL,NULL,'Queensland',NULL,2,101),(297,'2023-05-17 03:35:33','2023-05-17 03:35:33',NULL,NULL,'Queensland',NULL,3,101),(298,'2023-05-17 03:35:33','2023-05-17 03:35:33',NULL,NULL,'Luzern',NULL,1,102),(299,'2023-05-17 03:35:33','2023-05-17 03:35:33',NULL,NULL,'Luzern',NULL,2,102),(300,'2023-05-17 03:35:33','2023-05-17 03:35:33',NULL,NULL,'Luzern',NULL,3,102),(301,'2023-05-17 03:35:33','2023-05-17 03:35:33',NULL,NULL,'Burgos',NULL,1,103),(302,'2023-05-17 03:35:33','2023-05-17 03:35:33',NULL,NULL,'Burgos',NULL,2,103),(303,'2023-05-17 03:35:33','2023-05-17 03:35:33',NULL,NULL,'Burgos',NULL,3,103),(304,'2023-05-17 03:35:33','2023-05-17 03:35:33',NULL,NULL,'Cadiz',NULL,1,104),(305,'2023-05-17 03:35:33','2023-05-17 03:35:33',NULL,NULL,'Cadiz',NULL,2,104),(306,'2023-05-17 03:35:33','2023-05-17 03:35:33',NULL,NULL,'Cadiz',NULL,3,104),(307,'2023-05-17 03:35:33','2023-05-17 03:35:33',NULL,NULL,'Santa Cruz de Tenerife',NULL,1,105),(308,'2023-05-17 03:35:33','2023-05-17 03:35:33',NULL,NULL,'Santa Cruz de Tenerife',NULL,2,105),(309,'2023-05-17 03:35:33','2023-05-17 03:35:33',NULL,NULL,'Santa Cruz de Tenerife',NULL,3,105),(310,'2023-05-17 03:35:33','2023-05-17 03:35:33',NULL,NULL,'Massachusetts',NULL,1,106),(311,'2023-05-17 03:35:33','2023-05-17 03:35:33',NULL,NULL,'Massachusetts',NULL,2,106),(312,'2023-05-17 03:35:33','2023-05-17 03:35:33',NULL,NULL,'Massachusetts',NULL,3,106),(313,'2023-05-17 03:35:33','2023-05-17 03:35:33',NULL,NULL,'Manitoba',NULL,1,107),(314,'2023-05-17 03:35:33','2023-05-17 03:35:33',NULL,NULL,'Manitoba',NULL,2,107),(315,'2023-05-17 03:35:33','2023-05-17 03:35:33',NULL,NULL,'Manitoba',NULL,3,107),(316,'2023-05-17 03:35:33','2023-05-17 03:35:33',NULL,NULL,'Maryland',NULL,1,108),(317,'2023-05-17 03:35:33','2023-05-17 03:35:33',NULL,NULL,'Maryland',NULL,2,108),(318,'2023-05-17 03:35:33','2023-05-17 03:35:33',NULL,NULL,'Maryland',NULL,3,108),(319,'2023-05-17 03:35:33','2023-05-17 03:35:33',NULL,NULL,'Girona',NULL,1,109),(320,'2023-05-17 03:35:33','2023-05-17 03:35:33',NULL,NULL,'Girona',NULL,2,109),(321,'2023-05-17 03:35:34','2023-05-17 03:35:34',NULL,NULL,'Girona',NULL,3,109),(322,'2023-05-17 03:35:34','2023-05-17 03:35:34',NULL,NULL,'Maine',NULL,1,110),(323,'2023-05-17 03:35:34','2023-05-17 03:35:34',NULL,NULL,'Maine',NULL,2,110),(324,'2023-05-17 03:35:34','2023-05-17 03:35:34',NULL,NULL,'Maine',NULL,3,110),(325,'2023-05-17 03:35:34','2023-05-17 03:35:34',NULL,NULL,'Alicante',NULL,1,111),(326,'2023-05-17 03:35:34','2023-05-17 03:35:34',NULL,NULL,'Alicante',NULL,2,111),(327,'2023-05-17 03:35:34','2023-05-17 03:35:34',NULL,NULL,'Alicante',NULL,3,111),(328,'2023-05-17 03:35:34','2023-05-17 03:35:34',NULL,NULL,'Guadalajara',NULL,1,112),(329,'2023-05-17 03:35:34','2023-05-17 03:35:34',NULL,NULL,'Guadalajara',NULL,2,112),(330,'2023-05-17 03:35:34','2023-05-17 03:35:34',NULL,NULL,'Guadalajara',NULL,3,112),(331,'2023-05-17 03:35:34','2023-05-17 03:35:34',NULL,NULL,'Cantabria',NULL,1,113),(332,'2023-05-17 03:35:34','2023-05-17 03:35:34',NULL,NULL,'Cantabria',NULL,2,113),(333,'2023-05-17 03:35:34','2023-05-17 03:35:34',NULL,NULL,'Cantabria',NULL,3,113),(334,'2023-05-17 03:35:34','2023-05-17 03:35:34',NULL,NULL,'Marshall Islands',NULL,1,114),(335,'2023-05-17 03:35:34','2023-05-17 03:35:34',NULL,NULL,'Marshall Islands',NULL,2,114),(336,'2023-05-17 03:35:34','2023-05-17 03:35:34',NULL,NULL,'Marshall Islands',NULL,3,114),(337,'2023-05-17 03:35:34','2023-05-17 03:35:34',NULL,NULL,'Michigan',NULL,1,115),(338,'2023-05-17 03:35:34','2023-05-17 03:35:34',NULL,NULL,'Michigan',NULL,2,115),(339,'2023-05-17 03:35:34','2023-05-17 03:35:34',NULL,NULL,'Michigan',NULL,3,115),(340,'2023-05-17 03:35:34','2023-05-17 03:35:34',NULL,NULL,'Uri',NULL,1,116),(341,'2023-05-17 03:35:34','2023-05-17 03:35:34',NULL,NULL,'Uri',NULL,2,116),(342,'2023-05-17 03:35:34','2023-05-17 03:35:34',NULL,NULL,'Uri',NULL,3,116),(343,'2023-05-17 03:35:34','2023-05-17 03:35:34',NULL,NULL,'Utah',NULL,1,117),(344,'2023-05-17 03:35:34','2023-05-17 03:35:34',NULL,NULL,'Utah',NULL,2,117),(345,'2023-05-17 03:35:34','2023-05-17 03:35:34',NULL,NULL,'Utah',NULL,3,117),(346,'2023-05-17 03:35:34','2023-05-17 03:35:34',NULL,NULL,'Minnesota',NULL,1,118),(347,'2023-05-17 03:35:34','2023-05-17 03:35:34',NULL,NULL,'Minnesota',NULL,2,118),(348,'2023-05-17 03:35:34','2023-05-17 03:35:34',NULL,NULL,'Minnesota',NULL,3,118),(349,'2023-05-17 03:35:34','2023-05-17 03:35:34',NULL,NULL,'Missouri',NULL,1,119),(350,'2023-05-17 03:35:34','2023-05-17 03:35:34',NULL,NULL,'Missouri',NULL,2,119),(351,'2023-05-17 03:35:34','2023-05-17 03:35:34',NULL,NULL,'Missouri',NULL,3,119),(352,'2023-05-17 03:35:34','2023-05-17 03:35:34',NULL,NULL,'Northern Mariana Islands',NULL,1,120),(353,'2023-05-17 03:35:34','2023-05-17 03:35:34',NULL,NULL,'Northern Mariana Islands',NULL,2,120),(354,'2023-05-17 03:35:34','2023-05-17 03:35:34',NULL,NULL,'Northern Mariana Islands',NULL,3,120),(355,'2023-05-17 03:35:34','2023-05-17 03:35:34',NULL,NULL,'Barcelona',NULL,1,121),(356,'2023-05-17 03:35:34','2023-05-17 03:35:34',NULL,NULL,'Barcelona',NULL,2,121),(357,'2023-05-17 03:35:34','2023-05-17 03:35:34',NULL,NULL,'Barcelona',NULL,3,121),(358,'2023-05-17 03:35:34','2023-05-17 03:35:34',NULL,NULL,'Mississippi',NULL,1,122),(359,'2023-05-17 03:35:34','2023-05-17 03:35:34',NULL,NULL,'Mississippi',NULL,2,122),(360,'2023-05-17 03:35:34','2023-05-17 03:35:34',NULL,NULL,'Mississippi',NULL,3,122),(361,'2023-05-17 03:35:34','2023-05-17 03:35:34',NULL,NULL,'Montana',NULL,1,123),(362,'2023-05-17 03:35:34','2023-05-17 03:35:34',NULL,NULL,'Montana',NULL,2,123),(363,'2023-05-17 03:35:34','2023-05-17 03:35:34',NULL,NULL,'Montana',NULL,3,123),(364,'2023-05-17 03:35:34','2023-05-17 03:35:34',NULL,NULL,'Badajoz',NULL,1,124),(365,'2023-05-17 03:35:34','2023-05-17 03:35:34',NULL,NULL,'Badajoz',NULL,2,124),(366,'2023-05-17 03:35:34','2023-05-17 03:35:34',NULL,NULL,'Badajoz',NULL,3,124),(367,'2023-05-17 03:35:34','2023-05-17 03:35:34',NULL,NULL,'Mecklenburg-Vorpommern',NULL,1,125),(368,'2023-05-17 03:35:34','2023-05-17 03:35:34',NULL,NULL,'Mecklenburg-Vorpommern',NULL,2,125),(369,'2023-05-17 03:35:34','2023-05-17 03:35:34',NULL,NULL,'Mecklenburg-Vorpommern',NULL,3,125),(370,'2023-05-17 03:35:34','2023-05-17 03:35:34',NULL,NULL,'Virginia',NULL,1,126),(371,'2023-05-17 03:35:34','2023-05-17 03:35:34',NULL,NULL,'Virginie',NULL,2,126),(372,'2023-05-17 03:35:34','2023-05-17 03:35:34',NULL,NULL,'Virginia',NULL,3,126),(373,'2023-05-17 03:35:34','2023-05-17 03:35:34',NULL,NULL,'Voralberg',NULL,1,127),(374,'2023-05-17 03:35:34','2023-05-17 03:35:34',NULL,NULL,'Voralberg',NULL,2,127),(375,'2023-05-17 03:35:34','2023-05-17 03:35:34',NULL,NULL,'Voralberg',NULL,3,127),(376,'2023-05-17 03:35:34','2023-05-17 03:35:34',NULL,NULL,'Cuenca',NULL,1,128),(377,'2023-05-17 03:35:34','2023-05-17 03:35:34',NULL,NULL,'Cuenca',NULL,2,128),(378,'2023-05-17 03:35:34','2023-05-17 03:35:34',NULL,NULL,'Cuenca',NULL,3,128),(379,'2023-05-17 03:35:34','2023-05-17 03:35:34',NULL,NULL,'Wien',NULL,1,129),(380,'2023-05-17 03:35:34','2023-05-17 03:35:34',NULL,NULL,'Wien',NULL,2,129),(381,'2023-05-17 03:35:34','2023-05-17 03:35:34',NULL,NULL,'Wien',NULL,3,129),(382,'2023-05-17 03:35:34','2023-05-17 03:35:34',NULL,NULL,'Waadt',NULL,1,130),(383,'2023-05-17 03:35:34','2023-05-17 03:35:34',NULL,NULL,'Waadt',NULL,2,130),(384,'2023-05-17 03:35:34','2023-05-17 03:35:34',NULL,NULL,'Waadt',NULL,3,130),(385,'2023-05-17 03:35:34','2023-05-17 03:35:34',NULL,NULL,'Sevilla',NULL,1,131),(386,'2023-05-17 03:35:34','2023-05-17 03:35:34',NULL,NULL,'Sevilla',NULL,2,131),(387,'2023-05-17 03:35:34','2023-05-17 03:35:34',NULL,NULL,'Sevilla',NULL,3,131),(388,'2023-05-17 03:35:34','2023-05-17 03:35:34',NULL,NULL,'Virgin Islands',NULL,1,132),(389,'2023-05-17 03:35:34','2023-05-17 03:35:34',NULL,NULL,'Virgin Islands',NULL,2,132),(390,'2023-05-17 03:35:34','2023-05-17 03:35:34',NULL,NULL,'Virgin Islands',NULL,3,132),(391,'2023-05-17 03:35:34','2023-05-17 03:35:34',NULL,NULL,'Zaragoza',NULL,1,133),(392,'2023-05-17 03:35:34','2023-05-17 03:35:34',NULL,NULL,'Zaragoza',NULL,2,133),(393,'2023-05-17 03:35:34','2023-05-17 03:35:34',NULL,NULL,'Zaragoza',NULL,3,133),(394,'2023-05-17 03:35:34','2023-05-17 03:35:34',NULL,NULL,'New Brunswick',NULL,1,134),(395,'2023-05-17 03:35:34','2023-05-17 03:35:34',NULL,NULL,'Nouveau Brunswick',NULL,2,134),(396,'2023-05-17 03:35:34','2023-05-17 03:35:34',NULL,NULL,'New Brunswick',NULL,3,134),(397,'2023-05-17 03:35:34','2023-05-17 03:35:34',NULL,NULL,'Sachsen-Anhalt',NULL,1,135),(398,'2023-05-17 03:35:34','2023-05-17 03:35:34',NULL,NULL,'Sachsen-Anhalt',NULL,2,135),(399,'2023-05-17 03:35:35','2023-05-17 03:35:35',NULL,NULL,'Sachsen-Anhalt',NULL,3,135),(400,'2023-05-17 03:35:35','2023-05-17 03:35:35',NULL,NULL,'North Carolina',NULL,1,136),(401,'2023-05-17 03:35:35','2023-05-17 03:35:35',NULL,NULL,'Caroline du Nord',NULL,2,136),(402,'2023-05-17 03:35:35','2023-05-17 03:35:35',NULL,NULL,'North Carolina',NULL,3,136),(403,'2023-05-17 03:35:35','2023-05-17 03:35:35',NULL,NULL,'North Dakota',NULL,1,137),(404,'2023-05-17 03:35:35','2023-05-17 03:35:35',NULL,NULL,'Dakota du Nord',NULL,2,137),(405,'2023-05-17 03:35:35','2023-05-17 03:35:35',NULL,NULL,'North Dakota',NULL,3,137),(406,'2023-05-17 03:35:35','2023-05-17 03:35:35',NULL,NULL,'Nebraska',NULL,1,138),(407,'2023-05-17 03:35:35','2023-05-17 03:35:35',NULL,NULL,'Nebraska',NULL,2,138),(408,'2023-05-17 03:35:35','2023-05-17 03:35:35',NULL,NULL,'Nebraska',NULL,3,138),(409,'2023-05-17 03:35:35','2023-05-17 03:35:35',NULL,NULL,'Newfoundland - Labrador',NULL,1,139),(410,'2023-05-17 03:35:35','2023-05-17 03:35:35',NULL,NULL,'Terre-Neuve - Labrador',NULL,2,139),(411,'2023-05-17 03:35:35','2023-05-17 03:35:35',NULL,NULL,'Newfoundland - Labrador',NULL,3,139),(412,'2023-05-17 03:35:35','2023-05-17 03:35:35',NULL,NULL,'New Hampshire',NULL,1,140),(413,'2023-05-17 03:35:35','2023-05-17 03:35:35',NULL,NULL,'Nouveau Hampshire',NULL,2,140),(414,'2023-05-17 03:35:35','2023-05-17 03:35:35',NULL,NULL,'New Hampshire',NULL,3,140),(415,'2023-05-17 03:35:35','2023-05-17 03:35:35',NULL,NULL,'New Jersey',NULL,1,141),(416,'2023-05-17 03:35:35','2023-05-17 03:35:35',NULL,NULL,'New Jersey',NULL,2,141),(417,'2023-05-17 03:35:35','2023-05-17 03:35:35',NULL,NULL,'New Jersey',NULL,3,141),(418,'2023-05-17 03:35:35','2023-05-17 03:35:35',NULL,NULL,'Wallis',NULL,1,142),(419,'2023-05-17 03:35:35','2023-05-17 03:35:35',NULL,NULL,'Wallis',NULL,2,142),(420,'2023-05-17 03:35:35','2023-05-17 03:35:35',NULL,NULL,'Wallis',NULL,3,142),(421,'2023-05-17 03:35:35','2023-05-17 03:35:35',NULL,NULL,'Vermont',NULL,1,143),(422,'2023-05-17 03:35:35','2023-05-17 03:35:35',NULL,NULL,'Vermont',NULL,2,143),(423,'2023-05-17 03:35:35','2023-05-17 03:35:35',NULL,NULL,'Vermont',NULL,3,143),(424,'2023-05-17 03:35:35','2023-05-17 03:35:35',NULL,NULL,'New Mexico',NULL,1,144),(425,'2023-05-17 03:35:35','2023-05-17 03:35:35',NULL,NULL,'Nouveau Mexique',NULL,2,144),(426,'2023-05-17 03:35:35','2023-05-17 03:35:35',NULL,NULL,'New Mexico',NULL,3,144),(427,'2023-05-17 03:35:35','2023-05-17 03:35:35',NULL,NULL,'Niederosterreich',NULL,1,145),(428,'2023-05-17 03:35:35','2023-05-17 03:35:35',NULL,NULL,'Niederosterreich',NULL,2,145),(429,'2023-05-17 03:35:35','2023-05-17 03:35:35',NULL,NULL,'Niederosterreich',NULL,3,145),(430,'2023-05-17 03:35:35','2023-05-17 03:35:35',NULL,NULL,'Sachsen',NULL,1,146),(431,'2023-05-17 03:35:35','2023-05-17 03:35:35',NULL,NULL,'Sachsen',NULL,2,146),(432,'2023-05-17 03:35:35','2023-05-17 03:35:35',NULL,NULL,'Sachsen',NULL,3,146),(433,'2023-05-17 03:35:35','2023-05-17 03:35:35',NULL,NULL,'Nova Scotia',NULL,1,147),(434,'2023-05-17 03:35:35','2023-05-17 03:35:35',NULL,NULL,'Nouvelle Écosse',NULL,2,147),(435,'2023-05-17 03:35:35','2023-05-17 03:35:35',NULL,NULL,'Nova Scotia',NULL,3,147),(436,'2023-05-17 03:35:35','2023-05-17 03:35:35',NULL,NULL,'Saarland',NULL,1,148),(437,'2023-05-17 03:35:35','2023-05-17 03:35:35',NULL,NULL,'Saarland',NULL,2,148),(438,'2023-05-17 03:35:35','2023-05-17 03:35:35',NULL,NULL,'Saarland',NULL,3,148),(439,'2023-05-17 03:35:35','2023-05-17 03:35:35',NULL,NULL,'Florida',NULL,1,149),(440,'2023-05-17 03:35:35','2023-05-17 03:35:35',NULL,NULL,'Floride',NULL,2,149),(441,'2023-05-17 03:35:35','2023-05-17 03:35:35',NULL,NULL,'Florida',NULL,3,149),(442,'2023-05-17 03:35:35','2023-05-17 03:35:35',NULL,NULL,'Northwest Territories',NULL,1,150),(443,'2023-05-17 03:35:35','2023-05-17 03:35:35',NULL,NULL,'Territores du Nord-Ouest',NULL,2,150),(444,'2023-05-17 03:35:35','2023-05-17 03:35:35',NULL,NULL,'Northwest Territories',NULL,3,150),(445,'2023-05-17 03:35:35','2023-05-17 03:35:35',NULL,NULL,'Federated States Of Micronesia',NULL,1,151),(446,'2023-05-17 03:35:35','2023-05-17 03:35:35',NULL,NULL,'Federated States Of Micronesia',NULL,2,151),(447,'2023-05-17 03:35:35','2023-05-17 03:35:35',NULL,NULL,'Federated States Of Micronesia',NULL,3,151),(448,'2023-05-17 03:35:35','2023-05-17 03:35:35',NULL,NULL,'Nunavut',NULL,1,152),(449,'2023-05-17 03:35:35','2023-05-17 03:35:35',NULL,NULL,'Nunavut',NULL,2,152),(450,'2023-05-17 03:35:35','2023-05-17 03:35:35',NULL,NULL,'Nunavut',NULL,3,152),(451,'2023-05-17 03:35:35','2023-05-17 03:35:35',NULL,NULL,'Nevada',NULL,1,153),(452,'2023-05-17 03:35:35','2023-05-17 03:35:35',NULL,NULL,'Nevada',NULL,2,153),(453,'2023-05-17 03:35:35','2023-05-17 03:35:35',NULL,NULL,'Nevada',NULL,3,153),(454,'2023-05-17 03:35:35','2023-05-17 03:35:35',NULL,NULL,'Nidwalden',NULL,1,154),(455,'2023-05-17 03:35:35','2023-05-17 03:35:35',NULL,NULL,'Nidwalden',NULL,2,154),(456,'2023-05-17 03:35:35','2023-05-17 03:35:35',NULL,NULL,'Nidwalden',NULL,3,154),(457,'2023-05-17 03:35:35','2023-05-17 03:35:35',NULL,NULL,'Washington',NULL,1,155),(458,'2023-05-17 03:35:35','2023-05-17 03:35:35',NULL,NULL,'Washington',NULL,2,155),(459,'2023-05-17 03:35:35','2023-05-17 03:35:35',NULL,NULL,'Washington',NULL,3,155),(460,'2023-05-17 03:35:35','2023-05-17 03:35:35',NULL,NULL,'New York',NULL,1,156),(461,'2023-05-17 03:35:35','2023-05-17 03:35:35',NULL,NULL,'New York',NULL,2,156),(462,'2023-05-17 03:35:35','2023-05-17 03:35:35',NULL,NULL,'New York',NULL,3,156),(463,'2023-05-17 03:35:35','2023-05-17 03:35:35',NULL,NULL,'Granada',NULL,1,157),(464,'2023-05-17 03:35:35','2023-05-17 03:35:35',NULL,NULL,'Granada',NULL,2,157),(465,'2023-05-17 03:35:35','2023-05-17 03:35:35',NULL,NULL,'Granada',NULL,3,157),(466,'2023-05-17 03:35:35','2023-05-17 03:35:35',NULL,NULL,'Soria',NULL,1,158),(467,'2023-05-17 03:35:35','2023-05-17 03:35:35',NULL,NULL,'Soria',NULL,2,158),(468,'2023-05-17 03:35:35','2023-05-17 03:35:35',NULL,NULL,'Soria',NULL,3,158),(469,'2023-05-17 03:35:35','2023-05-17 03:35:35',NULL,NULL,'Freiburg',NULL,1,159),(470,'2023-05-17 03:35:35','2023-05-17 03:35:35',NULL,NULL,'Freiburg',NULL,2,159),(471,'2023-05-17 03:35:35','2023-05-17 03:35:35',NULL,NULL,'Freiburg',NULL,3,159),(472,'2023-05-17 03:35:35','2023-05-17 03:35:35',NULL,NULL,'Rheinland-Pfalz',NULL,1,160),(473,'2023-05-17 03:35:35','2023-05-17 03:35:35',NULL,NULL,'Rheinland-Pfalz',NULL,2,160),(474,'2023-05-17 03:35:35','2023-05-17 03:35:35',NULL,NULL,'Rheinland-Pfalz',NULL,3,160),(475,'2023-05-17 03:35:35','2023-05-17 03:35:35',NULL,NULL,'Ourense',NULL,1,161),(476,'2023-05-17 03:35:35','2023-05-17 03:35:35',NULL,NULL,'Ourense',NULL,2,161),(477,'2023-05-17 03:35:35','2023-05-17 03:35:35',NULL,NULL,'Ourense',NULL,3,161),(478,'2023-05-17 03:35:35','2023-05-17 03:35:35',NULL,NULL,'Wisconsin',NULL,1,162),(479,'2023-05-17 03:35:35','2023-05-17 03:35:35',NULL,NULL,'Wisconsin',NULL,2,162),(480,'2023-05-17 03:35:35','2023-05-17 03:35:35',NULL,NULL,'Wisconsin',NULL,3,162),(481,'2023-05-17 03:35:36','2023-05-17 03:35:36',NULL,NULL,'Ohio',NULL,1,163),(482,'2023-05-17 03:35:36','2023-05-17 03:35:36',NULL,NULL,'Ohio',NULL,2,163),(483,'2023-05-17 03:35:36','2023-05-17 03:35:36',NULL,NULL,'Ohio',NULL,3,163),(484,'2023-05-17 03:35:36','2023-05-17 03:35:36',NULL,NULL,'Georgia',NULL,1,164),(485,'2023-05-17 03:35:36','2023-05-17 03:35:36',NULL,NULL,'Georgie',NULL,2,164),(486,'2023-05-17 03:35:36','2023-05-17 03:35:36',NULL,NULL,'Georgia',NULL,3,164),(487,'2023-05-17 03:35:36','2023-05-17 03:35:36',NULL,NULL,'Murcia',NULL,1,165),(488,'2023-05-17 03:35:36','2023-05-17 03:35:36',NULL,NULL,'Murcia',NULL,2,165),(489,'2023-05-17 03:35:36','2023-05-17 03:35:36',NULL,NULL,'Murcia',NULL,3,165),(490,'2023-05-17 03:35:36','2023-05-17 03:35:36',NULL,NULL,'Oklahoma',NULL,1,166),(491,'2023-05-17 03:35:36','2023-05-17 03:35:36',NULL,NULL,'Oklahoma',NULL,2,166),(492,'2023-05-17 03:35:36','2023-05-17 03:35:36',NULL,NULL,'Oklahoma',NULL,3,166),(493,'2023-05-17 03:35:36','2023-05-17 03:35:36',NULL,NULL,'Genf',NULL,1,167),(494,'2023-05-17 03:35:36','2023-05-17 03:35:36',NULL,NULL,'Genf',NULL,2,167),(495,'2023-05-17 03:35:36','2023-05-17 03:35:36',NULL,NULL,'Genf',NULL,3,167),(496,'2023-05-17 03:35:36','2023-05-17 03:35:36',NULL,NULL,'West Virginia',NULL,1,168),(497,'2023-05-17 03:35:36','2023-05-17 03:35:36',NULL,NULL,'West Virginia',NULL,2,168),(498,'2023-05-17 03:35:36','2023-05-17 03:35:36',NULL,NULL,'West Virginia',NULL,3,168),(499,'2023-05-17 03:35:36','2023-05-17 03:35:36',NULL,NULL,'Ontario',NULL,1,169),(500,'2023-05-17 03:35:36','2023-05-17 03:35:36',NULL,NULL,'Ontario',NULL,2,169),(501,'2023-05-17 03:35:36','2023-05-17 03:35:36',NULL,NULL,'Ontario',NULL,3,169),(502,'2023-05-17 03:35:36','2023-05-17 03:35:36',NULL,NULL,'Oberosterreich',NULL,1,170),(503,'2023-05-17 03:35:36','2023-05-17 03:35:36',NULL,NULL,'Oberosterreich',NULL,2,170),(504,'2023-05-17 03:35:36','2023-05-17 03:35:36',NULL,NULL,'Oberosterreich',NULL,3,170),(505,'2023-05-17 03:35:36','2023-05-17 03:35:36',NULL,NULL,'Wyoming',NULL,1,171),(506,'2023-05-17 03:35:36','2023-05-17 03:35:36',NULL,NULL,'Wyoming',NULL,2,171),(507,'2023-05-17 03:35:36','2023-05-17 03:35:36',NULL,NULL,'Wyoming',NULL,3,171),(508,'2023-05-17 03:35:36','2023-05-17 03:35:36',NULL,NULL,'Burgenland',NULL,1,172),(509,'2023-05-17 03:35:36','2023-05-17 03:35:36',NULL,NULL,'Burgenland',NULL,2,172),(510,'2023-05-17 03:35:36','2023-05-17 03:35:36',NULL,NULL,'Burgenland',NULL,3,172),(511,'2023-05-17 03:35:36','2023-05-17 03:35:36',NULL,NULL,'Avila',NULL,1,173),(512,'2023-05-17 03:35:36','2023-05-17 03:35:36',NULL,NULL,'Avila',NULL,2,173),(513,'2023-05-17 03:35:36','2023-05-17 03:35:36',NULL,NULL,'Avila',NULL,3,173),(514,'2023-05-17 03:35:36','2023-05-17 03:35:36',NULL,NULL,'Oregon',NULL,1,174),(515,'2023-05-17 03:35:36','2023-05-17 03:35:36',NULL,NULL,'Oregon',NULL,2,174),(516,'2023-05-17 03:35:36','2023-05-17 03:35:36',NULL,NULL,'Oregon',NULL,3,174),(517,'2023-05-17 03:35:36','2023-05-17 03:35:36',NULL,NULL,'Salamanca',NULL,1,175),(518,'2023-05-17 03:35:36','2023-05-17 03:35:36',NULL,NULL,'Salamanca',NULL,2,175),(519,'2023-05-17 03:35:36','2023-05-17 03:35:36',NULL,NULL,'Salamanca',NULL,3,175),(520,'2023-05-17 03:35:36','2023-05-17 03:35:36',NULL,NULL,'Glarus',NULL,1,176),(521,'2023-05-17 03:35:36','2023-05-17 03:35:36',NULL,NULL,'Glarus',NULL,2,176),(522,'2023-05-17 03:35:36','2023-05-17 03:35:36',NULL,NULL,'Glarus',NULL,3,176),(523,'2023-05-17 03:35:36','2023-05-17 03:35:36',NULL,NULL,'Baleares',NULL,1,177),(524,'2023-05-17 03:35:36','2023-05-17 03:35:36',NULL,NULL,'Baleares',NULL,2,177),(525,'2023-05-17 03:35:36','2023-05-17 03:35:36',NULL,NULL,'Baleares',NULL,3,177),(526,'2023-05-17 03:35:36','2023-05-17 03:35:36',NULL,NULL,'Obwalden',NULL,1,178),(527,'2023-05-17 03:35:36','2023-05-17 03:35:36',NULL,NULL,'Obwalden',NULL,2,178),(528,'2023-05-17 03:35:36','2023-05-17 03:35:36',NULL,NULL,'Obwalden',NULL,3,178),(529,'2023-05-17 03:35:36','2023-05-17 03:35:36',NULL,NULL,'Graubnden',NULL,1,179),(530,'2023-05-17 03:35:36','2023-05-17 03:35:36',NULL,NULL,'Graubnden',NULL,2,179),(531,'2023-05-17 03:35:36','2023-05-17 03:35:36',NULL,NULL,'Graubnden',NULL,3,179),(532,'2023-05-17 03:35:36','2023-05-17 03:35:36',NULL,NULL,'Guam',NULL,1,180),(533,'2023-05-17 03:35:36','2023-05-17 03:35:36',NULL,NULL,'Guam',NULL,2,180),(534,'2023-05-17 03:35:36','2023-05-17 03:35:36',NULL,NULL,'Guam',NULL,3,180),(535,'2023-05-17 03:35:36','2023-05-17 03:35:36',NULL,NULL,'Pennsylvania',NULL,1,181),(536,'2023-05-17 03:35:36','2023-05-17 03:35:36',NULL,NULL,'Pennsylvanie',NULL,2,181),(537,'2023-05-17 03:35:36','2023-05-17 03:35:36',NULL,NULL,'Pennsylvania',NULL,3,181),(538,'2023-05-17 03:35:36','2023-05-17 03:35:36',NULL,NULL,'Victoria',NULL,1,182),(539,'2023-05-17 03:35:36','2023-05-17 03:35:36',NULL,NULL,'Victoria',NULL,2,182),(540,'2023-05-17 03:35:36','2023-05-17 03:35:36',NULL,NULL,'Victoria',NULL,3,182),(541,'2023-05-17 03:35:36','2023-05-17 03:35:36',NULL,NULL,'Bremen',NULL,1,183),(542,'2023-05-17 03:35:36','2023-05-17 03:35:36',NULL,NULL,'Bremen',NULL,2,183),(543,'2023-05-17 03:35:36','2023-05-17 03:35:36',NULL,NULL,'Bremen',NULL,3,183),(544,'2023-05-17 03:35:36','2023-05-17 03:35:36',NULL,NULL,'Prince Edward Island',NULL,1,184),(545,'2023-05-17 03:35:36','2023-05-17 03:35:36',NULL,NULL,'Île-du-Prince-Édouard',NULL,2,184),(546,'2023-05-17 03:35:36','2023-05-17 03:35:36',NULL,NULL,'Prince Edward Island',NULL,3,184),(547,'2023-05-17 03:35:36','2023-05-17 03:35:36',NULL,NULL,'Brandenburg',NULL,1,185),(548,'2023-05-17 03:35:36','2023-05-17 03:35:36',NULL,NULL,'Brandenburg',NULL,2,185),(549,'2023-05-17 03:35:36','2023-05-17 03:35:36',NULL,NULL,'Brandenburg',NULL,3,185),(550,'2023-05-17 03:35:36','2023-05-17 03:35:36',NULL,NULL,'Hessen',NULL,1,186),(551,'2023-05-17 03:35:36','2023-05-17 03:35:36',NULL,NULL,'Hessen',NULL,2,186),(552,'2023-05-17 03:35:36','2023-05-17 03:35:36',NULL,NULL,'Hessen',NULL,3,186),(553,'2023-05-17 03:35:36','2023-05-17 03:35:36',NULL,NULL,'Almeria',NULL,1,187),(554,'2023-05-17 03:35:37','2023-05-17 03:35:37',NULL,NULL,'Almeria',NULL,2,187),(555,'2023-05-17 03:35:37','2023-05-17 03:35:37',NULL,NULL,'Almeria',NULL,3,187),(556,'2023-05-17 03:35:37','2023-05-17 03:35:37',NULL,NULL,'Baden-Wrttemberg',NULL,1,188),(557,'2023-05-17 03:35:37','2023-05-17 03:35:37',NULL,NULL,'Baden-Wrttemberg',NULL,2,188),(558,'2023-05-17 03:35:37','2023-05-17 03:35:37',NULL,NULL,'Baden-Wrttemberg',NULL,3,188),(559,'2023-05-17 03:35:37','2023-05-17 03:35:37',NULL,NULL,'Bayern',NULL,1,189),(560,'2023-05-17 03:35:37','2023-05-17 03:35:37',NULL,NULL,'Bayern',NULL,2,189),(561,'2023-05-17 03:35:37','2023-05-17 03:35:37',NULL,NULL,'Bayern',NULL,3,189),(562,'2023-05-17 03:35:37','2023-05-17 03:35:37',NULL,NULL,'Navarra',NULL,1,190),(563,'2023-05-17 03:35:37','2023-05-17 03:35:37',NULL,NULL,'Navarra',NULL,2,190),(564,'2023-05-17 03:35:37','2023-05-17 03:35:37',NULL,NULL,'Navarra',NULL,3,190),(565,'2023-05-17 03:35:37','2023-05-17 03:35:37',NULL,NULL,'Valencia',NULL,1,191),(566,'2023-05-17 03:35:37','2023-05-17 03:35:37',NULL,NULL,'Valencia',NULL,2,191),(567,'2023-05-17 03:35:37','2023-05-17 03:35:37',NULL,NULL,'Valencia',NULL,3,191),(568,'2023-05-17 03:35:37','2023-05-17 03:35:37',NULL,NULL,'Schleswig-Holstein',NULL,1,192),(569,'2023-05-17 03:35:37','2023-05-17 03:35:37',NULL,NULL,'Schleswig-Holstein',NULL,2,192),(570,'2023-05-17 03:35:37','2023-05-17 03:35:37',NULL,NULL,'Schleswig-Holstein',NULL,3,192),(571,'2023-05-17 03:35:37','2023-05-17 03:35:37',NULL,NULL,'Andhra Pradesh',NULL,1,193),(572,'2023-05-17 03:35:37','2023-05-17 03:35:37',NULL,NULL,'Andhra Pradesh',NULL,2,193),(573,'2023-05-17 03:35:37','2023-05-17 03:35:37',NULL,NULL,'Andhra Pradesh',NULL,3,193),(574,'2023-05-17 03:35:37','2023-05-17 03:35:37',NULL,NULL,'Arunachal Pradesh',NULL,1,194),(575,'2023-05-17 03:35:37','2023-05-17 03:35:37',NULL,NULL,'Arunachal Pradesh',NULL,2,194),(576,'2023-05-17 03:35:37','2023-05-17 03:35:37',NULL,NULL,'Arunachal Pradesh',NULL,3,194),(577,'2023-05-17 03:35:37','2023-05-17 03:35:37',NULL,NULL,'Assam',NULL,1,195),(578,'2023-05-17 03:35:37','2023-05-17 03:35:37',NULL,NULL,'Assam',NULL,2,195),(579,'2023-05-17 03:35:37','2023-05-17 03:35:37',NULL,NULL,'Assam',NULL,3,195),(580,'2023-05-17 03:35:37','2023-05-17 03:35:37',NULL,NULL,'Bihar',NULL,1,196),(581,'2023-05-17 03:35:37','2023-05-17 03:35:37',NULL,NULL,'Bihar',NULL,2,196),(582,'2023-05-17 03:35:37','2023-05-17 03:35:37',NULL,NULL,'Bihar',NULL,3,196),(583,'2023-05-17 03:35:37','2023-05-17 03:35:37',NULL,NULL,'Chhattisgarh',NULL,1,197),(584,'2023-05-17 03:35:37','2023-05-17 03:35:37',NULL,NULL,'Chhattisgarh',NULL,2,197),(585,'2023-05-17 03:35:37','2023-05-17 03:35:37',NULL,NULL,'Chhattisgarh',NULL,3,197),(586,'2023-05-17 03:35:37','2023-05-17 03:35:37',NULL,NULL,'Goa',NULL,1,198),(587,'2023-05-17 03:35:37','2023-05-17 03:35:37',NULL,NULL,'Goa',NULL,2,198),(588,'2023-05-17 03:35:37','2023-05-17 03:35:37',NULL,NULL,'Goa',NULL,3,198),(589,'2023-05-17 03:35:37','2023-05-17 03:35:37',NULL,NULL,'Gujarat',NULL,1,199),(590,'2023-05-17 03:35:37','2023-05-17 03:35:37',NULL,NULL,'Gujarat',NULL,2,199),(591,'2023-05-17 03:35:37','2023-05-17 03:35:37',NULL,NULL,'Gujarat',NULL,3,199),(592,'2023-05-17 03:35:37','2023-05-17 03:35:37',NULL,NULL,'Haryana',NULL,1,200),(593,'2023-05-17 03:35:37','2023-05-17 03:35:37',NULL,NULL,'Haryana',NULL,2,200),(594,'2023-05-17 03:35:37','2023-05-17 03:35:37',NULL,NULL,'Haryana',NULL,3,200),(595,'2023-05-17 03:35:37','2023-05-17 03:35:37',NULL,NULL,'Himachal Pradesh',NULL,1,201),(596,'2023-05-17 03:35:37','2023-05-17 03:35:37',NULL,NULL,'Himachal Pradesh',NULL,2,201),(597,'2023-05-17 03:35:37','2023-05-17 03:35:37',NULL,NULL,'Himachal Pradesh',NULL,3,201),(598,'2023-05-17 03:35:37','2023-05-17 03:35:37',NULL,NULL,'Jharkhand',NULL,1,202),(599,'2023-05-17 03:35:37','2023-05-17 03:35:37',NULL,NULL,'Jharkhand',NULL,2,202),(600,'2023-05-17 03:35:37','2023-05-17 03:35:37',NULL,NULL,'Jharkhand',NULL,3,202),(601,'2023-05-17 03:35:37','2023-05-17 03:35:37',NULL,NULL,'Karnataka',NULL,1,203),(602,'2023-05-17 03:35:37','2023-05-17 03:35:37',NULL,NULL,'Karnataka',NULL,2,203),(603,'2023-05-17 03:35:37','2023-05-17 03:35:37',NULL,NULL,'Karnataka',NULL,3,203),(604,'2023-05-17 03:35:37','2023-05-17 03:35:37',NULL,NULL,'Kerala',NULL,1,204),(605,'2023-05-17 03:35:37','2023-05-17 03:35:37',NULL,NULL,'Kerala',NULL,2,204),(606,'2023-05-17 03:35:37','2023-05-17 03:35:37',NULL,NULL,'Kerala',NULL,3,204),(607,'2023-05-17 03:35:37','2023-05-17 03:35:37',NULL,NULL,'Madhya Pradesh',NULL,1,205),(608,'2023-05-17 03:35:37','2023-05-17 03:35:37',NULL,NULL,'Madhya Pradesh',NULL,2,205),(609,'2023-05-17 03:35:37','2023-05-17 03:35:37',NULL,NULL,'Madhya Pradesh',NULL,3,205),(610,'2023-05-17 03:35:37','2023-05-17 03:35:37',NULL,NULL,'Maharashtra',NULL,1,206),(611,'2023-05-17 03:35:37','2023-05-17 03:35:37',NULL,NULL,'Maharashtra',NULL,2,206),(612,'2023-05-17 03:35:37','2023-05-17 03:35:37',NULL,NULL,'Maharashtra',NULL,3,206),(613,'2023-05-17 03:35:37','2023-05-17 03:35:37',NULL,NULL,'Manipur',NULL,1,207),(614,'2023-05-17 03:35:37','2023-05-17 03:35:37',NULL,NULL,'Manipur',NULL,2,207),(615,'2023-05-17 03:35:37','2023-05-17 03:35:37',NULL,NULL,'Manipur',NULL,3,207),(616,'2023-05-17 03:35:37','2023-05-17 03:35:37',NULL,NULL,'Meghalaya',NULL,1,208),(617,'2023-05-17 03:35:37','2023-05-17 03:35:37',NULL,NULL,'Meghalaya',NULL,2,208),(618,'2023-05-17 03:35:37','2023-05-17 03:35:37',NULL,NULL,'Meghalaya',NULL,3,208),(619,'2023-05-17 03:35:37','2023-05-17 03:35:37',NULL,NULL,'Mizoram',NULL,1,209),(620,'2023-05-17 03:35:37','2023-05-17 03:35:37',NULL,NULL,'Mizoram',NULL,2,209),(621,'2023-05-17 03:35:37','2023-05-17 03:35:37',NULL,NULL,'Mizoram',NULL,3,209),(622,'2023-05-17 03:35:37','2023-05-17 03:35:37',NULL,NULL,'Nagaland',NULL,1,210),(623,'2023-05-17 03:35:37','2023-05-17 03:35:37',NULL,NULL,'Nagaland',NULL,2,210),(624,'2023-05-17 03:35:37','2023-05-17 03:35:37',NULL,NULL,'Nagaland',NULL,3,210),(625,'2023-05-17 03:35:37','2023-05-17 03:35:37',NULL,NULL,'Odisha',NULL,1,211),(626,'2023-05-17 03:35:37','2023-05-17 03:35:37',NULL,NULL,'Odisha',NULL,2,211),(627,'2023-05-17 03:35:37','2023-05-17 03:35:37',NULL,NULL,'Odisha',NULL,3,211),(628,'2023-05-17 03:35:37','2023-05-17 03:35:37',NULL,NULL,'Punjab',NULL,1,212),(629,'2023-05-17 03:35:37','2023-05-17 03:35:37',NULL,NULL,'Punjab',NULL,2,212),(630,'2023-05-17 03:35:37','2023-05-17 03:35:37',NULL,NULL,'Punjab',NULL,3,212),(631,'2023-05-17 03:35:37','2023-05-17 03:35:37',NULL,NULL,'Rajasthan',NULL,1,213),(632,'2023-05-17 03:35:37','2023-05-17 03:35:37',NULL,NULL,'Rajasthan',NULL,2,213),(633,'2023-05-17 03:35:37','2023-05-17 03:35:37',NULL,NULL,'Rajasthan',NULL,3,213),(634,'2023-05-17 03:35:37','2023-05-17 03:35:37',NULL,NULL,'Sikkim',NULL,1,214),(635,'2023-05-17 03:35:37','2023-05-17 03:35:37',NULL,NULL,'Sikkim',NULL,2,214),(636,'2023-05-17 03:35:37','2023-05-17 03:35:37',NULL,NULL,'Sikkim',NULL,3,214),(637,'2023-05-17 03:35:38','2023-05-17 03:35:38',NULL,NULL,'Tamil Nadu',NULL,1,215),(638,'2023-05-17 03:35:38','2023-05-17 03:35:38',NULL,NULL,'Tamil Nadu',NULL,2,215),(639,'2023-05-17 03:35:38','2023-05-17 03:35:38',NULL,NULL,'Tamil Nadu',NULL,3,215),(640,'2023-05-17 03:35:38','2023-05-17 03:35:38',NULL,NULL,'Telangana',NULL,1,216),(641,'2023-05-17 03:35:38','2023-05-17 03:35:38',NULL,NULL,'Telangana',NULL,2,216),(642,'2023-05-17 03:35:38','2023-05-17 03:35:38',NULL,NULL,'Telangana',NULL,3,216),(643,'2023-05-17 03:35:38','2023-05-17 03:35:38',NULL,NULL,'Tripura',NULL,1,217),(644,'2023-05-17 03:35:38','2023-05-17 03:35:38',NULL,NULL,'Tripura',NULL,2,217),(645,'2023-05-17 03:35:38','2023-05-17 03:35:38',NULL,NULL,'Tripura',NULL,3,217),(646,'2023-05-17 03:35:38','2023-05-17 03:35:38',NULL,NULL,'Uttarakhand',NULL,1,218),(647,'2023-05-17 03:35:38','2023-05-17 03:35:38',NULL,NULL,'Uttarakhand',NULL,2,218),(648,'2023-05-17 03:35:38','2023-05-17 03:35:38',NULL,NULL,'Uttarakhand',NULL,3,218),(649,'2023-05-17 03:35:38','2023-05-17 03:35:38',NULL,NULL,'West Bengal',NULL,1,219),(650,'2023-05-17 03:35:38','2023-05-17 03:35:38',NULL,NULL,'West Bengal',NULL,2,219),(651,'2023-05-17 03:35:38','2023-05-17 03:35:38',NULL,NULL,'West Bengal',NULL,3,219);
/*!40000 ALTER TABLE `zone_description` ENABLE KEYS */;
UNLOCK TABLES;
/*!40103 SET TIME_ZONE=@OLD_TIME_ZONE */;

/*!40101 SET SQL_MODE=@OLD_SQL_MODE */;
/*!40014 SET FOREIGN_KEY_CHECKS=@OLD_FOREIGN_KEY_CHECKS */;
/*!40014 SET UNIQUE_CHECKS=@OLD_UNIQUE_CHECKS */;
/*!40101 SET CHARACTER_SET_CLIENT=@OLD_CHARACTER_SET_CLIENT */;
/*!40101 SET CHARACTER_SET_RESULTS=@OLD_CHARACTER_SET_RESULTS */;
/*!40101 SET COLLATION_CONNECTION=@OLD_COLLATION_CONNECTION */;
/*!40111 SET SQL_NOTES=@OLD_SQL_NOTES */;

-- Dump completed on 2023-07-13  7:29:35
